path,bytes,shows,provenance,presentation_status,needs
docs/diagrams/data-flow.mmd,725,First-party architecture/deployment/runtime/data-flow view,First-party Mermaid source; no vendor geometry,"Source inspected; useful architecture explanation, not performance evidence",Render using a Mermaid-capable viewer; keep current status boundaries
docs/diagrams/deployment-view.mmd,817,First-party architecture/deployment/runtime/data-flow view,First-party Mermaid source; no vendor geometry,"Source inspected; useful architecture explanation, not performance evidence",Render using a Mermaid-capable viewer; keep current status boundaries
docs/diagrams/runtime-flow.mmd,623,First-party architecture/deployment/runtime/data-flow view,First-party Mermaid source; no vendor geometry,"Source inspected; useful architecture explanation, not performance evidence",Render using a Mermaid-capable viewer; keep current status boundaries
docs/diagrams/system-architecture.mmd,846,First-party architecture/deployment/runtime/data-flow view,First-party Mermaid source; no vendor geometry,"Source inspected; useful architecture explanation, not performance evidence",Render using a Mermaid-capable viewer; keep current status boundaries
isaac/usd/props/dice_cup.usda,15271,Scene/prop layer with first-party definitions or external robot/game references,First-party layer; referenced vendor geometry/scenes are external,USD structure inspected; not a rendered performance record,Obtain dependencies and disclose vendor geometry; render locally; no performance inference
isaac/usd/scenes/synria_checkers/synria_checkers_v0.usda,56386,Scene/prop layer with first-party definitions or external robot/game references,First-party layer; referenced vendor geometry/scenes are external,USD structure inspected; not a rendered performance record,Obtain dependencies and disclose vendor geometry; render locally; no performance inference
isaac/usd/scenes/synria_chess/synria_chess_v0.usda,81575,Scene/prop layer with first-party definitions or external robot/game references,First-party layer; referenced vendor geometry/scenes are external,USD structure inspected; not a rendered performance record,Obtain dependencies and disclose vendor geometry; render locally; no performance inference
isaac/usd/scenes/synria_ludo/synria_ludo_v0.usda,21812,Scene/prop layer with first-party definitions or external robot/game references,First-party layer; referenced vendor geometry/scenes are external,USD structure inspected; not a rendered performance record,Obtain dependencies and disclose vendor geometry; render locally; no performance inference
isaac/usd/scenes/synria_ludo_arm/ludo_arm_v0.usda,1028,Scene/prop layer with first-party definitions or external robot/game references,First-party layer; referenced vendor geometry/scenes are external,USD structure inspected; not a rendered performance record,Obtain dependencies and disclose vendor geometry; render locally; no performance inference
isaac/usd/scenes/synria_mirrored/checkerstable_norobot_left.usda,447,Scene/prop layer with first-party definitions or external robot/game references,First-party layer; referenced vendor geometry/scenes are external,USD structure inspected; not a rendered performance record,Obtain dependencies and disclose vendor geometry; render locally; no performance inference
isaac/usd/scenes/synria_mirrored/chesstable_norobot_left.usda,444,Scene/prop layer with first-party definitions or external robot/game references,First-party layer; referenced vendor geometry/scenes are external,USD structure inspected; not a rendered performance record,Obtain dependencies and disclose vendor geometry; render locally; no performance inference
isaac/usd/scenes/synria_mirrored/ludotable_norobot_left.usda,456,Scene/prop layer with first-party definitions or external robot/game references,First-party layer; referenced vendor geometry/scenes are external,USD structure inspected; not a rendered performance record,Obtain dependencies and disclose vendor geometry; render locally; no performance inference
reports/g3_session_01/g3_demo.mp4,1449808,G3 simulated wrist view with ER-2 cup-fix latency/age overlay and ACT phase,First-party video/composition; vendor robot geometry depicted,"Frame inspected; useful diagnostic, not standalone success evidence","Caption simulated input, observation age, camera framing and source sidecar; no physical-performance claim"
reports/gate_audit/grasp_s1024_e12_vTrue.png,32573,Gate-input image; filename records step/episode and verdict,First-party simulation capture; vendor robot geometry depicted,Collection assessment; two representative images inspected,Show with verdict and ledger explanation; do not label a cropped view as physical ground truth
reports/gate_audit/grasp_s1071_e2_vFalse.png,23095,Gate-input image; filename records step/episode and verdict,First-party simulation capture; vendor robot geometry depicted,Collection assessment; two representative images inspected,Show with verdict and ledger explanation; do not label a cropped view as physical ground truth
reports/gate_audit/grasp_s1117_e6_vFalse.png,25470,Gate-input image; filename records step/episode and verdict,First-party simulation capture; vendor robot geometry depicted,Collection assessment; two representative images inspected,Show with verdict and ledger explanation; do not label a cropped view as physical ground truth
reports/gate_audit/grasp_s1215_e4_vTrue.png,28160,Gate-input image; filename records step/episode and verdict,First-party simulation capture; vendor robot geometry depicted,Collection assessment; two representative images inspected,Show with verdict and ledger explanation; do not label a cropped view as physical ground truth
reports/gate_audit/grasp_s144_e10_vFalse.png,40101,Gate-input image; filename records step/episode and verdict,First-party simulation capture; vendor robot geometry depicted,Collection assessment; two representative images inspected,Show with verdict and ledger explanation; do not label a cropped view as physical ground truth
reports/gate_audit/grasp_s145_e0_vFalse.png,33501,Gate-input image; filename records step/episode and verdict,First-party simulation capture; vendor robot geometry depicted,Collection assessment; two representative images inspected,Show with verdict and ledger explanation; do not label a cropped view as physical ground truth
reports/gate_audit/grasp_s148_e13_vTrue.png,26421,Gate-input image; filename records step/episode and verdict,First-party simulation capture; vendor robot geometry depicted,Collection assessment; two representative images inspected,Show with verdict and ledger explanation; do not label a cropped view as physical ground truth
reports/gate_audit/grasp_s1871_e4_vTrue.png,24655,Gate-input image; filename records step/episode and verdict,First-party simulation capture; vendor robot geometry depicted,Collection assessment; two representative images inspected,Show with verdict and ledger explanation; do not label a cropped view as physical ground truth
reports/gate_audit/grasp_s1914_e3_vTrue.png,24453,Gate-input image; filename records step/episode and verdict,First-party simulation capture; vendor robot geometry depicted,Collection assessment; two representative images inspected,Show with verdict and ledger explanation; do not label a cropped view as physical ground truth
reports/gate_audit/grasp_s1971_e10_vFalse.png,27219,Gate-input image; filename records step/episode and verdict,First-party simulation capture; vendor robot geometry depicted,Collection assessment; two representative images inspected,Show with verdict and ledger explanation; do not label a cropped view as physical ground truth
reports/gate_audit/grasp_s1978_e1_vFalse.png,28919,Gate-input image; filename records step/episode and verdict,First-party simulation capture; vendor robot geometry depicted,Collection assessment; two representative images inspected,Show with verdict and ledger explanation; do not label a cropped view as physical ground truth
reports/gate_audit/grasp_s2028_e9_vFalse.png,27530,Gate-input image; filename records step/episode and verdict,First-party simulation capture; vendor robot geometry depicted,Collection assessment; two representative images inspected,Show with verdict and ledger explanation; do not label a cropped view as physical ground truth
reports/gate_audit/grasp_s2398_e7_vFalse.png,28309,Gate-input image; filename records step/episode and verdict,First-party simulation capture; vendor robot geometry depicted,Collection assessment; two representative images inspected,Show with verdict and ledger explanation; do not label a cropped view as physical ground truth
reports/gate_audit/grasp_s239_e6_vFalse.png,23754,Gate-input image; filename records step/episode and verdict,First-party simulation capture; vendor robot geometry depicted,Collection assessment; two representative images inspected,Show with verdict and ledger explanation; do not label a cropped view as physical ground truth
reports/gate_audit/grasp_s2419_e8_vTrue.png,31339,Gate-input image; filename records step/episode and verdict,First-party simulation capture; vendor robot geometry depicted,Collection assessment; two representative images inspected,Show with verdict and ledger explanation; do not label a cropped view as physical ground truth
reports/gate_audit/grasp_s30_e7_vTrue.png,34663,Gate-input image; filename records step/episode and verdict,First-party simulation capture; vendor robot geometry depicted,Collection assessment; two representative images inspected,Show with verdict and ledger explanation; do not label a cropped view as physical ground truth
reports/gate_audit/grasp_s69_e5_vTrue.png,25929,Gate-input image; filename records step/episode and verdict,First-party simulation capture; vendor robot geometry depicted,Collection assessment; two representative images inspected,Show with verdict and ledger explanation; do not label a cropped view as physical ground truth
reports/gate_audit/grasp_s816_e15_vFalse.png,25329,Gate-input image; filename records step/episode and verdict,First-party simulation capture; vendor robot geometry depicted,Collection assessment; two representative images inspected,Show with verdict and ledger explanation; do not label a cropped view as physical ground truth
reports/gate_audit/grasp_s973_e5_vFalse.png,28748,Gate-input image; filename records step/episode and verdict,First-party simulation capture; vendor robot geometry depicted,Collection assessment; two representative images inspected,Show with verdict and ledger explanation; do not label a cropped view as physical ground truth
reports/gate_audit/grasp_s983_e11_vFalse.png,33222,Gate-input image; filename records step/episode and verdict,First-party simulation capture; vendor robot geometry depicted,Collection assessment; two representative images inspected,Show with verdict and ledger explanation; do not label a cropped view as physical ground truth
reports/gemini_action_viz/anno_000.png,33793,Recorded training/evaluation or diagnostic imagery/video; inspect associated run metadata,First-party report artifact; depicted geometry/provenance requires per-run review,Not individually visually reviewed; not selected for the evidence page,"Review episode plus manifest/provenance, label simulation/physical scope, caption scoring rule and failures"
reports/gemini_action_viz/anno_001.png,32793,Recorded training/evaluation or diagnostic imagery/video; inspect associated run metadata,First-party report artifact; depicted geometry/provenance requires per-run review,Not individually visually reviewed; not selected for the evidence page,"Review episode plus manifest/provenance, label simulation/physical scope, caption scoring rule and failures"
reports/gemini_action_viz/anno_002.png,34575,Recorded training/evaluation or diagnostic imagery/video; inspect associated run metadata,First-party report artifact; depicted geometry/provenance requires per-run review,Not individually visually reviewed; not selected for the evidence page,"Review episode plus manifest/provenance, label simulation/physical scope, caption scoring rule and failures"
reports/gemini_action_viz/anno_003.png,34807,Recorded training/evaluation or diagnostic imagery/video; inspect associated run metadata,First-party report artifact; depicted geometry/provenance requires per-run review,Not individually visually reviewed; not selected for the evidence page,"Review episode plus manifest/provenance, label simulation/physical scope, caption scoring rule and failures"
reports/gemini_action_viz/anno_004.png,35279,Recorded training/evaluation or diagnostic imagery/video; inspect associated run metadata,First-party report artifact; depicted geometry/provenance requires per-run review,Not individually visually reviewed; not selected for the evidence page,"Review episode plus manifest/provenance, label simulation/physical scope, caption scoring rule and failures"
reports/gemini_action_viz/anno_005.png,35616,Recorded training/evaluation or diagnostic imagery/video; inspect associated run metadata,First-party report artifact; depicted geometry/provenance requires per-run review,Not individually visually reviewed; not selected for the evidence page,"Review episode plus manifest/provenance, label simulation/physical scope, caption scoring rule and failures"
reports/gemini_action_viz/anno_006.png,34055,Recorded training/evaluation or diagnostic imagery/video; inspect associated run metadata,First-party report artifact; depicted geometry/provenance requires per-run review,Not individually visually reviewed; not selected for the evidence page,"Review episode plus manifest/provenance, label simulation/physical scope, caption scoring rule and failures"
reports/gemini_action_viz/anno_007.png,34969,Recorded training/evaluation or diagnostic imagery/video; inspect associated run metadata,First-party report artifact; depicted geometry/provenance requires per-run review,Not individually visually reviewed; not selected for the evidence page,"Review episode plus manifest/provenance, label simulation/physical scope, caption scoring rule and failures"
reports/gemini_action_viz/anno_008.png,35549,Recorded training/evaluation or diagnostic imagery/video; inspect associated run metadata,First-party report artifact; depicted geometry/provenance requires per-run review,Not individually visually reviewed; not selected for the evidence page,"Review episode plus manifest/provenance, label simulation/physical scope, caption scoring rule and failures"
reports/gemini_action_viz/anno_009.png,35754,Recorded training/evaluation or diagnostic imagery/video; inspect associated run metadata,First-party report artifact; depicted geometry/provenance requires per-run review,Not individually visually reviewed; not selected for the evidence page,"Review episode plus manifest/provenance, label simulation/physical scope, caption scoring rule and failures"
reports/gemini_action_viz/anno_010.png,34281,Recorded training/evaluation or diagnostic imagery/video; inspect associated run metadata,First-party report artifact; depicted geometry/provenance requires per-run review,Not individually visually reviewed; not selected for the evidence page,"Review episode plus manifest/provenance, label simulation/physical scope, caption scoring rule and failures"
reports/gemini_action_viz/anno_011.png,34028,Recorded training/evaluation or diagnostic imagery/video; inspect associated run metadata,First-party report artifact; depicted geometry/provenance requires per-run review,Not individually visually reviewed; not selected for the evidence page,"Review episode plus manifest/provenance, label simulation/physical scope, caption scoring rule and failures"
reports/gemini_action_viz/anno_012.png,34161,Recorded training/evaluation or diagnostic imagery/video; inspect associated run metadata,First-party report artifact; depicted geometry/provenance requires per-run review,Not individually visually reviewed; not selected for the evidence page,"Review episode plus manifest/provenance, label simulation/physical scope, caption scoring rule and failures"
reports/gemini_action_viz/anno_013.png,34734,Recorded training/evaluation or diagnostic imagery/video; inspect associated run metadata,First-party report artifact; depicted geometry/provenance requires per-run review,Not individually visually reviewed; not selected for the evidence page,"Review episode plus manifest/provenance, label simulation/physical scope, caption scoring rule and failures"
reports/gemini_action_viz/anno_014.png,35050,Recorded training/evaluation or diagnostic imagery/video; inspect associated run metadata,First-party report artifact; depicted geometry/provenance requires per-run review,Not individually visually reviewed; not selected for the evidence page,"Review episode plus manifest/provenance, label simulation/physical scope, caption scoring rule and failures"
reports/gemini_action_viz/anno_015.png,35792,Recorded training/evaluation or diagnostic imagery/video; inspect associated run metadata,First-party report artifact; depicted geometry/provenance requires per-run review,Not individually visually reviewed; not selected for the evidence page,"Review episode plus manifest/provenance, label simulation/physical scope, caption scoring rule and failures"
reports/gemini_action_viz/anno_016.png,36185,Recorded training/evaluation or diagnostic imagery/video; inspect associated run metadata,First-party report artifact; depicted geometry/provenance requires per-run review,Not individually visually reviewed; not selected for the evidence page,"Review episode plus manifest/provenance, label simulation/physical scope, caption scoring rule and failures"
reports/gemini_action_viz/anno_017.png,35876,Recorded training/evaluation or diagnostic imagery/video; inspect associated run metadata,First-party report artifact; depicted geometry/provenance requires per-run review,Not individually visually reviewed; not selected for the evidence page,"Review episode plus manifest/provenance, label simulation/physical scope, caption scoring rule and failures"
reports/gemini_action_viz/anno_018.png,36268,Recorded training/evaluation or diagnostic imagery/video; inspect associated run metadata,First-party report artifact; depicted geometry/provenance requires per-run review,Not individually visually reviewed; not selected for the evidence page,"Review episode plus manifest/provenance, label simulation/physical scope, caption scoring rule and failures"
reports/gemini_action_viz/anno_019.png,35455,Recorded training/evaluation or diagnostic imagery/video; inspect associated run metadata,First-party report artifact; depicted geometry/provenance requires per-run review,Not individually visually reviewed; not selected for the evidence page,"Review episode plus manifest/provenance, label simulation/physical scope, caption scoring rule and failures"
reports/gemini_action_viz/anno_020.png,36349,Recorded training/evaluation or diagnostic imagery/video; inspect associated run metadata,First-party report artifact; depicted geometry/provenance requires per-run review,Not individually visually reviewed; not selected for the evidence page,"Review episode plus manifest/provenance, label simulation/physical scope, caption scoring rule and failures"
reports/gemini_action_viz/anno_021.png,35255,Recorded training/evaluation or diagnostic imagery/video; inspect associated run metadata,First-party report artifact; depicted geometry/provenance requires per-run review,Not individually visually reviewed; not selected for the evidence page,"Review episode plus manifest/provenance, label simulation/physical scope, caption scoring rule and failures"
reports/gemini_action_viz/anno_022.png,35421,Recorded training/evaluation or diagnostic imagery/video; inspect associated run metadata,First-party report artifact; depicted geometry/provenance requires per-run review,Not individually visually reviewed; not selected for the evidence page,"Review episode plus manifest/provenance, label simulation/physical scope, caption scoring rule and failures"
reports/gemini_action_viz/anno_023.png,35441,Recorded training/evaluation or diagnostic imagery/video; inspect associated run metadata,First-party report artifact; depicted geometry/provenance requires per-run review,Not individually visually reviewed; not selected for the evidence page,"Review episode plus manifest/provenance, label simulation/physical scope, caption scoring rule and failures"
reports/gemini_action_viz/anno_024.png,35831,Recorded training/evaluation or diagnostic imagery/video; inspect associated run metadata,First-party report artifact; depicted geometry/provenance requires per-run review,Not individually visually reviewed; not selected for the evidence page,"Review episode plus manifest/provenance, label simulation/physical scope, caption scoring rule and failures"
reports/gemini_action_viz/anno_025.png,36022,Recorded training/evaluation or diagnostic imagery/video; inspect associated run metadata,First-party report artifact; depicted geometry/provenance requires per-run review,Not individually visually reviewed; not selected for the evidence page,"Review episode plus manifest/provenance, label simulation/physical scope, caption scoring rule and failures"
reports/gemini_action_viz/anno_026.png,34472,Recorded training/evaluation or diagnostic imagery/video; inspect associated run metadata,First-party report artifact; depicted geometry/provenance requires per-run review,Not individually visually reviewed; not selected for the evidence page,"Review episode plus manifest/provenance, label simulation/physical scope, caption scoring rule and failures"
reports/gemini_action_viz/anno_027.png,34843,Recorded training/evaluation or diagnostic imagery/video; inspect associated run metadata,First-party report artifact; depicted geometry/provenance requires per-run review,Not individually visually reviewed; not selected for the evidence page,"Review episode plus manifest/provenance, label simulation/physical scope, caption scoring rule and failures"
reports/gemini_action_viz/anno_028.png,35604,Recorded training/evaluation or diagnostic imagery/video; inspect associated run metadata,First-party report artifact; depicted geometry/provenance requires per-run review,Not individually visually reviewed; not selected for the evidence page,"Review episode plus manifest/provenance, label simulation/physical scope, caption scoring rule and failures"
reports/gemini_action_viz/anno_029.png,35796,Recorded training/evaluation or diagnostic imagery/video; inspect associated run metadata,First-party report artifact; depicted geometry/provenance requires per-run review,Not individually visually reviewed; not selected for the evidence page,"Review episode plus manifest/provenance, label simulation/physical scope, caption scoring rule and failures"
reports/gemini_action_viz/anno_030.png,36633,Recorded training/evaluation or diagnostic imagery/video; inspect associated run metadata,First-party report artifact; depicted geometry/provenance requires per-run review,Not individually visually reviewed; not selected for the evidence page,"Review episode plus manifest/provenance, label simulation/physical scope, caption scoring rule and failures"
reports/gemini_action_viz/anno_031.png,36658,Recorded training/evaluation or diagnostic imagery/video; inspect associated run metadata,First-party report artifact; depicted geometry/provenance requires per-run review,Not individually visually reviewed; not selected for the evidence page,"Review episode plus manifest/provenance, label simulation/physical scope, caption scoring rule and failures"
reports/gemini_action_viz/anno_032.png,34049,Recorded training/evaluation or diagnostic imagery/video; inspect associated run metadata,First-party report artifact; depicted geometry/provenance requires per-run review,Not individually visually reviewed; not selected for the evidence page,"Review episode plus manifest/provenance, label simulation/physical scope, caption scoring rule and failures"
reports/gemini_action_viz/anno_033.png,34267,Recorded training/evaluation or diagnostic imagery/video; inspect associated run metadata,First-party report artifact; depicted geometry/provenance requires per-run review,Not individually visually reviewed; not selected for the evidence page,"Review episode plus manifest/provenance, label simulation/physical scope, caption scoring rule and failures"
reports/gemini_action_viz/anno_034.png,34964,Recorded training/evaluation or diagnostic imagery/video; inspect associated run metadata,First-party report artifact; depicted geometry/provenance requires per-run review,Not individually visually reviewed; not selected for the evidence page,"Review episode plus manifest/provenance, label simulation/physical scope, caption scoring rule and failures"
reports/gemini_action_viz/anno_035.png,35612,Recorded training/evaluation or diagnostic imagery/video; inspect associated run metadata,First-party report artifact; depicted geometry/provenance requires per-run review,Not individually visually reviewed; not selected for the evidence page,"Review episode plus manifest/provenance, label simulation/physical scope, caption scoring rule and failures"
reports/gemini_action_viz/anno_036.png,35481,Recorded training/evaluation or diagnostic imagery/video; inspect associated run metadata,First-party report artifact; depicted geometry/provenance requires per-run review,Not individually visually reviewed; not selected for the evidence page,"Review episode plus manifest/provenance, label simulation/physical scope, caption scoring rule and failures"
reports/gemini_action_viz/anno_037.png,36512,Recorded training/evaluation or diagnostic imagery/video; inspect associated run metadata,First-party report artifact; depicted geometry/provenance requires per-run review,Not individually visually reviewed; not selected for the evidence page,"Review episode plus manifest/provenance, label simulation/physical scope, caption scoring rule and failures"
reports/gemini_action_viz/anno_038.png,36066,Recorded training/evaluation or diagnostic imagery/video; inspect associated run metadata,First-party report artifact; depicted geometry/provenance requires per-run review,Not individually visually reviewed; not selected for the evidence page,"Review episode plus manifest/provenance, label simulation/physical scope, caption scoring rule and failures"
reports/gemini_action_viz/anno_039.png,35715,Recorded training/evaluation or diagnostic imagery/video; inspect associated run metadata,First-party report artifact; depicted geometry/provenance requires per-run review,Not individually visually reviewed; not selected for the evidence page,"Review episode plus manifest/provenance, label simulation/physical scope, caption scoring rule and failures"
reports/gemini_action_viz/anno_040.png,35038,Recorded training/evaluation or diagnostic imagery/video; inspect associated run metadata,First-party report artifact; depicted geometry/provenance requires per-run review,Not individually visually reviewed; not selected for the evidence page,"Review episode plus manifest/provenance, label simulation/physical scope, caption scoring rule and failures"
reports/gemini_action_viz/anno_041.png,35992,Recorded training/evaluation or diagnostic imagery/video; inspect associated run metadata,First-party report artifact; depicted geometry/provenance requires per-run review,Not individually visually reviewed; not selected for the evidence page,"Review episode plus manifest/provenance, label simulation/physical scope, caption scoring rule and failures"
reports/gemini_action_viz/anno_042.png,34832,Recorded training/evaluation or diagnostic imagery/video; inspect associated run metadata,First-party report artifact; depicted geometry/provenance requires per-run review,Not individually visually reviewed; not selected for the evidence page,"Review episode plus manifest/provenance, label simulation/physical scope, caption scoring rule and failures"
reports/gemini_action_viz/anno_043.png,34550,Recorded training/evaluation or diagnostic imagery/video; inspect associated run metadata,First-party report artifact; depicted geometry/provenance requires per-run review,Not individually visually reviewed; not selected for the evidence page,"Review episode plus manifest/provenance, label simulation/physical scope, caption scoring rule and failures"
reports/gemini_action_viz/anno_044.png,34782,Recorded training/evaluation or diagnostic imagery/video; inspect associated run metadata,First-party report artifact; depicted geometry/provenance requires per-run review,Not individually visually reviewed; not selected for the evidence page,"Review episode plus manifest/provenance, label simulation/physical scope, caption scoring rule and failures"
reports/gemini_action_viz/anno_045.png,35067,Recorded training/evaluation or diagnostic imagery/video; inspect associated run metadata,First-party report artifact; depicted geometry/provenance requires per-run review,Not individually visually reviewed; not selected for the evidence page,"Review episode plus manifest/provenance, label simulation/physical scope, caption scoring rule and failures"
reports/gemini_action_viz/anno_046.png,36620,Recorded training/evaluation or diagnostic imagery/video; inspect associated run metadata,First-party report artifact; depicted geometry/provenance requires per-run review,Not individually visually reviewed; not selected for the evidence page,"Review episode plus manifest/provenance, label simulation/physical scope, caption scoring rule and failures"
reports/gemini_action_viz/anno_047.png,37394,Recorded training/evaluation or diagnostic imagery/video; inspect associated run metadata,First-party report artifact; depicted geometry/provenance requires per-run review,Not individually visually reviewed; not selected for the evidence page,"Review episode plus manifest/provenance, label simulation/physical scope, caption scoring rule and failures"
reports/gemini_action_viz/anno_048.png,36692,Recorded training/evaluation or diagnostic imagery/video; inspect associated run metadata,First-party report artifact; depicted geometry/provenance requires per-run review,Not individually visually reviewed; not selected for the evidence page,"Review episode plus manifest/provenance, label simulation/physical scope, caption scoring rule and failures"
reports/gemini_action_viz/anno_049.png,36444,Recorded training/evaluation or diagnostic imagery/video; inspect associated run metadata,First-party report artifact; depicted geometry/provenance requires per-run review,Not individually visually reviewed; not selected for the evidence page,"Review episode plus manifest/provenance, label simulation/physical scope, caption scoring rule and failures"
reports/gemini_action_viz/anno_050.png,37231,Recorded training/evaluation or diagnostic imagery/video; inspect associated run metadata,First-party report artifact; depicted geometry/provenance requires per-run review,Not individually visually reviewed; not selected for the evidence page,"Review episode plus manifest/provenance, label simulation/physical scope, caption scoring rule and failures"
reports/gemini_action_viz/anno_051.png,37455,Recorded training/evaluation or diagnostic imagery/video; inspect associated run metadata,First-party report artifact; depicted geometry/provenance requires per-run review,Not individually visually reviewed; not selected for the evidence page,"Review episode plus manifest/provenance, label simulation/physical scope, caption scoring rule and failures"
reports/gemini_action_viz/anno_052.png,37793,Recorded training/evaluation or diagnostic imagery/video; inspect associated run metadata,First-party report artifact; depicted geometry/provenance requires per-run review,Not individually visually reviewed; not selected for the evidence page,"Review episode plus manifest/provenance, label simulation/physical scope, caption scoring rule and failures"
reports/gemini_action_viz/anno_053.png,37522,Recorded training/evaluation or diagnostic imagery/video; inspect associated run metadata,First-party report artifact; depicted geometry/provenance requires per-run review,Not individually visually reviewed; not selected for the evidence page,"Review episode plus manifest/provenance, label simulation/physical scope, caption scoring rule and failures"
reports/gemini_action_viz/anno_054.png,36924,Recorded training/evaluation or diagnostic imagery/video; inspect associated run metadata,First-party report artifact; depicted geometry/provenance requires per-run review,Not individually visually reviewed; not selected for the evidence page,"Review episode plus manifest/provenance, label simulation/physical scope, caption scoring rule and failures"
reports/gemini_action_viz/anno_055.png,37744,Recorded training/evaluation or diagnostic imagery/video; inspect associated run metadata,First-party report artifact; depicted geometry/provenance requires per-run review,Not individually visually reviewed; not selected for the evidence page,"Review episode plus manifest/provenance, label simulation/physical scope, caption scoring rule and failures"
reports/gemini_action_viz/anno_056.png,37528,Recorded training/evaluation or diagnostic imagery/video; inspect associated run metadata,First-party report artifact; depicted geometry/provenance requires per-run review,Not individually visually reviewed; not selected for the evidence page,"Review episode plus manifest/provenance, label simulation/physical scope, caption scoring rule and failures"
reports/gemini_action_viz/anno_057.png,36230,Recorded training/evaluation or diagnostic imagery/video; inspect associated run metadata,First-party report artifact; depicted geometry/provenance requires per-run review,Not individually visually reviewed; not selected for the evidence page,"Review episode plus manifest/provenance, label simulation/physical scope, caption scoring rule and failures"
reports/gemini_action_viz/anno_058.png,36944,Recorded training/evaluation or diagnostic imagery/video; inspect associated run metadata,First-party report artifact; depicted geometry/provenance requires per-run review,Not individually visually reviewed; not selected for the evidence page,"Review episode plus manifest/provenance, label simulation/physical scope, caption scoring rule and failures"
reports/gemini_action_viz/anno_059.png,37255,Recorded training/evaluation or diagnostic imagery/video; inspect associated run metadata,First-party report artifact; depicted geometry/provenance requires per-run review,Not individually visually reviewed; not selected for the evidence page,"Review episode plus manifest/provenance, label simulation/physical scope, caption scoring rule and failures"
reports/gemini_action_viz/contact_sheet.png,102889,Recorded training/evaluation or diagnostic imagery/video; inspect associated run metadata,First-party report artifact; depicted geometry/provenance requires per-run review,Not individually visually reviewed; not selected for the evidence page,"Review episode plus manifest/provenance, label simulation/physical scope, caption scoring rule and failures"
reports/gemini_action_viz/gemini_er2_in_action.mp4,77585,Recorded training/evaluation or diagnostic imagery/video; inspect associated run metadata,First-party report artifact; depicted geometry/provenance requires per-run review,Not individually visually reviewed; not selected for the evidence page,"Review episode plus manifest/provenance, label simulation/physical scope, caption scoring rule and failures"
reports/perception_bench/overhead_000.png,29414,Recorded training/evaluation or diagnostic imagery/video; inspect associated run metadata,First-party report artifact; depicted geometry/provenance requires per-run review,Not individually visually reviewed; not selected for the evidence page,"Review episode plus manifest/provenance, label simulation/physical scope, caption scoring rule and failures"
reports/perception_bench/overhead_001.png,28662,Recorded training/evaluation or diagnostic imagery/video; inspect associated run metadata,First-party report artifact; depicted geometry/provenance requires per-run review,Not individually visually reviewed; not selected for the evidence page,"Review episode plus manifest/provenance, label simulation/physical scope, caption scoring rule and failures"
reports/perception_bench/overhead_002.png,30159,Recorded training/evaluation or diagnostic imagery/video; inspect associated run metadata,First-party report artifact; depicted geometry/provenance requires per-run review,Not individually visually reviewed; not selected for the evidence page,"Review episode plus manifest/provenance, label simulation/physical scope, caption scoring rule and failures"
reports/perception_bench/overhead_003.png,30193,Recorded training/evaluation or diagnostic imagery/video; inspect associated run metadata,First-party report artifact; depicted geometry/provenance requires per-run review,Not individually visually reviewed; not selected for the evidence page,"Review episode plus manifest/provenance, label simulation/physical scope, caption scoring rule and failures"
reports/perception_bench/overhead_004.png,30861,Recorded training/evaluation or diagnostic imagery/video; inspect associated run metadata,First-party report artifact; depicted geometry/provenance requires per-run review,Not individually visually reviewed; not selected for the evidence page,"Review episode plus manifest/provenance, label simulation/physical scope, caption scoring rule and failures"
reports/perception_bench/overhead_005.png,31401,Recorded training/evaluation or diagnostic imagery/video; inspect associated run metadata,First-party report artifact; depicted geometry/provenance requires per-run review,Not individually visually reviewed; not selected for the evidence page,"Review episode plus manifest/provenance, label simulation/physical scope, caption scoring rule and failures"
reports/perception_bench/overhead_006.png,29711,Recorded training/evaluation or diagnostic imagery/video; inspect associated run metadata,First-party report artifact; depicted geometry/provenance requires per-run review,Not individually visually reviewed; not selected for the evidence page,"Review episode plus manifest/provenance, label simulation/physical scope, caption scoring rule and failures"
reports/perception_bench/overhead_007.png,30631,Recorded training/evaluation or diagnostic imagery/video; inspect associated run metadata,First-party report artifact; depicted geometry/provenance requires per-run review,Not individually visually reviewed; not selected for the evidence page,"Review episode plus manifest/provenance, label simulation/physical scope, caption scoring rule and failures"
reports/perception_bench/overhead_008.png,31286,Recorded training/evaluation or diagnostic imagery/video; inspect associated run metadata,First-party report artifact; depicted geometry/provenance requires per-run review,Not individually visually reviewed; not selected for the evidence page,"Review episode plus manifest/provenance, label simulation/physical scope, caption scoring rule and failures"
reports/perception_bench/overhead_009.png,31506,Recorded training/evaluation or diagnostic imagery/video; inspect associated run metadata,First-party report artifact; depicted geometry/provenance requires per-run review,Not individually visually reviewed; not selected for the evidence page,"Review episode plus manifest/provenance, label simulation/physical scope, caption scoring rule and failures"
reports/perception_bench/overhead_010.png,30149,Recorded training/evaluation or diagnostic imagery/video; inspect associated run metadata,First-party report artifact; depicted geometry/provenance requires per-run review,Not individually visually reviewed; not selected for the evidence page,"Review episode plus manifest/provenance, label simulation/physical scope, caption scoring rule and failures"
reports/perception_bench/overhead_011.png,29837,Recorded training/evaluation or diagnostic imagery/video; inspect associated run metadata,First-party report artifact; depicted geometry/provenance requires per-run review,Not individually visually reviewed; not selected for the evidence page,"Review episode plus manifest/provenance, label simulation/physical scope, caption scoring rule and failures"
reports/perception_bench/overhead_012.png,29714,Recorded training/evaluation or diagnostic imagery/video; inspect associated run metadata,First-party report artifact; depicted geometry/provenance requires per-run review,Not individually visually reviewed; not selected for the evidence page,"Review episode plus manifest/provenance, label simulation/physical scope, caption scoring rule and failures"
reports/perception_bench/overhead_013.png,30467,Recorded training/evaluation or diagnostic imagery/video; inspect associated run metadata,First-party report artifact; depicted geometry/provenance requires per-run review,Not individually visually reviewed; not selected for the evidence page,"Review episode plus manifest/provenance, label simulation/physical scope, caption scoring rule and failures"
reports/perception_bench/overhead_014.png,30663,Recorded training/evaluation or diagnostic imagery/video; inspect associated run metadata,First-party report artifact; depicted geometry/provenance requires per-run review,Not individually visually reviewed; not selected for the evidence page,"Review episode plus manifest/provenance, label simulation/physical scope, caption scoring rule and failures"
reports/perception_bench/overhead_015.png,31648,Recorded training/evaluation or diagnostic imagery/video; inspect associated run metadata,First-party report artifact; depicted geometry/provenance requires per-run review,Not individually visually reviewed; not selected for the evidence page,"Review episode plus manifest/provenance, label simulation/physical scope, caption scoring rule and failures"
reports/perception_bench/overhead_016.png,31783,Recorded training/evaluation or diagnostic imagery/video; inspect associated run metadata,First-party report artifact; depicted geometry/provenance requires per-run review,Not individually visually reviewed; not selected for the evidence page,"Review episode plus manifest/provenance, label simulation/physical scope, caption scoring rule and failures"
reports/perception_bench/overhead_017.png,31658,Recorded training/evaluation or diagnostic imagery/video; inspect associated run metadata,First-party report artifact; depicted geometry/provenance requires per-run review,Not individually visually reviewed; not selected for the evidence page,"Review episode plus manifest/provenance, label simulation/physical scope, caption scoring rule and failures"
reports/perception_bench/overhead_018.png,31922,Recorded training/evaluation or diagnostic imagery/video; inspect associated run metadata,First-party report artifact; depicted geometry/provenance requires per-run review,Not individually visually reviewed; not selected for the evidence page,"Review episode plus manifest/provenance, label simulation/physical scope, caption scoring rule and failures"
reports/perception_bench/overhead_019.png,31152,Recorded training/evaluation or diagnostic imagery/video; inspect associated run metadata,First-party report artifact; depicted geometry/provenance requires per-run review,Not individually visually reviewed; not selected for the evidence page,"Review episode plus manifest/provenance, label simulation/physical scope, caption scoring rule and failures"
reports/perception_bench/overhead_020.png,31860,Recorded training/evaluation or diagnostic imagery/video; inspect associated run metadata,First-party report artifact; depicted geometry/provenance requires per-run review,Not individually visually reviewed; not selected for the evidence page,"Review episode plus manifest/provenance, label simulation/physical scope, caption scoring rule and failures"
reports/perception_bench/overhead_021.png,30918,Recorded training/evaluation or diagnostic imagery/video; inspect associated run metadata,First-party report artifact; depicted geometry/provenance requires per-run review,Not individually visually reviewed; not selected for the evidence page,"Review episode plus manifest/provenance, label simulation/physical scope, caption scoring rule and failures"
reports/perception_bench/overhead_022.png,30959,Recorded training/evaluation or diagnostic imagery/video; inspect associated run metadata,First-party report artifact; depicted geometry/provenance requires per-run review,Not individually visually reviewed; not selected for the evidence page,"Review episode plus manifest/provenance, label simulation/physical scope, caption scoring rule and failures"
reports/perception_bench/overhead_023.png,30908,Recorded training/evaluation or diagnostic imagery/video; inspect associated run metadata,First-party report artifact; depicted geometry/provenance requires per-run review,Not individually visually reviewed; not selected for the evidence page,"Review episode plus manifest/provenance, label simulation/physical scope, caption scoring rule and failures"
reports/perception_bench/overhead_024.png,31393,Recorded training/evaluation or diagnostic imagery/video; inspect associated run metadata,First-party report artifact; depicted geometry/provenance requires per-run review,Not individually visually reviewed; not selected for the evidence page,"Review episode plus manifest/provenance, label simulation/physical scope, caption scoring rule and failures"
reports/perception_bench/overhead_025.png,31704,Recorded training/evaluation or diagnostic imagery/video; inspect associated run metadata,First-party report artifact; depicted geometry/provenance requires per-run review,Not individually visually reviewed; not selected for the evidence page,"Review episode plus manifest/provenance, label simulation/physical scope, caption scoring rule and failures"
reports/perception_bench/overhead_026.png,30140,Recorded training/evaluation or diagnostic imagery/video; inspect associated run metadata,First-party report artifact; depicted geometry/provenance requires per-run review,Not individually visually reviewed; not selected for the evidence page,"Review episode plus manifest/provenance, label simulation/physical scope, caption scoring rule and failures"
reports/perception_bench/overhead_027.png,30455,Recorded training/evaluation or diagnostic imagery/video; inspect associated run metadata,First-party report artifact; depicted geometry/provenance requires per-run review,Not individually visually reviewed; not selected for the evidence page,"Review episode plus manifest/provenance, label simulation/physical scope, caption scoring rule and failures"
reports/perception_bench/overhead_028.png,31166,Recorded training/evaluation or diagnostic imagery/video; inspect associated run metadata,First-party report artifact; depicted geometry/provenance requires per-run review,Not individually visually reviewed; not selected for the evidence page,"Review episode plus manifest/provenance, label simulation/physical scope, caption scoring rule and failures"
reports/perception_bench/overhead_029.png,31448,Recorded training/evaluation or diagnostic imagery/video; inspect associated run metadata,First-party report artifact; depicted geometry/provenance requires per-run review,Not individually visually reviewed; not selected for the evidence page,"Review episode plus manifest/provenance, label simulation/physical scope, caption scoring rule and failures"
reports/perception_bench/overhead_030.png,32300,Recorded training/evaluation or diagnostic imagery/video; inspect associated run metadata,First-party report artifact; depicted geometry/provenance requires per-run review,Not individually visually reviewed; not selected for the evidence page,"Review episode plus manifest/provenance, label simulation/physical scope, caption scoring rule and failures"
reports/perception_bench/overhead_031.png,32379,Recorded training/evaluation or diagnostic imagery/video; inspect associated run metadata,First-party report artifact; depicted geometry/provenance requires per-run review,Not individually visually reviewed; not selected for the evidence page,"Review episode plus manifest/provenance, label simulation/physical scope, caption scoring rule and failures"
reports/perception_bench/overhead_032.png,29612,Recorded training/evaluation or diagnostic imagery/video; inspect associated run metadata,First-party report artifact; depicted geometry/provenance requires per-run review,Not individually visually reviewed; not selected for the evidence page,"Review episode plus manifest/provenance, label simulation/physical scope, caption scoring rule and failures"
reports/perception_bench/overhead_033.png,29782,Recorded training/evaluation or diagnostic imagery/video; inspect associated run metadata,First-party report artifact; depicted geometry/provenance requires per-run review,Not individually visually reviewed; not selected for the evidence page,"Review episode plus manifest/provenance, label simulation/physical scope, caption scoring rule and failures"
reports/perception_bench/overhead_034.png,30917,Recorded training/evaluation or diagnostic imagery/video; inspect associated run metadata,First-party report artifact; depicted geometry/provenance requires per-run review,Not individually visually reviewed; not selected for the evidence page,"Review episode plus manifest/provenance, label simulation/physical scope, caption scoring rule and failures"
reports/perception_bench/overhead_035.png,31433,Recorded training/evaluation or diagnostic imagery/video; inspect associated run metadata,First-party report artifact; depicted geometry/provenance requires per-run review,Not individually visually reviewed; not selected for the evidence page,"Review episode plus manifest/provenance, label simulation/physical scope, caption scoring rule and failures"
reports/perception_bench/overhead_036.png,31258,Recorded training/evaluation or diagnostic imagery/video; inspect associated run metadata,First-party report artifact; depicted geometry/provenance requires per-run review,Not individually visually reviewed; not selected for the evidence page,"Review episode plus manifest/provenance, label simulation/physical scope, caption scoring rule and failures"
reports/perception_bench/overhead_037.png,32187,Recorded training/evaluation or diagnostic imagery/video; inspect associated run metadata,First-party report artifact; depicted geometry/provenance requires per-run review,Not individually visually reviewed; not selected for the evidence page,"Review episode plus manifest/provenance, label simulation/physical scope, caption scoring rule and failures"
reports/perception_bench/overhead_038.png,31776,Recorded training/evaluation or diagnostic imagery/video; inspect associated run metadata,First-party report artifact; depicted geometry/provenance requires per-run review,Not individually visually reviewed; not selected for the evidence page,"Review episode plus manifest/provenance, label simulation/physical scope, caption scoring rule and failures"
reports/perception_bench/overhead_039.png,31410,Recorded training/evaluation or diagnostic imagery/video; inspect associated run metadata,First-party report artifact; depicted geometry/provenance requires per-run review,Not individually visually reviewed; not selected for the evidence page,"Review episode plus manifest/provenance, label simulation/physical scope, caption scoring rule and failures"
reports/perception_bench/overhead_040.png,30872,Recorded training/evaluation or diagnostic imagery/video; inspect associated run metadata,First-party report artifact; depicted geometry/provenance requires per-run review,Not individually visually reviewed; not selected for the evidence page,"Review episode plus manifest/provenance, label simulation/physical scope, caption scoring rule and failures"
reports/perception_bench/overhead_041.png,31910,Recorded training/evaluation or diagnostic imagery/video; inspect associated run metadata,First-party report artifact; depicted geometry/provenance requires per-run review,Not individually visually reviewed; not selected for the evidence page,"Review episode plus manifest/provenance, label simulation/physical scope, caption scoring rule and failures"
reports/perception_bench/overhead_042.png,30474,Recorded training/evaluation or diagnostic imagery/video; inspect associated run metadata,First-party report artifact; depicted geometry/provenance requires per-run review,Not individually visually reviewed; not selected for the evidence page,"Review episode plus manifest/provenance, label simulation/physical scope, caption scoring rule and failures"
reports/perception_bench/overhead_043.png,30208,Recorded training/evaluation or diagnostic imagery/video; inspect associated run metadata,First-party report artifact; depicted geometry/provenance requires per-run review,Not individually visually reviewed; not selected for the evidence page,"Review episode plus manifest/provenance, label simulation/physical scope, caption scoring rule and failures"
reports/perception_bench/overhead_044.png,30673,Recorded training/evaluation or diagnostic imagery/video; inspect associated run metadata,First-party report artifact; depicted geometry/provenance requires per-run review,Not individually visually reviewed; not selected for the evidence page,"Review episode plus manifest/provenance, label simulation/physical scope, caption scoring rule and failures"
reports/perception_bench/overhead_045.png,30802,Recorded training/evaluation or diagnostic imagery/video; inspect associated run metadata,First-party report artifact; depicted geometry/provenance requires per-run review,Not individually visually reviewed; not selected for the evidence page,"Review episode plus manifest/provenance, label simulation/physical scope, caption scoring rule and failures"
reports/perception_bench/overhead_046.png,32211,Recorded training/evaluation or diagnostic imagery/video; inspect associated run metadata,First-party report artifact; depicted geometry/provenance requires per-run review,Not individually visually reviewed; not selected for the evidence page,"Review episode plus manifest/provenance, label simulation/physical scope, caption scoring rule and failures"
reports/perception_bench/overhead_047.png,33159,Recorded training/evaluation or diagnostic imagery/video; inspect associated run metadata,First-party report artifact; depicted geometry/provenance requires per-run review,Not individually visually reviewed; not selected for the evidence page,"Review episode plus manifest/provenance, label simulation/physical scope, caption scoring rule and failures"
reports/perception_bench/overhead_048.png,32519,Recorded training/evaluation or diagnostic imagery/video; inspect associated run metadata,First-party report artifact; depicted geometry/provenance requires per-run review,Not individually visually reviewed; not selected for the evidence page,"Review episode plus manifest/provenance, label simulation/physical scope, caption scoring rule and failures"
reports/perception_bench/overhead_049.png,32001,Recorded training/evaluation or diagnostic imagery/video; inspect associated run metadata,First-party report artifact; depicted geometry/provenance requires per-run review,Not individually visually reviewed; not selected for the evidence page,"Review episode plus manifest/provenance, label simulation/physical scope, caption scoring rule and failures"
reports/perception_bench/overhead_050.png,33116,Recorded training/evaluation or diagnostic imagery/video; inspect associated run metadata,First-party report artifact; depicted geometry/provenance requires per-run review,Not individually visually reviewed; not selected for the evidence page,"Review episode plus manifest/provenance, label simulation/physical scope, caption scoring rule and failures"
reports/perception_bench/overhead_051.png,33243,Recorded training/evaluation or diagnostic imagery/video; inspect associated run metadata,First-party report artifact; depicted geometry/provenance requires per-run review,Not individually visually reviewed; not selected for the evidence page,"Review episode plus manifest/provenance, label simulation/physical scope, caption scoring rule and failures"
reports/perception_bench/overhead_052.png,33581,Recorded training/evaluation or diagnostic imagery/video; inspect associated run metadata,First-party report artifact; depicted geometry/provenance requires per-run review,Not individually visually reviewed; not selected for the evidence page,"Review episode plus manifest/provenance, label simulation/physical scope, caption scoring rule and failures"
reports/perception_bench/overhead_053.png,33229,Recorded training/evaluation or diagnostic imagery/video; inspect associated run metadata,First-party report artifact; depicted geometry/provenance requires per-run review,Not individually visually reviewed; not selected for the evidence page,"Review episode plus manifest/provenance, label simulation/physical scope, caption scoring rule and failures"
reports/perception_bench/overhead_054.png,32821,Recorded training/evaluation or diagnostic imagery/video; inspect associated run metadata,First-party report artifact; depicted geometry/provenance requires per-run review,Not individually visually reviewed; not selected for the evidence page,"Review episode plus manifest/provenance, label simulation/physical scope, caption scoring rule and failures"
reports/perception_bench/overhead_055.png,33640,Recorded training/evaluation or diagnostic imagery/video; inspect associated run metadata,First-party report artifact; depicted geometry/provenance requires per-run review,Not individually visually reviewed; not selected for the evidence page,"Review episode plus manifest/provenance, label simulation/physical scope, caption scoring rule and failures"
reports/perception_bench/overhead_056.png,33253,Recorded training/evaluation or diagnostic imagery/video; inspect associated run metadata,First-party report artifact; depicted geometry/provenance requires per-run review,Not individually visually reviewed; not selected for the evidence page,"Review episode plus manifest/provenance, label simulation/physical scope, caption scoring rule and failures"
reports/perception_bench/overhead_057.png,32056,Recorded training/evaluation or diagnostic imagery/video; inspect associated run metadata,First-party report artifact; depicted geometry/provenance requires per-run review,Not individually visually reviewed; not selected for the evidence page,"Review episode plus manifest/provenance, label simulation/physical scope, caption scoring rule and failures"
reports/perception_bench/overhead_058.png,32710,Recorded training/evaluation or diagnostic imagery/video; inspect associated run metadata,First-party report artifact; depicted geometry/provenance requires per-run review,Not individually visually reviewed; not selected for the evidence page,"Review episode plus manifest/provenance, label simulation/physical scope, caption scoring rule and failures"
reports/perception_bench/overhead_059.png,33100,Recorded training/evaluation or diagnostic imagery/video; inspect associated run metadata,First-party report artifact; depicted geometry/provenance requires per-run review,Not individually visually reviewed; not selected for the evidence page,"Review episode plus manifest/provenance, label simulation/physical scope, caption scoring rule and failures"
reports/perception_bench/verify_000.png,29398,Recorded training/evaluation or diagnostic imagery/video; inspect associated run metadata,First-party report artifact; depicted geometry/provenance requires per-run review,Not individually visually reviewed; not selected for the evidence page,"Review episode plus manifest/provenance, label simulation/physical scope, caption scoring rule and failures"
reports/perception_bench/verify_001.png,28614,Recorded training/evaluation or diagnostic imagery/video; inspect associated run metadata,First-party report artifact; depicted geometry/provenance requires per-run review,Not individually visually reviewed; not selected for the evidence page,"Review episode plus manifest/provenance, label simulation/physical scope, caption scoring rule and failures"
reports/perception_bench/verify_002.png,30164,Recorded training/evaluation or diagnostic imagery/video; inspect associated run metadata,First-party report artifact; depicted geometry/provenance requires per-run review,Not individually visually reviewed; not selected for the evidence page,"Review episode plus manifest/provenance, label simulation/physical scope, caption scoring rule and failures"
reports/perception_bench_g2/overhead_000.png,29476,Recorded training/evaluation or diagnostic imagery/video; inspect associated run metadata,First-party report artifact; depicted geometry/provenance requires per-run review,Not individually visually reviewed; not selected for the evidence page,"Review episode plus manifest/provenance, label simulation/physical scope, caption scoring rule and failures"
reports/perception_bench_g2/overhead_001.png,28436,Recorded training/evaluation or diagnostic imagery/video; inspect associated run metadata,First-party report artifact; depicted geometry/provenance requires per-run review,Not individually visually reviewed; not selected for the evidence page,"Review episode plus manifest/provenance, label simulation/physical scope, caption scoring rule and failures"
reports/perception_bench_g2/overhead_002.png,30280,Recorded training/evaluation or diagnostic imagery/video; inspect associated run metadata,First-party report artifact; depicted geometry/provenance requires per-run review,Not individually visually reviewed; not selected for the evidence page,"Review episode plus manifest/provenance, label simulation/physical scope, caption scoring rule and failures"
reports/perception_bench_g2/overhead_003.png,30106,Recorded training/evaluation or diagnostic imagery/video; inspect associated run metadata,First-party report artifact; depicted geometry/provenance requires per-run review,Not individually visually reviewed; not selected for the evidence page,"Review episode plus manifest/provenance, label simulation/physical scope, caption scoring rule and failures"
reports/perception_bench_g2/overhead_004.png,31200,Recorded training/evaluation or diagnostic imagery/video; inspect associated run metadata,First-party report artifact; depicted geometry/provenance requires per-run review,Not individually visually reviewed; not selected for the evidence page,"Review episode plus manifest/provenance, label simulation/physical scope, caption scoring rule and failures"
reports/perception_bench_g2/overhead_005.png,31658,Recorded training/evaluation or diagnostic imagery/video; inspect associated run metadata,First-party report artifact; depicted geometry/provenance requires per-run review,Not individually visually reviewed; not selected for the evidence page,"Review episode plus manifest/provenance, label simulation/physical scope, caption scoring rule and failures"
reports/perception_bench_g2/overhead_006.png,29933,Recorded training/evaluation or diagnostic imagery/video; inspect associated run metadata,First-party report artifact; depicted geometry/provenance requires per-run review,Not individually visually reviewed; not selected for the evidence page,"Review episode plus manifest/provenance, label simulation/physical scope, caption scoring rule and failures"
reports/perception_bench_g2/overhead_007.png,30848,Recorded training/evaluation or diagnostic imagery/video; inspect associated run metadata,First-party report artifact; depicted geometry/provenance requires per-run review,Not individually visually reviewed; not selected for the evidence page,"Review episode plus manifest/provenance, label simulation/physical scope, caption scoring rule and failures"
reports/perception_bench_g2/overhead_008.png,31174,Recorded training/evaluation or diagnostic imagery/video; inspect associated run metadata,First-party report artifact; depicted geometry/provenance requires per-run review,Not individually visually reviewed; not selected for the evidence page,"Review episode plus manifest/provenance, label simulation/physical scope, caption scoring rule and failures"
reports/perception_bench_g2/overhead_009.png,31398,Recorded training/evaluation or diagnostic imagery/video; inspect associated run metadata,First-party report artifact; depicted geometry/provenance requires per-run review,Not individually visually reviewed; not selected for the evidence page,"Review episode plus manifest/provenance, label simulation/physical scope, caption scoring rule and failures"
reports/perception_bench_g2/overhead_010.png,30030,Recorded training/evaluation or diagnostic imagery/video; inspect associated run metadata,First-party report artifact; depicted geometry/provenance requires per-run review,Not individually visually reviewed; not selected for the evidence page,"Review episode plus manifest/provenance, label simulation/physical scope, caption scoring rule and failures"
reports/perception_bench_g2/overhead_011.png,30085,Recorded training/evaluation or diagnostic imagery/video; inspect associated run metadata,First-party report artifact; depicted geometry/provenance requires per-run review,Not individually visually reviewed; not selected for the evidence page,"Review episode plus manifest/provenance, label simulation/physical scope, caption scoring rule and failures"
reports/perception_bench_g2/overhead_012.png,29972,Recorded training/evaluation or diagnostic imagery/video; inspect associated run metadata,First-party report artifact; depicted geometry/provenance requires per-run review,Not individually visually reviewed; not selected for the evidence page,"Review episode plus manifest/provenance, label simulation/physical scope, caption scoring rule and failures"
reports/perception_bench_g2/overhead_013.png,30693,Recorded training/evaluation or diagnostic imagery/video; inspect associated run metadata,First-party report artifact; depicted geometry/provenance requires per-run review,Not individually visually reviewed; not selected for the evidence page,"Review episode plus manifest/provenance, label simulation/physical scope, caption scoring rule and failures"
reports/perception_bench_g2/overhead_014.png,30490,Recorded training/evaluation or diagnostic imagery/video; inspect associated run metadata,First-party report artifact; depicted geometry/provenance requires per-run review,Not individually visually reviewed; not selected for the evidence page,"Review episode plus manifest/provenance, label simulation/physical scope, caption scoring rule and failures"
reports/perception_bench_g2/overhead_015.png,31153,Recorded training/evaluation or diagnostic imagery/video; inspect associated run metadata,First-party report artifact; depicted geometry/provenance requires per-run review,Not individually visually reviewed; not selected for the evidence page,"Review episode plus manifest/provenance, label simulation/physical scope, caption scoring rule and failures"
reports/perception_bench_g2/overhead_016.png,31512,Recorded training/evaluation or diagnostic imagery/video; inspect associated run metadata,First-party report artifact; depicted geometry/provenance requires per-run review,Not individually visually reviewed; not selected for the evidence page,"Review episode plus manifest/provenance, label simulation/physical scope, caption scoring rule and failures"
reports/perception_bench_g2/overhead_017.png,31697,Recorded training/evaluation or diagnostic imagery/video; inspect associated run metadata,First-party report artifact; depicted geometry/provenance requires per-run review,Not individually visually reviewed; not selected for the evidence page,"Review episode plus manifest/provenance, label simulation/physical scope, caption scoring rule and failures"
reports/perception_bench_g2/overhead_018.png,31751,Recorded training/evaluation or diagnostic imagery/video; inspect associated run metadata,First-party report artifact; depicted geometry/provenance requires per-run review,Not individually visually reviewed; not selected for the evidence page,"Review episode plus manifest/provenance, label simulation/physical scope, caption scoring rule and failures"
reports/perception_bench_g2/overhead_019.png,30748,Recorded training/evaluation or diagnostic imagery/video; inspect associated run metadata,First-party report artifact; depicted geometry/provenance requires per-run review,Not individually visually reviewed; not selected for the evidence page,"Review episode plus manifest/provenance, label simulation/physical scope, caption scoring rule and failures"
reports/perception_bench_g2/overhead_020.png,31665,Recorded training/evaluation or diagnostic imagery/video; inspect associated run metadata,First-party report artifact; depicted geometry/provenance requires per-run review,Not individually visually reviewed; not selected for the evidence page,"Review episode plus manifest/provenance, label simulation/physical scope, caption scoring rule and failures"
reports/perception_bench_g2/overhead_021.png,30832,Recorded training/evaluation or diagnostic imagery/video; inspect associated run metadata,First-party report artifact; depicted geometry/provenance requires per-run review,Not individually visually reviewed; not selected for the evidence page,"Review episode plus manifest/provenance, label simulation/physical scope, caption scoring rule and failures"
reports/perception_bench_g2/overhead_022.png,31254,Recorded training/evaluation or diagnostic imagery/video; inspect associated run metadata,First-party report artifact; depicted geometry/provenance requires per-run review,Not individually visually reviewed; not selected for the evidence page,"Review episode plus manifest/provenance, label simulation/physical scope, caption scoring rule and failures"
reports/perception_bench_g2/overhead_023.png,31098,Recorded training/evaluation or diagnostic imagery/video; inspect associated run metadata,First-party report artifact; depicted geometry/provenance requires per-run review,Not individually visually reviewed; not selected for the evidence page,"Review episode plus manifest/provenance, label simulation/physical scope, caption scoring rule and failures"
reports/perception_bench_g2/overhead_024.png,31354,Recorded training/evaluation or diagnostic imagery/video; inspect associated run metadata,First-party report artifact; depicted geometry/provenance requires per-run review,Not individually visually reviewed; not selected for the evidence page,"Review episode plus manifest/provenance, label simulation/physical scope, caption scoring rule and failures"
reports/perception_bench_g2/overhead_025.png,31545,Recorded training/evaluation or diagnostic imagery/video; inspect associated run metadata,First-party report artifact; depicted geometry/provenance requires per-run review,Not individually visually reviewed; not selected for the evidence page,"Review episode plus manifest/provenance, label simulation/physical scope, caption scoring rule and failures"
reports/perception_bench_g2/overhead_026.png,29913,Recorded training/evaluation or diagnostic imagery/video; inspect associated run metadata,First-party report artifact; depicted geometry/provenance requires per-run review,Not individually visually reviewed; not selected for the evidence page,"Review episode plus manifest/provenance, label simulation/physical scope, caption scoring rule and failures"
reports/perception_bench_g2/overhead_027.png,30423,Recorded training/evaluation or diagnostic imagery/video; inspect associated run metadata,First-party report artifact; depicted geometry/provenance requires per-run review,Not individually visually reviewed; not selected for the evidence page,"Review episode plus manifest/provenance, label simulation/physical scope, caption scoring rule and failures"
reports/perception_bench_g2/overhead_028.png,31202,Recorded training/evaluation or diagnostic imagery/video; inspect associated run metadata,First-party report artifact; depicted geometry/provenance requires per-run review,Not individually visually reviewed; not selected for the evidence page,"Review episode plus manifest/provenance, label simulation/physical scope, caption scoring rule and failures"
reports/perception_bench_g2/overhead_029.png,31507,Recorded training/evaluation or diagnostic imagery/video; inspect associated run metadata,First-party report artifact; depicted geometry/provenance requires per-run review,Not individually visually reviewed; not selected for the evidence page,"Review episode plus manifest/provenance, label simulation/physical scope, caption scoring rule and failures"
reports/perception_bench_g2/overhead_030.png,32054,Recorded training/evaluation or diagnostic imagery/video; inspect associated run metadata,First-party report artifact; depicted geometry/provenance requires per-run review,Not individually visually reviewed; not selected for the evidence page,"Review episode plus manifest/provenance, label simulation/physical scope, caption scoring rule and failures"
reports/perception_bench_g2/overhead_031.png,32431,Recorded training/evaluation or diagnostic imagery/video; inspect associated run metadata,First-party report artifact; depicted geometry/provenance requires per-run review,Not individually visually reviewed; not selected for the evidence page,"Review episode plus manifest/provenance, label simulation/physical scope, caption scoring rule and failures"
reports/perception_bench_g2/overhead_032.png,29732,Recorded training/evaluation or diagnostic imagery/video; inspect associated run metadata,First-party report artifact; depicted geometry/provenance requires per-run review,Not individually visually reviewed; not selected for the evidence page,"Review episode plus manifest/provenance, label simulation/physical scope, caption scoring rule and failures"
reports/perception_bench_g2/overhead_033.png,30073,Recorded training/evaluation or diagnostic imagery/video; inspect associated run metadata,First-party report artifact; depicted geometry/provenance requires per-run review,Not individually visually reviewed; not selected for the evidence page,"Review episode plus manifest/provenance, label simulation/physical scope, caption scoring rule and failures"
reports/perception_bench_g2/overhead_034.png,30671,Recorded training/evaluation or diagnostic imagery/video; inspect associated run metadata,First-party report artifact; depicted geometry/provenance requires per-run review,Not individually visually reviewed; not selected for the evidence page,"Review episode plus manifest/provenance, label simulation/physical scope, caption scoring rule and failures"
reports/perception_bench_g2/overhead_035.png,31508,Recorded training/evaluation or diagnostic imagery/video; inspect associated run metadata,First-party report artifact; depicted geometry/provenance requires per-run review,Not individually visually reviewed; not selected for the evidence page,"Review episode plus manifest/provenance, label simulation/physical scope, caption scoring rule and failures"
reports/perception_bench_g2/overhead_036.png,31307,Recorded training/evaluation or diagnostic imagery/video; inspect associated run metadata,First-party report artifact; depicted geometry/provenance requires per-run review,Not individually visually reviewed; not selected for the evidence page,"Review episode plus manifest/provenance, label simulation/physical scope, caption scoring rule and failures"
reports/perception_bench_g2/overhead_037.png,32173,Recorded training/evaluation or diagnostic imagery/video; inspect associated run metadata,First-party report artifact; depicted geometry/provenance requires per-run review,Not individually visually reviewed; not selected for the evidence page,"Review episode plus manifest/provenance, label simulation/physical scope, caption scoring rule and failures"
reports/perception_bench_g2/overhead_038.png,31719,Recorded training/evaluation or diagnostic imagery/video; inspect associated run metadata,First-party report artifact; depicted geometry/provenance requires per-run review,Not individually visually reviewed; not selected for the evidence page,"Review episode plus manifest/provenance, label simulation/physical scope, caption scoring rule and failures"
reports/perception_bench_g2/overhead_039.png,31367,Recorded training/evaluation or diagnostic imagery/video; inspect associated run metadata,First-party report artifact; depicted geometry/provenance requires per-run review,Not individually visually reviewed; not selected for the evidence page,"Review episode plus manifest/provenance, label simulation/physical scope, caption scoring rule and failures"
reports/perception_bench_g2/overhead_040.png,30735,Recorded training/evaluation or diagnostic imagery/video; inspect associated run metadata,First-party report artifact; depicted geometry/provenance requires per-run review,Not individually visually reviewed; not selected for the evidence page,"Review episode plus manifest/provenance, label simulation/physical scope, caption scoring rule and failures"
reports/perception_bench_g2/overhead_041.png,31625,Recorded training/evaluation or diagnostic imagery/video; inspect associated run metadata,First-party report artifact; depicted geometry/provenance requires per-run review,Not individually visually reviewed; not selected for the evidence page,"Review episode plus manifest/provenance, label simulation/physical scope, caption scoring rule and failures"
reports/perception_bench_g2/overhead_042.png,30141,Recorded training/evaluation or diagnostic imagery/video; inspect associated run metadata,First-party report artifact; depicted geometry/provenance requires per-run review,Not individually visually reviewed; not selected for the evidence page,"Review episode plus manifest/provenance, label simulation/physical scope, caption scoring rule and failures"
reports/perception_bench_g2/overhead_043.png,30385,Recorded training/evaluation or diagnostic imagery/video; inspect associated run metadata,First-party report artifact; depicted geometry/provenance requires per-run review,Not individually visually reviewed; not selected for the evidence page,"Review episode plus manifest/provenance, label simulation/physical scope, caption scoring rule and failures"
reports/perception_bench_g2/overhead_044.png,30607,Recorded training/evaluation or diagnostic imagery/video; inspect associated run metadata,First-party report artifact; depicted geometry/provenance requires per-run review,Not individually visually reviewed; not selected for the evidence page,"Review episode plus manifest/provenance, label simulation/physical scope, caption scoring rule and failures"
reports/perception_bench_g2/overhead_045.png,30698,Recorded training/evaluation or diagnostic imagery/video; inspect associated run metadata,First-party report artifact; depicted geometry/provenance requires per-run review,Not individually visually reviewed; not selected for the evidence page,"Review episode plus manifest/provenance, label simulation/physical scope, caption scoring rule and failures"
reports/perception_bench_g2/overhead_046.png,32565,Recorded training/evaluation or diagnostic imagery/video; inspect associated run metadata,First-party report artifact; depicted geometry/provenance requires per-run review,Not individually visually reviewed; not selected for the evidence page,"Review episode plus manifest/provenance, label simulation/physical scope, caption scoring rule and failures"
reports/perception_bench_g2/overhead_047.png,33055,Recorded training/evaluation or diagnostic imagery/video; inspect associated run metadata,First-party report artifact; depicted geometry/provenance requires per-run review,Not individually visually reviewed; not selected for the evidence page,"Review episode plus manifest/provenance, label simulation/physical scope, caption scoring rule and failures"
reports/perception_bench_g2/overhead_048.png,32446,Recorded training/evaluation or diagnostic imagery/video; inspect associated run metadata,First-party report artifact; depicted geometry/provenance requires per-run review,Not individually visually reviewed; not selected for the evidence page,"Review episode plus manifest/provenance, label simulation/physical scope, caption scoring rule and failures"
reports/perception_bench_g2/overhead_049.png,32201,Recorded training/evaluation or diagnostic imagery/video; inspect associated run metadata,First-party report artifact; depicted geometry/provenance requires per-run review,Not individually visually reviewed; not selected for the evidence page,"Review episode plus manifest/provenance, label simulation/physical scope, caption scoring rule and failures"
reports/perception_bench_g2/overhead_050.png,33143,Recorded training/evaluation or diagnostic imagery/video; inspect associated run metadata,First-party report artifact; depicted geometry/provenance requires per-run review,Not individually visually reviewed; not selected for the evidence page,"Review episode plus manifest/provenance, label simulation/physical scope, caption scoring rule and failures"
reports/perception_bench_g2/overhead_051.png,33166,Recorded training/evaluation or diagnostic imagery/video; inspect associated run metadata,First-party report artifact; depicted geometry/provenance requires per-run review,Not individually visually reviewed; not selected for the evidence page,"Review episode plus manifest/provenance, label simulation/physical scope, caption scoring rule and failures"
reports/perception_bench_g2/overhead_052.png,33485,Recorded training/evaluation or diagnostic imagery/video; inspect associated run metadata,First-party report artifact; depicted geometry/provenance requires per-run review,Not individually visually reviewed; not selected for the evidence page,"Review episode plus manifest/provenance, label simulation/physical scope, caption scoring rule and failures"
reports/perception_bench_g2/overhead_053.png,33677,Recorded training/evaluation or diagnostic imagery/video; inspect associated run metadata,First-party report artifact; depicted geometry/provenance requires per-run review,Not individually visually reviewed; not selected for the evidence page,"Review episode plus manifest/provenance, label simulation/physical scope, caption scoring rule and failures"
reports/perception_bench_g2/overhead_054.png,32813,Recorded training/evaluation or diagnostic imagery/video; inspect associated run metadata,First-party report artifact; depicted geometry/provenance requires per-run review,Not individually visually reviewed; not selected for the evidence page,"Review episode plus manifest/provenance, label simulation/physical scope, caption scoring rule and failures"
reports/perception_bench_g2/overhead_055.png,33958,Recorded training/evaluation or diagnostic imagery/video; inspect associated run metadata,First-party report artifact; depicted geometry/provenance requires per-run review,Not individually visually reviewed; not selected for the evidence page,"Review episode plus manifest/provenance, label simulation/physical scope, caption scoring rule and failures"
reports/perception_bench_g2/overhead_056.png,32839,Recorded training/evaluation or diagnostic imagery/video; inspect associated run metadata,First-party report artifact; depicted geometry/provenance requires per-run review,Not individually visually reviewed; not selected for the evidence page,"Review episode plus manifest/provenance, label simulation/physical scope, caption scoring rule and failures"
reports/perception_bench_g2/overhead_057.png,32479,Recorded training/evaluation or diagnostic imagery/video; inspect associated run metadata,First-party report artifact; depicted geometry/provenance requires per-run review,Not individually visually reviewed; not selected for the evidence page,"Review episode plus manifest/provenance, label simulation/physical scope, caption scoring rule and failures"
reports/perception_bench_g2/overhead_058.png,32913,Recorded training/evaluation or diagnostic imagery/video; inspect associated run metadata,First-party report artifact; depicted geometry/provenance requires per-run review,Not individually visually reviewed; not selected for the evidence page,"Review episode plus manifest/provenance, label simulation/physical scope, caption scoring rule and failures"
reports/perception_bench_g2/overhead_059.png,32834,Recorded training/evaluation or diagnostic imagery/video; inspect associated run metadata,First-party report artifact; depicted geometry/provenance requires per-run review,Not individually visually reviewed; not selected for the evidence page,"Review episode plus manifest/provenance, label simulation/physical scope, caption scoring rule and failures"
reports/perception_bench_g2/verify_000.png,29441,Recorded training/evaluation or diagnostic imagery/video; inspect associated run metadata,First-party report artifact; depicted geometry/provenance requires per-run review,Not individually visually reviewed; not selected for the evidence page,"Review episode plus manifest/provenance, label simulation/physical scope, caption scoring rule and failures"
reports/perception_bench_g2/verify_001.png,28380,Recorded training/evaluation or diagnostic imagery/video; inspect associated run metadata,First-party report artifact; depicted geometry/provenance requires per-run review,Not individually visually reviewed; not selected for the evidence page,"Review episode plus manifest/provenance, label simulation/physical scope, caption scoring rule and failures"
reports/perception_bench_g2/verify_002.png,30315,Recorded training/evaluation or diagnostic imagery/video; inspect associated run metadata,First-party report artifact; depicted geometry/provenance requires per-run review,Not individually visually reviewed; not selected for the evidence page,"Review episode plus manifest/provenance, label simulation/physical scope, caption scoring rule and failures"
reports/perception_bench_g2v2/overhead_000.png,28699,Recorded training/evaluation or diagnostic imagery/video; inspect associated run metadata,First-party report artifact; depicted geometry/provenance requires per-run review,Not individually visually reviewed; not selected for the evidence page,"Review episode plus manifest/provenance, label simulation/physical scope, caption scoring rule and failures"
reports/perception_bench_g2v2/overhead_001.png,28699,Recorded training/evaluation or diagnostic imagery/video; inspect associated run metadata,First-party report artifact; depicted geometry/provenance requires per-run review,Not individually visually reviewed; not selected for the evidence page,"Review episode plus manifest/provenance, label simulation/physical scope, caption scoring rule and failures"
reports/perception_bench_g2v2/overhead_002.png,30461,Recorded training/evaluation or diagnostic imagery/video; inspect associated run metadata,First-party report artifact; depicted geometry/provenance requires per-run review,Not individually visually reviewed; not selected for the evidence page,"Review episode plus manifest/provenance, label simulation/physical scope, caption scoring rule and failures"
reports/perception_bench_g2v2/overhead_003.png,30703,Recorded training/evaluation or diagnostic imagery/video; inspect associated run metadata,First-party report artifact; depicted geometry/provenance requires per-run review,Not individually visually reviewed; not selected for the evidence page,"Review episode plus manifest/provenance, label simulation/physical scope, caption scoring rule and failures"
reports/perception_bench_g2v2/overhead_004.png,31103,Recorded training/evaluation or diagnostic imagery/video; inspect associated run metadata,First-party report artifact; depicted geometry/provenance requires per-run review,Not individually visually reviewed; not selected for the evidence page,"Review episode plus manifest/provenance, label simulation/physical scope, caption scoring rule and failures"
reports/perception_bench_g2v2/overhead_005.png,31155,Recorded training/evaluation or diagnostic imagery/video; inspect associated run metadata,First-party report artifact; depicted geometry/provenance requires per-run review,Not individually visually reviewed; not selected for the evidence page,"Review episode plus manifest/provenance, label simulation/physical scope, caption scoring rule and failures"
reports/perception_bench_g2v2/overhead_006.png,30316,Recorded training/evaluation or diagnostic imagery/video; inspect associated run metadata,First-party report artifact; depicted geometry/provenance requires per-run review,Not individually visually reviewed; not selected for the evidence page,"Review episode plus manifest/provenance, label simulation/physical scope, caption scoring rule and failures"
reports/perception_bench_g2v2/overhead_007.png,31361,Recorded training/evaluation or diagnostic imagery/video; inspect associated run metadata,First-party report artifact; depicted geometry/provenance requires per-run review,Not individually visually reviewed; not selected for the evidence page,"Review episode plus manifest/provenance, label simulation/physical scope, caption scoring rule and failures"
reports/perception_bench_g2v2/overhead_008.png,31696,Recorded training/evaluation or diagnostic imagery/video; inspect associated run metadata,First-party report artifact; depicted geometry/provenance requires per-run review,Not individually visually reviewed; not selected for the evidence page,"Review episode plus manifest/provenance, label simulation/physical scope, caption scoring rule and failures"
reports/perception_bench_g2v2/overhead_009.png,29967,Recorded training/evaluation or diagnostic imagery/video; inspect associated run metadata,First-party report artifact; depicted geometry/provenance requires per-run review,Not individually visually reviewed; not selected for the evidence page,"Review episode plus manifest/provenance, label simulation/physical scope, caption scoring rule and failures"
reports/perception_bench_g2v2/overhead_010.png,30167,Recorded training/evaluation or diagnostic imagery/video; inspect associated run metadata,First-party report artifact; depicted geometry/provenance requires per-run review,Not individually visually reviewed; not selected for the evidence page,"Review episode plus manifest/provenance, label simulation/physical scope, caption scoring rule and failures"
reports/perception_bench_g2v2/overhead_011.png,30750,Recorded training/evaluation or diagnostic imagery/video; inspect associated run metadata,First-party report artifact; depicted geometry/provenance requires per-run review,Not individually visually reviewed; not selected for the evidence page,"Review episode plus manifest/provenance, label simulation/physical scope, caption scoring rule and failures"
reports/perception_bench_g2v2/overhead_012.png,31393,Recorded training/evaluation or diagnostic imagery/video; inspect associated run metadata,First-party report artifact; depicted geometry/provenance requires per-run review,Not individually visually reviewed; not selected for the evidence page,"Review episode plus manifest/provenance, label simulation/physical scope, caption scoring rule and failures"
reports/perception_bench_g2v2/overhead_013.png,30998,Recorded training/evaluation or diagnostic imagery/video; inspect associated run metadata,First-party report artifact; depicted geometry/provenance requires per-run review,Not individually visually reviewed; not selected for the evidence page,"Review episode plus manifest/provenance, label simulation/physical scope, caption scoring rule and failures"
reports/perception_bench_g2v2/overhead_014.png,32565,Recorded training/evaluation or diagnostic imagery/video; inspect associated run metadata,First-party report artifact; depicted geometry/provenance requires per-run review,Not individually visually reviewed; not selected for the evidence page,"Review episode plus manifest/provenance, label simulation/physical scope, caption scoring rule and failures"
reports/perception_bench_g2v2/overhead_015.png,32133,Recorded training/evaluation or diagnostic imagery/video; inspect associated run metadata,First-party report artifact; depicted geometry/provenance requires per-run review,Not individually visually reviewed; not selected for the evidence page,"Review episode plus manifest/provenance, label simulation/physical scope, caption scoring rule and failures"
reports/perception_bench_g2v2/overhead_016.png,32853,Recorded training/evaluation or diagnostic imagery/video; inspect associated run metadata,First-party report artifact; depicted geometry/provenance requires per-run review,Not individually visually reviewed; not selected for the evidence page,"Review episode plus manifest/provenance, label simulation/physical scope, caption scoring rule and failures"
reports/perception_bench_g2v2/overhead_017.png,33015,Recorded training/evaluation or diagnostic imagery/video; inspect associated run metadata,First-party report artifact; depicted geometry/provenance requires per-run review,Not individually visually reviewed; not selected for the evidence page,"Review episode plus manifest/provenance, label simulation/physical scope, caption scoring rule and failures"
reports/perception_bench_g2v2/overhead_018.png,33681,Recorded training/evaluation or diagnostic imagery/video; inspect associated run metadata,First-party report artifact; depicted geometry/provenance requires per-run review,Not individually visually reviewed; not selected for the evidence page,"Review episode plus manifest/provenance, label simulation/physical scope, caption scoring rule and failures"
reports/perception_bench_g2v2/overhead_019.png,32751,Recorded training/evaluation or diagnostic imagery/video; inspect associated run metadata,First-party report artifact; depicted geometry/provenance requires per-run review,Not individually visually reviewed; not selected for the evidence page,"Review episode plus manifest/provenance, label simulation/physical scope, caption scoring rule and failures"
reports/perception_bench_g2v2/overhead_020.png,32863,Recorded training/evaluation or diagnostic imagery/video; inspect associated run metadata,First-party report artifact; depicted geometry/provenance requires per-run review,Not individually visually reviewed; not selected for the evidence page,"Review episode plus manifest/provenance, label simulation/physical scope, caption scoring rule and failures"
reports/perception_bench_g2v2/overhead_021.png,32746,Recorded training/evaluation or diagnostic imagery/video; inspect associated run metadata,First-party report artifact; depicted geometry/provenance requires per-run review,Not individually visually reviewed; not selected for the evidence page,"Review episode plus manifest/provenance, label simulation/physical scope, caption scoring rule and failures"
reports/perception_bench_g2v2/overhead_022.png,33523,Recorded training/evaluation or diagnostic imagery/video; inspect associated run metadata,First-party report artifact; depicted geometry/provenance requires per-run review,Not individually visually reviewed; not selected for the evidence page,"Review episode plus manifest/provenance, label simulation/physical scope, caption scoring rule and failures"
reports/perception_bench_g2v2/overhead_023.png,34106,Recorded training/evaluation or diagnostic imagery/video; inspect associated run metadata,First-party report artifact; depicted geometry/provenance requires per-run review,Not individually visually reviewed; not selected for the evidence page,"Review episode plus manifest/provenance, label simulation/physical scope, caption scoring rule and failures"
reports/perception_bench_g2v2/overhead_024.png,34252,Recorded training/evaluation or diagnostic imagery/video; inspect associated run metadata,First-party report artifact; depicted geometry/provenance requires per-run review,Not individually visually reviewed; not selected for the evidence page,"Review episode plus manifest/provenance, label simulation/physical scope, caption scoring rule and failures"
reports/perception_bench_g2v2/overhead_025.png,33740,Recorded training/evaluation or diagnostic imagery/video; inspect associated run metadata,First-party report artifact; depicted geometry/provenance requires per-run review,Not individually visually reviewed; not selected for the evidence page,"Review episode plus manifest/provenance, label simulation/physical scope, caption scoring rule and failures"
reports/perception_bench_g2v2/overhead_026.png,33138,Recorded training/evaluation or diagnostic imagery/video; inspect associated run metadata,First-party report artifact; depicted geometry/provenance requires per-run review,Not individually visually reviewed; not selected for the evidence page,"Review episode plus manifest/provenance, label simulation/physical scope, caption scoring rule and failures"
reports/perception_bench_g2v2/overhead_027.png,33130,Recorded training/evaluation or diagnostic imagery/video; inspect associated run metadata,First-party report artifact; depicted geometry/provenance requires per-run review,Not individually visually reviewed; not selected for the evidence page,"Review episode plus manifest/provenance, label simulation/physical scope, caption scoring rule and failures"
reports/perception_bench_g2v2/overhead_028.png,32666,Recorded training/evaluation or diagnostic imagery/video; inspect associated run metadata,First-party report artifact; depicted geometry/provenance requires per-run review,Not individually visually reviewed; not selected for the evidence page,"Review episode plus manifest/provenance, label simulation/physical scope, caption scoring rule and failures"
reports/perception_bench_g2v2/overhead_029.png,33288,Recorded training/evaluation or diagnostic imagery/video; inspect associated run metadata,First-party report artifact; depicted geometry/provenance requires per-run review,Not individually visually reviewed; not selected for the evidence page,"Review episode plus manifest/provenance, label simulation/physical scope, caption scoring rule and failures"
reports/perception_bench_g2v2/overhead_030.png,32629,Recorded training/evaluation or diagnostic imagery/video; inspect associated run metadata,First-party report artifact; depicted geometry/provenance requires per-run review,Not individually visually reviewed; not selected for the evidence page,"Review episode plus manifest/provenance, label simulation/physical scope, caption scoring rule and failures"
reports/perception_bench_g2v2/overhead_031.png,32935,Recorded training/evaluation or diagnostic imagery/video; inspect associated run metadata,First-party report artifact; depicted geometry/provenance requires per-run review,Not individually visually reviewed; not selected for the evidence page,"Review episode plus manifest/provenance, label simulation/physical scope, caption scoring rule and failures"
reports/perception_bench_g2v2/overhead_032.png,33701,Recorded training/evaluation or diagnostic imagery/video; inspect associated run metadata,First-party report artifact; depicted geometry/provenance requires per-run review,Not individually visually reviewed; not selected for the evidence page,"Review episode plus manifest/provenance, label simulation/physical scope, caption scoring rule and failures"
reports/perception_bench_g2v2/overhead_033.png,32789,Recorded training/evaluation or diagnostic imagery/video; inspect associated run metadata,First-party report artifact; depicted geometry/provenance requires per-run review,Not individually visually reviewed; not selected for the evidence page,"Review episode plus manifest/provenance, label simulation/physical scope, caption scoring rule and failures"
reports/perception_bench_g2v2/overhead_034.png,31602,Recorded training/evaluation or diagnostic imagery/video; inspect associated run metadata,First-party report artifact; depicted geometry/provenance requires per-run review,Not individually visually reviewed; not selected for the evidence page,"Review episode plus manifest/provenance, label simulation/physical scope, caption scoring rule and failures"
reports/perception_bench_g2v2/overhead_035.png,31942,Recorded training/evaluation or diagnostic imagery/video; inspect associated run metadata,First-party report artifact; depicted geometry/provenance requires per-run review,Not individually visually reviewed; not selected for the evidence page,"Review episode plus manifest/provenance, label simulation/physical scope, caption scoring rule and failures"
reports/perception_bench_g2v2/overhead_036.png,33115,Recorded training/evaluation or diagnostic imagery/video; inspect associated run metadata,First-party report artifact; depicted geometry/provenance requires per-run review,Not individually visually reviewed; not selected for the evidence page,"Review episode plus manifest/provenance, label simulation/physical scope, caption scoring rule and failures"
reports/perception_bench_g2v2/overhead_037.png,34531,Recorded training/evaluation or diagnostic imagery/video; inspect associated run metadata,First-party report artifact; depicted geometry/provenance requires per-run review,Not individually visually reviewed; not selected for the evidence page,"Review episode plus manifest/provenance, label simulation/physical scope, caption scoring rule and failures"
reports/perception_bench_g2v2/overhead_038.png,33751,Recorded training/evaluation or diagnostic imagery/video; inspect associated run metadata,First-party report artifact; depicted geometry/provenance requires per-run review,Not individually visually reviewed; not selected for the evidence page,"Review episode plus manifest/provenance, label simulation/physical scope, caption scoring rule and failures"
reports/perception_bench_g2v2/overhead_039.png,34358,Recorded training/evaluation or diagnostic imagery/video; inspect associated run metadata,First-party report artifact; depicted geometry/provenance requires per-run review,Not individually visually reviewed; not selected for the evidence page,"Review episode plus manifest/provenance, label simulation/physical scope, caption scoring rule and failures"
reports/perception_bench_g2v2/overhead_040.png,33186,Recorded training/evaluation or diagnostic imagery/video; inspect associated run metadata,First-party report artifact; depicted geometry/provenance requires per-run review,Not individually visually reviewed; not selected for the evidence page,"Review episode plus manifest/provenance, label simulation/physical scope, caption scoring rule and failures"
reports/perception_bench_g2v2/overhead_041.png,33075,Recorded training/evaluation or diagnostic imagery/video; inspect associated run metadata,First-party report artifact; depicted geometry/provenance requires per-run review,Not individually visually reviewed; not selected for the evidence page,"Review episode plus manifest/provenance, label simulation/physical scope, caption scoring rule and failures"
reports/perception_bench_g2v2/overhead_042.png,32671,Recorded training/evaluation or diagnostic imagery/video; inspect associated run metadata,First-party report artifact; depicted geometry/provenance requires per-run review,Not individually visually reviewed; not selected for the evidence page,"Review episode plus manifest/provenance, label simulation/physical scope, caption scoring rule and failures"
reports/perception_bench_g2v2/overhead_043.png,33550,Recorded training/evaluation or diagnostic imagery/video; inspect associated run metadata,First-party report artifact; depicted geometry/provenance requires per-run review,Not individually visually reviewed; not selected for the evidence page,"Review episode plus manifest/provenance, label simulation/physical scope, caption scoring rule and failures"
reports/perception_bench_g2v2/overhead_044.png,34509,Recorded training/evaluation or diagnostic imagery/video; inspect associated run metadata,First-party report artifact; depicted geometry/provenance requires per-run review,Not individually visually reviewed; not selected for the evidence page,"Review episode plus manifest/provenance, label simulation/physical scope, caption scoring rule and failures"
reports/perception_bench_g2v2/overhead_045.png,35002,Recorded training/evaluation or diagnostic imagery/video; inspect associated run metadata,First-party report artifact; depicted geometry/provenance requires per-run review,Not individually visually reviewed; not selected for the evidence page,"Review episode plus manifest/provenance, label simulation/physical scope, caption scoring rule and failures"
reports/perception_bench_g2v2/overhead_046.png,34543,Recorded training/evaluation or diagnostic imagery/video; inspect associated run metadata,First-party report artifact; depicted geometry/provenance requires per-run review,Not individually visually reviewed; not selected for the evidence page,"Review episode plus manifest/provenance, label simulation/physical scope, caption scoring rule and failures"
reports/perception_bench_g2v2/overhead_047.png,34362,Recorded training/evaluation or diagnostic imagery/video; inspect associated run metadata,First-party report artifact; depicted geometry/provenance requires per-run review,Not individually visually reviewed; not selected for the evidence page,"Review episode plus manifest/provenance, label simulation/physical scope, caption scoring rule and failures"
reports/perception_bench_g2v2/overhead_048.png,33256,Recorded training/evaluation or diagnostic imagery/video; inspect associated run metadata,First-party report artifact; depicted geometry/provenance requires per-run review,Not individually visually reviewed; not selected for the evidence page,"Review episode plus manifest/provenance, label simulation/physical scope, caption scoring rule and failures"
reports/perception_bench_g2v2/overhead_049.png,33651,Recorded training/evaluation or diagnostic imagery/video; inspect associated run metadata,First-party report artifact; depicted geometry/provenance requires per-run review,Not individually visually reviewed; not selected for the evidence page,"Review episode plus manifest/provenance, label simulation/physical scope, caption scoring rule and failures"
reports/perception_bench_g2v2/overhead_050.png,33416,Recorded training/evaluation or diagnostic imagery/video; inspect associated run metadata,First-party report artifact; depicted geometry/provenance requires per-run review,Not individually visually reviewed; not selected for the evidence page,"Review episode plus manifest/provenance, label simulation/physical scope, caption scoring rule and failures"
reports/perception_bench_g2v2/overhead_051.png,33955,Recorded training/evaluation or diagnostic imagery/video; inspect associated run metadata,First-party report artifact; depicted geometry/provenance requires per-run review,Not individually visually reviewed; not selected for the evidence page,"Review episode plus manifest/provenance, label simulation/physical scope, caption scoring rule and failures"
reports/perception_bench_g2v2/overhead_052.png,33673,Recorded training/evaluation or diagnostic imagery/video; inspect associated run metadata,First-party report artifact; depicted geometry/provenance requires per-run review,Not individually visually reviewed; not selected for the evidence page,"Review episode plus manifest/provenance, label simulation/physical scope, caption scoring rule and failures"
reports/perception_bench_g2v2/overhead_053.png,32197,Recorded training/evaluation or diagnostic imagery/video; inspect associated run metadata,First-party report artifact; depicted geometry/provenance requires per-run review,Not individually visually reviewed; not selected for the evidence page,"Review episode plus manifest/provenance, label simulation/physical scope, caption scoring rule and failures"
reports/perception_bench_g2v2/overhead_054.png,32739,Recorded training/evaluation or diagnostic imagery/video; inspect associated run metadata,First-party report artifact; depicted geometry/provenance requires per-run review,Not individually visually reviewed; not selected for the evidence page,"Review episode plus manifest/provenance, label simulation/physical scope, caption scoring rule and failures"
reports/perception_bench_g2v2/overhead_055.png,33411,Recorded training/evaluation or diagnostic imagery/video; inspect associated run metadata,First-party report artifact; depicted geometry/provenance requires per-run review,Not individually visually reviewed; not selected for the evidence page,"Review episode plus manifest/provenance, label simulation/physical scope, caption scoring rule and failures"
reports/perception_bench_g2v2/overhead_056.png,33690,Recorded training/evaluation or diagnostic imagery/video; inspect associated run metadata,First-party report artifact; depicted geometry/provenance requires per-run review,Not individually visually reviewed; not selected for the evidence page,"Review episode plus manifest/provenance, label simulation/physical scope, caption scoring rule and failures"
reports/perception_bench_g2v2/overhead_057.png,32326,Recorded training/evaluation or diagnostic imagery/video; inspect associated run metadata,First-party report artifact; depicted geometry/provenance requires per-run review,Not individually visually reviewed; not selected for the evidence page,"Review episode plus manifest/provenance, label simulation/physical scope, caption scoring rule and failures"
reports/perception_bench_g2v2/overhead_058.png,33345,Recorded training/evaluation or diagnostic imagery/video; inspect associated run metadata,First-party report artifact; depicted geometry/provenance requires per-run review,Not individually visually reviewed; not selected for the evidence page,"Review episode plus manifest/provenance, label simulation/physical scope, caption scoring rule and failures"
reports/perception_bench_g2v2/overhead_059.png,33971,Recorded training/evaluation or diagnostic imagery/video; inspect associated run metadata,First-party report artifact; depicted geometry/provenance requires per-run review,Not individually visually reviewed; not selected for the evidence page,"Review episode plus manifest/provenance, label simulation/physical scope, caption scoring rule and failures"
reports/perception_bench_g2v2/verify_000.png,28672,Recorded training/evaluation or diagnostic imagery/video; inspect associated run metadata,First-party report artifact; depicted geometry/provenance requires per-run review,Not individually visually reviewed; not selected for the evidence page,"Review episode plus manifest/provenance, label simulation/physical scope, caption scoring rule and failures"
reports/perception_bench_g2v2/verify_001.png,28728,Recorded training/evaluation or diagnostic imagery/video; inspect associated run metadata,First-party report artifact; depicted geometry/provenance requires per-run review,Not individually visually reviewed; not selected for the evidence page,"Review episode plus manifest/provenance, label simulation/physical scope, caption scoring rule and failures"
reports/perception_bench_g2v2/verify_002.png,30482,Recorded training/evaluation or diagnostic imagery/video; inspect associated run metadata,First-party report artifact; depicted geometry/provenance requires per-run review,Not individually visually reviewed; not selected for the evidence page,"Review episode plus manifest/provenance, label simulation/physical scope, caption scoring rule and failures"
reports/synria_gripper_clearance.png,70092,Gripper/cup clearance schematic: maximum and commanded opening,"First-party analytical diagram using robot/gripper dimensions, not a mesh export","Inspected; legible as a geometry illustration, not contact or task-success proof",Caption the modeled assumptions and link amended grasp audit
reports/training/franka_cup_dwell_raw/episode_000000/overhead.mp4,668838,Recorded training/evaluation or diagnostic imagery/video; inspect associated run metadata,First-party report artifact; depicted geometry/provenance requires per-run review,Not individually visually reviewed; not selected for the evidence page,"Review episode plus manifest/provenance, label simulation/physical scope, caption scoring rule and failures"
reports/training/franka_cup_dwell_raw/episode_000000/wrist.mp4,434625,Recorded training/evaluation or diagnostic imagery/video; inspect associated run metadata,First-party report artifact; depicted geometry/provenance requires per-run review,Not individually visually reviewed; not selected for the evidence page,"Review episode plus manifest/provenance, label simulation/physical scope, caption scoring rule and failures"
reports/training/franka_cup_dwell_raw/episode_000001/overhead.mp4,1004562,Recorded training/evaluation or diagnostic imagery/video; inspect associated run metadata,First-party report artifact; depicted geometry/provenance requires per-run review,Not individually visually reviewed; not selected for the evidence page,"Review episode plus manifest/provenance, label simulation/physical scope, caption scoring rule and failures"
reports/training/franka_cup_dwell_raw/episode_000001/wrist.mp4,670970,Recorded training/evaluation or diagnostic imagery/video; inspect associated run metadata,First-party report artifact; depicted geometry/provenance requires per-run review,Not individually visually reviewed; not selected for the evidence page,"Review episode plus manifest/provenance, label simulation/physical scope, caption scoring rule and failures"
reports/training/franka_cup_dwell_raw/episode_000002/overhead.mp4,1009304,Recorded training/evaluation or diagnostic imagery/video; inspect associated run metadata,First-party report artifact; depicted geometry/provenance requires per-run review,Not individually visually reviewed; not selected for the evidence page,"Review episode plus manifest/provenance, label simulation/physical scope, caption scoring rule and failures"
reports/training/franka_cup_dwell_raw/episode_000002/wrist.mp4,666646,Recorded training/evaluation or diagnostic imagery/video; inspect associated run metadata,First-party report artifact; depicted geometry/provenance requires per-run review,Not individually visually reviewed; not selected for the evidence page,"Review episode plus manifest/provenance, label simulation/physical scope, caption scoring rule and failures"
reports/training/franka_cup_dwell_raw/episode_000003/overhead.mp4,607576,Recorded training/evaluation or diagnostic imagery/video; inspect associated run metadata,First-party report artifact; depicted geometry/provenance requires per-run review,Not individually visually reviewed; not selected for the evidence page,"Review episode plus manifest/provenance, label simulation/physical scope, caption scoring rule and failures"
reports/training/franka_cup_dwell_raw/episode_000003/wrist.mp4,384285,Recorded training/evaluation or diagnostic imagery/video; inspect associated run metadata,First-party report artifact; depicted geometry/provenance requires per-run review,Not individually visually reviewed; not selected for the evidence page,"Review episode plus manifest/provenance, label simulation/physical scope, caption scoring rule and failures"
reports/training/franka_cup_dwell_raw/episode_000004/overhead.mp4,727165,Recorded training/evaluation or diagnostic imagery/video; inspect associated run metadata,First-party report artifact; depicted geometry/provenance requires per-run review,Not individually visually reviewed; not selected for the evidence page,"Review episode plus manifest/provenance, label simulation/physical scope, caption scoring rule and failures"
reports/training/franka_cup_dwell_raw/episode_000004/wrist.mp4,533696,Recorded training/evaluation or diagnostic imagery/video; inspect associated run metadata,First-party report artifact; depicted geometry/provenance requires per-run review,Not individually visually reviewed; not selected for the evidence page,"Review episode plus manifest/provenance, label simulation/physical scope, caption scoring rule and failures"
reports/training/franka_cup_dwell_raw/episode_000005/overhead.mp4,698810,Recorded training/evaluation or diagnostic imagery/video; inspect associated run metadata,First-party report artifact; depicted geometry/provenance requires per-run review,Not individually visually reviewed; not selected for the evidence page,"Review episode plus manifest/provenance, label simulation/physical scope, caption scoring rule and failures"
reports/training/franka_cup_dwell_raw/episode_000005/wrist.mp4,473393,Recorded training/evaluation or diagnostic imagery/video; inspect associated run metadata,First-party report artifact; depicted geometry/provenance requires per-run review,Not individually visually reviewed; not selected for the evidence page,"Review episode plus manifest/provenance, label simulation/physical scope, caption scoring rule and failures"
reports/training/franka_cup_dwell_raw/episode_000006/overhead.mp4,688473,Recorded training/evaluation or diagnostic imagery/video; inspect associated run metadata,First-party report artifact; depicted geometry/provenance requires per-run review,Not individually visually reviewed; not selected for the evidence page,"Review episode plus manifest/provenance, label simulation/physical scope, caption scoring rule and failures"
reports/training/franka_cup_dwell_raw/episode_000006/wrist.mp4,440456,Recorded training/evaluation or diagnostic imagery/video; inspect associated run metadata,First-party report artifact; depicted geometry/provenance requires per-run review,Not individually visually reviewed; not selected for the evidence page,"Review episode plus manifest/provenance, label simulation/physical scope, caption scoring rule and failures"
reports/training/franka_cup_dwell_raw/episode_000007/overhead.mp4,682314,Recorded training/evaluation or diagnostic imagery/video; inspect associated run metadata,First-party report artifact; depicted geometry/provenance requires per-run review,Not individually visually reviewed; not selected for the evidence page,"Review episode plus manifest/provenance, label simulation/physical scope, caption scoring rule and failures"
reports/training/franka_cup_dwell_raw/episode_000007/wrist.mp4,468565,Recorded training/evaluation or diagnostic imagery/video; inspect associated run metadata,First-party report artifact; depicted geometry/provenance requires per-run review,Not individually visually reviewed; not selected for the evidence page,"Review episode plus manifest/provenance, label simulation/physical scope, caption scoring rule and failures"
reports/training/franka_cup_dwell_raw/episode_000008/overhead.mp4,805536,Recorded training/evaluation or diagnostic imagery/video; inspect associated run metadata,First-party report artifact; depicted geometry/provenance requires per-run review,Not individually visually reviewed; not selected for the evidence page,"Review episode plus manifest/provenance, label simulation/physical scope, caption scoring rule and failures"
reports/training/franka_cup_dwell_raw/episode_000008/wrist.mp4,502286,Recorded training/evaluation or diagnostic imagery/video; inspect associated run metadata,First-party report artifact; depicted geometry/provenance requires per-run review,Not individually visually reviewed; not selected for the evidence page,"Review episode plus manifest/provenance, label simulation/physical scope, caption scoring rule and failures"
reports/training/franka_cup_dwell_raw/episode_000009/overhead.mp4,702346,Recorded training/evaluation or diagnostic imagery/video; inspect associated run metadata,First-party report artifact; depicted geometry/provenance requires per-run review,Not individually visually reviewed; not selected for the evidence page,"Review episode plus manifest/provenance, label simulation/physical scope, caption scoring rule and failures"
reports/training/franka_cup_dwell_raw/episode_000009/wrist.mp4,441532,Recorded training/evaluation or diagnostic imagery/video; inspect associated run metadata,First-party report artifact; depicted geometry/provenance requires per-run review,Not individually visually reviewed; not selected for the evidence page,"Review episode plus manifest/provenance, label simulation/physical scope, caption scoring rule and failures"
reports/training/franka_cup_dwell_raw/episode_000010/overhead.mp4,819632,Recorded training/evaluation or diagnostic imagery/video; inspect associated run metadata,First-party report artifact; depicted geometry/provenance requires per-run review,Not individually visually reviewed; not selected for the evidence page,"Review episode plus manifest/provenance, label simulation/physical scope, caption scoring rule and failures"
reports/training/franka_cup_dwell_raw/episode_000010/wrist.mp4,497885,Recorded training/evaluation or diagnostic imagery/video; inspect associated run metadata,First-party report artifact; depicted geometry/provenance requires per-run review,Not individually visually reviewed; not selected for the evidence page,"Review episode plus manifest/provenance, label simulation/physical scope, caption scoring rule and failures"
reports/training/franka_cup_dwell_raw/episode_000011/overhead.mp4,986466,Recorded training/evaluation or diagnostic imagery/video; inspect associated run metadata,First-party report artifact; depicted geometry/provenance requires per-run review,Not individually visually reviewed; not selected for the evidence page,"Review episode plus manifest/provenance, label simulation/physical scope, caption scoring rule and failures"
reports/training/franka_cup_dwell_raw/episode_000011/wrist.mp4,548470,Recorded training/evaluation or diagnostic imagery/video; inspect associated run metadata,First-party report artifact; depicted geometry/provenance requires per-run review,Not individually visually reviewed; not selected for the evidence page,"Review episode plus manifest/provenance, label simulation/physical scope, caption scoring rule and failures"
reports/training/franka_cup_dwell_raw/episode_000012/overhead.mp4,675846,Recorded training/evaluation or diagnostic imagery/video; inspect associated run metadata,First-party report artifact; depicted geometry/provenance requires per-run review,Not individually visually reviewed; not selected for the evidence page,"Review episode plus manifest/provenance, label simulation/physical scope, caption scoring rule and failures"
reports/training/franka_cup_dwell_raw/episode_000012/wrist.mp4,360123,Recorded training/evaluation or diagnostic imagery/video; inspect associated run metadata,First-party report artifact; depicted geometry/provenance requires per-run review,Not individually visually reviewed; not selected for the evidence page,"Review episode plus manifest/provenance, label simulation/physical scope, caption scoring rule and failures"
reports/training/franka_cup_dwell_raw/episode_000013/overhead.mp4,868763,Recorded training/evaluation or diagnostic imagery/video; inspect associated run metadata,First-party report artifact; depicted geometry/provenance requires per-run review,Not individually visually reviewed; not selected for the evidence page,"Review episode plus manifest/provenance, label simulation/physical scope, caption scoring rule and failures"
reports/training/franka_cup_dwell_raw/episode_000013/wrist.mp4,445507,Recorded training/evaluation or diagnostic imagery/video; inspect associated run metadata,First-party report artifact; depicted geometry/provenance requires per-run review,Not individually visually reviewed; not selected for the evidence page,"Review episode plus manifest/provenance, label simulation/physical scope, caption scoring rule and failures"
reports/training/franka_cup_dwell_raw/episode_000014/overhead.mp4,736886,Recorded training/evaluation or diagnostic imagery/video; inspect associated run metadata,First-party report artifact; depicted geometry/provenance requires per-run review,Not individually visually reviewed; not selected for the evidence page,"Review episode plus manifest/provenance, label simulation/physical scope, caption scoring rule and failures"
reports/training/franka_cup_dwell_raw/episode_000014/wrist.mp4,414414,Recorded training/evaluation or diagnostic imagery/video; inspect associated run metadata,First-party report artifact; depicted geometry/provenance requires per-run review,Not individually visually reviewed; not selected for the evidence page,"Review episode plus manifest/provenance, label simulation/physical scope, caption scoring rule and failures"
reports/training/franka_cup_dwell_raw/episode_000015/overhead.mp4,691724,Recorded training/evaluation or diagnostic imagery/video; inspect associated run metadata,First-party report artifact; depicted geometry/provenance requires per-run review,Not individually visually reviewed; not selected for the evidence page,"Review episode plus manifest/provenance, label simulation/physical scope, caption scoring rule and failures"
reports/training/franka_cup_dwell_raw/episode_000015/wrist.mp4,482953,Recorded training/evaluation or diagnostic imagery/video; inspect associated run metadata,First-party report artifact; depicted geometry/provenance requires per-run review,Not individually visually reviewed; not selected for the evidence page,"Review episode plus manifest/provenance, label simulation/physical scope, caption scoring rule and failures"
reports/training/franka_cup_dwell_raw/episode_000016/overhead.mp4,729319,Recorded training/evaluation or diagnostic imagery/video; inspect associated run metadata,First-party report artifact; depicted geometry/provenance requires per-run review,Not individually visually reviewed; not selected for the evidence page,"Review episode plus manifest/provenance, label simulation/physical scope, caption scoring rule and failures"
reports/training/franka_cup_dwell_raw/episode_000016/wrist.mp4,453220,Recorded training/evaluation or diagnostic imagery/video; inspect associated run metadata,First-party report artifact; depicted geometry/provenance requires per-run review,Not individually visually reviewed; not selected for the evidence page,"Review episode plus manifest/provenance, label simulation/physical scope, caption scoring rule and failures"
reports/training/franka_cup_dwell_raw/episode_000017/overhead.mp4,725906,Recorded training/evaluation or diagnostic imagery/video; inspect associated run metadata,First-party report artifact; depicted geometry/provenance requires per-run review,Not individually visually reviewed; not selected for the evidence page,"Review episode plus manifest/provenance, label simulation/physical scope, caption scoring rule and failures"
reports/training/franka_cup_dwell_raw/episode_000017/wrist.mp4,400720,Recorded training/evaluation or diagnostic imagery/video; inspect associated run metadata,First-party report artifact; depicted geometry/provenance requires per-run review,Not individually visually reviewed; not selected for the evidence page,"Review episode plus manifest/provenance, label simulation/physical scope, caption scoring rule and failures"
reports/training/franka_cup_dwell_raw/episode_000018/overhead.mp4,745516,Recorded training/evaluation or diagnostic imagery/video; inspect associated run metadata,First-party report artifact; depicted geometry/provenance requires per-run review,Not individually visually reviewed; not selected for the evidence page,"Review episode plus manifest/provenance, label simulation/physical scope, caption scoring rule and failures"
reports/training/franka_cup_dwell_raw/episode_000018/wrist.mp4,481949,Recorded training/evaluation or diagnostic imagery/video; inspect associated run metadata,First-party report artifact; depicted geometry/provenance requires per-run review,Not individually visually reviewed; not selected for the evidence page,"Review episode plus manifest/provenance, label simulation/physical scope, caption scoring rule and failures"
reports/training/franka_cup_dwell_raw/episode_000019/overhead.mp4,590422,Recorded training/evaluation or diagnostic imagery/video; inspect associated run metadata,First-party report artifact; depicted geometry/provenance requires per-run review,Not individually visually reviewed; not selected for the evidence page,"Review episode plus manifest/provenance, label simulation/physical scope, caption scoring rule and failures"
reports/training/franka_cup_dwell_raw/episode_000019/wrist.mp4,312644,Recorded training/evaluation or diagnostic imagery/video; inspect associated run metadata,First-party report artifact; depicted geometry/provenance requires per-run review,Not individually visually reviewed; not selected for the evidence page,"Review episode plus manifest/provenance, label simulation/physical scope, caption scoring rule and failures"
reports/training/franka_cup_dwell_raw/episode_000020/overhead.mp4,772496,Recorded training/evaluation or diagnostic imagery/video; inspect associated run metadata,First-party report artifact; depicted geometry/provenance requires per-run review,Not individually visually reviewed; not selected for the evidence page,"Review episode plus manifest/provenance, label simulation/physical scope, caption scoring rule and failures"
reports/training/franka_cup_dwell_raw/episode_000020/wrist.mp4,425318,Recorded training/evaluation or diagnostic imagery/video; inspect associated run metadata,First-party report artifact; depicted geometry/provenance requires per-run review,Not individually visually reviewed; not selected for the evidence page,"Review episode plus manifest/provenance, label simulation/physical scope, caption scoring rule and failures"
reports/training/franka_cup_dwell_raw/episode_000021/overhead.mp4,745515,Recorded training/evaluation or diagnostic imagery/video; inspect associated run metadata,First-party report artifact; depicted geometry/provenance requires per-run review,Not individually visually reviewed; not selected for the evidence page,"Review episode plus manifest/provenance, label simulation/physical scope, caption scoring rule and failures"
reports/training/franka_cup_dwell_raw/episode_000021/wrist.mp4,428597,Recorded training/evaluation or diagnostic imagery/video; inspect associated run metadata,First-party report artifact; depicted geometry/provenance requires per-run review,Not individually visually reviewed; not selected for the evidence page,"Review episode plus manifest/provenance, label simulation/physical scope, caption scoring rule and failures"
reports/training/franka_cup_dwell_raw/episode_000022/overhead.mp4,761955,Recorded training/evaluation or diagnostic imagery/video; inspect associated run metadata,First-party report artifact; depicted geometry/provenance requires per-run review,Not individually visually reviewed; not selected for the evidence page,"Review episode plus manifest/provenance, label simulation/physical scope, caption scoring rule and failures"
reports/training/franka_cup_dwell_raw/episode_000022/wrist.mp4,481386,Recorded training/evaluation or diagnostic imagery/video; inspect associated run metadata,First-party report artifact; depicted geometry/provenance requires per-run review,Not individually visually reviewed; not selected for the evidence page,"Review episode plus manifest/provenance, label simulation/physical scope, caption scoring rule and failures"
reports/training/franka_cup_dwell_raw/episode_000023/overhead.mp4,796412,Recorded training/evaluation or diagnostic imagery/video; inspect associated run metadata,First-party report artifact; depicted geometry/provenance requires per-run review,Not individually visually reviewed; not selected for the evidence page,"Review episode plus manifest/provenance, label simulation/physical scope, caption scoring rule and failures"
reports/training/franka_cup_dwell_raw/episode_000023/wrist.mp4,498503,Recorded training/evaluation or diagnostic imagery/video; inspect associated run metadata,First-party report artifact; depicted geometry/provenance requires per-run review,Not individually visually reviewed; not selected for the evidence page,"Review episode plus manifest/provenance, label simulation/physical scope, caption scoring rule and failures"
reports/training/franka_cup_dwell_raw/episode_000024/overhead.mp4,796998,Recorded training/evaluation or diagnostic imagery/video; inspect associated run metadata,First-party report artifact; depicted geometry/provenance requires per-run review,Not individually visually reviewed; not selected for the evidence page,"Review episode plus manifest/provenance, label simulation/physical scope, caption scoring rule and failures"
reports/training/franka_cup_dwell_raw/episode_000024/wrist.mp4,568688,Recorded training/evaluation or diagnostic imagery/video; inspect associated run metadata,First-party report artifact; depicted geometry/provenance requires per-run review,Not individually visually reviewed; not selected for the evidence page,"Review episode plus manifest/provenance, label simulation/physical scope, caption scoring rule and failures"
reports/training/franka_cup_dwell_raw/episode_000025/overhead.mp4,786866,Recorded training/evaluation or diagnostic imagery/video; inspect associated run metadata,First-party report artifact; depicted geometry/provenance requires per-run review,Not individually visually reviewed; not selected for the evidence page,"Review episode plus manifest/provenance, label simulation/physical scope, caption scoring rule and failures"
reports/training/franka_cup_dwell_raw/episode_000025/wrist.mp4,455864,Recorded training/evaluation or diagnostic imagery/video; inspect associated run metadata,First-party report artifact; depicted geometry/provenance requires per-run review,Not individually visually reviewed; not selected for the evidence page,"Review episode plus manifest/provenance, label simulation/physical scope, caption scoring rule and failures"
reports/training/franka_cup_fixed_demos/videos/chunk-000/observation.images.overhead/episode_000000.mp4,496617,Recorded training/evaluation or diagnostic imagery/video; inspect associated run metadata,First-party report artifact; depicted geometry/provenance requires per-run review,Not individually visually reviewed; not selected for the evidence page,"Review episode plus manifest/provenance, label simulation/physical scope, caption scoring rule and failures"
reports/training/franka_cup_fixed_demos/videos/chunk-000/observation.images.overhead/episode_000001.mp4,574667,Recorded training/evaluation or diagnostic imagery/video; inspect associated run metadata,First-party report artifact; depicted geometry/provenance requires per-run review,Not individually visually reviewed; not selected for the evidence page,"Review episode plus manifest/provenance, label simulation/physical scope, caption scoring rule and failures"
reports/training/franka_cup_fixed_demos/videos/chunk-000/observation.images.overhead/episode_000002.mp4,458435,Recorded training/evaluation or diagnostic imagery/video; inspect associated run metadata,First-party report artifact; depicted geometry/provenance requires per-run review,Not individually visually reviewed; not selected for the evidence page,"Review episode plus manifest/provenance, label simulation/physical scope, caption scoring rule and failures"
reports/training/franka_cup_fixed_demos/videos/chunk-000/observation.images.overhead/episode_000003.mp4,442497,Recorded training/evaluation or diagnostic imagery/video; inspect associated run metadata,First-party report artifact; depicted geometry/provenance requires per-run review,Not individually visually reviewed; not selected for the evidence page,"Review episode plus manifest/provenance, label simulation/physical scope, caption scoring rule and failures"
reports/training/franka_cup_fixed_demos/videos/chunk-000/observation.images.overhead/episode_000004.mp4,562610,Recorded training/evaluation or diagnostic imagery/video; inspect associated run metadata,First-party report artifact; depicted geometry/provenance requires per-run review,Not individually visually reviewed; not selected for the evidence page,"Review episode plus manifest/provenance, label simulation/physical scope, caption scoring rule and failures"
reports/training/franka_cup_fixed_demos/videos/chunk-000/observation.images.overhead/episode_000005.mp4,590066,Recorded training/evaluation or diagnostic imagery/video; inspect associated run metadata,First-party report artifact; depicted geometry/provenance requires per-run review,Not individually visually reviewed; not selected for the evidence page,"Review episode plus manifest/provenance, label simulation/physical scope, caption scoring rule and failures"
reports/training/franka_cup_fixed_demos/videos/chunk-000/observation.images.overhead/episode_000006.mp4,563967,Recorded training/evaluation or diagnostic imagery/video; inspect associated run metadata,First-party report artifact; depicted geometry/provenance requires per-run review,Not individually visually reviewed; not selected for the evidence page,"Review episode plus manifest/provenance, label simulation/physical scope, caption scoring rule and failures"
reports/training/franka_cup_fixed_demos/videos/chunk-000/observation.images.overhead/episode_000007.mp4,536083,Recorded training/evaluation or diagnostic imagery/video; inspect associated run metadata,First-party report artifact; depicted geometry/provenance requires per-run review,Not individually visually reviewed; not selected for the evidence page,"Review episode plus manifest/provenance, label simulation/physical scope, caption scoring rule and failures"
reports/training/franka_cup_fixed_demos/videos/chunk-000/observation.images.overhead/episode_000008.mp4,580166,Recorded training/evaluation or diagnostic imagery/video; inspect associated run metadata,First-party report artifact; depicted geometry/provenance requires per-run review,Not individually visually reviewed; not selected for the evidence page,"Review episode plus manifest/provenance, label simulation/physical scope, caption scoring rule and failures"
reports/training/franka_cup_fixed_demos/videos/chunk-000/observation.images.overhead/episode_000009.mp4,532471,Recorded training/evaluation or diagnostic imagery/video; inspect associated run metadata,First-party report artifact; depicted geometry/provenance requires per-run review,Not individually visually reviewed; not selected for the evidence page,"Review episode plus manifest/provenance, label simulation/physical scope, caption scoring rule and failures"
reports/training/franka_cup_fixed_demos/videos/chunk-000/observation.images.overhead/episode_000010.mp4,577484,Recorded training/evaluation or diagnostic imagery/video; inspect associated run metadata,First-party report artifact; depicted geometry/provenance requires per-run review,Not individually visually reviewed; not selected for the evidence page,"Review episode plus manifest/provenance, label simulation/physical scope, caption scoring rule and failures"
reports/training/franka_cup_fixed_demos/videos/chunk-000/observation.images.overhead/episode_000011.mp4,597170,Recorded training/evaluation or diagnostic imagery/video; inspect associated run metadata,First-party report artifact; depicted geometry/provenance requires per-run review,Not individually visually reviewed; not selected for the evidence page,"Review episode plus manifest/provenance, label simulation/physical scope, caption scoring rule and failures"
reports/training/franka_cup_fixed_demos/videos/chunk-000/observation.images.overhead/episode_000012.mp4,502229,Recorded training/evaluation or diagnostic imagery/video; inspect associated run metadata,First-party report artifact; depicted geometry/provenance requires per-run review,Not individually visually reviewed; not selected for the evidence page,"Review episode plus manifest/provenance, label simulation/physical scope, caption scoring rule and failures"
reports/training/franka_cup_fixed_demos/videos/chunk-000/observation.images.overhead/episode_000013.mp4,508023,Recorded training/evaluation or diagnostic imagery/video; inspect associated run metadata,First-party report artifact; depicted geometry/provenance requires per-run review,Not individually visually reviewed; not selected for the evidence page,"Review episode plus manifest/provenance, label simulation/physical scope, caption scoring rule and failures"
reports/training/franka_cup_fixed_demos/videos/chunk-000/observation.images.overhead/episode_000014.mp4,746010,Recorded training/evaluation or diagnostic imagery/video; inspect associated run metadata,First-party report artifact; depicted geometry/provenance requires per-run review,Not individually visually reviewed; not selected for the evidence page,"Review episode plus manifest/provenance, label simulation/physical scope, caption scoring rule and failures"
reports/training/franka_cup_fixed_demos/videos/chunk-000/observation.images.overhead/episode_000015.mp4,551070,Recorded training/evaluation or diagnostic imagery/video; inspect associated run metadata,First-party report artifact; depicted geometry/provenance requires per-run review,Not individually visually reviewed; not selected for the evidence page,"Review episode plus manifest/provenance, label simulation/physical scope, caption scoring rule and failures"
reports/training/franka_cup_fixed_demos/videos/chunk-000/observation.images.overhead/episode_000016.mp4,589287,Recorded training/evaluation or diagnostic imagery/video; inspect associated run metadata,First-party report artifact; depicted geometry/provenance requires per-run review,Not individually visually reviewed; not selected for the evidence page,"Review episode plus manifest/provenance, label simulation/physical scope, caption scoring rule and failures"
reports/training/franka_cup_fixed_demos/videos/chunk-000/observation.images.overhead/episode_000017.mp4,671229,Recorded training/evaluation or diagnostic imagery/video; inspect associated run metadata,First-party report artifact; depicted geometry/provenance requires per-run review,Not individually visually reviewed; not selected for the evidence page,"Review episode plus manifest/provenance, label simulation/physical scope, caption scoring rule and failures"
reports/training/franka_cup_fixed_demos/videos/chunk-000/observation.images.overhead/episode_000018.mp4,782949,Recorded training/evaluation or diagnostic imagery/video; inspect associated run metadata,First-party report artifact; depicted geometry/provenance requires per-run review,Not individually visually reviewed; not selected for the evidence page,"Review episode plus manifest/provenance, label simulation/physical scope, caption scoring rule and failures"
reports/training/franka_cup_fixed_demos/videos/chunk-000/observation.images.overhead/episode_000019.mp4,552408,Recorded training/evaluation or diagnostic imagery/video; inspect associated run metadata,First-party report artifact; depicted geometry/provenance requires per-run review,Not individually visually reviewed; not selected for the evidence page,"Review episode plus manifest/provenance, label simulation/physical scope, caption scoring rule and failures"
reports/training/franka_cup_fixed_demos/videos/chunk-000/observation.images.overhead/episode_000020.mp4,517079,Recorded training/evaluation or diagnostic imagery/video; inspect associated run metadata,First-party report artifact; depicted geometry/provenance requires per-run review,Not individually visually reviewed; not selected for the evidence page,"Review episode plus manifest/provenance, label simulation/physical scope, caption scoring rule and failures"
reports/training/franka_cup_fixed_demos/videos/chunk-000/observation.images.overhead/episode_000021.mp4,576848,Recorded training/evaluation or diagnostic imagery/video; inspect associated run metadata,First-party report artifact; depicted geometry/provenance requires per-run review,Not individually visually reviewed; not selected for the evidence page,"Review episode plus manifest/provenance, label simulation/physical scope, caption scoring rule and failures"
reports/training/franka_cup_fixed_demos/videos/chunk-000/observation.images.wrist/episode_000000.mp4,364435,Recorded training/evaluation or diagnostic imagery/video; inspect associated run metadata,First-party report artifact; depicted geometry/provenance requires per-run review,Not individually visually reviewed; not selected for the evidence page,"Review episode plus manifest/provenance, label simulation/physical scope, caption scoring rule and failures"
reports/training/franka_cup_fixed_demos/videos/chunk-000/observation.images.wrist/episode_000001.mp4,369482,Recorded training/evaluation or diagnostic imagery/video; inspect associated run metadata,First-party report artifact; depicted geometry/provenance requires per-run review,Not individually visually reviewed; not selected for the evidence page,"Review episode plus manifest/provenance, label simulation/physical scope, caption scoring rule and failures"
reports/training/franka_cup_fixed_demos/videos/chunk-000/observation.images.wrist/episode_000002.mp4,250433,Recorded training/evaluation or diagnostic imagery/video; inspect associated run metadata,First-party report artifact; depicted geometry/provenance requires per-run review,Not individually visually reviewed; not selected for the evidence page,"Review episode plus manifest/provenance, label simulation/physical scope, caption scoring rule and failures"
reports/training/franka_cup_fixed_demos/videos/chunk-000/observation.images.wrist/episode_000003.mp4,278950,Recorded training/evaluation or diagnostic imagery/video; inspect associated run metadata,First-party report artifact; depicted geometry/provenance requires per-run review,Not individually visually reviewed; not selected for the evidence page,"Review episode plus manifest/provenance, label simulation/physical scope, caption scoring rule and failures"
reports/training/franka_cup_fixed_demos/videos/chunk-000/observation.images.wrist/episode_000004.mp4,332462,Recorded training/evaluation or diagnostic imagery/video; inspect associated run metadata,First-party report artifact; depicted geometry/provenance requires per-run review,Not individually visually reviewed; not selected for the evidence page,"Review episode plus manifest/provenance, label simulation/physical scope, caption scoring rule and failures"
reports/training/franka_cup_fixed_demos/videos/chunk-000/observation.images.wrist/episode_000005.mp4,493225,Recorded training/evaluation or diagnostic imagery/video; inspect associated run metadata,First-party report artifact; depicted geometry/provenance requires per-run review,Not individually visually reviewed; not selected for the evidence page,"Review episode plus manifest/provenance, label simulation/physical scope, caption scoring rule and failures"
reports/training/franka_cup_fixed_demos/videos/chunk-000/observation.images.wrist/episode_000006.mp4,332583,Recorded training/evaluation or diagnostic imagery/video; inspect associated run metadata,First-party report artifact; depicted geometry/provenance requires per-run review,Not individually visually reviewed; not selected for the evidence page,"Review episode plus manifest/provenance, label simulation/physical scope, caption scoring rule and failures"
reports/training/franka_cup_fixed_demos/videos/chunk-000/observation.images.wrist/episode_000007.mp4,303418,Recorded training/evaluation or diagnostic imagery/video; inspect associated run metadata,First-party report artifact; depicted geometry/provenance requires per-run review,Not individually visually reviewed; not selected for the evidence page,"Review episode plus manifest/provenance, label simulation/physical scope, caption scoring rule and failures"
reports/training/franka_cup_fixed_demos/videos/chunk-000/observation.images.wrist/episode_000008.mp4,387467,Recorded training/evaluation or diagnostic imagery/video; inspect associated run metadata,First-party report artifact; depicted geometry/provenance requires per-run review,Not individually visually reviewed; not selected for the evidence page,"Review episode plus manifest/provenance, label simulation/physical scope, caption scoring rule and failures"
reports/training/franka_cup_fixed_demos/videos/chunk-000/observation.images.wrist/episode_000009.mp4,371913,Recorded training/evaluation or diagnostic imagery/video; inspect associated run metadata,First-party report artifact; depicted geometry/provenance requires per-run review,Not individually visually reviewed; not selected for the evidence page,"Review episode plus manifest/provenance, label simulation/physical scope, caption scoring rule and failures"
reports/training/franka_cup_fixed_demos/videos/chunk-000/observation.images.wrist/episode_000010.mp4,345260,Recorded training/evaluation or diagnostic imagery/video; inspect associated run metadata,First-party report artifact; depicted geometry/provenance requires per-run review,Not individually visually reviewed; not selected for the evidence page,"Review episode plus manifest/provenance, label simulation/physical scope, caption scoring rule and failures"
reports/training/franka_cup_fixed_demos/videos/chunk-000/observation.images.wrist/episode_000011.mp4,338650,Recorded training/evaluation or diagnostic imagery/video; inspect associated run metadata,First-party report artifact; depicted geometry/provenance requires per-run review,Not individually visually reviewed; not selected for the evidence page,"Review episode plus manifest/provenance, label simulation/physical scope, caption scoring rule and failures"
reports/training/franka_cup_fixed_demos/videos/chunk-000/observation.images.wrist/episode_000012.mp4,313091,Recorded training/evaluation or diagnostic imagery/video; inspect associated run metadata,First-party report artifact; depicted geometry/provenance requires per-run review,Not individually visually reviewed; not selected for the evidence page,"Review episode plus manifest/provenance, label simulation/physical scope, caption scoring rule and failures"
reports/training/franka_cup_fixed_demos/videos/chunk-000/observation.images.wrist/episode_000013.mp4,292358,Recorded training/evaluation or diagnostic imagery/video; inspect associated run metadata,First-party report artifact; depicted geometry/provenance requires per-run review,Not individually visually reviewed; not selected for the evidence page,"Review episode plus manifest/provenance, label simulation/physical scope, caption scoring rule and failures"
reports/training/franka_cup_fixed_demos/videos/chunk-000/observation.images.wrist/episode_000014.mp4,587331,Recorded training/evaluation or diagnostic imagery/video; inspect associated run metadata,First-party report artifact; depicted geometry/provenance requires per-run review,Not individually visually reviewed; not selected for the evidence page,"Review episode plus manifest/provenance, label simulation/physical scope, caption scoring rule and failures"
reports/training/franka_cup_fixed_demos/videos/chunk-000/observation.images.wrist/episode_000015.mp4,389773,Recorded training/evaluation or diagnostic imagery/video; inspect associated run metadata,First-party report artifact; depicted geometry/provenance requires per-run review,Not individually visually reviewed; not selected for the evidence page,"Review episode plus manifest/provenance, label simulation/physical scope, caption scoring rule and failures"
reports/training/franka_cup_fixed_demos/videos/chunk-000/observation.images.wrist/episode_000016.mp4,410366,Recorded training/evaluation or diagnostic imagery/video; inspect associated run metadata,First-party report artifact; depicted geometry/provenance requires per-run review,Not individually visually reviewed; not selected for the evidence page,"Review episode plus manifest/provenance, label simulation/physical scope, caption scoring rule and failures"
reports/training/franka_cup_fixed_demos/videos/chunk-000/observation.images.wrist/episode_000017.mp4,400001,Recorded training/evaluation or diagnostic imagery/video; inspect associated run metadata,First-party report artifact; depicted geometry/provenance requires per-run review,Not individually visually reviewed; not selected for the evidence page,"Review episode plus manifest/provenance, label simulation/physical scope, caption scoring rule and failures"
reports/training/franka_cup_fixed_demos/videos/chunk-000/observation.images.wrist/episode_000018.mp4,517124,Recorded training/evaluation or diagnostic imagery/video; inspect associated run metadata,First-party report artifact; depicted geometry/provenance requires per-run review,Not individually visually reviewed; not selected for the evidence page,"Review episode plus manifest/provenance, label simulation/physical scope, caption scoring rule and failures"
reports/training/franka_cup_fixed_demos/videos/chunk-000/observation.images.wrist/episode_000019.mp4,352566,Recorded training/evaluation or diagnostic imagery/video; inspect associated run metadata,First-party report artifact; depicted geometry/provenance requires per-run review,Not individually visually reviewed; not selected for the evidence page,"Review episode plus manifest/provenance, label simulation/physical scope, caption scoring rule and failures"
reports/training/franka_cup_fixed_demos/videos/chunk-000/observation.images.wrist/episode_000020.mp4,367310,Recorded training/evaluation or diagnostic imagery/video; inspect associated run metadata,First-party report artifact; depicted geometry/provenance requires per-run review,Not individually visually reviewed; not selected for the evidence page,"Review episode plus manifest/provenance, label simulation/physical scope, caption scoring rule and failures"
reports/training/franka_cup_fixed_demos/videos/chunk-000/observation.images.wrist/episode_000021.mp4,409183,Recorded training/evaluation or diagnostic imagery/video; inspect associated run metadata,First-party report artifact; depicted geometry/provenance requires per-run review,Not individually visually reviewed; not selected for the evidence page,"Review episode plus manifest/provenance, label simulation/physical scope, caption scoring rule and failures"
reports/training/franka_cup_fixed_raw/episode_000000/overhead.mp4,496617,Recorded training/evaluation or diagnostic imagery/video; inspect associated run metadata,First-party report artifact; depicted geometry/provenance requires per-run review,Not individually visually reviewed; not selected for the evidence page,"Review episode plus manifest/provenance, label simulation/physical scope, caption scoring rule and failures"
reports/training/franka_cup_fixed_raw/episode_000000/wrist.mp4,364435,Recorded training/evaluation or diagnostic imagery/video; inspect associated run metadata,First-party report artifact; depicted geometry/provenance requires per-run review,Not individually visually reviewed; not selected for the evidence page,"Review episode plus manifest/provenance, label simulation/physical scope, caption scoring rule and failures"
reports/training/franka_cup_fixed_raw/episode_000001/overhead.mp4,574667,Recorded training/evaluation or diagnostic imagery/video; inspect associated run metadata,First-party report artifact; depicted geometry/provenance requires per-run review,Not individually visually reviewed; not selected for the evidence page,"Review episode plus manifest/provenance, label simulation/physical scope, caption scoring rule and failures"
reports/training/franka_cup_fixed_raw/episode_000001/wrist.mp4,369482,Recorded training/evaluation or diagnostic imagery/video; inspect associated run metadata,First-party report artifact; depicted geometry/provenance requires per-run review,Not individually visually reviewed; not selected for the evidence page,"Review episode plus manifest/provenance, label simulation/physical scope, caption scoring rule and failures"
reports/training/franka_cup_fixed_raw/episode_000002/overhead.mp4,458435,Recorded training/evaluation or diagnostic imagery/video; inspect associated run metadata,First-party report artifact; depicted geometry/provenance requires per-run review,Not individually visually reviewed; not selected for the evidence page,"Review episode plus manifest/provenance, label simulation/physical scope, caption scoring rule and failures"
reports/training/franka_cup_fixed_raw/episode_000002/wrist.mp4,250433,Recorded training/evaluation or diagnostic imagery/video; inspect associated run metadata,First-party report artifact; depicted geometry/provenance requires per-run review,Not individually visually reviewed; not selected for the evidence page,"Review episode plus manifest/provenance, label simulation/physical scope, caption scoring rule and failures"
reports/training/franka_cup_fixed_raw/episode_000003/overhead.mp4,442497,Recorded training/evaluation or diagnostic imagery/video; inspect associated run metadata,First-party report artifact; depicted geometry/provenance requires per-run review,Not individually visually reviewed; not selected for the evidence page,"Review episode plus manifest/provenance, label simulation/physical scope, caption scoring rule and failures"
reports/training/franka_cup_fixed_raw/episode_000003/wrist.mp4,278950,Recorded training/evaluation or diagnostic imagery/video; inspect associated run metadata,First-party report artifact; depicted geometry/provenance requires per-run review,Not individually visually reviewed; not selected for the evidence page,"Review episode plus manifest/provenance, label simulation/physical scope, caption scoring rule and failures"
reports/training/franka_cup_fixed_raw/episode_000004/overhead.mp4,562610,Recorded training/evaluation or diagnostic imagery/video; inspect associated run metadata,First-party report artifact; depicted geometry/provenance requires per-run review,Not individually visually reviewed; not selected for the evidence page,"Review episode plus manifest/provenance, label simulation/physical scope, caption scoring rule and failures"
reports/training/franka_cup_fixed_raw/episode_000004/wrist.mp4,332462,Recorded training/evaluation or diagnostic imagery/video; inspect associated run metadata,First-party report artifact; depicted geometry/provenance requires per-run review,Not individually visually reviewed; not selected for the evidence page,"Review episode plus manifest/provenance, label simulation/physical scope, caption scoring rule and failures"
reports/training/franka_cup_fixed_raw/episode_000005/overhead.mp4,590066,Recorded training/evaluation or diagnostic imagery/video; inspect associated run metadata,First-party report artifact; depicted geometry/provenance requires per-run review,Not individually visually reviewed; not selected for the evidence page,"Review episode plus manifest/provenance, label simulation/physical scope, caption scoring rule and failures"
reports/training/franka_cup_fixed_raw/episode_000005/wrist.mp4,493225,Recorded training/evaluation or diagnostic imagery/video; inspect associated run metadata,First-party report artifact; depicted geometry/provenance requires per-run review,Not individually visually reviewed; not selected for the evidence page,"Review episode plus manifest/provenance, label simulation/physical scope, caption scoring rule and failures"
reports/training/franka_cup_fixed_raw/episode_000006/overhead.mp4,563967,Recorded training/evaluation or diagnostic imagery/video; inspect associated run metadata,First-party report artifact; depicted geometry/provenance requires per-run review,Not individually visually reviewed; not selected for the evidence page,"Review episode plus manifest/provenance, label simulation/physical scope, caption scoring rule and failures"
reports/training/franka_cup_fixed_raw/episode_000006/wrist.mp4,332583,Recorded training/evaluation or diagnostic imagery/video; inspect associated run metadata,First-party report artifact; depicted geometry/provenance requires per-run review,Not individually visually reviewed; not selected for the evidence page,"Review episode plus manifest/provenance, label simulation/physical scope, caption scoring rule and failures"
reports/training/franka_cup_fixed_raw/episode_000007/overhead.mp4,536083,Recorded training/evaluation or diagnostic imagery/video; inspect associated run metadata,First-party report artifact; depicted geometry/provenance requires per-run review,Not individually visually reviewed; not selected for the evidence page,"Review episode plus manifest/provenance, label simulation/physical scope, caption scoring rule and failures"
reports/training/franka_cup_fixed_raw/episode_000007/wrist.mp4,303418,Recorded training/evaluation or diagnostic imagery/video; inspect associated run metadata,First-party report artifact; depicted geometry/provenance requires per-run review,Not individually visually reviewed; not selected for the evidence page,"Review episode plus manifest/provenance, label simulation/physical scope, caption scoring rule and failures"
reports/training/franka_cup_fixed_raw/episode_000008/overhead.mp4,580166,Recorded training/evaluation or diagnostic imagery/video; inspect associated run metadata,First-party report artifact; depicted geometry/provenance requires per-run review,Not individually visually reviewed; not selected for the evidence page,"Review episode plus manifest/provenance, label simulation/physical scope, caption scoring rule and failures"
reports/training/franka_cup_fixed_raw/episode_000008/wrist.mp4,387467,Recorded training/evaluation or diagnostic imagery/video; inspect associated run metadata,First-party report artifact; depicted geometry/provenance requires per-run review,Not individually visually reviewed; not selected for the evidence page,"Review episode plus manifest/provenance, label simulation/physical scope, caption scoring rule and failures"
reports/training/franka_cup_fixed_raw/episode_000009/overhead.mp4,532471,Recorded training/evaluation or diagnostic imagery/video; inspect associated run metadata,First-party report artifact; depicted geometry/provenance requires per-run review,Not individually visually reviewed; not selected for the evidence page,"Review episode plus manifest/provenance, label simulation/physical scope, caption scoring rule and failures"
reports/training/franka_cup_fixed_raw/episode_000009/wrist.mp4,371913,Recorded training/evaluation or diagnostic imagery/video; inspect associated run metadata,First-party report artifact; depicted geometry/provenance requires per-run review,Not individually visually reviewed; not selected for the evidence page,"Review episode plus manifest/provenance, label simulation/physical scope, caption scoring rule and failures"
reports/training/franka_cup_fixed_raw/episode_000010/overhead.mp4,577484,Recorded training/evaluation or diagnostic imagery/video; inspect associated run metadata,First-party report artifact; depicted geometry/provenance requires per-run review,Not individually visually reviewed; not selected for the evidence page,"Review episode plus manifest/provenance, label simulation/physical scope, caption scoring rule and failures"
reports/training/franka_cup_fixed_raw/episode_000010/wrist.mp4,345260,Recorded training/evaluation or diagnostic imagery/video; inspect associated run metadata,First-party report artifact; depicted geometry/provenance requires per-run review,Not individually visually reviewed; not selected for the evidence page,"Review episode plus manifest/provenance, label simulation/physical scope, caption scoring rule and failures"
reports/training/franka_cup_fixed_raw/episode_000011/overhead.mp4,597170,Recorded training/evaluation or diagnostic imagery/video; inspect associated run metadata,First-party report artifact; depicted geometry/provenance requires per-run review,Not individually visually reviewed; not selected for the evidence page,"Review episode plus manifest/provenance, label simulation/physical scope, caption scoring rule and failures"
reports/training/franka_cup_fixed_raw/episode_000011/wrist.mp4,338650,Recorded training/evaluation or diagnostic imagery/video; inspect associated run metadata,First-party report artifact; depicted geometry/provenance requires per-run review,Not individually visually reviewed; not selected for the evidence page,"Review episode plus manifest/provenance, label simulation/physical scope, caption scoring rule and failures"
reports/training/franka_cup_fixed_raw/episode_000012/overhead.mp4,502229,Recorded training/evaluation or diagnostic imagery/video; inspect associated run metadata,First-party report artifact; depicted geometry/provenance requires per-run review,Not individually visually reviewed; not selected for the evidence page,"Review episode plus manifest/provenance, label simulation/physical scope, caption scoring rule and failures"
reports/training/franka_cup_fixed_raw/episode_000012/wrist.mp4,313091,Recorded training/evaluation or diagnostic imagery/video; inspect associated run metadata,First-party report artifact; depicted geometry/provenance requires per-run review,Not individually visually reviewed; not selected for the evidence page,"Review episode plus manifest/provenance, label simulation/physical scope, caption scoring rule and failures"
reports/training/franka_cup_fixed_raw/episode_000013/overhead.mp4,508023,Recorded training/evaluation or diagnostic imagery/video; inspect associated run metadata,First-party report artifact; depicted geometry/provenance requires per-run review,Not individually visually reviewed; not selected for the evidence page,"Review episode plus manifest/provenance, label simulation/physical scope, caption scoring rule and failures"
reports/training/franka_cup_fixed_raw/episode_000013/wrist.mp4,292358,Recorded training/evaluation or diagnostic imagery/video; inspect associated run metadata,First-party report artifact; depicted geometry/provenance requires per-run review,Not individually visually reviewed; not selected for the evidence page,"Review episode plus manifest/provenance, label simulation/physical scope, caption scoring rule and failures"
reports/training/franka_cup_fixed_raw/episode_000014/overhead.mp4,746010,Recorded training/evaluation or diagnostic imagery/video; inspect associated run metadata,First-party report artifact; depicted geometry/provenance requires per-run review,Not individually visually reviewed; not selected for the evidence page,"Review episode plus manifest/provenance, label simulation/physical scope, caption scoring rule and failures"
reports/training/franka_cup_fixed_raw/episode_000014/wrist.mp4,587331,Recorded training/evaluation or diagnostic imagery/video; inspect associated run metadata,First-party report artifact; depicted geometry/provenance requires per-run review,Not individually visually reviewed; not selected for the evidence page,"Review episode plus manifest/provenance, label simulation/physical scope, caption scoring rule and failures"
reports/training/franka_cup_fixed_raw/episode_000015/overhead.mp4,551070,Recorded training/evaluation or diagnostic imagery/video; inspect associated run metadata,First-party report artifact; depicted geometry/provenance requires per-run review,Not individually visually reviewed; not selected for the evidence page,"Review episode plus manifest/provenance, label simulation/physical scope, caption scoring rule and failures"
reports/training/franka_cup_fixed_raw/episode_000015/wrist.mp4,389773,Recorded training/evaluation or diagnostic imagery/video; inspect associated run metadata,First-party report artifact; depicted geometry/provenance requires per-run review,Not individually visually reviewed; not selected for the evidence page,"Review episode plus manifest/provenance, label simulation/physical scope, caption scoring rule and failures"
reports/training/franka_cup_fixed_raw/episode_000016/overhead.mp4,589287,Recorded training/evaluation or diagnostic imagery/video; inspect associated run metadata,First-party report artifact; depicted geometry/provenance requires per-run review,Not individually visually reviewed; not selected for the evidence page,"Review episode plus manifest/provenance, label simulation/physical scope, caption scoring rule and failures"
reports/training/franka_cup_fixed_raw/episode_000016/wrist.mp4,410366,Recorded training/evaluation or diagnostic imagery/video; inspect associated run metadata,First-party report artifact; depicted geometry/provenance requires per-run review,Not individually visually reviewed; not selected for the evidence page,"Review episode plus manifest/provenance, label simulation/physical scope, caption scoring rule and failures"
reports/training/franka_cup_fixed_raw/episode_000017/overhead.mp4,671229,Recorded training/evaluation or diagnostic imagery/video; inspect associated run metadata,First-party report artifact; depicted geometry/provenance requires per-run review,Not individually visually reviewed; not selected for the evidence page,"Review episode plus manifest/provenance, label simulation/physical scope, caption scoring rule and failures"
reports/training/franka_cup_fixed_raw/episode_000017/wrist.mp4,400001,Recorded training/evaluation or diagnostic imagery/video; inspect associated run metadata,First-party report artifact; depicted geometry/provenance requires per-run review,Not individually visually reviewed; not selected for the evidence page,"Review episode plus manifest/provenance, label simulation/physical scope, caption scoring rule and failures"
reports/training/franka_cup_fixed_raw/episode_000018/overhead.mp4,782949,Recorded training/evaluation or diagnostic imagery/video; inspect associated run metadata,First-party report artifact; depicted geometry/provenance requires per-run review,Not individually visually reviewed; not selected for the evidence page,"Review episode plus manifest/provenance, label simulation/physical scope, caption scoring rule and failures"
reports/training/franka_cup_fixed_raw/episode_000018/wrist.mp4,517124,Recorded training/evaluation or diagnostic imagery/video; inspect associated run metadata,First-party report artifact; depicted geometry/provenance requires per-run review,Not individually visually reviewed; not selected for the evidence page,"Review episode plus manifest/provenance, label simulation/physical scope, caption scoring rule and failures"
reports/training/franka_cup_fixed_raw/episode_000019/overhead.mp4,552408,Recorded training/evaluation or diagnostic imagery/video; inspect associated run metadata,First-party report artifact; depicted geometry/provenance requires per-run review,Not individually visually reviewed; not selected for the evidence page,"Review episode plus manifest/provenance, label simulation/physical scope, caption scoring rule and failures"
reports/training/franka_cup_fixed_raw/episode_000019/wrist.mp4,352566,Recorded training/evaluation or diagnostic imagery/video; inspect associated run metadata,First-party report artifact; depicted geometry/provenance requires per-run review,Not individually visually reviewed; not selected for the evidence page,"Review episode plus manifest/provenance, label simulation/physical scope, caption scoring rule and failures"
reports/training/franka_cup_fixed_raw/episode_000020/overhead.mp4,517079,Recorded training/evaluation or diagnostic imagery/video; inspect associated run metadata,First-party report artifact; depicted geometry/provenance requires per-run review,Not individually visually reviewed; not selected for the evidence page,"Review episode plus manifest/provenance, label simulation/physical scope, caption scoring rule and failures"
reports/training/franka_cup_fixed_raw/episode_000020/wrist.mp4,367310,Recorded training/evaluation or diagnostic imagery/video; inspect associated run metadata,First-party report artifact; depicted geometry/provenance requires per-run review,Not individually visually reviewed; not selected for the evidence page,"Review episode plus manifest/provenance, label simulation/physical scope, caption scoring rule and failures"
reports/training/franka_cup_fixed_raw/episode_000021/overhead.mp4,576848,Recorded training/evaluation or diagnostic imagery/video; inspect associated run metadata,First-party report artifact; depicted geometry/provenance requires per-run review,Not individually visually reviewed; not selected for the evidence page,"Review episode plus manifest/provenance, label simulation/physical scope, caption scoring rule and failures"
reports/training/franka_cup_fixed_raw/episode_000021/wrist.mp4,409183,Recorded training/evaluation or diagnostic imagery/video; inspect associated run metadata,First-party report artifact; depicted geometry/provenance requires per-run review,Not individually visually reviewed; not selected for the evidence page,"Review episode plus manifest/provenance, label simulation/physical scope, caption scoring rule and failures"
reports/training/franka_cup_lerobot_demos/videos/chunk-000/observation.images.overhead/episode_000000.mp4,511536,Recorded training/evaluation or diagnostic imagery/video; inspect associated run metadata,First-party report artifact; depicted geometry/provenance requires per-run review,Not individually visually reviewed; not selected for the evidence page,"Review episode plus manifest/provenance, label simulation/physical scope, caption scoring rule and failures"
reports/training/franka_cup_lerobot_demos/videos/chunk-000/observation.images.overhead/episode_000001.mp4,444210,Recorded training/evaluation or diagnostic imagery/video; inspect associated run metadata,First-party report artifact; depicted geometry/provenance requires per-run review,Not individually visually reviewed; not selected for the evidence page,"Review episode plus manifest/provenance, label simulation/physical scope, caption scoring rule and failures"
reports/training/franka_cup_lerobot_demos/videos/chunk-000/observation.images.overhead/episode_000002.mp4,448120,Recorded training/evaluation or diagnostic imagery/video; inspect associated run metadata,First-party report artifact; depicted geometry/provenance requires per-run review,Not individually visually reviewed; not selected for the evidence page,"Review episode plus manifest/provenance, label simulation/physical scope, caption scoring rule and failures"
reports/training/franka_cup_lerobot_demos/videos/chunk-000/observation.images.overhead/episode_000003.mp4,481139,Recorded training/evaluation or diagnostic imagery/video; inspect associated run metadata,First-party report artifact; depicted geometry/provenance requires per-run review,Not individually visually reviewed; not selected for the evidence page,"Review episode plus manifest/provenance, label simulation/physical scope, caption scoring rule and failures"
reports/training/franka_cup_lerobot_demos/videos/chunk-000/observation.images.overhead/episode_000004.mp4,519981,Recorded training/evaluation or diagnostic imagery/video; inspect associated run metadata,First-party report artifact; depicted geometry/provenance requires per-run review,Not individually visually reviewed; not selected for the evidence page,"Review episode plus manifest/provenance, label simulation/physical scope, caption scoring rule and failures"
reports/training/franka_cup_lerobot_demos/videos/chunk-000/observation.images.overhead/episode_000005.mp4,479589,Recorded training/evaluation or diagnostic imagery/video; inspect associated run metadata,First-party report artifact; depicted geometry/provenance requires per-run review,Not individually visually reviewed; not selected for the evidence page,"Review episode plus manifest/provenance, label simulation/physical scope, caption scoring rule and failures"
reports/training/franka_cup_lerobot_demos/videos/chunk-000/observation.images.overhead/episode_000006.mp4,624185,Recorded training/evaluation or diagnostic imagery/video; inspect associated run metadata,First-party report artifact; depicted geometry/provenance requires per-run review,Not individually visually reviewed; not selected for the evidence page,"Review episode plus manifest/provenance, label simulation/physical scope, caption scoring rule and failures"
reports/training/franka_cup_lerobot_demos/videos/chunk-000/observation.images.overhead/episode_000007.mp4,421639,Recorded training/evaluation or diagnostic imagery/video; inspect associated run metadata,First-party report artifact; depicted geometry/provenance requires per-run review,Not individually visually reviewed; not selected for the evidence page,"Review episode plus manifest/provenance, label simulation/physical scope, caption scoring rule and failures"
reports/training/franka_cup_lerobot_demos/videos/chunk-000/observation.images.overhead/episode_000008.mp4,534309,Recorded training/evaluation or diagnostic imagery/video; inspect associated run metadata,First-party report artifact; depicted geometry/provenance requires per-run review,Not individually visually reviewed; not selected for the evidence page,"Review episode plus manifest/provenance, label simulation/physical scope, caption scoring rule and failures"
reports/training/franka_cup_lerobot_demos/videos/chunk-000/observation.images.overhead/episode_000009.mp4,460750,Recorded training/evaluation or diagnostic imagery/video; inspect associated run metadata,First-party report artifact; depicted geometry/provenance requires per-run review,Not individually visually reviewed; not selected for the evidence page,"Review episode plus manifest/provenance, label simulation/physical scope, caption scoring rule and failures"
reports/training/franka_cup_lerobot_demos/videos/chunk-000/observation.images.overhead/episode_000010.mp4,562440,Recorded training/evaluation or diagnostic imagery/video; inspect associated run metadata,First-party report artifact; depicted geometry/provenance requires per-run review,Not individually visually reviewed; not selected for the evidence page,"Review episode plus manifest/provenance, label simulation/physical scope, caption scoring rule and failures"
reports/training/franka_cup_lerobot_demos/videos/chunk-000/observation.images.overhead/episode_000011.mp4,534313,Recorded training/evaluation or diagnostic imagery/video; inspect associated run metadata,First-party report artifact; depicted geometry/provenance requires per-run review,Not individually visually reviewed; not selected for the evidence page,"Review episode plus manifest/provenance, label simulation/physical scope, caption scoring rule and failures"
reports/training/franka_cup_lerobot_demos/videos/chunk-000/observation.images.overhead/episode_000012.mp4,430487,Recorded training/evaluation or diagnostic imagery/video; inspect associated run metadata,First-party report artifact; depicted geometry/provenance requires per-run review,Not individually visually reviewed; not selected for the evidence page,"Review episode plus manifest/provenance, label simulation/physical scope, caption scoring rule and failures"
reports/training/franka_cup_lerobot_demos/videos/chunk-000/observation.images.overhead/episode_000013.mp4,485308,Recorded training/evaluation or diagnostic imagery/video; inspect associated run metadata,First-party report artifact; depicted geometry/provenance requires per-run review,Not individually visually reviewed; not selected for the evidence page,"Review episode plus manifest/provenance, label simulation/physical scope, caption scoring rule and failures"
reports/training/franka_cup_lerobot_demos/videos/chunk-000/observation.images.overhead/episode_000014.mp4,578407,Recorded training/evaluation or diagnostic imagery/video; inspect associated run metadata,First-party report artifact; depicted geometry/provenance requires per-run review,Not individually visually reviewed; not selected for the evidence page,"Review episode plus manifest/provenance, label simulation/physical scope, caption scoring rule and failures"
reports/training/franka_cup_lerobot_demos/videos/chunk-000/observation.images.overhead/episode_000015.mp4,691781,Recorded training/evaluation or diagnostic imagery/video; inspect associated run metadata,First-party report artifact; depicted geometry/provenance requires per-run review,Not individually visually reviewed; not selected for the evidence page,"Review episode plus manifest/provenance, label simulation/physical scope, caption scoring rule and failures"
reports/training/franka_cup_lerobot_demos/videos/chunk-000/observation.images.overhead/episode_000016.mp4,472686,Recorded training/evaluation or diagnostic imagery/video; inspect associated run metadata,First-party report artifact; depicted geometry/provenance requires per-run review,Not individually visually reviewed; not selected for the evidence page,"Review episode plus manifest/provenance, label simulation/physical scope, caption scoring rule and failures"
reports/training/franka_cup_lerobot_demos/videos/chunk-000/observation.images.overhead/episode_000017.mp4,596850,Recorded training/evaluation or diagnostic imagery/video; inspect associated run metadata,First-party report artifact; depicted geometry/provenance requires per-run review,Not individually visually reviewed; not selected for the evidence page,"Review episode plus manifest/provenance, label simulation/physical scope, caption scoring rule and failures"
reports/training/franka_cup_lerobot_demos/videos/chunk-000/observation.images.overhead/episode_000018.mp4,678872,Recorded training/evaluation or diagnostic imagery/video; inspect associated run metadata,First-party report artifact; depicted geometry/provenance requires per-run review,Not individually visually reviewed; not selected for the evidence page,"Review episode plus manifest/provenance, label simulation/physical scope, caption scoring rule and failures"
reports/training/franka_cup_lerobot_demos/videos/chunk-000/observation.images.overhead/episode_000019.mp4,550368,Recorded training/evaluation or diagnostic imagery/video; inspect associated run metadata,First-party report artifact; depicted geometry/provenance requires per-run review,Not individually visually reviewed; not selected for the evidence page,"Review episode plus manifest/provenance, label simulation/physical scope, caption scoring rule and failures"
reports/training/franka_cup_lerobot_demos/videos/chunk-000/observation.images.overhead/episode_000020.mp4,638041,Recorded training/evaluation or diagnostic imagery/video; inspect associated run metadata,First-party report artifact; depicted geometry/provenance requires per-run review,Not individually visually reviewed; not selected for the evidence page,"Review episode plus manifest/provenance, label simulation/physical scope, caption scoring rule and failures"
reports/training/franka_cup_lerobot_demos/videos/chunk-000/observation.images.overhead/episode_000021.mp4,617341,Recorded training/evaluation or diagnostic imagery/video; inspect associated run metadata,First-party report artifact; depicted geometry/provenance requires per-run review,Not individually visually reviewed; not selected for the evidence page,"Review episode plus manifest/provenance, label simulation/physical scope, caption scoring rule and failures"
reports/training/franka_cup_lerobot_demos/videos/chunk-000/observation.images.overhead/episode_000022.mp4,537813,Recorded training/evaluation or diagnostic imagery/video; inspect associated run metadata,First-party report artifact; depicted geometry/provenance requires per-run review,Not individually visually reviewed; not selected for the evidence page,"Review episode plus manifest/provenance, label simulation/physical scope, caption scoring rule and failures"
reports/training/franka_cup_lerobot_demos/videos/chunk-000/observation.images.overhead/episode_000023.mp4,499895,Recorded training/evaluation or diagnostic imagery/video; inspect associated run metadata,First-party report artifact; depicted geometry/provenance requires per-run review,Not individually visually reviewed; not selected for the evidence page,"Review episode plus manifest/provenance, label simulation/physical scope, caption scoring rule and failures"
reports/training/franka_cup_lerobot_demos/videos/chunk-000/observation.images.overhead/episode_000024.mp4,588125,Recorded training/evaluation or diagnostic imagery/video; inspect associated run metadata,First-party report artifact; depicted geometry/provenance requires per-run review,Not individually visually reviewed; not selected for the evidence page,"Review episode plus manifest/provenance, label simulation/physical scope, caption scoring rule and failures"
reports/training/franka_cup_lerobot_demos/videos/chunk-000/observation.images.overhead/episode_000025.mp4,494532,Recorded training/evaluation or diagnostic imagery/video; inspect associated run metadata,First-party report artifact; depicted geometry/provenance requires per-run review,Not individually visually reviewed; not selected for the evidence page,"Review episode plus manifest/provenance, label simulation/physical scope, caption scoring rule and failures"
reports/training/franka_cup_lerobot_demos/videos/chunk-000/observation.images.overhead/episode_000026.mp4,632175,Recorded training/evaluation or diagnostic imagery/video; inspect associated run metadata,First-party report artifact; depicted geometry/provenance requires per-run review,Not individually visually reviewed; not selected for the evidence page,"Review episode plus manifest/provenance, label simulation/physical scope, caption scoring rule and failures"
reports/training/franka_cup_lerobot_demos/videos/chunk-000/observation.images.overhead/episode_000027.mp4,534244,Recorded training/evaluation or diagnostic imagery/video; inspect associated run metadata,First-party report artifact; depicted geometry/provenance requires per-run review,Not individually visually reviewed; not selected for the evidence page,"Review episode plus manifest/provenance, label simulation/physical scope, caption scoring rule and failures"
reports/training/franka_cup_lerobot_demos/videos/chunk-000/observation.images.overhead/episode_000028.mp4,556777,Recorded training/evaluation or diagnostic imagery/video; inspect associated run metadata,First-party report artifact; depicted geometry/provenance requires per-run review,Not individually visually reviewed; not selected for the evidence page,"Review episode plus manifest/provenance, label simulation/physical scope, caption scoring rule and failures"
reports/training/franka_cup_lerobot_demos/videos/chunk-000/observation.images.overhead/episode_000029.mp4,620494,Recorded training/evaluation or diagnostic imagery/video; inspect associated run metadata,First-party report artifact; depicted geometry/provenance requires per-run review,Not individually visually reviewed; not selected for the evidence page,"Review episode plus manifest/provenance, label simulation/physical scope, caption scoring rule and failures"
reports/training/franka_cup_lerobot_demos/videos/chunk-000/observation.images.overhead/episode_000030.mp4,421980,Recorded training/evaluation or diagnostic imagery/video; inspect associated run metadata,First-party report artifact; depicted geometry/provenance requires per-run review,Not individually visually reviewed; not selected for the evidence page,"Review episode plus manifest/provenance, label simulation/physical scope, caption scoring rule and failures"
reports/training/franka_cup_lerobot_demos/videos/chunk-000/observation.images.overhead/episode_000031.mp4,587830,Recorded training/evaluation or diagnostic imagery/video; inspect associated run metadata,First-party report artifact; depicted geometry/provenance requires per-run review,Not individually visually reviewed; not selected for the evidence page,"Review episode plus manifest/provenance, label simulation/physical scope, caption scoring rule and failures"
reports/training/franka_cup_lerobot_demos/videos/chunk-000/observation.images.overhead/episode_000032.mp4,515219,Recorded training/evaluation or diagnostic imagery/video; inspect associated run metadata,First-party report artifact; depicted geometry/provenance requires per-run review,Not individually visually reviewed; not selected for the evidence page,"Review episode plus manifest/provenance, label simulation/physical scope, caption scoring rule and failures"
reports/training/franka_cup_lerobot_demos/videos/chunk-000/observation.images.overhead/episode_000033.mp4,512377,Recorded training/evaluation or diagnostic imagery/video; inspect associated run metadata,First-party report artifact; depicted geometry/provenance requires per-run review,Not individually visually reviewed; not selected for the evidence page,"Review episode plus manifest/provenance, label simulation/physical scope, caption scoring rule and failures"
reports/training/franka_cup_lerobot_demos/videos/chunk-000/observation.images.overhead/episode_000034.mp4,602240,Recorded training/evaluation or diagnostic imagery/video; inspect associated run metadata,First-party report artifact; depicted geometry/provenance requires per-run review,Not individually visually reviewed; not selected for the evidence page,"Review episode plus manifest/provenance, label simulation/physical scope, caption scoring rule and failures"
reports/training/franka_cup_lerobot_demos/videos/chunk-000/observation.images.overhead/episode_000035.mp4,447415,Recorded training/evaluation or diagnostic imagery/video; inspect associated run metadata,First-party report artifact; depicted geometry/provenance requires per-run review,Not individually visually reviewed; not selected for the evidence page,"Review episode plus manifest/provenance, label simulation/physical scope, caption scoring rule and failures"
reports/training/franka_cup_lerobot_demos/videos/chunk-000/observation.images.overhead/episode_000036.mp4,581823,Recorded training/evaluation or diagnostic imagery/video; inspect associated run metadata,First-party report artifact; depicted geometry/provenance requires per-run review,Not individually visually reviewed; not selected for the evidence page,"Review episode plus manifest/provenance, label simulation/physical scope, caption scoring rule and failures"
reports/training/franka_cup_lerobot_demos/videos/chunk-000/observation.images.overhead/episode_000037.mp4,638055,Recorded training/evaluation or diagnostic imagery/video; inspect associated run metadata,First-party report artifact; depicted geometry/provenance requires per-run review,Not individually visually reviewed; not selected for the evidence page,"Review episode plus manifest/provenance, label simulation/physical scope, caption scoring rule and failures"
reports/training/franka_cup_lerobot_demos/videos/chunk-000/observation.images.overhead/episode_000038.mp4,534821,Recorded training/evaluation or diagnostic imagery/video; inspect associated run metadata,First-party report artifact; depicted geometry/provenance requires per-run review,Not individually visually reviewed; not selected for the evidence page,"Review episode plus manifest/provenance, label simulation/physical scope, caption scoring rule and failures"
reports/training/franka_cup_lerobot_demos/videos/chunk-000/observation.images.overhead/episode_000039.mp4,591937,Recorded training/evaluation or diagnostic imagery/video; inspect associated run metadata,First-party report artifact; depicted geometry/provenance requires per-run review,Not individually visually reviewed; not selected for the evidence page,"Review episode plus manifest/provenance, label simulation/physical scope, caption scoring rule and failures"
reports/training/franka_cup_lerobot_demos/videos/chunk-000/observation.images.overhead/episode_000040.mp4,639823,Recorded training/evaluation or diagnostic imagery/video; inspect associated run metadata,First-party report artifact; depicted geometry/provenance requires per-run review,Not individually visually reviewed; not selected for the evidence page,"Review episode plus manifest/provenance, label simulation/physical scope, caption scoring rule and failures"
reports/training/franka_cup_lerobot_demos/videos/chunk-000/observation.images.overhead/episode_000041.mp4,610405,Recorded training/evaluation or diagnostic imagery/video; inspect associated run metadata,First-party report artifact; depicted geometry/provenance requires per-run review,Not individually visually reviewed; not selected for the evidence page,"Review episode plus manifest/provenance, label simulation/physical scope, caption scoring rule and failures"
reports/training/franka_cup_lerobot_demos/videos/chunk-000/observation.images.overhead/episode_000042.mp4,550400,Recorded training/evaluation or diagnostic imagery/video; inspect associated run metadata,First-party report artifact; depicted geometry/provenance requires per-run review,Not individually visually reviewed; not selected for the evidence page,"Review episode plus manifest/provenance, label simulation/physical scope, caption scoring rule and failures"
reports/training/franka_cup_lerobot_demos/videos/chunk-000/observation.images.overhead/episode_000043.mp4,579439,Recorded training/evaluation or diagnostic imagery/video; inspect associated run metadata,First-party report artifact; depicted geometry/provenance requires per-run review,Not individually visually reviewed; not selected for the evidence page,"Review episode plus manifest/provenance, label simulation/physical scope, caption scoring rule and failures"
reports/training/franka_cup_lerobot_demos/videos/chunk-000/observation.images.overhead/episode_000044.mp4,618643,Recorded training/evaluation or diagnostic imagery/video; inspect associated run metadata,First-party report artifact; depicted geometry/provenance requires per-run review,Not individually visually reviewed; not selected for the evidence page,"Review episode plus manifest/provenance, label simulation/physical scope, caption scoring rule and failures"
reports/training/franka_cup_lerobot_demos/videos/chunk-000/observation.images.overhead/episode_000045.mp4,513705,Recorded training/evaluation or diagnostic imagery/video; inspect associated run metadata,First-party report artifact; depicted geometry/provenance requires per-run review,Not individually visually reviewed; not selected for the evidence page,"Review episode plus manifest/provenance, label simulation/physical scope, caption scoring rule and failures"
reports/training/franka_cup_lerobot_demos/videos/chunk-000/observation.images.overhead/episode_000046.mp4,514820,Recorded training/evaluation or diagnostic imagery/video; inspect associated run metadata,First-party report artifact; depicted geometry/provenance requires per-run review,Not individually visually reviewed; not selected for the evidence page,"Review episode plus manifest/provenance, label simulation/physical scope, caption scoring rule and failures"
reports/training/franka_cup_lerobot_demos/videos/chunk-000/observation.images.overhead/episode_000047.mp4,573676,Recorded training/evaluation or diagnostic imagery/video; inspect associated run metadata,First-party report artifact; depicted geometry/provenance requires per-run review,Not individually visually reviewed; not selected for the evidence page,"Review episode plus manifest/provenance, label simulation/physical scope, caption scoring rule and failures"
reports/training/franka_cup_lerobot_demos/videos/chunk-000/observation.images.overhead/episode_000048.mp4,601845,Recorded training/evaluation or diagnostic imagery/video; inspect associated run metadata,First-party report artifact; depicted geometry/provenance requires per-run review,Not individually visually reviewed; not selected for the evidence page,"Review episode plus manifest/provenance, label simulation/physical scope, caption scoring rule and failures"
reports/training/franka_cup_lerobot_demos/videos/chunk-000/observation.images.overhead/episode_000049.mp4,604362,Recorded training/evaluation or diagnostic imagery/video; inspect associated run metadata,First-party report artifact; depicted geometry/provenance requires per-run review,Not individually visually reviewed; not selected for the evidence page,"Review episode plus manifest/provenance, label simulation/physical scope, caption scoring rule and failures"
reports/training/franka_cup_lerobot_demos/videos/chunk-000/observation.images.overhead/episode_000050.mp4,474208,Recorded training/evaluation or diagnostic imagery/video; inspect associated run metadata,First-party report artifact; depicted geometry/provenance requires per-run review,Not individually visually reviewed; not selected for the evidence page,"Review episode plus manifest/provenance, label simulation/physical scope, caption scoring rule and failures"
reports/training/franka_cup_lerobot_demos/videos/chunk-000/observation.images.overhead/episode_000051.mp4,505141,Recorded training/evaluation or diagnostic imagery/video; inspect associated run metadata,First-party report artifact; depicted geometry/provenance requires per-run review,Not individually visually reviewed; not selected for the evidence page,"Review episode plus manifest/provenance, label simulation/physical scope, caption scoring rule and failures"
reports/training/franka_cup_lerobot_demos/videos/chunk-000/observation.images.overhead/episode_000052.mp4,522689,Recorded training/evaluation or diagnostic imagery/video; inspect associated run metadata,First-party report artifact; depicted geometry/provenance requires per-run review,Not individually visually reviewed; not selected for the evidence page,"Review episode plus manifest/provenance, label simulation/physical scope, caption scoring rule and failures"
reports/training/franka_cup_lerobot_demos/videos/chunk-000/observation.images.overhead/episode_000053.mp4,541100,Recorded training/evaluation or diagnostic imagery/video; inspect associated run metadata,First-party report artifact; depicted geometry/provenance requires per-run review,Not individually visually reviewed; not selected for the evidence page,"Review episode plus manifest/provenance, label simulation/physical scope, caption scoring rule and failures"
reports/training/franka_cup_lerobot_demos/videos/chunk-000/observation.images.overhead/episode_000054.mp4,418188,Recorded training/evaluation or diagnostic imagery/video; inspect associated run metadata,First-party report artifact; depicted geometry/provenance requires per-run review,Not individually visually reviewed; not selected for the evidence page,"Review episode plus manifest/provenance, label simulation/physical scope, caption scoring rule and failures"
reports/training/franka_cup_lerobot_demos/videos/chunk-000/observation.images.overhead/episode_000055.mp4,526059,Recorded training/evaluation or diagnostic imagery/video; inspect associated run metadata,First-party report artifact; depicted geometry/provenance requires per-run review,Not individually visually reviewed; not selected for the evidence page,"Review episode plus manifest/provenance, label simulation/physical scope, caption scoring rule and failures"
reports/training/franka_cup_lerobot_demos/videos/chunk-000/observation.images.overhead/episode_000056.mp4,551815,Recorded training/evaluation or diagnostic imagery/video; inspect associated run metadata,First-party report artifact; depicted geometry/provenance requires per-run review,Not individually visually reviewed; not selected for the evidence page,"Review episode plus manifest/provenance, label simulation/physical scope, caption scoring rule and failures"
reports/training/franka_cup_lerobot_demos/videos/chunk-000/observation.images.overhead/episode_000057.mp4,763832,Recorded training/evaluation or diagnostic imagery/video; inspect associated run metadata,First-party report artifact; depicted geometry/provenance requires per-run review,Not individually visually reviewed; not selected for the evidence page,"Review episode plus manifest/provenance, label simulation/physical scope, caption scoring rule and failures"
reports/training/franka_cup_lerobot_demos/videos/chunk-000/observation.images.overhead/episode_000058.mp4,518327,Recorded training/evaluation or diagnostic imagery/video; inspect associated run metadata,First-party report artifact; depicted geometry/provenance requires per-run review,Not individually visually reviewed; not selected for the evidence page,"Review episode plus manifest/provenance, label simulation/physical scope, caption scoring rule and failures"
reports/training/franka_cup_lerobot_demos/videos/chunk-000/observation.images.overhead/episode_000059.mp4,552668,Recorded training/evaluation or diagnostic imagery/video; inspect associated run metadata,First-party report artifact; depicted geometry/provenance requires per-run review,Not individually visually reviewed; not selected for the evidence page,"Review episode plus manifest/provenance, label simulation/physical scope, caption scoring rule and failures"
reports/training/franka_cup_lerobot_demos/videos/chunk-000/observation.images.wrist/episode_000000.mp4,315437,Recorded training/evaluation or diagnostic imagery/video; inspect associated run metadata,First-party report artifact; depicted geometry/provenance requires per-run review,Not individually visually reviewed; not selected for the evidence page,"Review episode plus manifest/provenance, label simulation/physical scope, caption scoring rule and failures"
reports/training/franka_cup_lerobot_demos/videos/chunk-000/observation.images.wrist/episode_000001.mp4,296901,Recorded training/evaluation or diagnostic imagery/video; inspect associated run metadata,First-party report artifact; depicted geometry/provenance requires per-run review,Not individually visually reviewed; not selected for the evidence page,"Review episode plus manifest/provenance, label simulation/physical scope, caption scoring rule and failures"
reports/training/franka_cup_lerobot_demos/videos/chunk-000/observation.images.wrist/episode_000002.mp4,272872,Recorded training/evaluation or diagnostic imagery/video; inspect associated run metadata,First-party report artifact; depicted geometry/provenance requires per-run review,Not individually visually reviewed; not selected for the evidence page,"Review episode plus manifest/provenance, label simulation/physical scope, caption scoring rule and failures"
reports/training/franka_cup_lerobot_demos/videos/chunk-000/observation.images.wrist/episode_000003.mp4,295208,Recorded training/evaluation or diagnostic imagery/video; inspect associated run metadata,First-party report artifact; depicted geometry/provenance requires per-run review,Not individually visually reviewed; not selected for the evidence page,"Review episode plus manifest/provenance, label simulation/physical scope, caption scoring rule and failures"
reports/training/franka_cup_lerobot_demos/videos/chunk-000/observation.images.wrist/episode_000004.mp4,309354,Recorded training/evaluation or diagnostic imagery/video; inspect associated run metadata,First-party report artifact; depicted geometry/provenance requires per-run review,Not individually visually reviewed; not selected for the evidence page,"Review episode plus manifest/provenance, label simulation/physical scope, caption scoring rule and failures"
reports/training/franka_cup_lerobot_demos/videos/chunk-000/observation.images.wrist/episode_000005.mp4,282933,Recorded training/evaluation or diagnostic imagery/video; inspect associated run metadata,First-party report artifact; depicted geometry/provenance requires per-run review,Not individually visually reviewed; not selected for the evidence page,"Review episode plus manifest/provenance, label simulation/physical scope, caption scoring rule and failures"
reports/training/franka_cup_lerobot_demos/videos/chunk-000/observation.images.wrist/episode_000006.mp4,334845,Recorded training/evaluation or diagnostic imagery/video; inspect associated run metadata,First-party report artifact; depicted geometry/provenance requires per-run review,Not individually visually reviewed; not selected for the evidence page,"Review episode plus manifest/provenance, label simulation/physical scope, caption scoring rule and failures"
reports/training/franka_cup_lerobot_demos/videos/chunk-000/observation.images.wrist/episode_000007.mp4,287035,Recorded training/evaluation or diagnostic imagery/video; inspect associated run metadata,First-party report artifact; depicted geometry/provenance requires per-run review,Not individually visually reviewed; not selected for the evidence page,"Review episode plus manifest/provenance, label simulation/physical scope, caption scoring rule and failures"
reports/training/franka_cup_lerobot_demos/videos/chunk-000/observation.images.wrist/episode_000008.mp4,312805,Recorded training/evaluation or diagnostic imagery/video; inspect associated run metadata,First-party report artifact; depicted geometry/provenance requires per-run review,Not individually visually reviewed; not selected for the evidence page,"Review episode plus manifest/provenance, label simulation/physical scope, caption scoring rule and failures"
reports/training/franka_cup_lerobot_demos/videos/chunk-000/observation.images.wrist/episode_000009.mp4,299745,Recorded training/evaluation or diagnostic imagery/video; inspect associated run metadata,First-party report artifact; depicted geometry/provenance requires per-run review,Not individually visually reviewed; not selected for the evidence page,"Review episode plus manifest/provenance, label simulation/physical scope, caption scoring rule and failures"
reports/training/franka_cup_lerobot_demos/videos/chunk-000/observation.images.wrist/episode_000010.mp4,357541,Recorded training/evaluation or diagnostic imagery/video; inspect associated run metadata,First-party report artifact; depicted geometry/provenance requires per-run review,Not individually visually reviewed; not selected for the evidence page,"Review episode plus manifest/provenance, label simulation/physical scope, caption scoring rule and failures"
reports/training/franka_cup_lerobot_demos/videos/chunk-000/observation.images.wrist/episode_000011.mp4,303435,Recorded training/evaluation or diagnostic imagery/video; inspect associated run metadata,First-party report artifact; depicted geometry/provenance requires per-run review,Not individually visually reviewed; not selected for the evidence page,"Review episode plus manifest/provenance, label simulation/physical scope, caption scoring rule and failures"
reports/training/franka_cup_lerobot_demos/videos/chunk-000/observation.images.wrist/episode_000012.mp4,276550,Recorded training/evaluation or diagnostic imagery/video; inspect associated run metadata,First-party report artifact; depicted geometry/provenance requires per-run review,Not individually visually reviewed; not selected for the evidence page,"Review episode plus manifest/provenance, label simulation/physical scope, caption scoring rule and failures"
reports/training/franka_cup_lerobot_demos/videos/chunk-000/observation.images.wrist/episode_000013.mp4,353547,Recorded training/evaluation or diagnostic imagery/video; inspect associated run metadata,First-party report artifact; depicted geometry/provenance requires per-run review,Not individually visually reviewed; not selected for the evidence page,"Review episode plus manifest/provenance, label simulation/physical scope, caption scoring rule and failures"
reports/training/franka_cup_lerobot_demos/videos/chunk-000/observation.images.wrist/episode_000014.mp4,355068,Recorded training/evaluation or diagnostic imagery/video; inspect associated run metadata,First-party report artifact; depicted geometry/provenance requires per-run review,Not individually visually reviewed; not selected for the evidence page,"Review episode plus manifest/provenance, label simulation/physical scope, caption scoring rule and failures"
reports/training/franka_cup_lerobot_demos/videos/chunk-000/observation.images.wrist/episode_000015.mp4,471540,Recorded training/evaluation or diagnostic imagery/video; inspect associated run metadata,First-party report artifact; depicted geometry/provenance requires per-run review,Not individually visually reviewed; not selected for the evidence page,"Review episode plus manifest/provenance, label simulation/physical scope, caption scoring rule and failures"
reports/training/franka_cup_lerobot_demos/videos/chunk-000/observation.images.wrist/episode_000016.mp4,307931,Recorded training/evaluation or diagnostic imagery/video; inspect associated run metadata,First-party report artifact; depicted geometry/provenance requires per-run review,Not individually visually reviewed; not selected for the evidence page,"Review episode plus manifest/provenance, label simulation/physical scope, caption scoring rule and failures"
reports/training/franka_cup_lerobot_demos/videos/chunk-000/observation.images.wrist/episode_000017.mp4,360739,Recorded training/evaluation or diagnostic imagery/video; inspect associated run metadata,First-party report artifact; depicted geometry/provenance requires per-run review,Not individually visually reviewed; not selected for the evidence page,"Review episode plus manifest/provenance, label simulation/physical scope, caption scoring rule and failures"
reports/training/franka_cup_lerobot_demos/videos/chunk-000/observation.images.wrist/episode_000018.mp4,393628,Recorded training/evaluation or diagnostic imagery/video; inspect associated run metadata,First-party report artifact; depicted geometry/provenance requires per-run review,Not individually visually reviewed; not selected for the evidence page,"Review episode plus manifest/provenance, label simulation/physical scope, caption scoring rule and failures"
reports/training/franka_cup_lerobot_demos/videos/chunk-000/observation.images.wrist/episode_000019.mp4,407638,Recorded training/evaluation or diagnostic imagery/video; inspect associated run metadata,First-party report artifact; depicted geometry/provenance requires per-run review,Not individually visually reviewed; not selected for the evidence page,"Review episode plus manifest/provenance, label simulation/physical scope, caption scoring rule and failures"
reports/training/franka_cup_lerobot_demos/videos/chunk-000/observation.images.wrist/episode_000020.mp4,331561,Recorded training/evaluation or diagnostic imagery/video; inspect associated run metadata,First-party report artifact; depicted geometry/provenance requires per-run review,Not individually visually reviewed; not selected for the evidence page,"Review episode plus manifest/provenance, label simulation/physical scope, caption scoring rule and failures"
reports/training/franka_cup_lerobot_demos/videos/chunk-000/observation.images.wrist/episode_000021.mp4,331456,Recorded training/evaluation or diagnostic imagery/video; inspect associated run metadata,First-party report artifact; depicted geometry/provenance requires per-run review,Not individually visually reviewed; not selected for the evidence page,"Review episode plus manifest/provenance, label simulation/physical scope, caption scoring rule and failures"
reports/training/franka_cup_lerobot_demos/videos/chunk-000/observation.images.wrist/episode_000022.mp4,302413,Recorded training/evaluation or diagnostic imagery/video; inspect associated run metadata,First-party report artifact; depicted geometry/provenance requires per-run review,Not individually visually reviewed; not selected for the evidence page,"Review episode plus manifest/provenance, label simulation/physical scope, caption scoring rule and failures"
reports/training/franka_cup_lerobot_demos/videos/chunk-000/observation.images.wrist/episode_000023.mp4,340643,Recorded training/evaluation or diagnostic imagery/video; inspect associated run metadata,First-party report artifact; depicted geometry/provenance requires per-run review,Not individually visually reviewed; not selected for the evidence page,"Review episode plus manifest/provenance, label simulation/physical scope, caption scoring rule and failures"
reports/training/franka_cup_lerobot_demos/videos/chunk-000/observation.images.wrist/episode_000024.mp4,324678,Recorded training/evaluation or diagnostic imagery/video; inspect associated run metadata,First-party report artifact; depicted geometry/provenance requires per-run review,Not individually visually reviewed; not selected for the evidence page,"Review episode plus manifest/provenance, label simulation/physical scope, caption scoring rule and failures"
reports/training/franka_cup_lerobot_demos/videos/chunk-000/observation.images.wrist/episode_000025.mp4,324082,Recorded training/evaluation or diagnostic imagery/video; inspect associated run metadata,First-party report artifact; depicted geometry/provenance requires per-run review,Not individually visually reviewed; not selected for the evidence page,"Review episode plus manifest/provenance, label simulation/physical scope, caption scoring rule and failures"
reports/training/franka_cup_lerobot_demos/videos/chunk-000/observation.images.wrist/episode_000026.mp4,419344,Recorded training/evaluation or diagnostic imagery/video; inspect associated run metadata,First-party report artifact; depicted geometry/provenance requires per-run review,Not individually visually reviewed; not selected for the evidence page,"Review episode plus manifest/provenance, label simulation/physical scope, caption scoring rule and failures"
reports/training/franka_cup_lerobot_demos/videos/chunk-000/observation.images.wrist/episode_000027.mp4,374822,Recorded training/evaluation or diagnostic imagery/video; inspect associated run metadata,First-party report artifact; depicted geometry/provenance requires per-run review,Not individually visually reviewed; not selected for the evidence page,"Review episode plus manifest/provenance, label simulation/physical scope, caption scoring rule and failures"
reports/training/franka_cup_lerobot_demos/videos/chunk-000/observation.images.wrist/episode_000028.mp4,392637,Recorded training/evaluation or diagnostic imagery/video; inspect associated run metadata,First-party report artifact; depicted geometry/provenance requires per-run review,Not individually visually reviewed; not selected for the evidence page,"Review episode plus manifest/provenance, label simulation/physical scope, caption scoring rule and failures"
reports/training/franka_cup_lerobot_demos/videos/chunk-000/observation.images.wrist/episode_000029.mp4,372291,Recorded training/evaluation or diagnostic imagery/video; inspect associated run metadata,First-party report artifact; depicted geometry/provenance requires per-run review,Not individually visually reviewed; not selected for the evidence page,"Review episode plus manifest/provenance, label simulation/physical scope, caption scoring rule and failures"
reports/training/franka_cup_lerobot_demos/videos/chunk-000/observation.images.wrist/episode_000030.mp4,296294,Recorded training/evaluation or diagnostic imagery/video; inspect associated run metadata,First-party report artifact; depicted geometry/provenance requires per-run review,Not individually visually reviewed; not selected for the evidence page,"Review episode plus manifest/provenance, label simulation/physical scope, caption scoring rule and failures"
reports/training/franka_cup_lerobot_demos/videos/chunk-000/observation.images.wrist/episode_000031.mp4,347833,Recorded training/evaluation or diagnostic imagery/video; inspect associated run metadata,First-party report artifact; depicted geometry/provenance requires per-run review,Not individually visually reviewed; not selected for the evidence page,"Review episode plus manifest/provenance, label simulation/physical scope, caption scoring rule and failures"
reports/training/franka_cup_lerobot_demos/videos/chunk-000/observation.images.wrist/episode_000032.mp4,321727,Recorded training/evaluation or diagnostic imagery/video; inspect associated run metadata,First-party report artifact; depicted geometry/provenance requires per-run review,Not individually visually reviewed; not selected for the evidence page,"Review episode plus manifest/provenance, label simulation/physical scope, caption scoring rule and failures"
reports/training/franka_cup_lerobot_demos/videos/chunk-000/observation.images.wrist/episode_000033.mp4,264892,Recorded training/evaluation or diagnostic imagery/video; inspect associated run metadata,First-party report artifact; depicted geometry/provenance requires per-run review,Not individually visually reviewed; not selected for the evidence page,"Review episode plus manifest/provenance, label simulation/physical scope, caption scoring rule and failures"
reports/training/franka_cup_lerobot_demos/videos/chunk-000/observation.images.wrist/episode_000034.mp4,339361,Recorded training/evaluation or diagnostic imagery/video; inspect associated run metadata,First-party report artifact; depicted geometry/provenance requires per-run review,Not individually visually reviewed; not selected for the evidence page,"Review episode plus manifest/provenance, label simulation/physical scope, caption scoring rule and failures"
reports/training/franka_cup_lerobot_demos/videos/chunk-000/observation.images.wrist/episode_000035.mp4,276042,Recorded training/evaluation or diagnostic imagery/video; inspect associated run metadata,First-party report artifact; depicted geometry/provenance requires per-run review,Not individually visually reviewed; not selected for the evidence page,"Review episode plus manifest/provenance, label simulation/physical scope, caption scoring rule and failures"
reports/training/franka_cup_lerobot_demos/videos/chunk-000/observation.images.wrist/episode_000036.mp4,348958,Recorded training/evaluation or diagnostic imagery/video; inspect associated run metadata,First-party report artifact; depicted geometry/provenance requires per-run review,Not individually visually reviewed; not selected for the evidence page,"Review episode plus manifest/provenance, label simulation/physical scope, caption scoring rule and failures"
reports/training/franka_cup_lerobot_demos/videos/chunk-000/observation.images.wrist/episode_000037.mp4,447927,Recorded training/evaluation or diagnostic imagery/video; inspect associated run metadata,First-party report artifact; depicted geometry/provenance requires per-run review,Not individually visually reviewed; not selected for the evidence page,"Review episode plus manifest/provenance, label simulation/physical scope, caption scoring rule and failures"
reports/training/franka_cup_lerobot_demos/videos/chunk-000/observation.images.wrist/episode_000038.mp4,358644,Recorded training/evaluation or diagnostic imagery/video; inspect associated run metadata,First-party report artifact; depicted geometry/provenance requires per-run review,Not individually visually reviewed; not selected for the evidence page,"Review episode plus manifest/provenance, label simulation/physical scope, caption scoring rule and failures"
reports/training/franka_cup_lerobot_demos/videos/chunk-000/observation.images.wrist/episode_000039.mp4,376219,Recorded training/evaluation or diagnostic imagery/video; inspect associated run metadata,First-party report artifact; depicted geometry/provenance requires per-run review,Not individually visually reviewed; not selected for the evidence page,"Review episode plus manifest/provenance, label simulation/physical scope, caption scoring rule and failures"
reports/training/franka_cup_lerobot_demos/videos/chunk-000/observation.images.wrist/episode_000040.mp4,474539,Recorded training/evaluation or diagnostic imagery/video; inspect associated run metadata,First-party report artifact; depicted geometry/provenance requires per-run review,Not individually visually reviewed; not selected for the evidence page,"Review episode plus manifest/provenance, label simulation/physical scope, caption scoring rule and failures"
reports/training/franka_cup_lerobot_demos/videos/chunk-000/observation.images.wrist/episode_000041.mp4,400765,Recorded training/evaluation or diagnostic imagery/video; inspect associated run metadata,First-party report artifact; depicted geometry/provenance requires per-run review,Not individually visually reviewed; not selected for the evidence page,"Review episode plus manifest/provenance, label simulation/physical scope, caption scoring rule and failures"
reports/training/franka_cup_lerobot_demos/videos/chunk-000/observation.images.wrist/episode_000042.mp4,352270,Recorded training/evaluation or diagnostic imagery/video; inspect associated run metadata,First-party report artifact; depicted geometry/provenance requires per-run review,Not individually visually reviewed; not selected for the evidence page,"Review episode plus manifest/provenance, label simulation/physical scope, caption scoring rule and failures"
reports/training/franka_cup_lerobot_demos/videos/chunk-000/observation.images.wrist/episode_000043.mp4,387100,Recorded training/evaluation or diagnostic imagery/video; inspect associated run metadata,First-party report artifact; depicted geometry/provenance requires per-run review,Not individually visually reviewed; not selected for the evidence page,"Review episode plus manifest/provenance, label simulation/physical scope, caption scoring rule and failures"
reports/training/franka_cup_lerobot_demos/videos/chunk-000/observation.images.wrist/episode_000044.mp4,367893,Recorded training/evaluation or diagnostic imagery/video; inspect associated run metadata,First-party report artifact; depicted geometry/provenance requires per-run review,Not individually visually reviewed; not selected for the evidence page,"Review episode plus manifest/provenance, label simulation/physical scope, caption scoring rule and failures"
reports/training/franka_cup_lerobot_demos/videos/chunk-000/observation.images.wrist/episode_000045.mp4,305084,Recorded training/evaluation or diagnostic imagery/video; inspect associated run metadata,First-party report artifact; depicted geometry/provenance requires per-run review,Not individually visually reviewed; not selected for the evidence page,"Review episode plus manifest/provenance, label simulation/physical scope, caption scoring rule and failures"
reports/training/franka_cup_lerobot_demos/videos/chunk-000/observation.images.wrist/episode_000046.mp4,325297,Recorded training/evaluation or diagnostic imagery/video; inspect associated run metadata,First-party report artifact; depicted geometry/provenance requires per-run review,Not individually visually reviewed; not selected for the evidence page,"Review episode plus manifest/provenance, label simulation/physical scope, caption scoring rule and failures"
reports/training/franka_cup_lerobot_demos/videos/chunk-000/observation.images.wrist/episode_000047.mp4,382588,Recorded training/evaluation or diagnostic imagery/video; inspect associated run metadata,First-party report artifact; depicted geometry/provenance requires per-run review,Not individually visually reviewed; not selected for the evidence page,"Review episode plus manifest/provenance, label simulation/physical scope, caption scoring rule and failures"
reports/training/franka_cup_lerobot_demos/videos/chunk-000/observation.images.wrist/episode_000048.mp4,395260,Recorded training/evaluation or diagnostic imagery/video; inspect associated run metadata,First-party report artifact; depicted geometry/provenance requires per-run review,Not individually visually reviewed; not selected for the evidence page,"Review episode plus manifest/provenance, label simulation/physical scope, caption scoring rule and failures"
reports/training/franka_cup_lerobot_demos/videos/chunk-000/observation.images.wrist/episode_000049.mp4,375650,Recorded training/evaluation or diagnostic imagery/video; inspect associated run metadata,First-party report artifact; depicted geometry/provenance requires per-run review,Not individually visually reviewed; not selected for the evidence page,"Review episode plus manifest/provenance, label simulation/physical scope, caption scoring rule and failures"
reports/training/franka_cup_lerobot_demos/videos/chunk-000/observation.images.wrist/episode_000050.mp4,358761,Recorded training/evaluation or diagnostic imagery/video; inspect associated run metadata,First-party report artifact; depicted geometry/provenance requires per-run review,Not individually visually reviewed; not selected for the evidence page,"Review episode plus manifest/provenance, label simulation/physical scope, caption scoring rule and failures"
reports/training/franka_cup_lerobot_demos/videos/chunk-000/observation.images.wrist/episode_000051.mp4,298365,Recorded training/evaluation or diagnostic imagery/video; inspect associated run metadata,First-party report artifact; depicted geometry/provenance requires per-run review,Not individually visually reviewed; not selected for the evidence page,"Review episode plus manifest/provenance, label simulation/physical scope, caption scoring rule and failures"
reports/training/franka_cup_lerobot_demos/videos/chunk-000/observation.images.wrist/episode_000052.mp4,336661,Recorded training/evaluation or diagnostic imagery/video; inspect associated run metadata,First-party report artifact; depicted geometry/provenance requires per-run review,Not individually visually reviewed; not selected for the evidence page,"Review episode plus manifest/provenance, label simulation/physical scope, caption scoring rule and failures"
reports/training/franka_cup_lerobot_demos/videos/chunk-000/observation.images.wrist/episode_000053.mp4,384621,Recorded training/evaluation or diagnostic imagery/video; inspect associated run metadata,First-party report artifact; depicted geometry/provenance requires per-run review,Not individually visually reviewed; not selected for the evidence page,"Review episode plus manifest/provenance, label simulation/physical scope, caption scoring rule and failures"
reports/training/franka_cup_lerobot_demos/videos/chunk-000/observation.images.wrist/episode_000054.mp4,360893,Recorded training/evaluation or diagnostic imagery/video; inspect associated run metadata,First-party report artifact; depicted geometry/provenance requires per-run review,Not individually visually reviewed; not selected for the evidence page,"Review episode plus manifest/provenance, label simulation/physical scope, caption scoring rule and failures"
reports/training/franka_cup_lerobot_demos/videos/chunk-000/observation.images.wrist/episode_000055.mp4,371283,Recorded training/evaluation or diagnostic imagery/video; inspect associated run metadata,First-party report artifact; depicted geometry/provenance requires per-run review,Not individually visually reviewed; not selected for the evidence page,"Review episode plus manifest/provenance, label simulation/physical scope, caption scoring rule and failures"
reports/training/franka_cup_lerobot_demos/videos/chunk-000/observation.images.wrist/episode_000056.mp4,346318,Recorded training/evaluation or diagnostic imagery/video; inspect associated run metadata,First-party report artifact; depicted geometry/provenance requires per-run review,Not individually visually reviewed; not selected for the evidence page,"Review episode plus manifest/provenance, label simulation/physical scope, caption scoring rule and failures"
reports/training/franka_cup_lerobot_demos/videos/chunk-000/observation.images.wrist/episode_000057.mp4,547973,Recorded training/evaluation or diagnostic imagery/video; inspect associated run metadata,First-party report artifact; depicted geometry/provenance requires per-run review,Not individually visually reviewed; not selected for the evidence page,"Review episode plus manifest/provenance, label simulation/physical scope, caption scoring rule and failures"
reports/training/franka_cup_lerobot_demos/videos/chunk-000/observation.images.wrist/episode_000058.mp4,387789,Recorded training/evaluation or diagnostic imagery/video; inspect associated run metadata,First-party report artifact; depicted geometry/provenance requires per-run review,Not individually visually reviewed; not selected for the evidence page,"Review episode plus manifest/provenance, label simulation/physical scope, caption scoring rule and failures"
reports/training/franka_cup_lerobot_demos/videos/chunk-000/observation.images.wrist/episode_000059.mp4,365971,Recorded training/evaluation or diagnostic imagery/video; inspect associated run metadata,First-party report artifact; depicted geometry/provenance requires per-run review,Not individually visually reviewed; not selected for the evidence page,"Review episode plus manifest/provenance, label simulation/physical scope, caption scoring rule and failures"
reports/training/franka_cup_lerobot_demos_v2/videos/chunk-000/observation.images.overhead/episode_000000.mp4,511536,Recorded training/evaluation or diagnostic imagery/video; inspect associated run metadata,First-party report artifact; depicted geometry/provenance requires per-run review,Not individually visually reviewed; not selected for the evidence page,"Review episode plus manifest/provenance, label simulation/physical scope, caption scoring rule and failures"
reports/training/franka_cup_lerobot_demos_v2/videos/chunk-000/observation.images.overhead/episode_000001.mp4,444210,Recorded training/evaluation or diagnostic imagery/video; inspect associated run metadata,First-party report artifact; depicted geometry/provenance requires per-run review,Not individually visually reviewed; not selected for the evidence page,"Review episode plus manifest/provenance, label simulation/physical scope, caption scoring rule and failures"
reports/training/franka_cup_lerobot_demos_v2/videos/chunk-000/observation.images.overhead/episode_000002.mp4,448120,Recorded training/evaluation or diagnostic imagery/video; inspect associated run metadata,First-party report artifact; depicted geometry/provenance requires per-run review,Not individually visually reviewed; not selected for the evidence page,"Review episode plus manifest/provenance, label simulation/physical scope, caption scoring rule and failures"
reports/training/franka_cup_lerobot_demos_v2/videos/chunk-000/observation.images.overhead/episode_000003.mp4,481139,Recorded training/evaluation or diagnostic imagery/video; inspect associated run metadata,First-party report artifact; depicted geometry/provenance requires per-run review,Not individually visually reviewed; not selected for the evidence page,"Review episode plus manifest/provenance, label simulation/physical scope, caption scoring rule and failures"
reports/training/franka_cup_lerobot_demos_v2/videos/chunk-000/observation.images.overhead/episode_000004.mp4,519981,Recorded training/evaluation or diagnostic imagery/video; inspect associated run metadata,First-party report artifact; depicted geometry/provenance requires per-run review,Not individually visually reviewed; not selected for the evidence page,"Review episode plus manifest/provenance, label simulation/physical scope, caption scoring rule and failures"
reports/training/franka_cup_lerobot_demos_v2/videos/chunk-000/observation.images.overhead/episode_000005.mp4,479589,Recorded training/evaluation or diagnostic imagery/video; inspect associated run metadata,First-party report artifact; depicted geometry/provenance requires per-run review,Not individually visually reviewed; not selected for the evidence page,"Review episode plus manifest/provenance, label simulation/physical scope, caption scoring rule and failures"
reports/training/franka_cup_lerobot_demos_v2/videos/chunk-000/observation.images.overhead/episode_000006.mp4,624185,Recorded training/evaluation or diagnostic imagery/video; inspect associated run metadata,First-party report artifact; depicted geometry/provenance requires per-run review,Not individually visually reviewed; not selected for the evidence page,"Review episode plus manifest/provenance, label simulation/physical scope, caption scoring rule and failures"
reports/training/franka_cup_lerobot_demos_v2/videos/chunk-000/observation.images.overhead/episode_000007.mp4,421639,Recorded training/evaluation or diagnostic imagery/video; inspect associated run metadata,First-party report artifact; depicted geometry/provenance requires per-run review,Not individually visually reviewed; not selected for the evidence page,"Review episode plus manifest/provenance, label simulation/physical scope, caption scoring rule and failures"
reports/training/franka_cup_lerobot_demos_v2/videos/chunk-000/observation.images.overhead/episode_000008.mp4,534309,Recorded training/evaluation or diagnostic imagery/video; inspect associated run metadata,First-party report artifact; depicted geometry/provenance requires per-run review,Not individually visually reviewed; not selected for the evidence page,"Review episode plus manifest/provenance, label simulation/physical scope, caption scoring rule and failures"
reports/training/franka_cup_lerobot_demos_v2/videos/chunk-000/observation.images.overhead/episode_000009.mp4,460750,Recorded training/evaluation or diagnostic imagery/video; inspect associated run metadata,First-party report artifact; depicted geometry/provenance requires per-run review,Not individually visually reviewed; not selected for the evidence page,"Review episode plus manifest/provenance, label simulation/physical scope, caption scoring rule and failures"
reports/training/franka_cup_lerobot_demos_v2/videos/chunk-000/observation.images.overhead/episode_000010.mp4,562440,Recorded training/evaluation or diagnostic imagery/video; inspect associated run metadata,First-party report artifact; depicted geometry/provenance requires per-run review,Not individually visually reviewed; not selected for the evidence page,"Review episode plus manifest/provenance, label simulation/physical scope, caption scoring rule and failures"
reports/training/franka_cup_lerobot_demos_v2/videos/chunk-000/observation.images.overhead/episode_000011.mp4,534313,Recorded training/evaluation or diagnostic imagery/video; inspect associated run metadata,First-party report artifact; depicted geometry/provenance requires per-run review,Not individually visually reviewed; not selected for the evidence page,"Review episode plus manifest/provenance, label simulation/physical scope, caption scoring rule and failures"
reports/training/franka_cup_lerobot_demos_v2/videos/chunk-000/observation.images.overhead/episode_000012.mp4,430487,Recorded training/evaluation or diagnostic imagery/video; inspect associated run metadata,First-party report artifact; depicted geometry/provenance requires per-run review,Not individually visually reviewed; not selected for the evidence page,"Review episode plus manifest/provenance, label simulation/physical scope, caption scoring rule and failures"
reports/training/franka_cup_lerobot_demos_v2/videos/chunk-000/observation.images.overhead/episode_000013.mp4,485308,Recorded training/evaluation or diagnostic imagery/video; inspect associated run metadata,First-party report artifact; depicted geometry/provenance requires per-run review,Not individually visually reviewed; not selected for the evidence page,"Review episode plus manifest/provenance, label simulation/physical scope, caption scoring rule and failures"
reports/training/franka_cup_lerobot_demos_v2/videos/chunk-000/observation.images.overhead/episode_000014.mp4,578407,Recorded training/evaluation or diagnostic imagery/video; inspect associated run metadata,First-party report artifact; depicted geometry/provenance requires per-run review,Not individually visually reviewed; not selected for the evidence page,"Review episode plus manifest/provenance, label simulation/physical scope, caption scoring rule and failures"
reports/training/franka_cup_lerobot_demos_v2/videos/chunk-000/observation.images.overhead/episode_000015.mp4,691781,Recorded training/evaluation or diagnostic imagery/video; inspect associated run metadata,First-party report artifact; depicted geometry/provenance requires per-run review,Not individually visually reviewed; not selected for the evidence page,"Review episode plus manifest/provenance, label simulation/physical scope, caption scoring rule and failures"
reports/training/franka_cup_lerobot_demos_v2/videos/chunk-000/observation.images.overhead/episode_000016.mp4,472686,Recorded training/evaluation or diagnostic imagery/video; inspect associated run metadata,First-party report artifact; depicted geometry/provenance requires per-run review,Not individually visually reviewed; not selected for the evidence page,"Review episode plus manifest/provenance, label simulation/physical scope, caption scoring rule and failures"
reports/training/franka_cup_lerobot_demos_v2/videos/chunk-000/observation.images.overhead/episode_000017.mp4,596850,Recorded training/evaluation or diagnostic imagery/video; inspect associated run metadata,First-party report artifact; depicted geometry/provenance requires per-run review,Not individually visually reviewed; not selected for the evidence page,"Review episode plus manifest/provenance, label simulation/physical scope, caption scoring rule and failures"
reports/training/franka_cup_lerobot_demos_v2/videos/chunk-000/observation.images.overhead/episode_000018.mp4,678872,Recorded training/evaluation or diagnostic imagery/video; inspect associated run metadata,First-party report artifact; depicted geometry/provenance requires per-run review,Not individually visually reviewed; not selected for the evidence page,"Review episode plus manifest/provenance, label simulation/physical scope, caption scoring rule and failures"
reports/training/franka_cup_lerobot_demos_v2/videos/chunk-000/observation.images.overhead/episode_000019.mp4,550368,Recorded training/evaluation or diagnostic imagery/video; inspect associated run metadata,First-party report artifact; depicted geometry/provenance requires per-run review,Not individually visually reviewed; not selected for the evidence page,"Review episode plus manifest/provenance, label simulation/physical scope, caption scoring rule and failures"
reports/training/franka_cup_lerobot_demos_v2/videos/chunk-000/observation.images.overhead/episode_000020.mp4,638041,Recorded training/evaluation or diagnostic imagery/video; inspect associated run metadata,First-party report artifact; depicted geometry/provenance requires per-run review,Not individually visually reviewed; not selected for the evidence page,"Review episode plus manifest/provenance, label simulation/physical scope, caption scoring rule and failures"
reports/training/franka_cup_lerobot_demos_v2/videos/chunk-000/observation.images.overhead/episode_000021.mp4,617341,Recorded training/evaluation or diagnostic imagery/video; inspect associated run metadata,First-party report artifact; depicted geometry/provenance requires per-run review,Not individually visually reviewed; not selected for the evidence page,"Review episode plus manifest/provenance, label simulation/physical scope, caption scoring rule and failures"
reports/training/franka_cup_lerobot_demos_v2/videos/chunk-000/observation.images.overhead/episode_000022.mp4,537813,Recorded training/evaluation or diagnostic imagery/video; inspect associated run metadata,First-party report artifact; depicted geometry/provenance requires per-run review,Not individually visually reviewed; not selected for the evidence page,"Review episode plus manifest/provenance, label simulation/physical scope, caption scoring rule and failures"
reports/training/franka_cup_lerobot_demos_v2/videos/chunk-000/observation.images.overhead/episode_000023.mp4,499895,Recorded training/evaluation or diagnostic imagery/video; inspect associated run metadata,First-party report artifact; depicted geometry/provenance requires per-run review,Not individually visually reviewed; not selected for the evidence page,"Review episode plus manifest/provenance, label simulation/physical scope, caption scoring rule and failures"
reports/training/franka_cup_lerobot_demos_v2/videos/chunk-000/observation.images.overhead/episode_000024.mp4,588125,Recorded training/evaluation or diagnostic imagery/video; inspect associated run metadata,First-party report artifact; depicted geometry/provenance requires per-run review,Not individually visually reviewed; not selected for the evidence page,"Review episode plus manifest/provenance, label simulation/physical scope, caption scoring rule and failures"
reports/training/franka_cup_lerobot_demos_v2/videos/chunk-000/observation.images.overhead/episode_000025.mp4,494532,Recorded training/evaluation or diagnostic imagery/video; inspect associated run metadata,First-party report artifact; depicted geometry/provenance requires per-run review,Not individually visually reviewed; not selected for the evidence page,"Review episode plus manifest/provenance, label simulation/physical scope, caption scoring rule and failures"
reports/training/franka_cup_lerobot_demos_v2/videos/chunk-000/observation.images.overhead/episode_000026.mp4,632175,Recorded training/evaluation or diagnostic imagery/video; inspect associated run metadata,First-party report artifact; depicted geometry/provenance requires per-run review,Not individually visually reviewed; not selected for the evidence page,"Review episode plus manifest/provenance, label simulation/physical scope, caption scoring rule and failures"
reports/training/franka_cup_lerobot_demos_v2/videos/chunk-000/observation.images.overhead/episode_000027.mp4,534244,Recorded training/evaluation or diagnostic imagery/video; inspect associated run metadata,First-party report artifact; depicted geometry/provenance requires per-run review,Not individually visually reviewed; not selected for the evidence page,"Review episode plus manifest/provenance, label simulation/physical scope, caption scoring rule and failures"
reports/training/franka_cup_lerobot_demos_v2/videos/chunk-000/observation.images.overhead/episode_000028.mp4,556777,Recorded training/evaluation or diagnostic imagery/video; inspect associated run metadata,First-party report artifact; depicted geometry/provenance requires per-run review,Not individually visually reviewed; not selected for the evidence page,"Review episode plus manifest/provenance, label simulation/physical scope, caption scoring rule and failures"
reports/training/franka_cup_lerobot_demos_v2/videos/chunk-000/observation.images.overhead/episode_000029.mp4,620494,Recorded training/evaluation or diagnostic imagery/video; inspect associated run metadata,First-party report artifact; depicted geometry/provenance requires per-run review,Not individually visually reviewed; not selected for the evidence page,"Review episode plus manifest/provenance, label simulation/physical scope, caption scoring rule and failures"
reports/training/franka_cup_lerobot_demos_v2/videos/chunk-000/observation.images.overhead/episode_000030.mp4,421980,Recorded training/evaluation or diagnostic imagery/video; inspect associated run metadata,First-party report artifact; depicted geometry/provenance requires per-run review,Not individually visually reviewed; not selected for the evidence page,"Review episode plus manifest/provenance, label simulation/physical scope, caption scoring rule and failures"
reports/training/franka_cup_lerobot_demos_v2/videos/chunk-000/observation.images.overhead/episode_000031.mp4,587830,Recorded training/evaluation or diagnostic imagery/video; inspect associated run metadata,First-party report artifact; depicted geometry/provenance requires per-run review,Not individually visually reviewed; not selected for the evidence page,"Review episode plus manifest/provenance, label simulation/physical scope, caption scoring rule and failures"
reports/training/franka_cup_lerobot_demos_v2/videos/chunk-000/observation.images.overhead/episode_000032.mp4,515219,Recorded training/evaluation or diagnostic imagery/video; inspect associated run metadata,First-party report artifact; depicted geometry/provenance requires per-run review,Not individually visually reviewed; not selected for the evidence page,"Review episode plus manifest/provenance, label simulation/physical scope, caption scoring rule and failures"
reports/training/franka_cup_lerobot_demos_v2/videos/chunk-000/observation.images.overhead/episode_000033.mp4,512377,Recorded training/evaluation or diagnostic imagery/video; inspect associated run metadata,First-party report artifact; depicted geometry/provenance requires per-run review,Not individually visually reviewed; not selected for the evidence page,"Review episode plus manifest/provenance, label simulation/physical scope, caption scoring rule and failures"
reports/training/franka_cup_lerobot_demos_v2/videos/chunk-000/observation.images.overhead/episode_000034.mp4,602240,Recorded training/evaluation or diagnostic imagery/video; inspect associated run metadata,First-party report artifact; depicted geometry/provenance requires per-run review,Not individually visually reviewed; not selected for the evidence page,"Review episode plus manifest/provenance, label simulation/physical scope, caption scoring rule and failures"
reports/training/franka_cup_lerobot_demos_v2/videos/chunk-000/observation.images.overhead/episode_000035.mp4,447415,Recorded training/evaluation or diagnostic imagery/video; inspect associated run metadata,First-party report artifact; depicted geometry/provenance requires per-run review,Not individually visually reviewed; not selected for the evidence page,"Review episode plus manifest/provenance, label simulation/physical scope, caption scoring rule and failures"
reports/training/franka_cup_lerobot_demos_v2/videos/chunk-000/observation.images.overhead/episode_000036.mp4,581823,Recorded training/evaluation or diagnostic imagery/video; inspect associated run metadata,First-party report artifact; depicted geometry/provenance requires per-run review,Not individually visually reviewed; not selected for the evidence page,"Review episode plus manifest/provenance, label simulation/physical scope, caption scoring rule and failures"
reports/training/franka_cup_lerobot_demos_v2/videos/chunk-000/observation.images.overhead/episode_000037.mp4,638055,Recorded training/evaluation or diagnostic imagery/video; inspect associated run metadata,First-party report artifact; depicted geometry/provenance requires per-run review,Not individually visually reviewed; not selected for the evidence page,"Review episode plus manifest/provenance, label simulation/physical scope, caption scoring rule and failures"
reports/training/franka_cup_lerobot_demos_v2/videos/chunk-000/observation.images.overhead/episode_000038.mp4,534821,Recorded training/evaluation or diagnostic imagery/video; inspect associated run metadata,First-party report artifact; depicted geometry/provenance requires per-run review,Not individually visually reviewed; not selected for the evidence page,"Review episode plus manifest/provenance, label simulation/physical scope, caption scoring rule and failures"
reports/training/franka_cup_lerobot_demos_v2/videos/chunk-000/observation.images.overhead/episode_000039.mp4,591937,Recorded training/evaluation or diagnostic imagery/video; inspect associated run metadata,First-party report artifact; depicted geometry/provenance requires per-run review,Not individually visually reviewed; not selected for the evidence page,"Review episode plus manifest/provenance, label simulation/physical scope, caption scoring rule and failures"
reports/training/franka_cup_lerobot_demos_v2/videos/chunk-000/observation.images.overhead/episode_000040.mp4,639823,Recorded training/evaluation or diagnostic imagery/video; inspect associated run metadata,First-party report artifact; depicted geometry/provenance requires per-run review,Not individually visually reviewed; not selected for the evidence page,"Review episode plus manifest/provenance, label simulation/physical scope, caption scoring rule and failures"
reports/training/franka_cup_lerobot_demos_v2/videos/chunk-000/observation.images.overhead/episode_000041.mp4,610405,Recorded training/evaluation or diagnostic imagery/video; inspect associated run metadata,First-party report artifact; depicted geometry/provenance requires per-run review,Not individually visually reviewed; not selected for the evidence page,"Review episode plus manifest/provenance, label simulation/physical scope, caption scoring rule and failures"
reports/training/franka_cup_lerobot_demos_v2/videos/chunk-000/observation.images.overhead/episode_000042.mp4,550400,Recorded training/evaluation or diagnostic imagery/video; inspect associated run metadata,First-party report artifact; depicted geometry/provenance requires per-run review,Not individually visually reviewed; not selected for the evidence page,"Review episode plus manifest/provenance, label simulation/physical scope, caption scoring rule and failures"
reports/training/franka_cup_lerobot_demos_v2/videos/chunk-000/observation.images.overhead/episode_000043.mp4,579439,Recorded training/evaluation or diagnostic imagery/video; inspect associated run metadata,First-party report artifact; depicted geometry/provenance requires per-run review,Not individually visually reviewed; not selected for the evidence page,"Review episode plus manifest/provenance, label simulation/physical scope, caption scoring rule and failures"
reports/training/franka_cup_lerobot_demos_v2/videos/chunk-000/observation.images.overhead/episode_000044.mp4,618643,Recorded training/evaluation or diagnostic imagery/video; inspect associated run metadata,First-party report artifact; depicted geometry/provenance requires per-run review,Not individually visually reviewed; not selected for the evidence page,"Review episode plus manifest/provenance, label simulation/physical scope, caption scoring rule and failures"
reports/training/franka_cup_lerobot_demos_v2/videos/chunk-000/observation.images.overhead/episode_000045.mp4,513705,Recorded training/evaluation or diagnostic imagery/video; inspect associated run metadata,First-party report artifact; depicted geometry/provenance requires per-run review,Not individually visually reviewed; not selected for the evidence page,"Review episode plus manifest/provenance, label simulation/physical scope, caption scoring rule and failures"
reports/training/franka_cup_lerobot_demos_v2/videos/chunk-000/observation.images.overhead/episode_000046.mp4,514820,Recorded training/evaluation or diagnostic imagery/video; inspect associated run metadata,First-party report artifact; depicted geometry/provenance requires per-run review,Not individually visually reviewed; not selected for the evidence page,"Review episode plus manifest/provenance, label simulation/physical scope, caption scoring rule and failures"
reports/training/franka_cup_lerobot_demos_v2/videos/chunk-000/observation.images.overhead/episode_000047.mp4,573676,Recorded training/evaluation or diagnostic imagery/video; inspect associated run metadata,First-party report artifact; depicted geometry/provenance requires per-run review,Not individually visually reviewed; not selected for the evidence page,"Review episode plus manifest/provenance, label simulation/physical scope, caption scoring rule and failures"
reports/training/franka_cup_lerobot_demos_v2/videos/chunk-000/observation.images.overhead/episode_000048.mp4,601845,Recorded training/evaluation or diagnostic imagery/video; inspect associated run metadata,First-party report artifact; depicted geometry/provenance requires per-run review,Not individually visually reviewed; not selected for the evidence page,"Review episode plus manifest/provenance, label simulation/physical scope, caption scoring rule and failures"
reports/training/franka_cup_lerobot_demos_v2/videos/chunk-000/observation.images.overhead/episode_000049.mp4,604362,Recorded training/evaluation or diagnostic imagery/video; inspect associated run metadata,First-party report artifact; depicted geometry/provenance requires per-run review,Not individually visually reviewed; not selected for the evidence page,"Review episode plus manifest/provenance, label simulation/physical scope, caption scoring rule and failures"
reports/training/franka_cup_lerobot_demos_v2/videos/chunk-000/observation.images.overhead/episode_000050.mp4,474208,Recorded training/evaluation or diagnostic imagery/video; inspect associated run metadata,First-party report artifact; depicted geometry/provenance requires per-run review,Not individually visually reviewed; not selected for the evidence page,"Review episode plus manifest/provenance, label simulation/physical scope, caption scoring rule and failures"
reports/training/franka_cup_lerobot_demos_v2/videos/chunk-000/observation.images.overhead/episode_000051.mp4,505141,Recorded training/evaluation or diagnostic imagery/video; inspect associated run metadata,First-party report artifact; depicted geometry/provenance requires per-run review,Not individually visually reviewed; not selected for the evidence page,"Review episode plus manifest/provenance, label simulation/physical scope, caption scoring rule and failures"
reports/training/franka_cup_lerobot_demos_v2/videos/chunk-000/observation.images.overhead/episode_000052.mp4,522689,Recorded training/evaluation or diagnostic imagery/video; inspect associated run metadata,First-party report artifact; depicted geometry/provenance requires per-run review,Not individually visually reviewed; not selected for the evidence page,"Review episode plus manifest/provenance, label simulation/physical scope, caption scoring rule and failures"
reports/training/franka_cup_lerobot_demos_v2/videos/chunk-000/observation.images.overhead/episode_000053.mp4,541100,Recorded training/evaluation or diagnostic imagery/video; inspect associated run metadata,First-party report artifact; depicted geometry/provenance requires per-run review,Not individually visually reviewed; not selected for the evidence page,"Review episode plus manifest/provenance, label simulation/physical scope, caption scoring rule and failures"
reports/training/franka_cup_lerobot_demos_v2/videos/chunk-000/observation.images.overhead/episode_000054.mp4,418188,Recorded training/evaluation or diagnostic imagery/video; inspect associated run metadata,First-party report artifact; depicted geometry/provenance requires per-run review,Not individually visually reviewed; not selected for the evidence page,"Review episode plus manifest/provenance, label simulation/physical scope, caption scoring rule and failures"
reports/training/franka_cup_lerobot_demos_v2/videos/chunk-000/observation.images.overhead/episode_000055.mp4,526059,Recorded training/evaluation or diagnostic imagery/video; inspect associated run metadata,First-party report artifact; depicted geometry/provenance requires per-run review,Not individually visually reviewed; not selected for the evidence page,"Review episode plus manifest/provenance, label simulation/physical scope, caption scoring rule and failures"
reports/training/franka_cup_lerobot_demos_v2/videos/chunk-000/observation.images.overhead/episode_000056.mp4,551815,Recorded training/evaluation or diagnostic imagery/video; inspect associated run metadata,First-party report artifact; depicted geometry/provenance requires per-run review,Not individually visually reviewed; not selected for the evidence page,"Review episode plus manifest/provenance, label simulation/physical scope, caption scoring rule and failures"
reports/training/franka_cup_lerobot_demos_v2/videos/chunk-000/observation.images.overhead/episode_000057.mp4,763832,Recorded training/evaluation or diagnostic imagery/video; inspect associated run metadata,First-party report artifact; depicted geometry/provenance requires per-run review,Not individually visually reviewed; not selected for the evidence page,"Review episode plus manifest/provenance, label simulation/physical scope, caption scoring rule and failures"
reports/training/franka_cup_lerobot_demos_v2/videos/chunk-000/observation.images.overhead/episode_000058.mp4,518327,Recorded training/evaluation or diagnostic imagery/video; inspect associated run metadata,First-party report artifact; depicted geometry/provenance requires per-run review,Not individually visually reviewed; not selected for the evidence page,"Review episode plus manifest/provenance, label simulation/physical scope, caption scoring rule and failures"
reports/training/franka_cup_lerobot_demos_v2/videos/chunk-000/observation.images.overhead/episode_000059.mp4,552668,Recorded training/evaluation or diagnostic imagery/video; inspect associated run metadata,First-party report artifact; depicted geometry/provenance requires per-run review,Not individually visually reviewed; not selected for the evidence page,"Review episode plus manifest/provenance, label simulation/physical scope, caption scoring rule and failures"
reports/training/franka_cup_lerobot_demos_v2/videos/chunk-000/observation.images.overhead/episode_000060.mp4,535743,Recorded training/evaluation or diagnostic imagery/video; inspect associated run metadata,First-party report artifact; depicted geometry/provenance requires per-run review,Not individually visually reviewed; not selected for the evidence page,"Review episode plus manifest/provenance, label simulation/physical scope, caption scoring rule and failures"
reports/training/franka_cup_lerobot_demos_v2/videos/chunk-000/observation.images.overhead/episode_000061.mp4,482334,Recorded training/evaluation or diagnostic imagery/video; inspect associated run metadata,First-party report artifact; depicted geometry/provenance requires per-run review,Not individually visually reviewed; not selected for the evidence page,"Review episode plus manifest/provenance, label simulation/physical scope, caption scoring rule and failures"
reports/training/franka_cup_lerobot_demos_v2/videos/chunk-000/observation.images.overhead/episode_000062.mp4,582352,Recorded training/evaluation or diagnostic imagery/video; inspect associated run metadata,First-party report artifact; depicted geometry/provenance requires per-run review,Not individually visually reviewed; not selected for the evidence page,"Review episode plus manifest/provenance, label simulation/physical scope, caption scoring rule and failures"
reports/training/franka_cup_lerobot_demos_v2/videos/chunk-000/observation.images.overhead/episode_000063.mp4,447742,Recorded training/evaluation or diagnostic imagery/video; inspect associated run metadata,First-party report artifact; depicted geometry/provenance requires per-run review,Not individually visually reviewed; not selected for the evidence page,"Review episode plus manifest/provenance, label simulation/physical scope, caption scoring rule and failures"
reports/training/franka_cup_lerobot_demos_v2/videos/chunk-000/observation.images.overhead/episode_000064.mp4,514997,Recorded training/evaluation or diagnostic imagery/video; inspect associated run metadata,First-party report artifact; depicted geometry/provenance requires per-run review,Not individually visually reviewed; not selected for the evidence page,"Review episode plus manifest/provenance, label simulation/physical scope, caption scoring rule and failures"
reports/training/franka_cup_lerobot_demos_v2/videos/chunk-000/observation.images.overhead/episode_000065.mp4,468137,Recorded training/evaluation or diagnostic imagery/video; inspect associated run metadata,First-party report artifact; depicted geometry/provenance requires per-run review,Not individually visually reviewed; not selected for the evidence page,"Review episode plus manifest/provenance, label simulation/physical scope, caption scoring rule and failures"
reports/training/franka_cup_lerobot_demos_v2/videos/chunk-000/observation.images.overhead/episode_000066.mp4,537980,Recorded training/evaluation or diagnostic imagery/video; inspect associated run metadata,First-party report artifact; depicted geometry/provenance requires per-run review,Not individually visually reviewed; not selected for the evidence page,"Review episode plus manifest/provenance, label simulation/physical scope, caption scoring rule and failures"
reports/training/franka_cup_lerobot_demos_v2/videos/chunk-000/observation.images.overhead/episode_000067.mp4,526932,Recorded training/evaluation or diagnostic imagery/video; inspect associated run metadata,First-party report artifact; depicted geometry/provenance requires per-run review,Not individually visually reviewed; not selected for the evidence page,"Review episode plus manifest/provenance, label simulation/physical scope, caption scoring rule and failures"
reports/training/franka_cup_lerobot_demos_v2/videos/chunk-000/observation.images.overhead/episode_000068.mp4,540329,Recorded training/evaluation or diagnostic imagery/video; inspect associated run metadata,First-party report artifact; depicted geometry/provenance requires per-run review,Not individually visually reviewed; not selected for the evidence page,"Review episode plus manifest/provenance, label simulation/physical scope, caption scoring rule and failures"
reports/training/franka_cup_lerobot_demos_v2/videos/chunk-000/observation.images.overhead/episode_000069.mp4,577853,Recorded training/evaluation or diagnostic imagery/video; inspect associated run metadata,First-party report artifact; depicted geometry/provenance requires per-run review,Not individually visually reviewed; not selected for the evidence page,"Review episode plus manifest/provenance, label simulation/physical scope, caption scoring rule and failures"
reports/training/franka_cup_lerobot_demos_v2/videos/chunk-000/observation.images.overhead/episode_000070.mp4,577621,Recorded training/evaluation or diagnostic imagery/video; inspect associated run metadata,First-party report artifact; depicted geometry/provenance requires per-run review,Not individually visually reviewed; not selected for the evidence page,"Review episode plus manifest/provenance, label simulation/physical scope, caption scoring rule and failures"
reports/training/franka_cup_lerobot_demos_v2/videos/chunk-000/observation.images.overhead/episode_000071.mp4,550905,Recorded training/evaluation or diagnostic imagery/video; inspect associated run metadata,First-party report artifact; depicted geometry/provenance requires per-run review,Not individually visually reviewed; not selected for the evidence page,"Review episode plus manifest/provenance, label simulation/physical scope, caption scoring rule and failures"
reports/training/franka_cup_lerobot_demos_v2/videos/chunk-000/observation.images.overhead/episode_000072.mp4,474082,Recorded training/evaluation or diagnostic imagery/video; inspect associated run metadata,First-party report artifact; depicted geometry/provenance requires per-run review,Not individually visually reviewed; not selected for the evidence page,"Review episode plus manifest/provenance, label simulation/physical scope, caption scoring rule and failures"
reports/training/franka_cup_lerobot_demos_v2/videos/chunk-000/observation.images.overhead/episode_000073.mp4,583492,Recorded training/evaluation or diagnostic imagery/video; inspect associated run metadata,First-party report artifact; depicted geometry/provenance requires per-run review,Not individually visually reviewed; not selected for the evidence page,"Review episode plus manifest/provenance, label simulation/physical scope, caption scoring rule and failures"
reports/training/franka_cup_lerobot_demos_v2/videos/chunk-000/observation.images.overhead/episode_000074.mp4,423539,Recorded training/evaluation or diagnostic imagery/video; inspect associated run metadata,First-party report artifact; depicted geometry/provenance requires per-run review,Not individually visually reviewed; not selected for the evidence page,"Review episode plus manifest/provenance, label simulation/physical scope, caption scoring rule and failures"
reports/training/franka_cup_lerobot_demos_v2/videos/chunk-000/observation.images.overhead/episode_000075.mp4,550620,Recorded training/evaluation or diagnostic imagery/video; inspect associated run metadata,First-party report artifact; depicted geometry/provenance requires per-run review,Not individually visually reviewed; not selected for the evidence page,"Review episode plus manifest/provenance, label simulation/physical scope, caption scoring rule and failures"
reports/training/franka_cup_lerobot_demos_v2/videos/chunk-000/observation.images.overhead/episode_000076.mp4,563985,Recorded training/evaluation or diagnostic imagery/video; inspect associated run metadata,First-party report artifact; depicted geometry/provenance requires per-run review,Not individually visually reviewed; not selected for the evidence page,"Review episode plus manifest/provenance, label simulation/physical scope, caption scoring rule and failures"
reports/training/franka_cup_lerobot_demos_v2/videos/chunk-000/observation.images.overhead/episode_000077.mp4,562721,Recorded training/evaluation or diagnostic imagery/video; inspect associated run metadata,First-party report artifact; depicted geometry/provenance requires per-run review,Not individually visually reviewed; not selected for the evidence page,"Review episode plus manifest/provenance, label simulation/physical scope, caption scoring rule and failures"
reports/training/franka_cup_lerobot_demos_v2/videos/chunk-000/observation.images.overhead/episode_000078.mp4,657714,Recorded training/evaluation or diagnostic imagery/video; inspect associated run metadata,First-party report artifact; depicted geometry/provenance requires per-run review,Not individually visually reviewed; not selected for the evidence page,"Review episode plus manifest/provenance, label simulation/physical scope, caption scoring rule and failures"
reports/training/franka_cup_lerobot_demos_v2/videos/chunk-000/observation.images.overhead/episode_000079.mp4,532136,Recorded training/evaluation or diagnostic imagery/video; inspect associated run metadata,First-party report artifact; depicted geometry/provenance requires per-run review,Not individually visually reviewed; not selected for the evidence page,"Review episode plus manifest/provenance, label simulation/physical scope, caption scoring rule and failures"
reports/training/franka_cup_lerobot_demos_v2/videos/chunk-000/observation.images.overhead/episode_000080.mp4,468106,Recorded training/evaluation or diagnostic imagery/video; inspect associated run metadata,First-party report artifact; depicted geometry/provenance requires per-run review,Not individually visually reviewed; not selected for the evidence page,"Review episode plus manifest/provenance, label simulation/physical scope, caption scoring rule and failures"
reports/training/franka_cup_lerobot_demos_v2/videos/chunk-000/observation.images.overhead/episode_000081.mp4,594754,Recorded training/evaluation or diagnostic imagery/video; inspect associated run metadata,First-party report artifact; depicted geometry/provenance requires per-run review,Not individually visually reviewed; not selected for the evidence page,"Review episode plus manifest/provenance, label simulation/physical scope, caption scoring rule and failures"
reports/training/franka_cup_lerobot_demos_v2/videos/chunk-000/observation.images.overhead/episode_000082.mp4,819152,Recorded training/evaluation or diagnostic imagery/video; inspect associated run metadata,First-party report artifact; depicted geometry/provenance requires per-run review,Not individually visually reviewed; not selected for the evidence page,"Review episode plus manifest/provenance, label simulation/physical scope, caption scoring rule and failures"
reports/training/franka_cup_lerobot_demos_v2/videos/chunk-000/observation.images.overhead/episode_000083.mp4,530463,Recorded training/evaluation or diagnostic imagery/video; inspect associated run metadata,First-party report artifact; depicted geometry/provenance requires per-run review,Not individually visually reviewed; not selected for the evidence page,"Review episode plus manifest/provenance, label simulation/physical scope, caption scoring rule and failures"
reports/training/franka_cup_lerobot_demos_v2/videos/chunk-000/observation.images.overhead/episode_000084.mp4,547517,Recorded training/evaluation or diagnostic imagery/video; inspect associated run metadata,First-party report artifact; depicted geometry/provenance requires per-run review,Not individually visually reviewed; not selected for the evidence page,"Review episode plus manifest/provenance, label simulation/physical scope, caption scoring rule and failures"
reports/training/franka_cup_lerobot_demos_v2/videos/chunk-000/observation.images.overhead/episode_000085.mp4,580374,Recorded training/evaluation or diagnostic imagery/video; inspect associated run metadata,First-party report artifact; depicted geometry/provenance requires per-run review,Not individually visually reviewed; not selected for the evidence page,"Review episode plus manifest/provenance, label simulation/physical scope, caption scoring rule and failures"
reports/training/franka_cup_lerobot_demos_v2/videos/chunk-000/observation.images.overhead/episode_000086.mp4,562353,Recorded training/evaluation or diagnostic imagery/video; inspect associated run metadata,First-party report artifact; depicted geometry/provenance requires per-run review,Not individually visually reviewed; not selected for the evidence page,"Review episode plus manifest/provenance, label simulation/physical scope, caption scoring rule and failures"
reports/training/franka_cup_lerobot_demos_v2/videos/chunk-000/observation.images.overhead/episode_000087.mp4,803688,Recorded training/evaluation or diagnostic imagery/video; inspect associated run metadata,First-party report artifact; depicted geometry/provenance requires per-run review,Not individually visually reviewed; not selected for the evidence page,"Review episode plus manifest/provenance, label simulation/physical scope, caption scoring rule and failures"
reports/training/franka_cup_lerobot_demos_v2/videos/chunk-000/observation.images.overhead/episode_000088.mp4,490569,Recorded training/evaluation or diagnostic imagery/video; inspect associated run metadata,First-party report artifact; depicted geometry/provenance requires per-run review,Not individually visually reviewed; not selected for the evidence page,"Review episode plus manifest/provenance, label simulation/physical scope, caption scoring rule and failures"
reports/training/franka_cup_lerobot_demos_v2/videos/chunk-000/observation.images.overhead/episode_000089.mp4,520472,Recorded training/evaluation or diagnostic imagery/video; inspect associated run metadata,First-party report artifact; depicted geometry/provenance requires per-run review,Not individually visually reviewed; not selected for the evidence page,"Review episode plus manifest/provenance, label simulation/physical scope, caption scoring rule and failures"
reports/training/franka_cup_lerobot_demos_v2/videos/chunk-000/observation.images.overhead/episode_000090.mp4,445426,Recorded training/evaluation or diagnostic imagery/video; inspect associated run metadata,First-party report artifact; depicted geometry/provenance requires per-run review,Not individually visually reviewed; not selected for the evidence page,"Review episode plus manifest/provenance, label simulation/physical scope, caption scoring rule and failures"
reports/training/franka_cup_lerobot_demos_v2/videos/chunk-000/observation.images.overhead/episode_000091.mp4,492843,Recorded training/evaluation or diagnostic imagery/video; inspect associated run metadata,First-party report artifact; depicted geometry/provenance requires per-run review,Not individually visually reviewed; not selected for the evidence page,"Review episode plus manifest/provenance, label simulation/physical scope, caption scoring rule and failures"
reports/training/franka_cup_lerobot_demos_v2/videos/chunk-000/observation.images.overhead/episode_000092.mp4,573292,Recorded training/evaluation or diagnostic imagery/video; inspect associated run metadata,First-party report artifact; depicted geometry/provenance requires per-run review,Not individually visually reviewed; not selected for the evidence page,"Review episode plus manifest/provenance, label simulation/physical scope, caption scoring rule and failures"
reports/training/franka_cup_lerobot_demos_v2/videos/chunk-000/observation.images.overhead/episode_000093.mp4,651987,Recorded training/evaluation or diagnostic imagery/video; inspect associated run metadata,First-party report artifact; depicted geometry/provenance requires per-run review,Not individually visually reviewed; not selected for the evidence page,"Review episode plus manifest/provenance, label simulation/physical scope, caption scoring rule and failures"
reports/training/franka_cup_lerobot_demos_v2/videos/chunk-000/observation.images.overhead/episode_000094.mp4,587612,Recorded training/evaluation or diagnostic imagery/video; inspect associated run metadata,First-party report artifact; depicted geometry/provenance requires per-run review,Not individually visually reviewed; not selected for the evidence page,"Review episode plus manifest/provenance, label simulation/physical scope, caption scoring rule and failures"
reports/training/franka_cup_lerobot_demos_v2/videos/chunk-000/observation.images.overhead/episode_000095.mp4,543035,Recorded training/evaluation or diagnostic imagery/video; inspect associated run metadata,First-party report artifact; depicted geometry/provenance requires per-run review,Not individually visually reviewed; not selected for the evidence page,"Review episode plus manifest/provenance, label simulation/physical scope, caption scoring rule and failures"
reports/training/franka_cup_lerobot_demos_v2/videos/chunk-000/observation.images.overhead/episode_000096.mp4,421967,Recorded training/evaluation or diagnostic imagery/video; inspect associated run metadata,First-party report artifact; depicted geometry/provenance requires per-run review,Not individually visually reviewed; not selected for the evidence page,"Review episode plus manifest/provenance, label simulation/physical scope, caption scoring rule and failures"
reports/training/franka_cup_lerobot_demos_v2/videos/chunk-000/observation.images.overhead/episode_000097.mp4,498751,Recorded training/evaluation or diagnostic imagery/video; inspect associated run metadata,First-party report artifact; depicted geometry/provenance requires per-run review,Not individually visually reviewed; not selected for the evidence page,"Review episode plus manifest/provenance, label simulation/physical scope, caption scoring rule and failures"
reports/training/franka_cup_lerobot_demos_v2/videos/chunk-000/observation.images.overhead/episode_000098.mp4,421390,Recorded training/evaluation or diagnostic imagery/video; inspect associated run metadata,First-party report artifact; depicted geometry/provenance requires per-run review,Not individually visually reviewed; not selected for the evidence page,"Review episode plus manifest/provenance, label simulation/physical scope, caption scoring rule and failures"
reports/training/franka_cup_lerobot_demos_v2/videos/chunk-000/observation.images.overhead/episode_000099.mp4,570640,Recorded training/evaluation or diagnostic imagery/video; inspect associated run metadata,First-party report artifact; depicted geometry/provenance requires per-run review,Not individually visually reviewed; not selected for the evidence page,"Review episode plus manifest/provenance, label simulation/physical scope, caption scoring rule and failures"
reports/training/franka_cup_lerobot_demos_v2/videos/chunk-000/observation.images.overhead/episode_000100.mp4,599306,Recorded training/evaluation or diagnostic imagery/video; inspect associated run metadata,First-party report artifact; depicted geometry/provenance requires per-run review,Not individually visually reviewed; not selected for the evidence page,"Review episode plus manifest/provenance, label simulation/physical scope, caption scoring rule and failures"
reports/training/franka_cup_lerobot_demos_v2/videos/chunk-000/observation.images.overhead/episode_000101.mp4,523002,Recorded training/evaluation or diagnostic imagery/video; inspect associated run metadata,First-party report artifact; depicted geometry/provenance requires per-run review,Not individually visually reviewed; not selected for the evidence page,"Review episode plus manifest/provenance, label simulation/physical scope, caption scoring rule and failures"
reports/training/franka_cup_lerobot_demos_v2/videos/chunk-000/observation.images.overhead/episode_000102.mp4,480963,Recorded training/evaluation or diagnostic imagery/video; inspect associated run metadata,First-party report artifact; depicted geometry/provenance requires per-run review,Not individually visually reviewed; not selected for the evidence page,"Review episode plus manifest/provenance, label simulation/physical scope, caption scoring rule and failures"
reports/training/franka_cup_lerobot_demos_v2/videos/chunk-000/observation.images.overhead/episode_000103.mp4,579987,Recorded training/evaluation or diagnostic imagery/video; inspect associated run metadata,First-party report artifact; depicted geometry/provenance requires per-run review,Not individually visually reviewed; not selected for the evidence page,"Review episode plus manifest/provenance, label simulation/physical scope, caption scoring rule and failures"
reports/training/franka_cup_lerobot_demos_v2/videos/chunk-000/observation.images.overhead/episode_000104.mp4,456332,Recorded training/evaluation or diagnostic imagery/video; inspect associated run metadata,First-party report artifact; depicted geometry/provenance requires per-run review,Not individually visually reviewed; not selected for the evidence page,"Review episode plus manifest/provenance, label simulation/physical scope, caption scoring rule and failures"
reports/training/franka_cup_lerobot_demos_v2/videos/chunk-000/observation.images.overhead/episode_000105.mp4,472536,Recorded training/evaluation or diagnostic imagery/video; inspect associated run metadata,First-party report artifact; depicted geometry/provenance requires per-run review,Not individually visually reviewed; not selected for the evidence page,"Review episode plus manifest/provenance, label simulation/physical scope, caption scoring rule and failures"
reports/training/franka_cup_lerobot_demos_v2/videos/chunk-000/observation.images.overhead/episode_000106.mp4,467864,Recorded training/evaluation or diagnostic imagery/video; inspect associated run metadata,First-party report artifact; depicted geometry/provenance requires per-run review,Not individually visually reviewed; not selected for the evidence page,"Review episode plus manifest/provenance, label simulation/physical scope, caption scoring rule and failures"
reports/training/franka_cup_lerobot_demos_v2/videos/chunk-000/observation.images.overhead/episode_000107.mp4,442449,Recorded training/evaluation or diagnostic imagery/video; inspect associated run metadata,First-party report artifact; depicted geometry/provenance requires per-run review,Not individually visually reviewed; not selected for the evidence page,"Review episode plus manifest/provenance, label simulation/physical scope, caption scoring rule and failures"
reports/training/franka_cup_lerobot_demos_v2/videos/chunk-000/observation.images.overhead/episode_000108.mp4,452076,Recorded training/evaluation or diagnostic imagery/video; inspect associated run metadata,First-party report artifact; depicted geometry/provenance requires per-run review,Not individually visually reviewed; not selected for the evidence page,"Review episode plus manifest/provenance, label simulation/physical scope, caption scoring rule and failures"
reports/training/franka_cup_lerobot_demos_v2/videos/chunk-000/observation.images.overhead/episode_000109.mp4,508827,Recorded training/evaluation or diagnostic imagery/video; inspect associated run metadata,First-party report artifact; depicted geometry/provenance requires per-run review,Not individually visually reviewed; not selected for the evidence page,"Review episode plus manifest/provenance, label simulation/physical scope, caption scoring rule and failures"
reports/training/franka_cup_lerobot_demos_v2/videos/chunk-000/observation.images.overhead/episode_000110.mp4,437420,Recorded training/evaluation or diagnostic imagery/video; inspect associated run metadata,First-party report artifact; depicted geometry/provenance requires per-run review,Not individually visually reviewed; not selected for the evidence page,"Review episode plus manifest/provenance, label simulation/physical scope, caption scoring rule and failures"
reports/training/franka_cup_lerobot_demos_v2/videos/chunk-000/observation.images.overhead/episode_000111.mp4,489231,Recorded training/evaluation or diagnostic imagery/video; inspect associated run metadata,First-party report artifact; depicted geometry/provenance requires per-run review,Not individually visually reviewed; not selected for the evidence page,"Review episode plus manifest/provenance, label simulation/physical scope, caption scoring rule and failures"
reports/training/franka_cup_lerobot_demos_v2/videos/chunk-000/observation.images.overhead/episode_000112.mp4,584342,Recorded training/evaluation or diagnostic imagery/video; inspect associated run metadata,First-party report artifact; depicted geometry/provenance requires per-run review,Not individually visually reviewed; not selected for the evidence page,"Review episode plus manifest/provenance, label simulation/physical scope, caption scoring rule and failures"
reports/training/franka_cup_lerobot_demos_v2/videos/chunk-000/observation.images.overhead/episode_000113.mp4,547901,Recorded training/evaluation or diagnostic imagery/video; inspect associated run metadata,First-party report artifact; depicted geometry/provenance requires per-run review,Not individually visually reviewed; not selected for the evidence page,"Review episode plus manifest/provenance, label simulation/physical scope, caption scoring rule and failures"
reports/training/franka_cup_lerobot_demos_v2/videos/chunk-000/observation.images.overhead/episode_000114.mp4,554701,Recorded training/evaluation or diagnostic imagery/video; inspect associated run metadata,First-party report artifact; depicted geometry/provenance requires per-run review,Not individually visually reviewed; not selected for the evidence page,"Review episode plus manifest/provenance, label simulation/physical scope, caption scoring rule and failures"
reports/training/franka_cup_lerobot_demos_v2/videos/chunk-000/observation.images.overhead/episode_000115.mp4,491757,Recorded training/evaluation or diagnostic imagery/video; inspect associated run metadata,First-party report artifact; depicted geometry/provenance requires per-run review,Not individually visually reviewed; not selected for the evidence page,"Review episode plus manifest/provenance, label simulation/physical scope, caption scoring rule and failures"
reports/training/franka_cup_lerobot_demos_v2/videos/chunk-000/observation.images.overhead/episode_000116.mp4,510050,Recorded training/evaluation or diagnostic imagery/video; inspect associated run metadata,First-party report artifact; depicted geometry/provenance requires per-run review,Not individually visually reviewed; not selected for the evidence page,"Review episode plus manifest/provenance, label simulation/physical scope, caption scoring rule and failures"
reports/training/franka_cup_lerobot_demos_v2/videos/chunk-000/observation.images.overhead/episode_000117.mp4,510311,Recorded training/evaluation or diagnostic imagery/video; inspect associated run metadata,First-party report artifact; depicted geometry/provenance requires per-run review,Not individually visually reviewed; not selected for the evidence page,"Review episode plus manifest/provenance, label simulation/physical scope, caption scoring rule and failures"
reports/training/franka_cup_lerobot_demos_v2/videos/chunk-000/observation.images.overhead/episode_000118.mp4,531260,Recorded training/evaluation or diagnostic imagery/video; inspect associated run metadata,First-party report artifact; depicted geometry/provenance requires per-run review,Not individually visually reviewed; not selected for the evidence page,"Review episode plus manifest/provenance, label simulation/physical scope, caption scoring rule and failures"
reports/training/franka_cup_lerobot_demos_v2/videos/chunk-000/observation.images.overhead/episode_000119.mp4,525512,Recorded training/evaluation or diagnostic imagery/video; inspect associated run metadata,First-party report artifact; depicted geometry/provenance requires per-run review,Not individually visually reviewed; not selected for the evidence page,"Review episode plus manifest/provenance, label simulation/physical scope, caption scoring rule and failures"
reports/training/franka_cup_lerobot_demos_v2/videos/chunk-000/observation.images.overhead/episode_000120.mp4,488865,Recorded training/evaluation or diagnostic imagery/video; inspect associated run metadata,First-party report artifact; depicted geometry/provenance requires per-run review,Not individually visually reviewed; not selected for the evidence page,"Review episode plus manifest/provenance, label simulation/physical scope, caption scoring rule and failures"
reports/training/franka_cup_lerobot_demos_v2/videos/chunk-000/observation.images.overhead/episode_000121.mp4,493413,Recorded training/evaluation or diagnostic imagery/video; inspect associated run metadata,First-party report artifact; depicted geometry/provenance requires per-run review,Not individually visually reviewed; not selected for the evidence page,"Review episode plus manifest/provenance, label simulation/physical scope, caption scoring rule and failures"
reports/training/franka_cup_lerobot_demos_v2/videos/chunk-000/observation.images.overhead/episode_000122.mp4,512855,Recorded training/evaluation or diagnostic imagery/video; inspect associated run metadata,First-party report artifact; depicted geometry/provenance requires per-run review,Not individually visually reviewed; not selected for the evidence page,"Review episode plus manifest/provenance, label simulation/physical scope, caption scoring rule and failures"
reports/training/franka_cup_lerobot_demos_v2/videos/chunk-000/observation.images.overhead/episode_000123.mp4,511688,Recorded training/evaluation or diagnostic imagery/video; inspect associated run metadata,First-party report artifact; depicted geometry/provenance requires per-run review,Not individually visually reviewed; not selected for the evidence page,"Review episode plus manifest/provenance, label simulation/physical scope, caption scoring rule and failures"
reports/training/franka_cup_lerobot_demos_v2/videos/chunk-000/observation.images.overhead/episode_000124.mp4,474443,Recorded training/evaluation or diagnostic imagery/video; inspect associated run metadata,First-party report artifact; depicted geometry/provenance requires per-run review,Not individually visually reviewed; not selected for the evidence page,"Review episode plus manifest/provenance, label simulation/physical scope, caption scoring rule and failures"
reports/training/franka_cup_lerobot_demos_v2/videos/chunk-000/observation.images.overhead/episode_000125.mp4,500186,Recorded training/evaluation or diagnostic imagery/video; inspect associated run metadata,First-party report artifact; depicted geometry/provenance requires per-run review,Not individually visually reviewed; not selected for the evidence page,"Review episode plus manifest/provenance, label simulation/physical scope, caption scoring rule and failures"
reports/training/franka_cup_lerobot_demos_v2/videos/chunk-000/observation.images.overhead/episode_000126.mp4,549102,Recorded training/evaluation or diagnostic imagery/video; inspect associated run metadata,First-party report artifact; depicted geometry/provenance requires per-run review,Not individually visually reviewed; not selected for the evidence page,"Review episode plus manifest/provenance, label simulation/physical scope, caption scoring rule and failures"
reports/training/franka_cup_lerobot_demos_v2/videos/chunk-000/observation.images.overhead/episode_000127.mp4,576436,Recorded training/evaluation or diagnostic imagery/video; inspect associated run metadata,First-party report artifact; depicted geometry/provenance requires per-run review,Not individually visually reviewed; not selected for the evidence page,"Review episode plus manifest/provenance, label simulation/physical scope, caption scoring rule and failures"
reports/training/franka_cup_lerobot_demos_v2/videos/chunk-000/observation.images.overhead/episode_000128.mp4,537677,Recorded training/evaluation or diagnostic imagery/video; inspect associated run metadata,First-party report artifact; depicted geometry/provenance requires per-run review,Not individually visually reviewed; not selected for the evidence page,"Review episode plus manifest/provenance, label simulation/physical scope, caption scoring rule and failures"
reports/training/franka_cup_lerobot_demos_v2/videos/chunk-000/observation.images.overhead/episode_000129.mp4,582087,Recorded training/evaluation or diagnostic imagery/video; inspect associated run metadata,First-party report artifact; depicted geometry/provenance requires per-run review,Not individually visually reviewed; not selected for the evidence page,"Review episode plus manifest/provenance, label simulation/physical scope, caption scoring rule and failures"
reports/training/franka_cup_lerobot_demos_v2/videos/chunk-000/observation.images.overhead/episode_000130.mp4,596452,Recorded training/evaluation or diagnostic imagery/video; inspect associated run metadata,First-party report artifact; depicted geometry/provenance requires per-run review,Not individually visually reviewed; not selected for the evidence page,"Review episode plus manifest/provenance, label simulation/physical scope, caption scoring rule and failures"
reports/training/franka_cup_lerobot_demos_v2/videos/chunk-000/observation.images.overhead/episode_000131.mp4,502193,Recorded training/evaluation or diagnostic imagery/video; inspect associated run metadata,First-party report artifact; depicted geometry/provenance requires per-run review,Not individually visually reviewed; not selected for the evidence page,"Review episode plus manifest/provenance, label simulation/physical scope, caption scoring rule and failures"
reports/training/franka_cup_lerobot_demos_v2/videos/chunk-000/observation.images.overhead/episode_000132.mp4,519467,Recorded training/evaluation or diagnostic imagery/video; inspect associated run metadata,First-party report artifact; depicted geometry/provenance requires per-run review,Not individually visually reviewed; not selected for the evidence page,"Review episode plus manifest/provenance, label simulation/physical scope, caption scoring rule and failures"
reports/training/franka_cup_lerobot_demos_v2/videos/chunk-000/observation.images.overhead/episode_000133.mp4,507472,Recorded training/evaluation or diagnostic imagery/video; inspect associated run metadata,First-party report artifact; depicted geometry/provenance requires per-run review,Not individually visually reviewed; not selected for the evidence page,"Review episode plus manifest/provenance, label simulation/physical scope, caption scoring rule and failures"
reports/training/franka_cup_lerobot_demos_v2/videos/chunk-000/observation.images.overhead/episode_000134.mp4,708755,Recorded training/evaluation or diagnostic imagery/video; inspect associated run metadata,First-party report artifact; depicted geometry/provenance requires per-run review,Not individually visually reviewed; not selected for the evidence page,"Review episode plus manifest/provenance, label simulation/physical scope, caption scoring rule and failures"
reports/training/franka_cup_lerobot_demos_v2/videos/chunk-000/observation.images.overhead/episode_000135.mp4,618849,Recorded training/evaluation or diagnostic imagery/video; inspect associated run metadata,First-party report artifact; depicted geometry/provenance requires per-run review,Not individually visually reviewed; not selected for the evidence page,"Review episode plus manifest/provenance, label simulation/physical scope, caption scoring rule and failures"
reports/training/franka_cup_lerobot_demos_v2/videos/chunk-000/observation.images.overhead/episode_000136.mp4,609061,Recorded training/evaluation or diagnostic imagery/video; inspect associated run metadata,First-party report artifact; depicted geometry/provenance requires per-run review,Not individually visually reviewed; not selected for the evidence page,"Review episode plus manifest/provenance, label simulation/physical scope, caption scoring rule and failures"
reports/training/franka_cup_lerobot_demos_v2/videos/chunk-000/observation.images.overhead/episode_000137.mp4,648185,Recorded training/evaluation or diagnostic imagery/video; inspect associated run metadata,First-party report artifact; depicted geometry/provenance requires per-run review,Not individually visually reviewed; not selected for the evidence page,"Review episode plus manifest/provenance, label simulation/physical scope, caption scoring rule and failures"
reports/training/franka_cup_lerobot_demos_v2/videos/chunk-000/observation.images.overhead/episode_000138.mp4,611007,Recorded training/evaluation or diagnostic imagery/video; inspect associated run metadata,First-party report artifact; depicted geometry/provenance requires per-run review,Not individually visually reviewed; not selected for the evidence page,"Review episode plus manifest/provenance, label simulation/physical scope, caption scoring rule and failures"
reports/training/franka_cup_lerobot_demos_v2/videos/chunk-000/observation.images.overhead/episode_000139.mp4,615153,Recorded training/evaluation or diagnostic imagery/video; inspect associated run metadata,First-party report artifact; depicted geometry/provenance requires per-run review,Not individually visually reviewed; not selected for the evidence page,"Review episode plus manifest/provenance, label simulation/physical scope, caption scoring rule and failures"
reports/training/franka_cup_lerobot_demos_v2/videos/chunk-000/observation.images.overhead/episode_000140.mp4,502116,Recorded training/evaluation or diagnostic imagery/video; inspect associated run metadata,First-party report artifact; depicted geometry/provenance requires per-run review,Not individually visually reviewed; not selected for the evidence page,"Review episode plus manifest/provenance, label simulation/physical scope, caption scoring rule and failures"
reports/training/franka_cup_lerobot_demos_v2/videos/chunk-000/observation.images.overhead/episode_000141.mp4,621976,Recorded training/evaluation or diagnostic imagery/video; inspect associated run metadata,First-party report artifact; depicted geometry/provenance requires per-run review,Not individually visually reviewed; not selected for the evidence page,"Review episode plus manifest/provenance, label simulation/physical scope, caption scoring rule and failures"
reports/training/franka_cup_lerobot_demos_v2/videos/chunk-000/observation.images.overhead/episode_000142.mp4,595189,Recorded training/evaluation or diagnostic imagery/video; inspect associated run metadata,First-party report artifact; depicted geometry/provenance requires per-run review,Not individually visually reviewed; not selected for the evidence page,"Review episode plus manifest/provenance, label simulation/physical scope, caption scoring rule and failures"
reports/training/franka_cup_lerobot_demos_v2/videos/chunk-000/observation.images.overhead/episode_000143.mp4,572119,Recorded training/evaluation or diagnostic imagery/video; inspect associated run metadata,First-party report artifact; depicted geometry/provenance requires per-run review,Not individually visually reviewed; not selected for the evidence page,"Review episode plus manifest/provenance, label simulation/physical scope, caption scoring rule and failures"
reports/training/franka_cup_lerobot_demos_v2/videos/chunk-000/observation.images.overhead/episode_000144.mp4,544426,Recorded training/evaluation or diagnostic imagery/video; inspect associated run metadata,First-party report artifact; depicted geometry/provenance requires per-run review,Not individually visually reviewed; not selected for the evidence page,"Review episode plus manifest/provenance, label simulation/physical scope, caption scoring rule and failures"
reports/training/franka_cup_lerobot_demos_v2/videos/chunk-000/observation.images.overhead/episode_000145.mp4,378701,Recorded training/evaluation or diagnostic imagery/video; inspect associated run metadata,First-party report artifact; depicted geometry/provenance requires per-run review,Not individually visually reviewed; not selected for the evidence page,"Review episode plus manifest/provenance, label simulation/physical scope, caption scoring rule and failures"
reports/training/franka_cup_lerobot_demos_v2/videos/chunk-000/observation.images.overhead/episode_000146.mp4,482470,Recorded training/evaluation or diagnostic imagery/video; inspect associated run metadata,First-party report artifact; depicted geometry/provenance requires per-run review,Not individually visually reviewed; not selected for the evidence page,"Review episode plus manifest/provenance, label simulation/physical scope, caption scoring rule and failures"
reports/training/franka_cup_lerobot_demos_v2/videos/chunk-000/observation.images.overhead/episode_000147.mp4,494758,Recorded training/evaluation or diagnostic imagery/video; inspect associated run metadata,First-party report artifact; depicted geometry/provenance requires per-run review,Not individually visually reviewed; not selected for the evidence page,"Review episode plus manifest/provenance, label simulation/physical scope, caption scoring rule and failures"
reports/training/franka_cup_lerobot_demos_v2/videos/chunk-000/observation.images.overhead/episode_000148.mp4,533939,Recorded training/evaluation or diagnostic imagery/video; inspect associated run metadata,First-party report artifact; depicted geometry/provenance requires per-run review,Not individually visually reviewed; not selected for the evidence page,"Review episode plus manifest/provenance, label simulation/physical scope, caption scoring rule and failures"
reports/training/franka_cup_lerobot_demos_v2/videos/chunk-000/observation.images.overhead/episode_000149.mp4,557297,Recorded training/evaluation or diagnostic imagery/video; inspect associated run metadata,First-party report artifact; depicted geometry/provenance requires per-run review,Not individually visually reviewed; not selected for the evidence page,"Review episode plus manifest/provenance, label simulation/physical scope, caption scoring rule and failures"
reports/training/franka_cup_lerobot_demos_v2/videos/chunk-000/observation.images.overhead/episode_000150.mp4,497648,Recorded training/evaluation or diagnostic imagery/video; inspect associated run metadata,First-party report artifact; depicted geometry/provenance requires per-run review,Not individually visually reviewed; not selected for the evidence page,"Review episode plus manifest/provenance, label simulation/physical scope, caption scoring rule and failures"
reports/training/franka_cup_lerobot_demos_v2/videos/chunk-000/observation.images.overhead/episode_000151.mp4,578692,Recorded training/evaluation or diagnostic imagery/video; inspect associated run metadata,First-party report artifact; depicted geometry/provenance requires per-run review,Not individually visually reviewed; not selected for the evidence page,"Review episode plus manifest/provenance, label simulation/physical scope, caption scoring rule and failures"
reports/training/franka_cup_lerobot_demos_v2/videos/chunk-000/observation.images.overhead/episode_000152.mp4,503563,Recorded training/evaluation or diagnostic imagery/video; inspect associated run metadata,First-party report artifact; depicted geometry/provenance requires per-run review,Not individually visually reviewed; not selected for the evidence page,"Review episode plus manifest/provenance, label simulation/physical scope, caption scoring rule and failures"
reports/training/franka_cup_lerobot_demos_v2/videos/chunk-000/observation.images.overhead/episode_000153.mp4,550458,Recorded training/evaluation or diagnostic imagery/video; inspect associated run metadata,First-party report artifact; depicted geometry/provenance requires per-run review,Not individually visually reviewed; not selected for the evidence page,"Review episode plus manifest/provenance, label simulation/physical scope, caption scoring rule and failures"
reports/training/franka_cup_lerobot_demos_v2/videos/chunk-000/observation.images.overhead/episode_000154.mp4,542888,Recorded training/evaluation or diagnostic imagery/video; inspect associated run metadata,First-party report artifact; depicted geometry/provenance requires per-run review,Not individually visually reviewed; not selected for the evidence page,"Review episode plus manifest/provenance, label simulation/physical scope, caption scoring rule and failures"
reports/training/franka_cup_lerobot_demos_v2/videos/chunk-000/observation.images.overhead/episode_000155.mp4,521637,Recorded training/evaluation or diagnostic imagery/video; inspect associated run metadata,First-party report artifact; depicted geometry/provenance requires per-run review,Not individually visually reviewed; not selected for the evidence page,"Review episode plus manifest/provenance, label simulation/physical scope, caption scoring rule and failures"
reports/training/franka_cup_lerobot_demos_v2/videos/chunk-000/observation.images.overhead/episode_000156.mp4,566696,Recorded training/evaluation or diagnostic imagery/video; inspect associated run metadata,First-party report artifact; depicted geometry/provenance requires per-run review,Not individually visually reviewed; not selected for the evidence page,"Review episode plus manifest/provenance, label simulation/physical scope, caption scoring rule and failures"
reports/training/franka_cup_lerobot_demos_v2/videos/chunk-000/observation.images.overhead/episode_000157.mp4,529514,Recorded training/evaluation or diagnostic imagery/video; inspect associated run metadata,First-party report artifact; depicted geometry/provenance requires per-run review,Not individually visually reviewed; not selected for the evidence page,"Review episode plus manifest/provenance, label simulation/physical scope, caption scoring rule and failures"
reports/training/franka_cup_lerobot_demos_v2/videos/chunk-000/observation.images.overhead/episode_000158.mp4,611794,Recorded training/evaluation or diagnostic imagery/video; inspect associated run metadata,First-party report artifact; depicted geometry/provenance requires per-run review,Not individually visually reviewed; not selected for the evidence page,"Review episode plus manifest/provenance, label simulation/physical scope, caption scoring rule and failures"
reports/training/franka_cup_lerobot_demos_v2/videos/chunk-000/observation.images.overhead/episode_000159.mp4,596136,Recorded training/evaluation or diagnostic imagery/video; inspect associated run metadata,First-party report artifact; depicted geometry/provenance requires per-run review,Not individually visually reviewed; not selected for the evidence page,"Review episode plus manifest/provenance, label simulation/physical scope, caption scoring rule and failures"
reports/training/franka_cup_lerobot_demos_v2/videos/chunk-000/observation.images.overhead/episode_000160.mp4,435214,Recorded training/evaluation or diagnostic imagery/video; inspect associated run metadata,First-party report artifact; depicted geometry/provenance requires per-run review,Not individually visually reviewed; not selected for the evidence page,"Review episode plus manifest/provenance, label simulation/physical scope, caption scoring rule and failures"
reports/training/franka_cup_lerobot_demos_v2/videos/chunk-000/observation.images.overhead/episode_000161.mp4,512036,Recorded training/evaluation or diagnostic imagery/video; inspect associated run metadata,First-party report artifact; depicted geometry/provenance requires per-run review,Not individually visually reviewed; not selected for the evidence page,"Review episode plus manifest/provenance, label simulation/physical scope, caption scoring rule and failures"
reports/training/franka_cup_lerobot_demos_v2/videos/chunk-000/observation.images.overhead/episode_000162.mp4,611143,Recorded training/evaluation or diagnostic imagery/video; inspect associated run metadata,First-party report artifact; depicted geometry/provenance requires per-run review,Not individually visually reviewed; not selected for the evidence page,"Review episode plus manifest/provenance, label simulation/physical scope, caption scoring rule and failures"
reports/training/franka_cup_lerobot_demos_v2/videos/chunk-000/observation.images.overhead/episode_000163.mp4,540932,Recorded training/evaluation or diagnostic imagery/video; inspect associated run metadata,First-party report artifact; depicted geometry/provenance requires per-run review,Not individually visually reviewed; not selected for the evidence page,"Review episode plus manifest/provenance, label simulation/physical scope, caption scoring rule and failures"
reports/training/franka_cup_lerobot_demos_v2/videos/chunk-000/observation.images.overhead/episode_000164.mp4,717805,Recorded training/evaluation or diagnostic imagery/video; inspect associated run metadata,First-party report artifact; depicted geometry/provenance requires per-run review,Not individually visually reviewed; not selected for the evidence page,"Review episode plus manifest/provenance, label simulation/physical scope, caption scoring rule and failures"
reports/training/franka_cup_lerobot_demos_v2/videos/chunk-000/observation.images.overhead/episode_000165.mp4,905403,Recorded training/evaluation or diagnostic imagery/video; inspect associated run metadata,First-party report artifact; depicted geometry/provenance requires per-run review,Not individually visually reviewed; not selected for the evidence page,"Review episode plus manifest/provenance, label simulation/physical scope, caption scoring rule and failures"
reports/training/franka_cup_lerobot_demos_v2/videos/chunk-000/observation.images.overhead/episode_000166.mp4,641304,Recorded training/evaluation or diagnostic imagery/video; inspect associated run metadata,First-party report artifact; depicted geometry/provenance requires per-run review,Not individually visually reviewed; not selected for the evidence page,"Review episode plus manifest/provenance, label simulation/physical scope, caption scoring rule and failures"
reports/training/franka_cup_lerobot_demos_v2/videos/chunk-000/observation.images.overhead/episode_000167.mp4,626936,Recorded training/evaluation or diagnostic imagery/video; inspect associated run metadata,First-party report artifact; depicted geometry/provenance requires per-run review,Not individually visually reviewed; not selected for the evidence page,"Review episode plus manifest/provenance, label simulation/physical scope, caption scoring rule and failures"
reports/training/franka_cup_lerobot_demos_v2/videos/chunk-000/observation.images.overhead/episode_000168.mp4,615183,Recorded training/evaluation or diagnostic imagery/video; inspect associated run metadata,First-party report artifact; depicted geometry/provenance requires per-run review,Not individually visually reviewed; not selected for the evidence page,"Review episode plus manifest/provenance, label simulation/physical scope, caption scoring rule and failures"
reports/training/franka_cup_lerobot_demos_v2/videos/chunk-000/observation.images.overhead/episode_000169.mp4,511758,Recorded training/evaluation or diagnostic imagery/video; inspect associated run metadata,First-party report artifact; depicted geometry/provenance requires per-run review,Not individually visually reviewed; not selected for the evidence page,"Review episode plus manifest/provenance, label simulation/physical scope, caption scoring rule and failures"
reports/training/franka_cup_lerobot_demos_v2/videos/chunk-000/observation.images.overhead/episode_000170.mp4,456629,Recorded training/evaluation or diagnostic imagery/video; inspect associated run metadata,First-party report artifact; depicted geometry/provenance requires per-run review,Not individually visually reviewed; not selected for the evidence page,"Review episode plus manifest/provenance, label simulation/physical scope, caption scoring rule and failures"
reports/training/franka_cup_lerobot_demos_v2/videos/chunk-000/observation.images.overhead/episode_000171.mp4,510152,Recorded training/evaluation or diagnostic imagery/video; inspect associated run metadata,First-party report artifact; depicted geometry/provenance requires per-run review,Not individually visually reviewed; not selected for the evidence page,"Review episode plus manifest/provenance, label simulation/physical scope, caption scoring rule and failures"
reports/training/franka_cup_lerobot_demos_v2/videos/chunk-000/observation.images.overhead/episode_000172.mp4,525241,Recorded training/evaluation or diagnostic imagery/video; inspect associated run metadata,First-party report artifact; depicted geometry/provenance requires per-run review,Not individually visually reviewed; not selected for the evidence page,"Review episode plus manifest/provenance, label simulation/physical scope, caption scoring rule and failures"
reports/training/franka_cup_lerobot_demos_v2/videos/chunk-000/observation.images.overhead/episode_000173.mp4,525909,Recorded training/evaluation or diagnostic imagery/video; inspect associated run metadata,First-party report artifact; depicted geometry/provenance requires per-run review,Not individually visually reviewed; not selected for the evidence page,"Review episode plus manifest/provenance, label simulation/physical scope, caption scoring rule and failures"
reports/training/franka_cup_lerobot_demos_v2/videos/chunk-000/observation.images.overhead/episode_000174.mp4,519588,Recorded training/evaluation or diagnostic imagery/video; inspect associated run metadata,First-party report artifact; depicted geometry/provenance requires per-run review,Not individually visually reviewed; not selected for the evidence page,"Review episode plus manifest/provenance, label simulation/physical scope, caption scoring rule and failures"
reports/training/franka_cup_lerobot_demos_v2/videos/chunk-000/observation.images.overhead/episode_000175.mp4,435589,Recorded training/evaluation or diagnostic imagery/video; inspect associated run metadata,First-party report artifact; depicted geometry/provenance requires per-run review,Not individually visually reviewed; not selected for the evidence page,"Review episode plus manifest/provenance, label simulation/physical scope, caption scoring rule and failures"
reports/training/franka_cup_lerobot_demos_v2/videos/chunk-000/observation.images.overhead/episode_000176.mp4,531460,Recorded training/evaluation or diagnostic imagery/video; inspect associated run metadata,First-party report artifact; depicted geometry/provenance requires per-run review,Not individually visually reviewed; not selected for the evidence page,"Review episode plus manifest/provenance, label simulation/physical scope, caption scoring rule and failures"
reports/training/franka_cup_lerobot_demos_v2/videos/chunk-000/observation.images.overhead/episode_000177.mp4,452199,Recorded training/evaluation or diagnostic imagery/video; inspect associated run metadata,First-party report artifact; depicted geometry/provenance requires per-run review,Not individually visually reviewed; not selected for the evidence page,"Review episode plus manifest/provenance, label simulation/physical scope, caption scoring rule and failures"
reports/training/franka_cup_lerobot_demos_v2/videos/chunk-000/observation.images.overhead/episode_000178.mp4,497784,Recorded training/evaluation or diagnostic imagery/video; inspect associated run metadata,First-party report artifact; depicted geometry/provenance requires per-run review,Not individually visually reviewed; not selected for the evidence page,"Review episode plus manifest/provenance, label simulation/physical scope, caption scoring rule and failures"
reports/training/franka_cup_lerobot_demos_v2/videos/chunk-000/observation.images.overhead/episode_000179.mp4,759282,Recorded training/evaluation or diagnostic imagery/video; inspect associated run metadata,First-party report artifact; depicted geometry/provenance requires per-run review,Not individually visually reviewed; not selected for the evidence page,"Review episode plus manifest/provenance, label simulation/physical scope, caption scoring rule and failures"
reports/training/franka_cup_lerobot_demos_v2/videos/chunk-000/observation.images.overhead/episode_000180.mp4,441157,Recorded training/evaluation or diagnostic imagery/video; inspect associated run metadata,First-party report artifact; depicted geometry/provenance requires per-run review,Not individually visually reviewed; not selected for the evidence page,"Review episode plus manifest/provenance, label simulation/physical scope, caption scoring rule and failures"
reports/training/franka_cup_lerobot_demos_v2/videos/chunk-000/observation.images.overhead/episode_000181.mp4,400793,Recorded training/evaluation or diagnostic imagery/video; inspect associated run metadata,First-party report artifact; depicted geometry/provenance requires per-run review,Not individually visually reviewed; not selected for the evidence page,"Review episode plus manifest/provenance, label simulation/physical scope, caption scoring rule and failures"
reports/training/franka_cup_lerobot_demos_v2/videos/chunk-000/observation.images.overhead/episode_000182.mp4,619215,Recorded training/evaluation or diagnostic imagery/video; inspect associated run metadata,First-party report artifact; depicted geometry/provenance requires per-run review,Not individually visually reviewed; not selected for the evidence page,"Review episode plus manifest/provenance, label simulation/physical scope, caption scoring rule and failures"
reports/training/franka_cup_lerobot_demos_v2/videos/chunk-000/observation.images.overhead/episode_000183.mp4,472900,Recorded training/evaluation or diagnostic imagery/video; inspect associated run metadata,First-party report artifact; depicted geometry/provenance requires per-run review,Not individually visually reviewed; not selected for the evidence page,"Review episode plus manifest/provenance, label simulation/physical scope, caption scoring rule and failures"
reports/training/franka_cup_lerobot_demos_v2/videos/chunk-000/observation.images.overhead/episode_000184.mp4,599900,Recorded training/evaluation or diagnostic imagery/video; inspect associated run metadata,First-party report artifact; depicted geometry/provenance requires per-run review,Not individually visually reviewed; not selected for the evidence page,"Review episode plus manifest/provenance, label simulation/physical scope, caption scoring rule and failures"
reports/training/franka_cup_lerobot_demos_v2/videos/chunk-000/observation.images.overhead/episode_000185.mp4,458335,Recorded training/evaluation or diagnostic imagery/video; inspect associated run metadata,First-party report artifact; depicted geometry/provenance requires per-run review,Not individually visually reviewed; not selected for the evidence page,"Review episode plus manifest/provenance, label simulation/physical scope, caption scoring rule and failures"
reports/training/franka_cup_lerobot_demos_v2/videos/chunk-000/observation.images.overhead/episode_000186.mp4,689659,Recorded training/evaluation or diagnostic imagery/video; inspect associated run metadata,First-party report artifact; depicted geometry/provenance requires per-run review,Not individually visually reviewed; not selected for the evidence page,"Review episode plus manifest/provenance, label simulation/physical scope, caption scoring rule and failures"
reports/training/franka_cup_lerobot_demos_v2/videos/chunk-000/observation.images.overhead/episode_000187.mp4,529429,Recorded training/evaluation or diagnostic imagery/video; inspect associated run metadata,First-party report artifact; depicted geometry/provenance requires per-run review,Not individually visually reviewed; not selected for the evidence page,"Review episode plus manifest/provenance, label simulation/physical scope, caption scoring rule and failures"
reports/training/franka_cup_lerobot_demos_v2/videos/chunk-000/observation.images.overhead/episode_000188.mp4,477547,Recorded training/evaluation or diagnostic imagery/video; inspect associated run metadata,First-party report artifact; depicted geometry/provenance requires per-run review,Not individually visually reviewed; not selected for the evidence page,"Review episode plus manifest/provenance, label simulation/physical scope, caption scoring rule and failures"
reports/training/franka_cup_lerobot_demos_v2/videos/chunk-000/observation.images.overhead/episode_000189.mp4,530420,Recorded training/evaluation or diagnostic imagery/video; inspect associated run metadata,First-party report artifact; depicted geometry/provenance requires per-run review,Not individually visually reviewed; not selected for the evidence page,"Review episode plus manifest/provenance, label simulation/physical scope, caption scoring rule and failures"
reports/training/franka_cup_lerobot_demos_v2/videos/chunk-000/observation.images.overhead/episode_000190.mp4,578940,Recorded training/evaluation or diagnostic imagery/video; inspect associated run metadata,First-party report artifact; depicted geometry/provenance requires per-run review,Not individually visually reviewed; not selected for the evidence page,"Review episode plus manifest/provenance, label simulation/physical scope, caption scoring rule and failures"
reports/training/franka_cup_lerobot_demos_v2/videos/chunk-000/observation.images.overhead/episode_000191.mp4,562425,Recorded training/evaluation or diagnostic imagery/video; inspect associated run metadata,First-party report artifact; depicted geometry/provenance requires per-run review,Not individually visually reviewed; not selected for the evidence page,"Review episode plus manifest/provenance, label simulation/physical scope, caption scoring rule and failures"
reports/training/franka_cup_lerobot_demos_v2/videos/chunk-000/observation.images.overhead/episode_000192.mp4,571673,Recorded training/evaluation or diagnostic imagery/video; inspect associated run metadata,First-party report artifact; depicted geometry/provenance requires per-run review,Not individually visually reviewed; not selected for the evidence page,"Review episode plus manifest/provenance, label simulation/physical scope, caption scoring rule and failures"
reports/training/franka_cup_lerobot_demos_v2/videos/chunk-000/observation.images.overhead/episode_000193.mp4,514465,Recorded training/evaluation or diagnostic imagery/video; inspect associated run metadata,First-party report artifact; depicted geometry/provenance requires per-run review,Not individually visually reviewed; not selected for the evidence page,"Review episode plus manifest/provenance, label simulation/physical scope, caption scoring rule and failures"
reports/training/franka_cup_lerobot_demos_v2/videos/chunk-000/observation.images.overhead/episode_000194.mp4,542393,Recorded training/evaluation or diagnostic imagery/video; inspect associated run metadata,First-party report artifact; depicted geometry/provenance requires per-run review,Not individually visually reviewed; not selected for the evidence page,"Review episode plus manifest/provenance, label simulation/physical scope, caption scoring rule and failures"
reports/training/franka_cup_lerobot_demos_v2/videos/chunk-000/observation.images.overhead/episode_000195.mp4,564308,Recorded training/evaluation or diagnostic imagery/video; inspect associated run metadata,First-party report artifact; depicted geometry/provenance requires per-run review,Not individually visually reviewed; not selected for the evidence page,"Review episode plus manifest/provenance, label simulation/physical scope, caption scoring rule and failures"
reports/training/franka_cup_lerobot_demos_v2/videos/chunk-000/observation.images.overhead/episode_000196.mp4,537927,Recorded training/evaluation or diagnostic imagery/video; inspect associated run metadata,First-party report artifact; depicted geometry/provenance requires per-run review,Not individually visually reviewed; not selected for the evidence page,"Review episode plus manifest/provenance, label simulation/physical scope, caption scoring rule and failures"
reports/training/franka_cup_lerobot_demos_v2/videos/chunk-000/observation.images.overhead/episode_000197.mp4,560198,Recorded training/evaluation or diagnostic imagery/video; inspect associated run metadata,First-party report artifact; depicted geometry/provenance requires per-run review,Not individually visually reviewed; not selected for the evidence page,"Review episode plus manifest/provenance, label simulation/physical scope, caption scoring rule and failures"
reports/training/franka_cup_lerobot_demos_v2/videos/chunk-000/observation.images.overhead/episode_000198.mp4,549990,Recorded training/evaluation or diagnostic imagery/video; inspect associated run metadata,First-party report artifact; depicted geometry/provenance requires per-run review,Not individually visually reviewed; not selected for the evidence page,"Review episode plus manifest/provenance, label simulation/physical scope, caption scoring rule and failures"
reports/training/franka_cup_lerobot_demos_v2/videos/chunk-000/observation.images.overhead/episode_000199.mp4,613694,Recorded training/evaluation or diagnostic imagery/video; inspect associated run metadata,First-party report artifact; depicted geometry/provenance requires per-run review,Not individually visually reviewed; not selected for the evidence page,"Review episode plus manifest/provenance, label simulation/physical scope, caption scoring rule and failures"
reports/training/franka_cup_lerobot_demos_v2/videos/chunk-000/observation.images.wrist/episode_000000.mp4,315437,Recorded training/evaluation or diagnostic imagery/video; inspect associated run metadata,First-party report artifact; depicted geometry/provenance requires per-run review,Not individually visually reviewed; not selected for the evidence page,"Review episode plus manifest/provenance, label simulation/physical scope, caption scoring rule and failures"
reports/training/franka_cup_lerobot_demos_v2/videos/chunk-000/observation.images.wrist/episode_000001.mp4,296901,Recorded training/evaluation or diagnostic imagery/video; inspect associated run metadata,First-party report artifact; depicted geometry/provenance requires per-run review,Not individually visually reviewed; not selected for the evidence page,"Review episode plus manifest/provenance, label simulation/physical scope, caption scoring rule and failures"
reports/training/franka_cup_lerobot_demos_v2/videos/chunk-000/observation.images.wrist/episode_000002.mp4,272872,Recorded training/evaluation or diagnostic imagery/video; inspect associated run metadata,First-party report artifact; depicted geometry/provenance requires per-run review,Not individually visually reviewed; not selected for the evidence page,"Review episode plus manifest/provenance, label simulation/physical scope, caption scoring rule and failures"
reports/training/franka_cup_lerobot_demos_v2/videos/chunk-000/observation.images.wrist/episode_000003.mp4,295208,Recorded training/evaluation or diagnostic imagery/video; inspect associated run metadata,First-party report artifact; depicted geometry/provenance requires per-run review,Not individually visually reviewed; not selected for the evidence page,"Review episode plus manifest/provenance, label simulation/physical scope, caption scoring rule and failures"
reports/training/franka_cup_lerobot_demos_v2/videos/chunk-000/observation.images.wrist/episode_000004.mp4,309354,Recorded training/evaluation or diagnostic imagery/video; inspect associated run metadata,First-party report artifact; depicted geometry/provenance requires per-run review,Not individually visually reviewed; not selected for the evidence page,"Review episode plus manifest/provenance, label simulation/physical scope, caption scoring rule and failures"
reports/training/franka_cup_lerobot_demos_v2/videos/chunk-000/observation.images.wrist/episode_000005.mp4,282933,Recorded training/evaluation or diagnostic imagery/video; inspect associated run metadata,First-party report artifact; depicted geometry/provenance requires per-run review,Not individually visually reviewed; not selected for the evidence page,"Review episode plus manifest/provenance, label simulation/physical scope, caption scoring rule and failures"
reports/training/franka_cup_lerobot_demos_v2/videos/chunk-000/observation.images.wrist/episode_000006.mp4,334845,Recorded training/evaluation or diagnostic imagery/video; inspect associated run metadata,First-party report artifact; depicted geometry/provenance requires per-run review,Not individually visually reviewed; not selected for the evidence page,"Review episode plus manifest/provenance, label simulation/physical scope, caption scoring rule and failures"
reports/training/franka_cup_lerobot_demos_v2/videos/chunk-000/observation.images.wrist/episode_000007.mp4,287035,Recorded training/evaluation or diagnostic imagery/video; inspect associated run metadata,First-party report artifact; depicted geometry/provenance requires per-run review,Not individually visually reviewed; not selected for the evidence page,"Review episode plus manifest/provenance, label simulation/physical scope, caption scoring rule and failures"
reports/training/franka_cup_lerobot_demos_v2/videos/chunk-000/observation.images.wrist/episode_000008.mp4,312805,Recorded training/evaluation or diagnostic imagery/video; inspect associated run metadata,First-party report artifact; depicted geometry/provenance requires per-run review,Not individually visually reviewed; not selected for the evidence page,"Review episode plus manifest/provenance, label simulation/physical scope, caption scoring rule and failures"
reports/training/franka_cup_lerobot_demos_v2/videos/chunk-000/observation.images.wrist/episode_000009.mp4,299745,Recorded training/evaluation or diagnostic imagery/video; inspect associated run metadata,First-party report artifact; depicted geometry/provenance requires per-run review,Not individually visually reviewed; not selected for the evidence page,"Review episode plus manifest/provenance, label simulation/physical scope, caption scoring rule and failures"
reports/training/franka_cup_lerobot_demos_v2/videos/chunk-000/observation.images.wrist/episode_000010.mp4,357541,Recorded training/evaluation or diagnostic imagery/video; inspect associated run metadata,First-party report artifact; depicted geometry/provenance requires per-run review,Not individually visually reviewed; not selected for the evidence page,"Review episode plus manifest/provenance, label simulation/physical scope, caption scoring rule and failures"
reports/training/franka_cup_lerobot_demos_v2/videos/chunk-000/observation.images.wrist/episode_000011.mp4,303435,Recorded training/evaluation or diagnostic imagery/video; inspect associated run metadata,First-party report artifact; depicted geometry/provenance requires per-run review,Not individually visually reviewed; not selected for the evidence page,"Review episode plus manifest/provenance, label simulation/physical scope, caption scoring rule and failures"
reports/training/franka_cup_lerobot_demos_v2/videos/chunk-000/observation.images.wrist/episode_000012.mp4,276550,Recorded training/evaluation or diagnostic imagery/video; inspect associated run metadata,First-party report artifact; depicted geometry/provenance requires per-run review,Not individually visually reviewed; not selected for the evidence page,"Review episode plus manifest/provenance, label simulation/physical scope, caption scoring rule and failures"
reports/training/franka_cup_lerobot_demos_v2/videos/chunk-000/observation.images.wrist/episode_000013.mp4,353547,Recorded training/evaluation or diagnostic imagery/video; inspect associated run metadata,First-party report artifact; depicted geometry/provenance requires per-run review,Not individually visually reviewed; not selected for the evidence page,"Review episode plus manifest/provenance, label simulation/physical scope, caption scoring rule and failures"
reports/training/franka_cup_lerobot_demos_v2/videos/chunk-000/observation.images.wrist/episode_000014.mp4,355068,Recorded training/evaluation or diagnostic imagery/video; inspect associated run metadata,First-party report artifact; depicted geometry/provenance requires per-run review,Not individually visually reviewed; not selected for the evidence page,"Review episode plus manifest/provenance, label simulation/physical scope, caption scoring rule and failures"
reports/training/franka_cup_lerobot_demos_v2/videos/chunk-000/observation.images.wrist/episode_000015.mp4,471540,Recorded training/evaluation or diagnostic imagery/video; inspect associated run metadata,First-party report artifact; depicted geometry/provenance requires per-run review,Not individually visually reviewed; not selected for the evidence page,"Review episode plus manifest/provenance, label simulation/physical scope, caption scoring rule and failures"
reports/training/franka_cup_lerobot_demos_v2/videos/chunk-000/observation.images.wrist/episode_000016.mp4,307931,Recorded training/evaluation or diagnostic imagery/video; inspect associated run metadata,First-party report artifact; depicted geometry/provenance requires per-run review,Not individually visually reviewed; not selected for the evidence page,"Review episode plus manifest/provenance, label simulation/physical scope, caption scoring rule and failures"
reports/training/franka_cup_lerobot_demos_v2/videos/chunk-000/observation.images.wrist/episode_000017.mp4,360739,Recorded training/evaluation or diagnostic imagery/video; inspect associated run metadata,First-party report artifact; depicted geometry/provenance requires per-run review,Not individually visually reviewed; not selected for the evidence page,"Review episode plus manifest/provenance, label simulation/physical scope, caption scoring rule and failures"
reports/training/franka_cup_lerobot_demos_v2/videos/chunk-000/observation.images.wrist/episode_000018.mp4,393628,Recorded training/evaluation or diagnostic imagery/video; inspect associated run metadata,First-party report artifact; depicted geometry/provenance requires per-run review,Not individually visually reviewed; not selected for the evidence page,"Review episode plus manifest/provenance, label simulation/physical scope, caption scoring rule and failures"
reports/training/franka_cup_lerobot_demos_v2/videos/chunk-000/observation.images.wrist/episode_000019.mp4,407638,Recorded training/evaluation or diagnostic imagery/video; inspect associated run metadata,First-party report artifact; depicted geometry/provenance requires per-run review,Not individually visually reviewed; not selected for the evidence page,"Review episode plus manifest/provenance, label simulation/physical scope, caption scoring rule and failures"
reports/training/franka_cup_lerobot_demos_v2/videos/chunk-000/observation.images.wrist/episode_000020.mp4,331561,Recorded training/evaluation or diagnostic imagery/video; inspect associated run metadata,First-party report artifact; depicted geometry/provenance requires per-run review,Not individually visually reviewed; not selected for the evidence page,"Review episode plus manifest/provenance, label simulation/physical scope, caption scoring rule and failures"
reports/training/franka_cup_lerobot_demos_v2/videos/chunk-000/observation.images.wrist/episode_000021.mp4,331456,Recorded training/evaluation or diagnostic imagery/video; inspect associated run metadata,First-party report artifact; depicted geometry/provenance requires per-run review,Not individually visually reviewed; not selected for the evidence page,"Review episode plus manifest/provenance, label simulation/physical scope, caption scoring rule and failures"
reports/training/franka_cup_lerobot_demos_v2/videos/chunk-000/observation.images.wrist/episode_000022.mp4,302413,Recorded training/evaluation or diagnostic imagery/video; inspect associated run metadata,First-party report artifact; depicted geometry/provenance requires per-run review,Not individually visually reviewed; not selected for the evidence page,"Review episode plus manifest/provenance, label simulation/physical scope, caption scoring rule and failures"
reports/training/franka_cup_lerobot_demos_v2/videos/chunk-000/observation.images.wrist/episode_000023.mp4,340643,Recorded training/evaluation or diagnostic imagery/video; inspect associated run metadata,First-party report artifact; depicted geometry/provenance requires per-run review,Not individually visually reviewed; not selected for the evidence page,"Review episode plus manifest/provenance, label simulation/physical scope, caption scoring rule and failures"
reports/training/franka_cup_lerobot_demos_v2/videos/chunk-000/observation.images.wrist/episode_000024.mp4,324678,Recorded training/evaluation or diagnostic imagery/video; inspect associated run metadata,First-party report artifact; depicted geometry/provenance requires per-run review,Not individually visually reviewed; not selected for the evidence page,"Review episode plus manifest/provenance, label simulation/physical scope, caption scoring rule and failures"
reports/training/franka_cup_lerobot_demos_v2/videos/chunk-000/observation.images.wrist/episode_000025.mp4,324082,Recorded training/evaluation or diagnostic imagery/video; inspect associated run metadata,First-party report artifact; depicted geometry/provenance requires per-run review,Not individually visually reviewed; not selected for the evidence page,"Review episode plus manifest/provenance, label simulation/physical scope, caption scoring rule and failures"
reports/training/franka_cup_lerobot_demos_v2/videos/chunk-000/observation.images.wrist/episode_000026.mp4,419344,Recorded training/evaluation or diagnostic imagery/video; inspect associated run metadata,First-party report artifact; depicted geometry/provenance requires per-run review,Not individually visually reviewed; not selected for the evidence page,"Review episode plus manifest/provenance, label simulation/physical scope, caption scoring rule and failures"
reports/training/franka_cup_lerobot_demos_v2/videos/chunk-000/observation.images.wrist/episode_000027.mp4,374822,Recorded training/evaluation or diagnostic imagery/video; inspect associated run metadata,First-party report artifact; depicted geometry/provenance requires per-run review,Not individually visually reviewed; not selected for the evidence page,"Review episode plus manifest/provenance, label simulation/physical scope, caption scoring rule and failures"
reports/training/franka_cup_lerobot_demos_v2/videos/chunk-000/observation.images.wrist/episode_000028.mp4,392637,Recorded training/evaluation or diagnostic imagery/video; inspect associated run metadata,First-party report artifact; depicted geometry/provenance requires per-run review,Not individually visually reviewed; not selected for the evidence page,"Review episode plus manifest/provenance, label simulation/physical scope, caption scoring rule and failures"
reports/training/franka_cup_lerobot_demos_v2/videos/chunk-000/observation.images.wrist/episode_000029.mp4,372291,Recorded training/evaluation or diagnostic imagery/video; inspect associated run metadata,First-party report artifact; depicted geometry/provenance requires per-run review,Not individually visually reviewed; not selected for the evidence page,"Review episode plus manifest/provenance, label simulation/physical scope, caption scoring rule and failures"
reports/training/franka_cup_lerobot_demos_v2/videos/chunk-000/observation.images.wrist/episode_000030.mp4,296294,Recorded training/evaluation or diagnostic imagery/video; inspect associated run metadata,First-party report artifact; depicted geometry/provenance requires per-run review,Not individually visually reviewed; not selected for the evidence page,"Review episode plus manifest/provenance, label simulation/physical scope, caption scoring rule and failures"
reports/training/franka_cup_lerobot_demos_v2/videos/chunk-000/observation.images.wrist/episode_000031.mp4,347833,Recorded training/evaluation or diagnostic imagery/video; inspect associated run metadata,First-party report artifact; depicted geometry/provenance requires per-run review,Not individually visually reviewed; not selected for the evidence page,"Review episode plus manifest/provenance, label simulation/physical scope, caption scoring rule and failures"
reports/training/franka_cup_lerobot_demos_v2/videos/chunk-000/observation.images.wrist/episode_000032.mp4,321727,Recorded training/evaluation or diagnostic imagery/video; inspect associated run metadata,First-party report artifact; depicted geometry/provenance requires per-run review,Not individually visually reviewed; not selected for the evidence page,"Review episode plus manifest/provenance, label simulation/physical scope, caption scoring rule and failures"
reports/training/franka_cup_lerobot_demos_v2/videos/chunk-000/observation.images.wrist/episode_000033.mp4,264892,Recorded training/evaluation or diagnostic imagery/video; inspect associated run metadata,First-party report artifact; depicted geometry/provenance requires per-run review,Not individually visually reviewed; not selected for the evidence page,"Review episode plus manifest/provenance, label simulation/physical scope, caption scoring rule and failures"
reports/training/franka_cup_lerobot_demos_v2/videos/chunk-000/observation.images.wrist/episode_000034.mp4,339361,Recorded training/evaluation or diagnostic imagery/video; inspect associated run metadata,First-party report artifact; depicted geometry/provenance requires per-run review,Not individually visually reviewed; not selected for the evidence page,"Review episode plus manifest/provenance, label simulation/physical scope, caption scoring rule and failures"
reports/training/franka_cup_lerobot_demos_v2/videos/chunk-000/observation.images.wrist/episode_000035.mp4,276042,Recorded training/evaluation or diagnostic imagery/video; inspect associated run metadata,First-party report artifact; depicted geometry/provenance requires per-run review,Not individually visually reviewed; not selected for the evidence page,"Review episode plus manifest/provenance, label simulation/physical scope, caption scoring rule and failures"
reports/training/franka_cup_lerobot_demos_v2/videos/chunk-000/observation.images.wrist/episode_000036.mp4,348958,Recorded training/evaluation or diagnostic imagery/video; inspect associated run metadata,First-party report artifact; depicted geometry/provenance requires per-run review,Not individually visually reviewed; not selected for the evidence page,"Review episode plus manifest/provenance, label simulation/physical scope, caption scoring rule and failures"
reports/training/franka_cup_lerobot_demos_v2/videos/chunk-000/observation.images.wrist/episode_000037.mp4,447927,Recorded training/evaluation or diagnostic imagery/video; inspect associated run metadata,First-party report artifact; depicted geometry/provenance requires per-run review,Not individually visually reviewed; not selected for the evidence page,"Review episode plus manifest/provenance, label simulation/physical scope, caption scoring rule and failures"
reports/training/franka_cup_lerobot_demos_v2/videos/chunk-000/observation.images.wrist/episode_000038.mp4,358644,Recorded training/evaluation or diagnostic imagery/video; inspect associated run metadata,First-party report artifact; depicted geometry/provenance requires per-run review,Not individually visually reviewed; not selected for the evidence page,"Review episode plus manifest/provenance, label simulation/physical scope, caption scoring rule and failures"
reports/training/franka_cup_lerobot_demos_v2/videos/chunk-000/observation.images.wrist/episode_000039.mp4,376219,Recorded training/evaluation or diagnostic imagery/video; inspect associated run metadata,First-party report artifact; depicted geometry/provenance requires per-run review,Not individually visually reviewed; not selected for the evidence page,"Review episode plus manifest/provenance, label simulation/physical scope, caption scoring rule and failures"
reports/training/franka_cup_lerobot_demos_v2/videos/chunk-000/observation.images.wrist/episode_000040.mp4,474539,Recorded training/evaluation or diagnostic imagery/video; inspect associated run metadata,First-party report artifact; depicted geometry/provenance requires per-run review,Not individually visually reviewed; not selected for the evidence page,"Review episode plus manifest/provenance, label simulation/physical scope, caption scoring rule and failures"
reports/training/franka_cup_lerobot_demos_v2/videos/chunk-000/observation.images.wrist/episode_000041.mp4,400765,Recorded training/evaluation or diagnostic imagery/video; inspect associated run metadata,First-party report artifact; depicted geometry/provenance requires per-run review,Not individually visually reviewed; not selected for the evidence page,"Review episode plus manifest/provenance, label simulation/physical scope, caption scoring rule and failures"
reports/training/franka_cup_lerobot_demos_v2/videos/chunk-000/observation.images.wrist/episode_000042.mp4,352270,Recorded training/evaluation or diagnostic imagery/video; inspect associated run metadata,First-party report artifact; depicted geometry/provenance requires per-run review,Not individually visually reviewed; not selected for the evidence page,"Review episode plus manifest/provenance, label simulation/physical scope, caption scoring rule and failures"
reports/training/franka_cup_lerobot_demos_v2/videos/chunk-000/observation.images.wrist/episode_000043.mp4,387100,Recorded training/evaluation or diagnostic imagery/video; inspect associated run metadata,First-party report artifact; depicted geometry/provenance requires per-run review,Not individually visually reviewed; not selected for the evidence page,"Review episode plus manifest/provenance, label simulation/physical scope, caption scoring rule and failures"
reports/training/franka_cup_lerobot_demos_v2/videos/chunk-000/observation.images.wrist/episode_000044.mp4,367893,Recorded training/evaluation or diagnostic imagery/video; inspect associated run metadata,First-party report artifact; depicted geometry/provenance requires per-run review,Not individually visually reviewed; not selected for the evidence page,"Review episode plus manifest/provenance, label simulation/physical scope, caption scoring rule and failures"
reports/training/franka_cup_lerobot_demos_v2/videos/chunk-000/observation.images.wrist/episode_000045.mp4,305084,Recorded training/evaluation or diagnostic imagery/video; inspect associated run metadata,First-party report artifact; depicted geometry/provenance requires per-run review,Not individually visually reviewed; not selected for the evidence page,"Review episode plus manifest/provenance, label simulation/physical scope, caption scoring rule and failures"
reports/training/franka_cup_lerobot_demos_v2/videos/chunk-000/observation.images.wrist/episode_000046.mp4,325297,Recorded training/evaluation or diagnostic imagery/video; inspect associated run metadata,First-party report artifact; depicted geometry/provenance requires per-run review,Not individually visually reviewed; not selected for the evidence page,"Review episode plus manifest/provenance, label simulation/physical scope, caption scoring rule and failures"
reports/training/franka_cup_lerobot_demos_v2/videos/chunk-000/observation.images.wrist/episode_000047.mp4,382588,Recorded training/evaluation or diagnostic imagery/video; inspect associated run metadata,First-party report artifact; depicted geometry/provenance requires per-run review,Not individually visually reviewed; not selected for the evidence page,"Review episode plus manifest/provenance, label simulation/physical scope, caption scoring rule and failures"
reports/training/franka_cup_lerobot_demos_v2/videos/chunk-000/observation.images.wrist/episode_000048.mp4,395260,Recorded training/evaluation or diagnostic imagery/video; inspect associated run metadata,First-party report artifact; depicted geometry/provenance requires per-run review,Not individually visually reviewed; not selected for the evidence page,"Review episode plus manifest/provenance, label simulation/physical scope, caption scoring rule and failures"
reports/training/franka_cup_lerobot_demos_v2/videos/chunk-000/observation.images.wrist/episode_000049.mp4,375650,Recorded training/evaluation or diagnostic imagery/video; inspect associated run metadata,First-party report artifact; depicted geometry/provenance requires per-run review,Not individually visually reviewed; not selected for the evidence page,"Review episode plus manifest/provenance, label simulation/physical scope, caption scoring rule and failures"
reports/training/franka_cup_lerobot_demos_v2/videos/chunk-000/observation.images.wrist/episode_000050.mp4,358761,Recorded training/evaluation or diagnostic imagery/video; inspect associated run metadata,First-party report artifact; depicted geometry/provenance requires per-run review,Not individually visually reviewed; not selected for the evidence page,"Review episode plus manifest/provenance, label simulation/physical scope, caption scoring rule and failures"
reports/training/franka_cup_lerobot_demos_v2/videos/chunk-000/observation.images.wrist/episode_000051.mp4,298365,Recorded training/evaluation or diagnostic imagery/video; inspect associated run metadata,First-party report artifact; depicted geometry/provenance requires per-run review,Not individually visually reviewed; not selected for the evidence page,"Review episode plus manifest/provenance, label simulation/physical scope, caption scoring rule and failures"
reports/training/franka_cup_lerobot_demos_v2/videos/chunk-000/observation.images.wrist/episode_000052.mp4,336661,Recorded training/evaluation or diagnostic imagery/video; inspect associated run metadata,First-party report artifact; depicted geometry/provenance requires per-run review,Not individually visually reviewed; not selected for the evidence page,"Review episode plus manifest/provenance, label simulation/physical scope, caption scoring rule and failures"
reports/training/franka_cup_lerobot_demos_v2/videos/chunk-000/observation.images.wrist/episode_000053.mp4,384621,Recorded training/evaluation or diagnostic imagery/video; inspect associated run metadata,First-party report artifact; depicted geometry/provenance requires per-run review,Not individually visually reviewed; not selected for the evidence page,"Review episode plus manifest/provenance, label simulation/physical scope, caption scoring rule and failures"
reports/training/franka_cup_lerobot_demos_v2/videos/chunk-000/observation.images.wrist/episode_000054.mp4,360893,Recorded training/evaluation or diagnostic imagery/video; inspect associated run metadata,First-party report artifact; depicted geometry/provenance requires per-run review,Not individually visually reviewed; not selected for the evidence page,"Review episode plus manifest/provenance, label simulation/physical scope, caption scoring rule and failures"
reports/training/franka_cup_lerobot_demos_v2/videos/chunk-000/observation.images.wrist/episode_000055.mp4,371283,Recorded training/evaluation or diagnostic imagery/video; inspect associated run metadata,First-party report artifact; depicted geometry/provenance requires per-run review,Not individually visually reviewed; not selected for the evidence page,"Review episode plus manifest/provenance, label simulation/physical scope, caption scoring rule and failures"
reports/training/franka_cup_lerobot_demos_v2/videos/chunk-000/observation.images.wrist/episode_000056.mp4,346318,Recorded training/evaluation or diagnostic imagery/video; inspect associated run metadata,First-party report artifact; depicted geometry/provenance requires per-run review,Not individually visually reviewed; not selected for the evidence page,"Review episode plus manifest/provenance, label simulation/physical scope, caption scoring rule and failures"
reports/training/franka_cup_lerobot_demos_v2/videos/chunk-000/observation.images.wrist/episode_000057.mp4,547973,Recorded training/evaluation or diagnostic imagery/video; inspect associated run metadata,First-party report artifact; depicted geometry/provenance requires per-run review,Not individually visually reviewed; not selected for the evidence page,"Review episode plus manifest/provenance, label simulation/physical scope, caption scoring rule and failures"
reports/training/franka_cup_lerobot_demos_v2/videos/chunk-000/observation.images.wrist/episode_000058.mp4,387789,Recorded training/evaluation or diagnostic imagery/video; inspect associated run metadata,First-party report artifact; depicted geometry/provenance requires per-run review,Not individually visually reviewed; not selected for the evidence page,"Review episode plus manifest/provenance, label simulation/physical scope, caption scoring rule and failures"
reports/training/franka_cup_lerobot_demos_v2/videos/chunk-000/observation.images.wrist/episode_000059.mp4,365971,Recorded training/evaluation or diagnostic imagery/video; inspect associated run metadata,First-party report artifact; depicted geometry/provenance requires per-run review,Not individually visually reviewed; not selected for the evidence page,"Review episode plus manifest/provenance, label simulation/physical scope, caption scoring rule and failures"
reports/training/franka_cup_lerobot_demos_v2/videos/chunk-000/observation.images.wrist/episode_000060.mp4,302778,Recorded training/evaluation or diagnostic imagery/video; inspect associated run metadata,First-party report artifact; depicted geometry/provenance requires per-run review,Not individually visually reviewed; not selected for the evidence page,"Review episode plus manifest/provenance, label simulation/physical scope, caption scoring rule and failures"
reports/training/franka_cup_lerobot_demos_v2/videos/chunk-000/observation.images.wrist/episode_000061.mp4,318526,Recorded training/evaluation or diagnostic imagery/video; inspect associated run metadata,First-party report artifact; depicted geometry/provenance requires per-run review,Not individually visually reviewed; not selected for the evidence page,"Review episode plus manifest/provenance, label simulation/physical scope, caption scoring rule and failures"
reports/training/franka_cup_lerobot_demos_v2/videos/chunk-000/observation.images.wrist/episode_000062.mp4,404713,Recorded training/evaluation or diagnostic imagery/video; inspect associated run metadata,First-party report artifact; depicted geometry/provenance requires per-run review,Not individually visually reviewed; not selected for the evidence page,"Review episode plus manifest/provenance, label simulation/physical scope, caption scoring rule and failures"
reports/training/franka_cup_lerobot_demos_v2/videos/chunk-000/observation.images.wrist/episode_000063.mp4,338587,Recorded training/evaluation or diagnostic imagery/video; inspect associated run metadata,First-party report artifact; depicted geometry/provenance requires per-run review,Not individually visually reviewed; not selected for the evidence page,"Review episode plus manifest/provenance, label simulation/physical scope, caption scoring rule and failures"
reports/training/franka_cup_lerobot_demos_v2/videos/chunk-000/observation.images.wrist/episode_000064.mp4,345251,Recorded training/evaluation or diagnostic imagery/video; inspect associated run metadata,First-party report artifact; depicted geometry/provenance requires per-run review,Not individually visually reviewed; not selected for the evidence page,"Review episode plus manifest/provenance, label simulation/physical scope, caption scoring rule and failures"
reports/training/franka_cup_lerobot_demos_v2/videos/chunk-000/observation.images.wrist/episode_000065.mp4,305886,Recorded training/evaluation or diagnostic imagery/video; inspect associated run metadata,First-party report artifact; depicted geometry/provenance requires per-run review,Not individually visually reviewed; not selected for the evidence page,"Review episode plus manifest/provenance, label simulation/physical scope, caption scoring rule and failures"
reports/training/franka_cup_lerobot_demos_v2/videos/chunk-000/observation.images.wrist/episode_000066.mp4,392834,Recorded training/evaluation or diagnostic imagery/video; inspect associated run metadata,First-party report artifact; depicted geometry/provenance requires per-run review,Not individually visually reviewed; not selected for the evidence page,"Review episode plus manifest/provenance, label simulation/physical scope, caption scoring rule and failures"
reports/training/franka_cup_lerobot_demos_v2/videos/chunk-000/observation.images.wrist/episode_000067.mp4,290963,Recorded training/evaluation or diagnostic imagery/video; inspect associated run metadata,First-party report artifact; depicted geometry/provenance requires per-run review,Not individually visually reviewed; not selected for the evidence page,"Review episode plus manifest/provenance, label simulation/physical scope, caption scoring rule and failures"
reports/training/franka_cup_lerobot_demos_v2/videos/chunk-000/observation.images.wrist/episode_000068.mp4,366923,Recorded training/evaluation or diagnostic imagery/video; inspect associated run metadata,First-party report artifact; depicted geometry/provenance requires per-run review,Not individually visually reviewed; not selected for the evidence page,"Review episode plus manifest/provenance, label simulation/physical scope, caption scoring rule and failures"
reports/training/franka_cup_lerobot_demos_v2/videos/chunk-000/observation.images.wrist/episode_000069.mp4,390575,Recorded training/evaluation or diagnostic imagery/video; inspect associated run metadata,First-party report artifact; depicted geometry/provenance requires per-run review,Not individually visually reviewed; not selected for the evidence page,"Review episode plus manifest/provenance, label simulation/physical scope, caption scoring rule and failures"
reports/training/franka_cup_lerobot_demos_v2/videos/chunk-000/observation.images.wrist/episode_000070.mp4,343908,Recorded training/evaluation or diagnostic imagery/video; inspect associated run metadata,First-party report artifact; depicted geometry/provenance requires per-run review,Not individually visually reviewed; not selected for the evidence page,"Review episode plus manifest/provenance, label simulation/physical scope, caption scoring rule and failures"
reports/training/franka_cup_lerobot_demos_v2/videos/chunk-000/observation.images.wrist/episode_000071.mp4,294503,Recorded training/evaluation or diagnostic imagery/video; inspect associated run metadata,First-party report artifact; depicted geometry/provenance requires per-run review,Not individually visually reviewed; not selected for the evidence page,"Review episode plus manifest/provenance, label simulation/physical scope, caption scoring rule and failures"
reports/training/franka_cup_lerobot_demos_v2/videos/chunk-000/observation.images.wrist/episode_000072.mp4,251713,Recorded training/evaluation or diagnostic imagery/video; inspect associated run metadata,First-party report artifact; depicted geometry/provenance requires per-run review,Not individually visually reviewed; not selected for the evidence page,"Review episode plus manifest/provenance, label simulation/physical scope, caption scoring rule and failures"
reports/training/franka_cup_lerobot_demos_v2/videos/chunk-000/observation.images.wrist/episode_000073.mp4,358404,Recorded training/evaluation or diagnostic imagery/video; inspect associated run metadata,First-party report artifact; depicted geometry/provenance requires per-run review,Not individually visually reviewed; not selected for the evidence page,"Review episode plus manifest/provenance, label simulation/physical scope, caption scoring rule and failures"
reports/training/franka_cup_lerobot_demos_v2/videos/chunk-000/observation.images.wrist/episode_000074.mp4,278175,Recorded training/evaluation or diagnostic imagery/video; inspect associated run metadata,First-party report artifact; depicted geometry/provenance requires per-run review,Not individually visually reviewed; not selected for the evidence page,"Review episode plus manifest/provenance, label simulation/physical scope, caption scoring rule and failures"
reports/training/franka_cup_lerobot_demos_v2/videos/chunk-000/observation.images.wrist/episode_000075.mp4,385258,Recorded training/evaluation or diagnostic imagery/video; inspect associated run metadata,First-party report artifact; depicted geometry/provenance requires per-run review,Not individually visually reviewed; not selected for the evidence page,"Review episode plus manifest/provenance, label simulation/physical scope, caption scoring rule and failures"
reports/training/franka_cup_lerobot_demos_v2/videos/chunk-000/observation.images.wrist/episode_000076.mp4,364895,Recorded training/evaluation or diagnostic imagery/video; inspect associated run metadata,First-party report artifact; depicted geometry/provenance requires per-run review,Not individually visually reviewed; not selected for the evidence page,"Review episode plus manifest/provenance, label simulation/physical scope, caption scoring rule and failures"
reports/training/franka_cup_lerobot_demos_v2/videos/chunk-000/observation.images.wrist/episode_000077.mp4,394761,Recorded training/evaluation or diagnostic imagery/video; inspect associated run metadata,First-party report artifact; depicted geometry/provenance requires per-run review,Not individually visually reviewed; not selected for the evidence page,"Review episode plus manifest/provenance, label simulation/physical scope, caption scoring rule and failures"
reports/training/franka_cup_lerobot_demos_v2/videos/chunk-000/observation.images.wrist/episode_000078.mp4,419653,Recorded training/evaluation or diagnostic imagery/video; inspect associated run metadata,First-party report artifact; depicted geometry/provenance requires per-run review,Not individually visually reviewed; not selected for the evidence page,"Review episode plus manifest/provenance, label simulation/physical scope, caption scoring rule and failures"
reports/training/franka_cup_lerobot_demos_v2/videos/chunk-000/observation.images.wrist/episode_000079.mp4,276840,Recorded training/evaluation or diagnostic imagery/video; inspect associated run metadata,First-party report artifact; depicted geometry/provenance requires per-run review,Not individually visually reviewed; not selected for the evidence page,"Review episode plus manifest/provenance, label simulation/physical scope, caption scoring rule and failures"
reports/training/franka_cup_lerobot_demos_v2/videos/chunk-000/observation.images.wrist/episode_000080.mp4,303035,Recorded training/evaluation or diagnostic imagery/video; inspect associated run metadata,First-party report artifact; depicted geometry/provenance requires per-run review,Not individually visually reviewed; not selected for the evidence page,"Review episode plus manifest/provenance, label simulation/physical scope, caption scoring rule and failures"
reports/training/franka_cup_lerobot_demos_v2/videos/chunk-000/observation.images.wrist/episode_000081.mp4,406659,Recorded training/evaluation or diagnostic imagery/video; inspect associated run metadata,First-party report artifact; depicted geometry/provenance requires per-run review,Not individually visually reviewed; not selected for the evidence page,"Review episode plus manifest/provenance, label simulation/physical scope, caption scoring rule and failures"
reports/training/franka_cup_lerobot_demos_v2/videos/chunk-000/observation.images.wrist/episode_000082.mp4,526361,Recorded training/evaluation or diagnostic imagery/video; inspect associated run metadata,First-party report artifact; depicted geometry/provenance requires per-run review,Not individually visually reviewed; not selected for the evidence page,"Review episode plus manifest/provenance, label simulation/physical scope, caption scoring rule and failures"
reports/training/franka_cup_lerobot_demos_v2/videos/chunk-000/observation.images.wrist/episode_000083.mp4,371855,Recorded training/evaluation or diagnostic imagery/video; inspect associated run metadata,First-party report artifact; depicted geometry/provenance requires per-run review,Not individually visually reviewed; not selected for the evidence page,"Review episode plus manifest/provenance, label simulation/physical scope, caption scoring rule and failures"
reports/training/franka_cup_lerobot_demos_v2/videos/chunk-000/observation.images.wrist/episode_000084.mp4,363669,Recorded training/evaluation or diagnostic imagery/video; inspect associated run metadata,First-party report artifact; depicted geometry/provenance requires per-run review,Not individually visually reviewed; not selected for the evidence page,"Review episode plus manifest/provenance, label simulation/physical scope, caption scoring rule and failures"
reports/training/franka_cup_lerobot_demos_v2/videos/chunk-000/observation.images.wrist/episode_000085.mp4,364630,Recorded training/evaluation or diagnostic imagery/video; inspect associated run metadata,First-party report artifact; depicted geometry/provenance requires per-run review,Not individually visually reviewed; not selected for the evidence page,"Review episode plus manifest/provenance, label simulation/physical scope, caption scoring rule and failures"
reports/training/franka_cup_lerobot_demos_v2/videos/chunk-000/observation.images.wrist/episode_000086.mp4,355164,Recorded training/evaluation or diagnostic imagery/video; inspect associated run metadata,First-party report artifact; depicted geometry/provenance requires per-run review,Not individually visually reviewed; not selected for the evidence page,"Review episode plus manifest/provenance, label simulation/physical scope, caption scoring rule and failures"
reports/training/franka_cup_lerobot_demos_v2/videos/chunk-000/observation.images.wrist/episode_000087.mp4,517040,Recorded training/evaluation or diagnostic imagery/video; inspect associated run metadata,First-party report artifact; depicted geometry/provenance requires per-run review,Not individually visually reviewed; not selected for the evidence page,"Review episode plus manifest/provenance, label simulation/physical scope, caption scoring rule and failures"
reports/training/franka_cup_lerobot_demos_v2/videos/chunk-000/observation.images.wrist/episode_000088.mp4,251422,Recorded training/evaluation or diagnostic imagery/video; inspect associated run metadata,First-party report artifact; depicted geometry/provenance requires per-run review,Not individually visually reviewed; not selected for the evidence page,"Review episode plus manifest/provenance, label simulation/physical scope, caption scoring rule and failures"
reports/training/franka_cup_lerobot_demos_v2/videos/chunk-000/observation.images.wrist/episode_000089.mp4,382513,Recorded training/evaluation or diagnostic imagery/video; inspect associated run metadata,First-party report artifact; depicted geometry/provenance requires per-run review,Not individually visually reviewed; not selected for the evidence page,"Review episode plus manifest/provenance, label simulation/physical scope, caption scoring rule and failures"
reports/training/franka_cup_lerobot_demos_v2/videos/chunk-000/observation.images.wrist/episode_000090.mp4,281211,Recorded training/evaluation or diagnostic imagery/video; inspect associated run metadata,First-party report artifact; depicted geometry/provenance requires per-run review,Not individually visually reviewed; not selected for the evidence page,"Review episode plus manifest/provenance, label simulation/physical scope, caption scoring rule and failures"
reports/training/franka_cup_lerobot_demos_v2/videos/chunk-000/observation.images.wrist/episode_000091.mp4,354230,Recorded training/evaluation or diagnostic imagery/video; inspect associated run metadata,First-party report artifact; depicted geometry/provenance requires per-run review,Not individually visually reviewed; not selected for the evidence page,"Review episode plus manifest/provenance, label simulation/physical scope, caption scoring rule and failures"
reports/training/franka_cup_lerobot_demos_v2/videos/chunk-000/observation.images.wrist/episode_000092.mp4,405185,Recorded training/evaluation or diagnostic imagery/video; inspect associated run metadata,First-party report artifact; depicted geometry/provenance requires per-run review,Not individually visually reviewed; not selected for the evidence page,"Review episode plus manifest/provenance, label simulation/physical scope, caption scoring rule and failures"
reports/training/franka_cup_lerobot_demos_v2/videos/chunk-000/observation.images.wrist/episode_000093.mp4,444345,Recorded training/evaluation or diagnostic imagery/video; inspect associated run metadata,First-party report artifact; depicted geometry/provenance requires per-run review,Not individually visually reviewed; not selected for the evidence page,"Review episode plus manifest/provenance, label simulation/physical scope, caption scoring rule and failures"
reports/training/franka_cup_lerobot_demos_v2/videos/chunk-000/observation.images.wrist/episode_000094.mp4,387317,Recorded training/evaluation or diagnostic imagery/video; inspect associated run metadata,First-party report artifact; depicted geometry/provenance requires per-run review,Not individually visually reviewed; not selected for the evidence page,"Review episode plus manifest/provenance, label simulation/physical scope, caption scoring rule and failures"
reports/training/franka_cup_lerobot_demos_v2/videos/chunk-000/observation.images.wrist/episode_000095.mp4,315468,Recorded training/evaluation or diagnostic imagery/video; inspect associated run metadata,First-party report artifact; depicted geometry/provenance requires per-run review,Not individually visually reviewed; not selected for the evidence page,"Review episode plus manifest/provenance, label simulation/physical scope, caption scoring rule and failures"
reports/training/franka_cup_lerobot_demos_v2/videos/chunk-000/observation.images.wrist/episode_000096.mp4,314064,Recorded training/evaluation or diagnostic imagery/video; inspect associated run metadata,First-party report artifact; depicted geometry/provenance requires per-run review,Not individually visually reviewed; not selected for the evidence page,"Review episode plus manifest/provenance, label simulation/physical scope, caption scoring rule and failures"
reports/training/franka_cup_lerobot_demos_v2/videos/chunk-000/observation.images.wrist/episode_000097.mp4,380472,Recorded training/evaluation or diagnostic imagery/video; inspect associated run metadata,First-party report artifact; depicted geometry/provenance requires per-run review,Not individually visually reviewed; not selected for the evidence page,"Review episode plus manifest/provenance, label simulation/physical scope, caption scoring rule and failures"
reports/training/franka_cup_lerobot_demos_v2/videos/chunk-000/observation.images.wrist/episode_000098.mp4,358943,Recorded training/evaluation or diagnostic imagery/video; inspect associated run metadata,First-party report artifact; depicted geometry/provenance requires per-run review,Not individually visually reviewed; not selected for the evidence page,"Review episode plus manifest/provenance, label simulation/physical scope, caption scoring rule and failures"
reports/training/franka_cup_lerobot_demos_v2/videos/chunk-000/observation.images.wrist/episode_000099.mp4,384460,Recorded training/evaluation or diagnostic imagery/video; inspect associated run metadata,First-party report artifact; depicted geometry/provenance requires per-run review,Not individually visually reviewed; not selected for the evidence page,"Review episode plus manifest/provenance, label simulation/physical scope, caption scoring rule and failures"
reports/training/franka_cup_lerobot_demos_v2/videos/chunk-000/observation.images.wrist/episode_000100.mp4,373383,Recorded training/evaluation or diagnostic imagery/video; inspect associated run metadata,First-party report artifact; depicted geometry/provenance requires per-run review,Not individually visually reviewed; not selected for the evidence page,"Review episode plus manifest/provenance, label simulation/physical scope, caption scoring rule and failures"
reports/training/franka_cup_lerobot_demos_v2/videos/chunk-000/observation.images.wrist/episode_000101.mp4,332545,Recorded training/evaluation or diagnostic imagery/video; inspect associated run metadata,First-party report artifact; depicted geometry/provenance requires per-run review,Not individually visually reviewed; not selected for the evidence page,"Review episode plus manifest/provenance, label simulation/physical scope, caption scoring rule and failures"
reports/training/franka_cup_lerobot_demos_v2/videos/chunk-000/observation.images.wrist/episode_000102.mp4,297035,Recorded training/evaluation or diagnostic imagery/video; inspect associated run metadata,First-party report artifact; depicted geometry/provenance requires per-run review,Not individually visually reviewed; not selected for the evidence page,"Review episode plus manifest/provenance, label simulation/physical scope, caption scoring rule and failures"
reports/training/franka_cup_lerobot_demos_v2/videos/chunk-000/observation.images.wrist/episode_000103.mp4,446437,Recorded training/evaluation or diagnostic imagery/video; inspect associated run metadata,First-party report artifact; depicted geometry/provenance requires per-run review,Not individually visually reviewed; not selected for the evidence page,"Review episode plus manifest/provenance, label simulation/physical scope, caption scoring rule and failures"
reports/training/franka_cup_lerobot_demos_v2/videos/chunk-000/observation.images.wrist/episode_000104.mp4,272431,Recorded training/evaluation or diagnostic imagery/video; inspect associated run metadata,First-party report artifact; depicted geometry/provenance requires per-run review,Not individually visually reviewed; not selected for the evidence page,"Review episode plus manifest/provenance, label simulation/physical scope, caption scoring rule and failures"
reports/training/franka_cup_lerobot_demos_v2/videos/chunk-000/observation.images.wrist/episode_000105.mp4,338087,Recorded training/evaluation or diagnostic imagery/video; inspect associated run metadata,First-party report artifact; depicted geometry/provenance requires per-run review,Not individually visually reviewed; not selected for the evidence page,"Review episode plus manifest/provenance, label simulation/physical scope, caption scoring rule and failures"
reports/training/franka_cup_lerobot_demos_v2/videos/chunk-000/observation.images.wrist/episode_000106.mp4,310538,Recorded training/evaluation or diagnostic imagery/video; inspect associated run metadata,First-party report artifact; depicted geometry/provenance requires per-run review,Not individually visually reviewed; not selected for the evidence page,"Review episode plus manifest/provenance, label simulation/physical scope, caption scoring rule and failures"
reports/training/franka_cup_lerobot_demos_v2/videos/chunk-000/observation.images.wrist/episode_000107.mp4,296094,Recorded training/evaluation or diagnostic imagery/video; inspect associated run metadata,First-party report artifact; depicted geometry/provenance requires per-run review,Not individually visually reviewed; not selected for the evidence page,"Review episode plus manifest/provenance, label simulation/physical scope, caption scoring rule and failures"
reports/training/franka_cup_lerobot_demos_v2/videos/chunk-000/observation.images.wrist/episode_000108.mp4,269696,Recorded training/evaluation or diagnostic imagery/video; inspect associated run metadata,First-party report artifact; depicted geometry/provenance requires per-run review,Not individually visually reviewed; not selected for the evidence page,"Review episode plus manifest/provenance, label simulation/physical scope, caption scoring rule and failures"
reports/training/franka_cup_lerobot_demos_v2/videos/chunk-000/observation.images.wrist/episode_000109.mp4,329744,Recorded training/evaluation or diagnostic imagery/video; inspect associated run metadata,First-party report artifact; depicted geometry/provenance requires per-run review,Not individually visually reviewed; not selected for the evidence page,"Review episode plus manifest/provenance, label simulation/physical scope, caption scoring rule and failures"
reports/training/franka_cup_lerobot_demos_v2/videos/chunk-000/observation.images.wrist/episode_000110.mp4,305945,Recorded training/evaluation or diagnostic imagery/video; inspect associated run metadata,First-party report artifact; depicted geometry/provenance requires per-run review,Not individually visually reviewed; not selected for the evidence page,"Review episode plus manifest/provenance, label simulation/physical scope, caption scoring rule and failures"
reports/training/franka_cup_lerobot_demos_v2/videos/chunk-000/observation.images.wrist/episode_000111.mp4,301903,Recorded training/evaluation or diagnostic imagery/video; inspect associated run metadata,First-party report artifact; depicted geometry/provenance requires per-run review,Not individually visually reviewed; not selected for the evidence page,"Review episode plus manifest/provenance, label simulation/physical scope, caption scoring rule and failures"
reports/training/franka_cup_lerobot_demos_v2/videos/chunk-000/observation.images.wrist/episode_000112.mp4,408361,Recorded training/evaluation or diagnostic imagery/video; inspect associated run metadata,First-party report artifact; depicted geometry/provenance requires per-run review,Not individually visually reviewed; not selected for the evidence page,"Review episode plus manifest/provenance, label simulation/physical scope, caption scoring rule and failures"
reports/training/franka_cup_lerobot_demos_v2/videos/chunk-000/observation.images.wrist/episode_000113.mp4,407271,Recorded training/evaluation or diagnostic imagery/video; inspect associated run metadata,First-party report artifact; depicted geometry/provenance requires per-run review,Not individually visually reviewed; not selected for the evidence page,"Review episode plus manifest/provenance, label simulation/physical scope, caption scoring rule and failures"
reports/training/franka_cup_lerobot_demos_v2/videos/chunk-000/observation.images.wrist/episode_000114.mp4,298871,Recorded training/evaluation or diagnostic imagery/video; inspect associated run metadata,First-party report artifact; depicted geometry/provenance requires per-run review,Not individually visually reviewed; not selected for the evidence page,"Review episode plus manifest/provenance, label simulation/physical scope, caption scoring rule and failures"
reports/training/franka_cup_lerobot_demos_v2/videos/chunk-000/observation.images.wrist/episode_000115.mp4,343295,Recorded training/evaluation or diagnostic imagery/video; inspect associated run metadata,First-party report artifact; depicted geometry/provenance requires per-run review,Not individually visually reviewed; not selected for the evidence page,"Review episode plus manifest/provenance, label simulation/physical scope, caption scoring rule and failures"
reports/training/franka_cup_lerobot_demos_v2/videos/chunk-000/observation.images.wrist/episode_000116.mp4,358753,Recorded training/evaluation or diagnostic imagery/video; inspect associated run metadata,First-party report artifact; depicted geometry/provenance requires per-run review,Not individually visually reviewed; not selected for the evidence page,"Review episode plus manifest/provenance, label simulation/physical scope, caption scoring rule and failures"
reports/training/franka_cup_lerobot_demos_v2/videos/chunk-000/observation.images.wrist/episode_000117.mp4,325199,Recorded training/evaluation or diagnostic imagery/video; inspect associated run metadata,First-party report artifact; depicted geometry/provenance requires per-run review,Not individually visually reviewed; not selected for the evidence page,"Review episode plus manifest/provenance, label simulation/physical scope, caption scoring rule and failures"
reports/training/franka_cup_lerobot_demos_v2/videos/chunk-000/observation.images.wrist/episode_000118.mp4,377586,Recorded training/evaluation or diagnostic imagery/video; inspect associated run metadata,First-party report artifact; depicted geometry/provenance requires per-run review,Not individually visually reviewed; not selected for the evidence page,"Review episode plus manifest/provenance, label simulation/physical scope, caption scoring rule and failures"
reports/training/franka_cup_lerobot_demos_v2/videos/chunk-000/observation.images.wrist/episode_000119.mp4,331157,Recorded training/evaluation or diagnostic imagery/video; inspect associated run metadata,First-party report artifact; depicted geometry/provenance requires per-run review,Not individually visually reviewed; not selected for the evidence page,"Review episode plus manifest/provenance, label simulation/physical scope, caption scoring rule and failures"
reports/training/franka_cup_lerobot_demos_v2/videos/chunk-000/observation.images.wrist/episode_000120.mp4,288300,Recorded training/evaluation or diagnostic imagery/video; inspect associated run metadata,First-party report artifact; depicted geometry/provenance requires per-run review,Not individually visually reviewed; not selected for the evidence page,"Review episode plus manifest/provenance, label simulation/physical scope, caption scoring rule and failures"
reports/training/franka_cup_lerobot_demos_v2/videos/chunk-000/observation.images.wrist/episode_000121.mp4,288944,Recorded training/evaluation or diagnostic imagery/video; inspect associated run metadata,First-party report artifact; depicted geometry/provenance requires per-run review,Not individually visually reviewed; not selected for the evidence page,"Review episode plus manifest/provenance, label simulation/physical scope, caption scoring rule and failures"
reports/training/franka_cup_lerobot_demos_v2/videos/chunk-000/observation.images.wrist/episode_000122.mp4,301012,Recorded training/evaluation or diagnostic imagery/video; inspect associated run metadata,First-party report artifact; depicted geometry/provenance requires per-run review,Not individually visually reviewed; not selected for the evidence page,"Review episode plus manifest/provenance, label simulation/physical scope, caption scoring rule and failures"
reports/training/franka_cup_lerobot_demos_v2/videos/chunk-000/observation.images.wrist/episode_000123.mp4,353165,Recorded training/evaluation or diagnostic imagery/video; inspect associated run metadata,First-party report artifact; depicted geometry/provenance requires per-run review,Not individually visually reviewed; not selected for the evidence page,"Review episode plus manifest/provenance, label simulation/physical scope, caption scoring rule and failures"
reports/training/franka_cup_lerobot_demos_v2/videos/chunk-000/observation.images.wrist/episode_000124.mp4,280642,Recorded training/evaluation or diagnostic imagery/video; inspect associated run metadata,First-party report artifact; depicted geometry/provenance requires per-run review,Not individually visually reviewed; not selected for the evidence page,"Review episode plus manifest/provenance, label simulation/physical scope, caption scoring rule and failures"
reports/training/franka_cup_lerobot_demos_v2/videos/chunk-000/observation.images.wrist/episode_000125.mp4,306915,Recorded training/evaluation or diagnostic imagery/video; inspect associated run metadata,First-party report artifact; depicted geometry/provenance requires per-run review,Not individually visually reviewed; not selected for the evidence page,"Review episode plus manifest/provenance, label simulation/physical scope, caption scoring rule and failures"
reports/training/franka_cup_lerobot_demos_v2/videos/chunk-000/observation.images.wrist/episode_000126.mp4,386274,Recorded training/evaluation or diagnostic imagery/video; inspect associated run metadata,First-party report artifact; depicted geometry/provenance requires per-run review,Not individually visually reviewed; not selected for the evidence page,"Review episode plus manifest/provenance, label simulation/physical scope, caption scoring rule and failures"
reports/training/franka_cup_lerobot_demos_v2/videos/chunk-000/observation.images.wrist/episode_000127.mp4,312553,Recorded training/evaluation or diagnostic imagery/video; inspect associated run metadata,First-party report artifact; depicted geometry/provenance requires per-run review,Not individually visually reviewed; not selected for the evidence page,"Review episode plus manifest/provenance, label simulation/physical scope, caption scoring rule and failures"
reports/training/franka_cup_lerobot_demos_v2/videos/chunk-000/observation.images.wrist/episode_000128.mp4,296943,Recorded training/evaluation or diagnostic imagery/video; inspect associated run metadata,First-party report artifact; depicted geometry/provenance requires per-run review,Not individually visually reviewed; not selected for the evidence page,"Review episode plus manifest/provenance, label simulation/physical scope, caption scoring rule and failures"
reports/training/franka_cup_lerobot_demos_v2/videos/chunk-000/observation.images.wrist/episode_000129.mp4,387956,Recorded training/evaluation or diagnostic imagery/video; inspect associated run metadata,First-party report artifact; depicted geometry/provenance requires per-run review,Not individually visually reviewed; not selected for the evidence page,"Review episode plus manifest/provenance, label simulation/physical scope, caption scoring rule and failures"
reports/training/franka_cup_lerobot_demos_v2/videos/chunk-000/observation.images.wrist/episode_000130.mp4,364504,Recorded training/evaluation or diagnostic imagery/video; inspect associated run metadata,First-party report artifact; depicted geometry/provenance requires per-run review,Not individually visually reviewed; not selected for the evidence page,"Review episode plus manifest/provenance, label simulation/physical scope, caption scoring rule and failures"
reports/training/franka_cup_lerobot_demos_v2/videos/chunk-000/observation.images.wrist/episode_000131.mp4,332813,Recorded training/evaluation or diagnostic imagery/video; inspect associated run metadata,First-party report artifact; depicted geometry/provenance requires per-run review,Not individually visually reviewed; not selected for the evidence page,"Review episode plus manifest/provenance, label simulation/physical scope, caption scoring rule and failures"
reports/training/franka_cup_lerobot_demos_v2/videos/chunk-000/observation.images.wrist/episode_000132.mp4,332661,Recorded training/evaluation or diagnostic imagery/video; inspect associated run metadata,First-party report artifact; depicted geometry/provenance requires per-run review,Not individually visually reviewed; not selected for the evidence page,"Review episode plus manifest/provenance, label simulation/physical scope, caption scoring rule and failures"
reports/training/franka_cup_lerobot_demos_v2/videos/chunk-000/observation.images.wrist/episode_000133.mp4,314260,Recorded training/evaluation or diagnostic imagery/video; inspect associated run metadata,First-party report artifact; depicted geometry/provenance requires per-run review,Not individually visually reviewed; not selected for the evidence page,"Review episode plus manifest/provenance, label simulation/physical scope, caption scoring rule and failures"
reports/training/franka_cup_lerobot_demos_v2/videos/chunk-000/observation.images.wrist/episode_000134.mp4,433711,Recorded training/evaluation or diagnostic imagery/video; inspect associated run metadata,First-party report artifact; depicted geometry/provenance requires per-run review,Not individually visually reviewed; not selected for the evidence page,"Review episode plus manifest/provenance, label simulation/physical scope, caption scoring rule and failures"
reports/training/franka_cup_lerobot_demos_v2/videos/chunk-000/observation.images.wrist/episode_000135.mp4,399069,Recorded training/evaluation or diagnostic imagery/video; inspect associated run metadata,First-party report artifact; depicted geometry/provenance requires per-run review,Not individually visually reviewed; not selected for the evidence page,"Review episode plus manifest/provenance, label simulation/physical scope, caption scoring rule and failures"
reports/training/franka_cup_lerobot_demos_v2/videos/chunk-000/observation.images.wrist/episode_000136.mp4,330603,Recorded training/evaluation or diagnostic imagery/video; inspect associated run metadata,First-party report artifact; depicted geometry/provenance requires per-run review,Not individually visually reviewed; not selected for the evidence page,"Review episode plus manifest/provenance, label simulation/physical scope, caption scoring rule and failures"
reports/training/franka_cup_lerobot_demos_v2/videos/chunk-000/observation.images.wrist/episode_000137.mp4,328775,Recorded training/evaluation or diagnostic imagery/video; inspect associated run metadata,First-party report artifact; depicted geometry/provenance requires per-run review,Not individually visually reviewed; not selected for the evidence page,"Review episode plus manifest/provenance, label simulation/physical scope, caption scoring rule and failures"
reports/training/franka_cup_lerobot_demos_v2/videos/chunk-000/observation.images.wrist/episode_000138.mp4,432928,Recorded training/evaluation or diagnostic imagery/video; inspect associated run metadata,First-party report artifact; depicted geometry/provenance requires per-run review,Not individually visually reviewed; not selected for the evidence page,"Review episode plus manifest/provenance, label simulation/physical scope, caption scoring rule and failures"
reports/training/franka_cup_lerobot_demos_v2/videos/chunk-000/observation.images.wrist/episode_000139.mp4,445459,Recorded training/evaluation or diagnostic imagery/video; inspect associated run metadata,First-party report artifact; depicted geometry/provenance requires per-run review,Not individually visually reviewed; not selected for the evidence page,"Review episode plus manifest/provenance, label simulation/physical scope, caption scoring rule and failures"
reports/training/franka_cup_lerobot_demos_v2/videos/chunk-000/observation.images.wrist/episode_000140.mp4,309480,Recorded training/evaluation or diagnostic imagery/video; inspect associated run metadata,First-party report artifact; depicted geometry/provenance requires per-run review,Not individually visually reviewed; not selected for the evidence page,"Review episode plus manifest/provenance, label simulation/physical scope, caption scoring rule and failures"
reports/training/franka_cup_lerobot_demos_v2/videos/chunk-000/observation.images.wrist/episode_000141.mp4,429451,Recorded training/evaluation or diagnostic imagery/video; inspect associated run metadata,First-party report artifact; depicted geometry/provenance requires per-run review,Not individually visually reviewed; not selected for the evidence page,"Review episode plus manifest/provenance, label simulation/physical scope, caption scoring rule and failures"
reports/training/franka_cup_lerobot_demos_v2/videos/chunk-000/observation.images.wrist/episode_000142.mp4,471146,Recorded training/evaluation or diagnostic imagery/video; inspect associated run metadata,First-party report artifact; depicted geometry/provenance requires per-run review,Not individually visually reviewed; not selected for the evidence page,"Review episode plus manifest/provenance, label simulation/physical scope, caption scoring rule and failures"
reports/training/franka_cup_lerobot_demos_v2/videos/chunk-000/observation.images.wrist/episode_000143.mp4,350150,Recorded training/evaluation or diagnostic imagery/video; inspect associated run metadata,First-party report artifact; depicted geometry/provenance requires per-run review,Not individually visually reviewed; not selected for the evidence page,"Review episode plus manifest/provenance, label simulation/physical scope, caption scoring rule and failures"
reports/training/franka_cup_lerobot_demos_v2/videos/chunk-000/observation.images.wrist/episode_000144.mp4,349601,Recorded training/evaluation or diagnostic imagery/video; inspect associated run metadata,First-party report artifact; depicted geometry/provenance requires per-run review,Not individually visually reviewed; not selected for the evidence page,"Review episode plus manifest/provenance, label simulation/physical scope, caption scoring rule and failures"
reports/training/franka_cup_lerobot_demos_v2/videos/chunk-000/observation.images.wrist/episode_000145.mp4,308353,Recorded training/evaluation or diagnostic imagery/video; inspect associated run metadata,First-party report artifact; depicted geometry/provenance requires per-run review,Not individually visually reviewed; not selected for the evidence page,"Review episode plus manifest/provenance, label simulation/physical scope, caption scoring rule and failures"
reports/training/franka_cup_lerobot_demos_v2/videos/chunk-000/observation.images.wrist/episode_000146.mp4,364558,Recorded training/evaluation or diagnostic imagery/video; inspect associated run metadata,First-party report artifact; depicted geometry/provenance requires per-run review,Not individually visually reviewed; not selected for the evidence page,"Review episode plus manifest/provenance, label simulation/physical scope, caption scoring rule and failures"
reports/training/franka_cup_lerobot_demos_v2/videos/chunk-000/observation.images.wrist/episode_000147.mp4,339425,Recorded training/evaluation or diagnostic imagery/video; inspect associated run metadata,First-party report artifact; depicted geometry/provenance requires per-run review,Not individually visually reviewed; not selected for the evidence page,"Review episode plus manifest/provenance, label simulation/physical scope, caption scoring rule and failures"
reports/training/franka_cup_lerobot_demos_v2/videos/chunk-000/observation.images.wrist/episode_000148.mp4,314387,Recorded training/evaluation or diagnostic imagery/video; inspect associated run metadata,First-party report artifact; depicted geometry/provenance requires per-run review,Not individually visually reviewed; not selected for the evidence page,"Review episode plus manifest/provenance, label simulation/physical scope, caption scoring rule and failures"
reports/training/franka_cup_lerobot_demos_v2/videos/chunk-000/observation.images.wrist/episode_000149.mp4,306133,Recorded training/evaluation or diagnostic imagery/video; inspect associated run metadata,First-party report artifact; depicted geometry/provenance requires per-run review,Not individually visually reviewed; not selected for the evidence page,"Review episode plus manifest/provenance, label simulation/physical scope, caption scoring rule and failures"
reports/training/franka_cup_lerobot_demos_v2/videos/chunk-000/observation.images.wrist/episode_000150.mp4,364217,Recorded training/evaluation or diagnostic imagery/video; inspect associated run metadata,First-party report artifact; depicted geometry/provenance requires per-run review,Not individually visually reviewed; not selected for the evidence page,"Review episode plus manifest/provenance, label simulation/physical scope, caption scoring rule and failures"
reports/training/franka_cup_lerobot_demos_v2/videos/chunk-000/observation.images.wrist/episode_000151.mp4,367012,Recorded training/evaluation or diagnostic imagery/video; inspect associated run metadata,First-party report artifact; depicted geometry/provenance requires per-run review,Not individually visually reviewed; not selected for the evidence page,"Review episode plus manifest/provenance, label simulation/physical scope, caption scoring rule and failures"
reports/training/franka_cup_lerobot_demos_v2/videos/chunk-000/observation.images.wrist/episode_000152.mp4,381544,Recorded training/evaluation or diagnostic imagery/video; inspect associated run metadata,First-party report artifact; depicted geometry/provenance requires per-run review,Not individually visually reviewed; not selected for the evidence page,"Review episode plus manifest/provenance, label simulation/physical scope, caption scoring rule and failures"
reports/training/franka_cup_lerobot_demos_v2/videos/chunk-000/observation.images.wrist/episode_000153.mp4,384791,Recorded training/evaluation or diagnostic imagery/video; inspect associated run metadata,First-party report artifact; depicted geometry/provenance requires per-run review,Not individually visually reviewed; not selected for the evidence page,"Review episode plus manifest/provenance, label simulation/physical scope, caption scoring rule and failures"
reports/training/franka_cup_lerobot_demos_v2/videos/chunk-000/observation.images.wrist/episode_000154.mp4,340492,Recorded training/evaluation or diagnostic imagery/video; inspect associated run metadata,First-party report artifact; depicted geometry/provenance requires per-run review,Not individually visually reviewed; not selected for the evidence page,"Review episode plus manifest/provenance, label simulation/physical scope, caption scoring rule and failures"
reports/training/franka_cup_lerobot_demos_v2/videos/chunk-000/observation.images.wrist/episode_000155.mp4,413659,Recorded training/evaluation or diagnostic imagery/video; inspect associated run metadata,First-party report artifact; depicted geometry/provenance requires per-run review,Not individually visually reviewed; not selected for the evidence page,"Review episode plus manifest/provenance, label simulation/physical scope, caption scoring rule and failures"
reports/training/franka_cup_lerobot_demos_v2/videos/chunk-000/observation.images.wrist/episode_000156.mp4,412928,Recorded training/evaluation or diagnostic imagery/video; inspect associated run metadata,First-party report artifact; depicted geometry/provenance requires per-run review,Not individually visually reviewed; not selected for the evidence page,"Review episode plus manifest/provenance, label simulation/physical scope, caption scoring rule and failures"
reports/training/franka_cup_lerobot_demos_v2/videos/chunk-000/observation.images.wrist/episode_000157.mp4,350990,Recorded training/evaluation or diagnostic imagery/video; inspect associated run metadata,First-party report artifact; depicted geometry/provenance requires per-run review,Not individually visually reviewed; not selected for the evidence page,"Review episode plus manifest/provenance, label simulation/physical scope, caption scoring rule and failures"
reports/training/franka_cup_lerobot_demos_v2/videos/chunk-000/observation.images.wrist/episode_000158.mp4,405719,Recorded training/evaluation or diagnostic imagery/video; inspect associated run metadata,First-party report artifact; depicted geometry/provenance requires per-run review,Not individually visually reviewed; not selected for the evidence page,"Review episode plus manifest/provenance, label simulation/physical scope, caption scoring rule and failures"
reports/training/franka_cup_lerobot_demos_v2/videos/chunk-000/observation.images.wrist/episode_000159.mp4,416554,Recorded training/evaluation or diagnostic imagery/video; inspect associated run metadata,First-party report artifact; depicted geometry/provenance requires per-run review,Not individually visually reviewed; not selected for the evidence page,"Review episode plus manifest/provenance, label simulation/physical scope, caption scoring rule and failures"
reports/training/franka_cup_lerobot_demos_v2/videos/chunk-000/observation.images.wrist/episode_000160.mp4,322747,Recorded training/evaluation or diagnostic imagery/video; inspect associated run metadata,First-party report artifact; depicted geometry/provenance requires per-run review,Not individually visually reviewed; not selected for the evidence page,"Review episode plus manifest/provenance, label simulation/physical scope, caption scoring rule and failures"
reports/training/franka_cup_lerobot_demos_v2/videos/chunk-000/observation.images.wrist/episode_000161.mp4,390554,Recorded training/evaluation or diagnostic imagery/video; inspect associated run metadata,First-party report artifact; depicted geometry/provenance requires per-run review,Not individually visually reviewed; not selected for the evidence page,"Review episode plus manifest/provenance, label simulation/physical scope, caption scoring rule and failures"
reports/training/franka_cup_lerobot_demos_v2/videos/chunk-000/observation.images.wrist/episode_000162.mp4,383597,Recorded training/evaluation or diagnostic imagery/video; inspect associated run metadata,First-party report artifact; depicted geometry/provenance requires per-run review,Not individually visually reviewed; not selected for the evidence page,"Review episode plus manifest/provenance, label simulation/physical scope, caption scoring rule and failures"
reports/training/franka_cup_lerobot_demos_v2/videos/chunk-000/observation.images.wrist/episode_000163.mp4,312841,Recorded training/evaluation or diagnostic imagery/video; inspect associated run metadata,First-party report artifact; depicted geometry/provenance requires per-run review,Not individually visually reviewed; not selected for the evidence page,"Review episode plus manifest/provenance, label simulation/physical scope, caption scoring rule and failures"
reports/training/franka_cup_lerobot_demos_v2/videos/chunk-000/observation.images.wrist/episode_000164.mp4,506878,Recorded training/evaluation or diagnostic imagery/video; inspect associated run metadata,First-party report artifact; depicted geometry/provenance requires per-run review,Not individually visually reviewed; not selected for the evidence page,"Review episode plus manifest/provenance, label simulation/physical scope, caption scoring rule and failures"
reports/training/franka_cup_lerobot_demos_v2/videos/chunk-000/observation.images.wrist/episode_000165.mp4,658725,Recorded training/evaluation or diagnostic imagery/video; inspect associated run metadata,First-party report artifact; depicted geometry/provenance requires per-run review,Not individually visually reviewed; not selected for the evidence page,"Review episode plus manifest/provenance, label simulation/physical scope, caption scoring rule and failures"
reports/training/franka_cup_lerobot_demos_v2/videos/chunk-000/observation.images.wrist/episode_000166.mp4,472542,Recorded training/evaluation or diagnostic imagery/video; inspect associated run metadata,First-party report artifact; depicted geometry/provenance requires per-run review,Not individually visually reviewed; not selected for the evidence page,"Review episode plus manifest/provenance, label simulation/physical scope, caption scoring rule and failures"
reports/training/franka_cup_lerobot_demos_v2/videos/chunk-000/observation.images.wrist/episode_000167.mp4,419804,Recorded training/evaluation or diagnostic imagery/video; inspect associated run metadata,First-party report artifact; depicted geometry/provenance requires per-run review,Not individually visually reviewed; not selected for the evidence page,"Review episode plus manifest/provenance, label simulation/physical scope, caption scoring rule and failures"
reports/training/franka_cup_lerobot_demos_v2/videos/chunk-000/observation.images.wrist/episode_000168.mp4,474379,Recorded training/evaluation or diagnostic imagery/video; inspect associated run metadata,First-party report artifact; depicted geometry/provenance requires per-run review,Not individually visually reviewed; not selected for the evidence page,"Review episode plus manifest/provenance, label simulation/physical scope, caption scoring rule and failures"
reports/training/franka_cup_lerobot_demos_v2/videos/chunk-000/observation.images.wrist/episode_000169.mp4,353168,Recorded training/evaluation or diagnostic imagery/video; inspect associated run metadata,First-party report artifact; depicted geometry/provenance requires per-run review,Not individually visually reviewed; not selected for the evidence page,"Review episode plus manifest/provenance, label simulation/physical scope, caption scoring rule and failures"
reports/training/franka_cup_lerobot_demos_v2/videos/chunk-000/observation.images.wrist/episode_000170.mp4,303579,Recorded training/evaluation or diagnostic imagery/video; inspect associated run metadata,First-party report artifact; depicted geometry/provenance requires per-run review,Not individually visually reviewed; not selected for the evidence page,"Review episode plus manifest/provenance, label simulation/physical scope, caption scoring rule and failures"
reports/training/franka_cup_lerobot_demos_v2/videos/chunk-000/observation.images.wrist/episode_000171.mp4,347537,Recorded training/evaluation or diagnostic imagery/video; inspect associated run metadata,First-party report artifact; depicted geometry/provenance requires per-run review,Not individually visually reviewed; not selected for the evidence page,"Review episode plus manifest/provenance, label simulation/physical scope, caption scoring rule and failures"
reports/training/franka_cup_lerobot_demos_v2/videos/chunk-000/observation.images.wrist/episode_000172.mp4,376731,Recorded training/evaluation or diagnostic imagery/video; inspect associated run metadata,First-party report artifact; depicted geometry/provenance requires per-run review,Not individually visually reviewed; not selected for the evidence page,"Review episode plus manifest/provenance, label simulation/physical scope, caption scoring rule and failures"
reports/training/franka_cup_lerobot_demos_v2/videos/chunk-000/observation.images.wrist/episode_000173.mp4,363081,Recorded training/evaluation or diagnostic imagery/video; inspect associated run metadata,First-party report artifact; depicted geometry/provenance requires per-run review,Not individually visually reviewed; not selected for the evidence page,"Review episode plus manifest/provenance, label simulation/physical scope, caption scoring rule and failures"
reports/training/franka_cup_lerobot_demos_v2/videos/chunk-000/observation.images.wrist/episode_000174.mp4,358349,Recorded training/evaluation or diagnostic imagery/video; inspect associated run metadata,First-party report artifact; depicted geometry/provenance requires per-run review,Not individually visually reviewed; not selected for the evidence page,"Review episode plus manifest/provenance, label simulation/physical scope, caption scoring rule and failures"
reports/training/franka_cup_lerobot_demos_v2/videos/chunk-000/observation.images.wrist/episode_000175.mp4,323405,Recorded training/evaluation or diagnostic imagery/video; inspect associated run metadata,First-party report artifact; depicted geometry/provenance requires per-run review,Not individually visually reviewed; not selected for the evidence page,"Review episode plus manifest/provenance, label simulation/physical scope, caption scoring rule and failures"
reports/training/franka_cup_lerobot_demos_v2/videos/chunk-000/observation.images.wrist/episode_000176.mp4,323051,Recorded training/evaluation or diagnostic imagery/video; inspect associated run metadata,First-party report artifact; depicted geometry/provenance requires per-run review,Not individually visually reviewed; not selected for the evidence page,"Review episode plus manifest/provenance, label simulation/physical scope, caption scoring rule and failures"
reports/training/franka_cup_lerobot_demos_v2/videos/chunk-000/observation.images.wrist/episode_000177.mp4,246199,Recorded training/evaluation or diagnostic imagery/video; inspect associated run metadata,First-party report artifact; depicted geometry/provenance requires per-run review,Not individually visually reviewed; not selected for the evidence page,"Review episode plus manifest/provenance, label simulation/physical scope, caption scoring rule and failures"
reports/training/franka_cup_lerobot_demos_v2/videos/chunk-000/observation.images.wrist/episode_000178.mp4,362022,Recorded training/evaluation or diagnostic imagery/video; inspect associated run metadata,First-party report artifact; depicted geometry/provenance requires per-run review,Not individually visually reviewed; not selected for the evidence page,"Review episode plus manifest/provenance, label simulation/physical scope, caption scoring rule and failures"
reports/training/franka_cup_lerobot_demos_v2/videos/chunk-000/observation.images.wrist/episode_000179.mp4,533776,Recorded training/evaluation or diagnostic imagery/video; inspect associated run metadata,First-party report artifact; depicted geometry/provenance requires per-run review,Not individually visually reviewed; not selected for the evidence page,"Review episode plus manifest/provenance, label simulation/physical scope, caption scoring rule and failures"
reports/training/franka_cup_lerobot_demos_v2/videos/chunk-000/observation.images.wrist/episode_000180.mp4,300872,Recorded training/evaluation or diagnostic imagery/video; inspect associated run metadata,First-party report artifact; depicted geometry/provenance requires per-run review,Not individually visually reviewed; not selected for the evidence page,"Review episode plus manifest/provenance, label simulation/physical scope, caption scoring rule and failures"
reports/training/franka_cup_lerobot_demos_v2/videos/chunk-000/observation.images.wrist/episode_000181.mp4,293055,Recorded training/evaluation or diagnostic imagery/video; inspect associated run metadata,First-party report artifact; depicted geometry/provenance requires per-run review,Not individually visually reviewed; not selected for the evidence page,"Review episode plus manifest/provenance, label simulation/physical scope, caption scoring rule and failures"
reports/training/franka_cup_lerobot_demos_v2/videos/chunk-000/observation.images.wrist/episode_000182.mp4,446463,Recorded training/evaluation or diagnostic imagery/video; inspect associated run metadata,First-party report artifact; depicted geometry/provenance requires per-run review,Not individually visually reviewed; not selected for the evidence page,"Review episode plus manifest/provenance, label simulation/physical scope, caption scoring rule and failures"
reports/training/franka_cup_lerobot_demos_v2/videos/chunk-000/observation.images.wrist/episode_000183.mp4,309115,Recorded training/evaluation or diagnostic imagery/video; inspect associated run metadata,First-party report artifact; depicted geometry/provenance requires per-run review,Not individually visually reviewed; not selected for the evidence page,"Review episode plus manifest/provenance, label simulation/physical scope, caption scoring rule and failures"
reports/training/franka_cup_lerobot_demos_v2/videos/chunk-000/observation.images.wrist/episode_000184.mp4,363403,Recorded training/evaluation or diagnostic imagery/video; inspect associated run metadata,First-party report artifact; depicted geometry/provenance requires per-run review,Not individually visually reviewed; not selected for the evidence page,"Review episode plus manifest/provenance, label simulation/physical scope, caption scoring rule and failures"
reports/training/franka_cup_lerobot_demos_v2/videos/chunk-000/observation.images.wrist/episode_000185.mp4,364478,Recorded training/evaluation or diagnostic imagery/video; inspect associated run metadata,First-party report artifact; depicted geometry/provenance requires per-run review,Not individually visually reviewed; not selected for the evidence page,"Review episode plus manifest/provenance, label simulation/physical scope, caption scoring rule and failures"
reports/training/franka_cup_lerobot_demos_v2/videos/chunk-000/observation.images.wrist/episode_000186.mp4,415727,Recorded training/evaluation or diagnostic imagery/video; inspect associated run metadata,First-party report artifact; depicted geometry/provenance requires per-run review,Not individually visually reviewed; not selected for the evidence page,"Review episode plus manifest/provenance, label simulation/physical scope, caption scoring rule and failures"
reports/training/franka_cup_lerobot_demos_v2/videos/chunk-000/observation.images.wrist/episode_000187.mp4,328331,Recorded training/evaluation or diagnostic imagery/video; inspect associated run metadata,First-party report artifact; depicted geometry/provenance requires per-run review,Not individually visually reviewed; not selected for the evidence page,"Review episode plus manifest/provenance, label simulation/physical scope, caption scoring rule and failures"
reports/training/franka_cup_lerobot_demos_v2/videos/chunk-000/observation.images.wrist/episode_000188.mp4,320303,Recorded training/evaluation or diagnostic imagery/video; inspect associated run metadata,First-party report artifact; depicted geometry/provenance requires per-run review,Not individually visually reviewed; not selected for the evidence page,"Review episode plus manifest/provenance, label simulation/physical scope, caption scoring rule and failures"
reports/training/franka_cup_lerobot_demos_v2/videos/chunk-000/observation.images.wrist/episode_000189.mp4,355145,Recorded training/evaluation or diagnostic imagery/video; inspect associated run metadata,First-party report artifact; depicted geometry/provenance requires per-run review,Not individually visually reviewed; not selected for the evidence page,"Review episode plus manifest/provenance, label simulation/physical scope, caption scoring rule and failures"
reports/training/franka_cup_lerobot_demos_v2/videos/chunk-000/observation.images.wrist/episode_000190.mp4,417945,Recorded training/evaluation or diagnostic imagery/video; inspect associated run metadata,First-party report artifact; depicted geometry/provenance requires per-run review,Not individually visually reviewed; not selected for the evidence page,"Review episode plus manifest/provenance, label simulation/physical scope, caption scoring rule and failures"
reports/training/franka_cup_lerobot_demos_v2/videos/chunk-000/observation.images.wrist/episode_000191.mp4,354778,Recorded training/evaluation or diagnostic imagery/video; inspect associated run metadata,First-party report artifact; depicted geometry/provenance requires per-run review,Not individually visually reviewed; not selected for the evidence page,"Review episode plus manifest/provenance, label simulation/physical scope, caption scoring rule and failures"
reports/training/franka_cup_lerobot_demos_v2/videos/chunk-000/observation.images.wrist/episode_000192.mp4,320884,Recorded training/evaluation or diagnostic imagery/video; inspect associated run metadata,First-party report artifact; depicted geometry/provenance requires per-run review,Not individually visually reviewed; not selected for the evidence page,"Review episode plus manifest/provenance, label simulation/physical scope, caption scoring rule and failures"
reports/training/franka_cup_lerobot_demos_v2/videos/chunk-000/observation.images.wrist/episode_000193.mp4,284869,Recorded training/evaluation or diagnostic imagery/video; inspect associated run metadata,First-party report artifact; depicted geometry/provenance requires per-run review,Not individually visually reviewed; not selected for the evidence page,"Review episode plus manifest/provenance, label simulation/physical scope, caption scoring rule and failures"
reports/training/franka_cup_lerobot_demos_v2/videos/chunk-000/observation.images.wrist/episode_000194.mp4,370166,Recorded training/evaluation or diagnostic imagery/video; inspect associated run metadata,First-party report artifact; depicted geometry/provenance requires per-run review,Not individually visually reviewed; not selected for the evidence page,"Review episode plus manifest/provenance, label simulation/physical scope, caption scoring rule and failures"
reports/training/franka_cup_lerobot_demos_v2/videos/chunk-000/observation.images.wrist/episode_000195.mp4,418964,Recorded training/evaluation or diagnostic imagery/video; inspect associated run metadata,First-party report artifact; depicted geometry/provenance requires per-run review,Not individually visually reviewed; not selected for the evidence page,"Review episode plus manifest/provenance, label simulation/physical scope, caption scoring rule and failures"
reports/training/franka_cup_lerobot_demos_v2/videos/chunk-000/observation.images.wrist/episode_000196.mp4,457156,Recorded training/evaluation or diagnostic imagery/video; inspect associated run metadata,First-party report artifact; depicted geometry/provenance requires per-run review,Not individually visually reviewed; not selected for the evidence page,"Review episode plus manifest/provenance, label simulation/physical scope, caption scoring rule and failures"
reports/training/franka_cup_lerobot_demos_v2/videos/chunk-000/observation.images.wrist/episode_000197.mp4,317733,Recorded training/evaluation or diagnostic imagery/video; inspect associated run metadata,First-party report artifact; depicted geometry/provenance requires per-run review,Not individually visually reviewed; not selected for the evidence page,"Review episode plus manifest/provenance, label simulation/physical scope, caption scoring rule and failures"
reports/training/franka_cup_lerobot_demos_v2/videos/chunk-000/observation.images.wrist/episode_000198.mp4,299092,Recorded training/evaluation or diagnostic imagery/video; inspect associated run metadata,First-party report artifact; depicted geometry/provenance requires per-run review,Not individually visually reviewed; not selected for the evidence page,"Review episode plus manifest/provenance, label simulation/physical scope, caption scoring rule and failures"
reports/training/franka_cup_lerobot_demos_v2/videos/chunk-000/observation.images.wrist/episode_000199.mp4,437422,Recorded training/evaluation or diagnostic imagery/video; inspect associated run metadata,First-party report artifact; depicted geometry/provenance requires per-run review,Not individually visually reviewed; not selected for the evidence page,"Review episode plus manifest/provenance, label simulation/physical scope, caption scoring rule and failures"
reports/training/franka_cup_lerobot_raw/episode_000000/overhead.mp4,511536,Recorded training/evaluation or diagnostic imagery/video; inspect associated run metadata,First-party report artifact; depicted geometry/provenance requires per-run review,Not individually visually reviewed; not selected for the evidence page,"Review episode plus manifest/provenance, label simulation/physical scope, caption scoring rule and failures"
reports/training/franka_cup_lerobot_raw/episode_000000/wrist.mp4,315437,Recorded training/evaluation or diagnostic imagery/video; inspect associated run metadata,First-party report artifact; depicted geometry/provenance requires per-run review,Not individually visually reviewed; not selected for the evidence page,"Review episode plus manifest/provenance, label simulation/physical scope, caption scoring rule and failures"
reports/training/franka_cup_lerobot_raw/episode_000001/overhead.mp4,444210,Recorded training/evaluation or diagnostic imagery/video; inspect associated run metadata,First-party report artifact; depicted geometry/provenance requires per-run review,Not individually visually reviewed; not selected for the evidence page,"Review episode plus manifest/provenance, label simulation/physical scope, caption scoring rule and failures"
reports/training/franka_cup_lerobot_raw/episode_000001/wrist.mp4,296901,Recorded training/evaluation or diagnostic imagery/video; inspect associated run metadata,First-party report artifact; depicted geometry/provenance requires per-run review,Not individually visually reviewed; not selected for the evidence page,"Review episode plus manifest/provenance, label simulation/physical scope, caption scoring rule and failures"
reports/training/franka_cup_lerobot_raw/episode_000002/overhead.mp4,448120,Recorded training/evaluation or diagnostic imagery/video; inspect associated run metadata,First-party report artifact; depicted geometry/provenance requires per-run review,Not individually visually reviewed; not selected for the evidence page,"Review episode plus manifest/provenance, label simulation/physical scope, caption scoring rule and failures"
reports/training/franka_cup_lerobot_raw/episode_000002/wrist.mp4,272872,Recorded training/evaluation or diagnostic imagery/video; inspect associated run metadata,First-party report artifact; depicted geometry/provenance requires per-run review,Not individually visually reviewed; not selected for the evidence page,"Review episode plus manifest/provenance, label simulation/physical scope, caption scoring rule and failures"
reports/training/franka_cup_lerobot_raw/episode_000003/overhead.mp4,481139,Recorded training/evaluation or diagnostic imagery/video; inspect associated run metadata,First-party report artifact; depicted geometry/provenance requires per-run review,Not individually visually reviewed; not selected for the evidence page,"Review episode plus manifest/provenance, label simulation/physical scope, caption scoring rule and failures"
reports/training/franka_cup_lerobot_raw/episode_000003/wrist.mp4,295208,Recorded training/evaluation or diagnostic imagery/video; inspect associated run metadata,First-party report artifact; depicted geometry/provenance requires per-run review,Not individually visually reviewed; not selected for the evidence page,"Review episode plus manifest/provenance, label simulation/physical scope, caption scoring rule and failures"
reports/training/franka_cup_lerobot_raw/episode_000004/overhead.mp4,519981,Recorded training/evaluation or diagnostic imagery/video; inspect associated run metadata,First-party report artifact; depicted geometry/provenance requires per-run review,Not individually visually reviewed; not selected for the evidence page,"Review episode plus manifest/provenance, label simulation/physical scope, caption scoring rule and failures"
reports/training/franka_cup_lerobot_raw/episode_000004/wrist.mp4,309354,Recorded training/evaluation or diagnostic imagery/video; inspect associated run metadata,First-party report artifact; depicted geometry/provenance requires per-run review,Not individually visually reviewed; not selected for the evidence page,"Review episode plus manifest/provenance, label simulation/physical scope, caption scoring rule and failures"
reports/training/franka_cup_lerobot_raw/episode_000005/overhead.mp4,479589,Recorded training/evaluation or diagnostic imagery/video; inspect associated run metadata,First-party report artifact; depicted geometry/provenance requires per-run review,Not individually visually reviewed; not selected for the evidence page,"Review episode plus manifest/provenance, label simulation/physical scope, caption scoring rule and failures"
reports/training/franka_cup_lerobot_raw/episode_000005/wrist.mp4,282933,Recorded training/evaluation or diagnostic imagery/video; inspect associated run metadata,First-party report artifact; depicted geometry/provenance requires per-run review,Not individually visually reviewed; not selected for the evidence page,"Review episode plus manifest/provenance, label simulation/physical scope, caption scoring rule and failures"
reports/training/franka_cup_lerobot_raw/episode_000006/overhead.mp4,624185,Recorded training/evaluation or diagnostic imagery/video; inspect associated run metadata,First-party report artifact; depicted geometry/provenance requires per-run review,Not individually visually reviewed; not selected for the evidence page,"Review episode plus manifest/provenance, label simulation/physical scope, caption scoring rule and failures"
reports/training/franka_cup_lerobot_raw/episode_000006/wrist.mp4,334845,Recorded training/evaluation or diagnostic imagery/video; inspect associated run metadata,First-party report artifact; depicted geometry/provenance requires per-run review,Not individually visually reviewed; not selected for the evidence page,"Review episode plus manifest/provenance, label simulation/physical scope, caption scoring rule and failures"
reports/training/franka_cup_lerobot_raw/episode_000007/overhead.mp4,421639,Recorded training/evaluation or diagnostic imagery/video; inspect associated run metadata,First-party report artifact; depicted geometry/provenance requires per-run review,Not individually visually reviewed; not selected for the evidence page,"Review episode plus manifest/provenance, label simulation/physical scope, caption scoring rule and failures"
reports/training/franka_cup_lerobot_raw/episode_000007/wrist.mp4,287035,Recorded training/evaluation or diagnostic imagery/video; inspect associated run metadata,First-party report artifact; depicted geometry/provenance requires per-run review,Not individually visually reviewed; not selected for the evidence page,"Review episode plus manifest/provenance, label simulation/physical scope, caption scoring rule and failures"
reports/training/franka_cup_lerobot_raw/episode_000008/overhead.mp4,534309,Recorded training/evaluation or diagnostic imagery/video; inspect associated run metadata,First-party report artifact; depicted geometry/provenance requires per-run review,Not individually visually reviewed; not selected for the evidence page,"Review episode plus manifest/provenance, label simulation/physical scope, caption scoring rule and failures"
reports/training/franka_cup_lerobot_raw/episode_000008/wrist.mp4,312805,Recorded training/evaluation or diagnostic imagery/video; inspect associated run metadata,First-party report artifact; depicted geometry/provenance requires per-run review,Not individually visually reviewed; not selected for the evidence page,"Review episode plus manifest/provenance, label simulation/physical scope, caption scoring rule and failures"
reports/training/franka_cup_lerobot_raw/episode_000009/overhead.mp4,460750,Recorded training/evaluation or diagnostic imagery/video; inspect associated run metadata,First-party report artifact; depicted geometry/provenance requires per-run review,Not individually visually reviewed; not selected for the evidence page,"Review episode plus manifest/provenance, label simulation/physical scope, caption scoring rule and failures"
reports/training/franka_cup_lerobot_raw/episode_000009/wrist.mp4,299745,Recorded training/evaluation or diagnostic imagery/video; inspect associated run metadata,First-party report artifact; depicted geometry/provenance requires per-run review,Not individually visually reviewed; not selected for the evidence page,"Review episode plus manifest/provenance, label simulation/physical scope, caption scoring rule and failures"
reports/training/franka_cup_lerobot_raw/episode_000010/overhead.mp4,562440,Recorded training/evaluation or diagnostic imagery/video; inspect associated run metadata,First-party report artifact; depicted geometry/provenance requires per-run review,Not individually visually reviewed; not selected for the evidence page,"Review episode plus manifest/provenance, label simulation/physical scope, caption scoring rule and failures"
reports/training/franka_cup_lerobot_raw/episode_000010/wrist.mp4,357541,Recorded training/evaluation or diagnostic imagery/video; inspect associated run metadata,First-party report artifact; depicted geometry/provenance requires per-run review,Not individually visually reviewed; not selected for the evidence page,"Review episode plus manifest/provenance, label simulation/physical scope, caption scoring rule and failures"
reports/training/franka_cup_lerobot_raw/episode_000011/overhead.mp4,534313,Recorded training/evaluation or diagnostic imagery/video; inspect associated run metadata,First-party report artifact; depicted geometry/provenance requires per-run review,Not individually visually reviewed; not selected for the evidence page,"Review episode plus manifest/provenance, label simulation/physical scope, caption scoring rule and failures"
reports/training/franka_cup_lerobot_raw/episode_000011/wrist.mp4,303435,Recorded training/evaluation or diagnostic imagery/video; inspect associated run metadata,First-party report artifact; depicted geometry/provenance requires per-run review,Not individually visually reviewed; not selected for the evidence page,"Review episode plus manifest/provenance, label simulation/physical scope, caption scoring rule and failures"
reports/training/franka_cup_lerobot_raw/episode_000012/overhead.mp4,430487,Recorded training/evaluation or diagnostic imagery/video; inspect associated run metadata,First-party report artifact; depicted geometry/provenance requires per-run review,Not individually visually reviewed; not selected for the evidence page,"Review episode plus manifest/provenance, label simulation/physical scope, caption scoring rule and failures"
reports/training/franka_cup_lerobot_raw/episode_000012/wrist.mp4,276550,Recorded training/evaluation or diagnostic imagery/video; inspect associated run metadata,First-party report artifact; depicted geometry/provenance requires per-run review,Not individually visually reviewed; not selected for the evidence page,"Review episode plus manifest/provenance, label simulation/physical scope, caption scoring rule and failures"
reports/training/franka_cup_lerobot_raw/episode_000013/overhead.mp4,485308,Recorded training/evaluation or diagnostic imagery/video; inspect associated run metadata,First-party report artifact; depicted geometry/provenance requires per-run review,Not individually visually reviewed; not selected for the evidence page,"Review episode plus manifest/provenance, label simulation/physical scope, caption scoring rule and failures"
reports/training/franka_cup_lerobot_raw/episode_000013/wrist.mp4,353547,Recorded training/evaluation or diagnostic imagery/video; inspect associated run metadata,First-party report artifact; depicted geometry/provenance requires per-run review,Not individually visually reviewed; not selected for the evidence page,"Review episode plus manifest/provenance, label simulation/physical scope, caption scoring rule and failures"
reports/training/franka_cup_lerobot_raw/episode_000014/overhead.mp4,578407,Recorded training/evaluation or diagnostic imagery/video; inspect associated run metadata,First-party report artifact; depicted geometry/provenance requires per-run review,Not individually visually reviewed; not selected for the evidence page,"Review episode plus manifest/provenance, label simulation/physical scope, caption scoring rule and failures"
reports/training/franka_cup_lerobot_raw/episode_000014/wrist.mp4,355068,Recorded training/evaluation or diagnostic imagery/video; inspect associated run metadata,First-party report artifact; depicted geometry/provenance requires per-run review,Not individually visually reviewed; not selected for the evidence page,"Review episode plus manifest/provenance, label simulation/physical scope, caption scoring rule and failures"
reports/training/franka_cup_lerobot_raw/episode_000015/overhead.mp4,691781,Recorded training/evaluation or diagnostic imagery/video; inspect associated run metadata,First-party report artifact; depicted geometry/provenance requires per-run review,Not individually visually reviewed; not selected for the evidence page,"Review episode plus manifest/provenance, label simulation/physical scope, caption scoring rule and failures"
reports/training/franka_cup_lerobot_raw/episode_000015/wrist.mp4,471540,Recorded training/evaluation or diagnostic imagery/video; inspect associated run metadata,First-party report artifact; depicted geometry/provenance requires per-run review,Not individually visually reviewed; not selected for the evidence page,"Review episode plus manifest/provenance, label simulation/physical scope, caption scoring rule and failures"
reports/training/franka_cup_lerobot_raw/episode_000016/overhead.mp4,472686,Recorded training/evaluation or diagnostic imagery/video; inspect associated run metadata,First-party report artifact; depicted geometry/provenance requires per-run review,Not individually visually reviewed; not selected for the evidence page,"Review episode plus manifest/provenance, label simulation/physical scope, caption scoring rule and failures"
reports/training/franka_cup_lerobot_raw/episode_000016/wrist.mp4,307931,Recorded training/evaluation or diagnostic imagery/video; inspect associated run metadata,First-party report artifact; depicted geometry/provenance requires per-run review,Not individually visually reviewed; not selected for the evidence page,"Review episode plus manifest/provenance, label simulation/physical scope, caption scoring rule and failures"
reports/training/franka_cup_lerobot_raw/episode_000017/overhead.mp4,596850,Recorded training/evaluation or diagnostic imagery/video; inspect associated run metadata,First-party report artifact; depicted geometry/provenance requires per-run review,Not individually visually reviewed; not selected for the evidence page,"Review episode plus manifest/provenance, label simulation/physical scope, caption scoring rule and failures"
reports/training/franka_cup_lerobot_raw/episode_000017/wrist.mp4,360739,Recorded training/evaluation or diagnostic imagery/video; inspect associated run metadata,First-party report artifact; depicted geometry/provenance requires per-run review,Not individually visually reviewed; not selected for the evidence page,"Review episode plus manifest/provenance, label simulation/physical scope, caption scoring rule and failures"
reports/training/franka_cup_lerobot_raw/episode_000018/overhead.mp4,678872,Recorded training/evaluation or diagnostic imagery/video; inspect associated run metadata,First-party report artifact; depicted geometry/provenance requires per-run review,Not individually visually reviewed; not selected for the evidence page,"Review episode plus manifest/provenance, label simulation/physical scope, caption scoring rule and failures"
reports/training/franka_cup_lerobot_raw/episode_000018/wrist.mp4,393628,Recorded training/evaluation or diagnostic imagery/video; inspect associated run metadata,First-party report artifact; depicted geometry/provenance requires per-run review,Not individually visually reviewed; not selected for the evidence page,"Review episode plus manifest/provenance, label simulation/physical scope, caption scoring rule and failures"
reports/training/franka_cup_lerobot_raw/episode_000019/overhead.mp4,550368,Recorded training/evaluation or diagnostic imagery/video; inspect associated run metadata,First-party report artifact; depicted geometry/provenance requires per-run review,Not individually visually reviewed; not selected for the evidence page,"Review episode plus manifest/provenance, label simulation/physical scope, caption scoring rule and failures"
reports/training/franka_cup_lerobot_raw/episode_000019/wrist.mp4,407638,Recorded training/evaluation or diagnostic imagery/video; inspect associated run metadata,First-party report artifact; depicted geometry/provenance requires per-run review,Not individually visually reviewed; not selected for the evidence page,"Review episode plus manifest/provenance, label simulation/physical scope, caption scoring rule and failures"
reports/training/franka_cup_lerobot_raw/episode_000020/overhead.mp4,638041,Recorded training/evaluation or diagnostic imagery/video; inspect associated run metadata,First-party report artifact; depicted geometry/provenance requires per-run review,Not individually visually reviewed; not selected for the evidence page,"Review episode plus manifest/provenance, label simulation/physical scope, caption scoring rule and failures"
reports/training/franka_cup_lerobot_raw/episode_000020/wrist.mp4,331561,Recorded training/evaluation or diagnostic imagery/video; inspect associated run metadata,First-party report artifact; depicted geometry/provenance requires per-run review,Not individually visually reviewed; not selected for the evidence page,"Review episode plus manifest/provenance, label simulation/physical scope, caption scoring rule and failures"
reports/training/franka_cup_lerobot_raw/episode_000021/overhead.mp4,617341,Recorded training/evaluation or diagnostic imagery/video; inspect associated run metadata,First-party report artifact; depicted geometry/provenance requires per-run review,Not individually visually reviewed; not selected for the evidence page,"Review episode plus manifest/provenance, label simulation/physical scope, caption scoring rule and failures"
reports/training/franka_cup_lerobot_raw/episode_000021/wrist.mp4,331456,Recorded training/evaluation or diagnostic imagery/video; inspect associated run metadata,First-party report artifact; depicted geometry/provenance requires per-run review,Not individually visually reviewed; not selected for the evidence page,"Review episode plus manifest/provenance, label simulation/physical scope, caption scoring rule and failures"
reports/training/franka_cup_lerobot_raw/episode_000022/overhead.mp4,537813,Recorded training/evaluation or diagnostic imagery/video; inspect associated run metadata,First-party report artifact; depicted geometry/provenance requires per-run review,Not individually visually reviewed; not selected for the evidence page,"Review episode plus manifest/provenance, label simulation/physical scope, caption scoring rule and failures"
reports/training/franka_cup_lerobot_raw/episode_000022/wrist.mp4,302413,Recorded training/evaluation or diagnostic imagery/video; inspect associated run metadata,First-party report artifact; depicted geometry/provenance requires per-run review,Not individually visually reviewed; not selected for the evidence page,"Review episode plus manifest/provenance, label simulation/physical scope, caption scoring rule and failures"
reports/training/franka_cup_lerobot_raw/episode_000023/overhead.mp4,499895,Recorded training/evaluation or diagnostic imagery/video; inspect associated run metadata,First-party report artifact; depicted geometry/provenance requires per-run review,Not individually visually reviewed; not selected for the evidence page,"Review episode plus manifest/provenance, label simulation/physical scope, caption scoring rule and failures"
reports/training/franka_cup_lerobot_raw/episode_000023/wrist.mp4,340643,Recorded training/evaluation or diagnostic imagery/video; inspect associated run metadata,First-party report artifact; depicted geometry/provenance requires per-run review,Not individually visually reviewed; not selected for the evidence page,"Review episode plus manifest/provenance, label simulation/physical scope, caption scoring rule and failures"
reports/training/franka_cup_lerobot_raw/episode_000024/overhead.mp4,588125,Recorded training/evaluation or diagnostic imagery/video; inspect associated run metadata,First-party report artifact; depicted geometry/provenance requires per-run review,Not individually visually reviewed; not selected for the evidence page,"Review episode plus manifest/provenance, label simulation/physical scope, caption scoring rule and failures"
reports/training/franka_cup_lerobot_raw/episode_000024/wrist.mp4,324678,Recorded training/evaluation or diagnostic imagery/video; inspect associated run metadata,First-party report artifact; depicted geometry/provenance requires per-run review,Not individually visually reviewed; not selected for the evidence page,"Review episode plus manifest/provenance, label simulation/physical scope, caption scoring rule and failures"
reports/training/franka_cup_lerobot_raw/episode_000025/overhead.mp4,494532,Recorded training/evaluation or diagnostic imagery/video; inspect associated run metadata,First-party report artifact; depicted geometry/provenance requires per-run review,Not individually visually reviewed; not selected for the evidence page,"Review episode plus manifest/provenance, label simulation/physical scope, caption scoring rule and failures"
reports/training/franka_cup_lerobot_raw/episode_000025/wrist.mp4,324082,Recorded training/evaluation or diagnostic imagery/video; inspect associated run metadata,First-party report artifact; depicted geometry/provenance requires per-run review,Not individually visually reviewed; not selected for the evidence page,"Review episode plus manifest/provenance, label simulation/physical scope, caption scoring rule and failures"
reports/training/franka_cup_lerobot_raw/episode_000026/overhead.mp4,632175,Recorded training/evaluation or diagnostic imagery/video; inspect associated run metadata,First-party report artifact; depicted geometry/provenance requires per-run review,Not individually visually reviewed; not selected for the evidence page,"Review episode plus manifest/provenance, label simulation/physical scope, caption scoring rule and failures"
reports/training/franka_cup_lerobot_raw/episode_000026/wrist.mp4,419344,Recorded training/evaluation or diagnostic imagery/video; inspect associated run metadata,First-party report artifact; depicted geometry/provenance requires per-run review,Not individually visually reviewed; not selected for the evidence page,"Review episode plus manifest/provenance, label simulation/physical scope, caption scoring rule and failures"
reports/training/franka_cup_lerobot_raw/episode_000027/overhead.mp4,534244,Recorded training/evaluation or diagnostic imagery/video; inspect associated run metadata,First-party report artifact; depicted geometry/provenance requires per-run review,Not individually visually reviewed; not selected for the evidence page,"Review episode plus manifest/provenance, label simulation/physical scope, caption scoring rule and failures"
reports/training/franka_cup_lerobot_raw/episode_000027/wrist.mp4,374822,Recorded training/evaluation or diagnostic imagery/video; inspect associated run metadata,First-party report artifact; depicted geometry/provenance requires per-run review,Not individually visually reviewed; not selected for the evidence page,"Review episode plus manifest/provenance, label simulation/physical scope, caption scoring rule and failures"
reports/training/franka_cup_lerobot_raw/episode_000028/overhead.mp4,556777,Recorded training/evaluation or diagnostic imagery/video; inspect associated run metadata,First-party report artifact; depicted geometry/provenance requires per-run review,Not individually visually reviewed; not selected for the evidence page,"Review episode plus manifest/provenance, label simulation/physical scope, caption scoring rule and failures"
reports/training/franka_cup_lerobot_raw/episode_000028/wrist.mp4,392637,Recorded training/evaluation or diagnostic imagery/video; inspect associated run metadata,First-party report artifact; depicted geometry/provenance requires per-run review,Not individually visually reviewed; not selected for the evidence page,"Review episode plus manifest/provenance, label simulation/physical scope, caption scoring rule and failures"
reports/training/franka_cup_lerobot_raw/episode_000029/overhead.mp4,620494,Recorded training/evaluation or diagnostic imagery/video; inspect associated run metadata,First-party report artifact; depicted geometry/provenance requires per-run review,Not individually visually reviewed; not selected for the evidence page,"Review episode plus manifest/provenance, label simulation/physical scope, caption scoring rule and failures"
reports/training/franka_cup_lerobot_raw/episode_000029/wrist.mp4,372291,Recorded training/evaluation or diagnostic imagery/video; inspect associated run metadata,First-party report artifact; depicted geometry/provenance requires per-run review,Not individually visually reviewed; not selected for the evidence page,"Review episode plus manifest/provenance, label simulation/physical scope, caption scoring rule and failures"
reports/training/franka_cup_lerobot_raw/episode_000030/overhead.mp4,421980,Recorded training/evaluation or diagnostic imagery/video; inspect associated run metadata,First-party report artifact; depicted geometry/provenance requires per-run review,Not individually visually reviewed; not selected for the evidence page,"Review episode plus manifest/provenance, label simulation/physical scope, caption scoring rule and failures"
reports/training/franka_cup_lerobot_raw/episode_000030/wrist.mp4,296294,Recorded training/evaluation or diagnostic imagery/video; inspect associated run metadata,First-party report artifact; depicted geometry/provenance requires per-run review,Not individually visually reviewed; not selected for the evidence page,"Review episode plus manifest/provenance, label simulation/physical scope, caption scoring rule and failures"
reports/training/franka_cup_lerobot_raw/episode_000031/overhead.mp4,587830,Recorded training/evaluation or diagnostic imagery/video; inspect associated run metadata,First-party report artifact; depicted geometry/provenance requires per-run review,Not individually visually reviewed; not selected for the evidence page,"Review episode plus manifest/provenance, label simulation/physical scope, caption scoring rule and failures"
reports/training/franka_cup_lerobot_raw/episode_000031/wrist.mp4,347833,Recorded training/evaluation or diagnostic imagery/video; inspect associated run metadata,First-party report artifact; depicted geometry/provenance requires per-run review,Not individually visually reviewed; not selected for the evidence page,"Review episode plus manifest/provenance, label simulation/physical scope, caption scoring rule and failures"
reports/training/franka_cup_lerobot_raw/episode_000032/overhead.mp4,515219,Recorded training/evaluation or diagnostic imagery/video; inspect associated run metadata,First-party report artifact; depicted geometry/provenance requires per-run review,Not individually visually reviewed; not selected for the evidence page,"Review episode plus manifest/provenance, label simulation/physical scope, caption scoring rule and failures"
reports/training/franka_cup_lerobot_raw/episode_000032/wrist.mp4,321727,Recorded training/evaluation or diagnostic imagery/video; inspect associated run metadata,First-party report artifact; depicted geometry/provenance requires per-run review,Not individually visually reviewed; not selected for the evidence page,"Review episode plus manifest/provenance, label simulation/physical scope, caption scoring rule and failures"
reports/training/franka_cup_lerobot_raw/episode_000033/overhead.mp4,512377,Recorded training/evaluation or diagnostic imagery/video; inspect associated run metadata,First-party report artifact; depicted geometry/provenance requires per-run review,Not individually visually reviewed; not selected for the evidence page,"Review episode plus manifest/provenance, label simulation/physical scope, caption scoring rule and failures"
reports/training/franka_cup_lerobot_raw/episode_000033/wrist.mp4,264892,Recorded training/evaluation or diagnostic imagery/video; inspect associated run metadata,First-party report artifact; depicted geometry/provenance requires per-run review,Not individually visually reviewed; not selected for the evidence page,"Review episode plus manifest/provenance, label simulation/physical scope, caption scoring rule and failures"
reports/training/franka_cup_lerobot_raw/episode_000034/overhead.mp4,602240,Recorded training/evaluation or diagnostic imagery/video; inspect associated run metadata,First-party report artifact; depicted geometry/provenance requires per-run review,Not individually visually reviewed; not selected for the evidence page,"Review episode plus manifest/provenance, label simulation/physical scope, caption scoring rule and failures"
reports/training/franka_cup_lerobot_raw/episode_000034/wrist.mp4,339361,Recorded training/evaluation or diagnostic imagery/video; inspect associated run metadata,First-party report artifact; depicted geometry/provenance requires per-run review,Not individually visually reviewed; not selected for the evidence page,"Review episode plus manifest/provenance, label simulation/physical scope, caption scoring rule and failures"
reports/training/franka_cup_lerobot_raw/episode_000035/overhead.mp4,447415,Recorded training/evaluation or diagnostic imagery/video; inspect associated run metadata,First-party report artifact; depicted geometry/provenance requires per-run review,Not individually visually reviewed; not selected for the evidence page,"Review episode plus manifest/provenance, label simulation/physical scope, caption scoring rule and failures"
reports/training/franka_cup_lerobot_raw/episode_000035/wrist.mp4,276042,Recorded training/evaluation or diagnostic imagery/video; inspect associated run metadata,First-party report artifact; depicted geometry/provenance requires per-run review,Not individually visually reviewed; not selected for the evidence page,"Review episode plus manifest/provenance, label simulation/physical scope, caption scoring rule and failures"
reports/training/franka_cup_lerobot_raw/episode_000036/overhead.mp4,581823,Recorded training/evaluation or diagnostic imagery/video; inspect associated run metadata,First-party report artifact; depicted geometry/provenance requires per-run review,Not individually visually reviewed; not selected for the evidence page,"Review episode plus manifest/provenance, label simulation/physical scope, caption scoring rule and failures"
reports/training/franka_cup_lerobot_raw/episode_000036/wrist.mp4,348958,Recorded training/evaluation or diagnostic imagery/video; inspect associated run metadata,First-party report artifact; depicted geometry/provenance requires per-run review,Not individually visually reviewed; not selected for the evidence page,"Review episode plus manifest/provenance, label simulation/physical scope, caption scoring rule and failures"
reports/training/franka_cup_lerobot_raw/episode_000037/overhead.mp4,638055,Recorded training/evaluation or diagnostic imagery/video; inspect associated run metadata,First-party report artifact; depicted geometry/provenance requires per-run review,Not individually visually reviewed; not selected for the evidence page,"Review episode plus manifest/provenance, label simulation/physical scope, caption scoring rule and failures"
reports/training/franka_cup_lerobot_raw/episode_000037/wrist.mp4,447927,Recorded training/evaluation or diagnostic imagery/video; inspect associated run metadata,First-party report artifact; depicted geometry/provenance requires per-run review,Not individually visually reviewed; not selected for the evidence page,"Review episode plus manifest/provenance, label simulation/physical scope, caption scoring rule and failures"
reports/training/franka_cup_lerobot_raw/episode_000038/overhead.mp4,534821,Recorded training/evaluation or diagnostic imagery/video; inspect associated run metadata,First-party report artifact; depicted geometry/provenance requires per-run review,Not individually visually reviewed; not selected for the evidence page,"Review episode plus manifest/provenance, label simulation/physical scope, caption scoring rule and failures"
reports/training/franka_cup_lerobot_raw/episode_000038/wrist.mp4,358644,Recorded training/evaluation or diagnostic imagery/video; inspect associated run metadata,First-party report artifact; depicted geometry/provenance requires per-run review,Not individually visually reviewed; not selected for the evidence page,"Review episode plus manifest/provenance, label simulation/physical scope, caption scoring rule and failures"
reports/training/franka_cup_lerobot_raw/episode_000039/overhead.mp4,591937,Recorded training/evaluation or diagnostic imagery/video; inspect associated run metadata,First-party report artifact; depicted geometry/provenance requires per-run review,Not individually visually reviewed; not selected for the evidence page,"Review episode plus manifest/provenance, label simulation/physical scope, caption scoring rule and failures"
reports/training/franka_cup_lerobot_raw/episode_000039/wrist.mp4,376219,Recorded training/evaluation or diagnostic imagery/video; inspect associated run metadata,First-party report artifact; depicted geometry/provenance requires per-run review,Not individually visually reviewed; not selected for the evidence page,"Review episode plus manifest/provenance, label simulation/physical scope, caption scoring rule and failures"
reports/training/franka_cup_lerobot_raw/episode_000040/overhead.mp4,639823,Recorded training/evaluation or diagnostic imagery/video; inspect associated run metadata,First-party report artifact; depicted geometry/provenance requires per-run review,Not individually visually reviewed; not selected for the evidence page,"Review episode plus manifest/provenance, label simulation/physical scope, caption scoring rule and failures"
reports/training/franka_cup_lerobot_raw/episode_000040/wrist.mp4,474539,Recorded training/evaluation or diagnostic imagery/video; inspect associated run metadata,First-party report artifact; depicted geometry/provenance requires per-run review,Not individually visually reviewed; not selected for the evidence page,"Review episode plus manifest/provenance, label simulation/physical scope, caption scoring rule and failures"
reports/training/franka_cup_lerobot_raw/episode_000041/overhead.mp4,610405,Recorded training/evaluation or diagnostic imagery/video; inspect associated run metadata,First-party report artifact; depicted geometry/provenance requires per-run review,Not individually visually reviewed; not selected for the evidence page,"Review episode plus manifest/provenance, label simulation/physical scope, caption scoring rule and failures"
reports/training/franka_cup_lerobot_raw/episode_000041/wrist.mp4,400765,Recorded training/evaluation or diagnostic imagery/video; inspect associated run metadata,First-party report artifact; depicted geometry/provenance requires per-run review,Not individually visually reviewed; not selected for the evidence page,"Review episode plus manifest/provenance, label simulation/physical scope, caption scoring rule and failures"
reports/training/franka_cup_lerobot_raw/episode_000042/overhead.mp4,550400,Recorded training/evaluation or diagnostic imagery/video; inspect associated run metadata,First-party report artifact; depicted geometry/provenance requires per-run review,Not individually visually reviewed; not selected for the evidence page,"Review episode plus manifest/provenance, label simulation/physical scope, caption scoring rule and failures"
reports/training/franka_cup_lerobot_raw/episode_000042/wrist.mp4,352270,Recorded training/evaluation or diagnostic imagery/video; inspect associated run metadata,First-party report artifact; depicted geometry/provenance requires per-run review,Not individually visually reviewed; not selected for the evidence page,"Review episode plus manifest/provenance, label simulation/physical scope, caption scoring rule and failures"
reports/training/franka_cup_lerobot_raw/episode_000043/overhead.mp4,579439,Recorded training/evaluation or diagnostic imagery/video; inspect associated run metadata,First-party report artifact; depicted geometry/provenance requires per-run review,Not individually visually reviewed; not selected for the evidence page,"Review episode plus manifest/provenance, label simulation/physical scope, caption scoring rule and failures"
reports/training/franka_cup_lerobot_raw/episode_000043/wrist.mp4,387100,Recorded training/evaluation or diagnostic imagery/video; inspect associated run metadata,First-party report artifact; depicted geometry/provenance requires per-run review,Not individually visually reviewed; not selected for the evidence page,"Review episode plus manifest/provenance, label simulation/physical scope, caption scoring rule and failures"
reports/training/franka_cup_lerobot_raw/episode_000044/overhead.mp4,618643,Recorded training/evaluation or diagnostic imagery/video; inspect associated run metadata,First-party report artifact; depicted geometry/provenance requires per-run review,Not individually visually reviewed; not selected for the evidence page,"Review episode plus manifest/provenance, label simulation/physical scope, caption scoring rule and failures"
reports/training/franka_cup_lerobot_raw/episode_000044/wrist.mp4,367893,Recorded training/evaluation or diagnostic imagery/video; inspect associated run metadata,First-party report artifact; depicted geometry/provenance requires per-run review,Not individually visually reviewed; not selected for the evidence page,"Review episode plus manifest/provenance, label simulation/physical scope, caption scoring rule and failures"
reports/training/franka_cup_lerobot_raw/episode_000045/overhead.mp4,513705,Recorded training/evaluation or diagnostic imagery/video; inspect associated run metadata,First-party report artifact; depicted geometry/provenance requires per-run review,Not individually visually reviewed; not selected for the evidence page,"Review episode plus manifest/provenance, label simulation/physical scope, caption scoring rule and failures"
reports/training/franka_cup_lerobot_raw/episode_000045/wrist.mp4,305084,Recorded training/evaluation or diagnostic imagery/video; inspect associated run metadata,First-party report artifact; depicted geometry/provenance requires per-run review,Not individually visually reviewed; not selected for the evidence page,"Review episode plus manifest/provenance, label simulation/physical scope, caption scoring rule and failures"
reports/training/franka_cup_lerobot_raw/episode_000046/overhead.mp4,514820,Recorded training/evaluation or diagnostic imagery/video; inspect associated run metadata,First-party report artifact; depicted geometry/provenance requires per-run review,Not individually visually reviewed; not selected for the evidence page,"Review episode plus manifest/provenance, label simulation/physical scope, caption scoring rule and failures"
reports/training/franka_cup_lerobot_raw/episode_000046/wrist.mp4,325297,Recorded training/evaluation or diagnostic imagery/video; inspect associated run metadata,First-party report artifact; depicted geometry/provenance requires per-run review,Not individually visually reviewed; not selected for the evidence page,"Review episode plus manifest/provenance, label simulation/physical scope, caption scoring rule and failures"
reports/training/franka_cup_lerobot_raw/episode_000047/overhead.mp4,573676,Recorded training/evaluation or diagnostic imagery/video; inspect associated run metadata,First-party report artifact; depicted geometry/provenance requires per-run review,Not individually visually reviewed; not selected for the evidence page,"Review episode plus manifest/provenance, label simulation/physical scope, caption scoring rule and failures"
reports/training/franka_cup_lerobot_raw/episode_000047/wrist.mp4,382588,Recorded training/evaluation or diagnostic imagery/video; inspect associated run metadata,First-party report artifact; depicted geometry/provenance requires per-run review,Not individually visually reviewed; not selected for the evidence page,"Review episode plus manifest/provenance, label simulation/physical scope, caption scoring rule and failures"
reports/training/franka_cup_lerobot_raw/episode_000048/overhead.mp4,601845,Recorded training/evaluation or diagnostic imagery/video; inspect associated run metadata,First-party report artifact; depicted geometry/provenance requires per-run review,Not individually visually reviewed; not selected for the evidence page,"Review episode plus manifest/provenance, label simulation/physical scope, caption scoring rule and failures"
reports/training/franka_cup_lerobot_raw/episode_000048/wrist.mp4,395260,Recorded training/evaluation or diagnostic imagery/video; inspect associated run metadata,First-party report artifact; depicted geometry/provenance requires per-run review,Not individually visually reviewed; not selected for the evidence page,"Review episode plus manifest/provenance, label simulation/physical scope, caption scoring rule and failures"
reports/training/franka_cup_lerobot_raw/episode_000049/overhead.mp4,604362,Recorded training/evaluation or diagnostic imagery/video; inspect associated run metadata,First-party report artifact; depicted geometry/provenance requires per-run review,Not individually visually reviewed; not selected for the evidence page,"Review episode plus manifest/provenance, label simulation/physical scope, caption scoring rule and failures"
reports/training/franka_cup_lerobot_raw/episode_000049/wrist.mp4,375650,Recorded training/evaluation or diagnostic imagery/video; inspect associated run metadata,First-party report artifact; depicted geometry/provenance requires per-run review,Not individually visually reviewed; not selected for the evidence page,"Review episode plus manifest/provenance, label simulation/physical scope, caption scoring rule and failures"
reports/training/franka_cup_lerobot_raw/episode_000050/overhead.mp4,474208,Recorded training/evaluation or diagnostic imagery/video; inspect associated run metadata,First-party report artifact; depicted geometry/provenance requires per-run review,Not individually visually reviewed; not selected for the evidence page,"Review episode plus manifest/provenance, label simulation/physical scope, caption scoring rule and failures"
reports/training/franka_cup_lerobot_raw/episode_000050/wrist.mp4,358761,Recorded training/evaluation or diagnostic imagery/video; inspect associated run metadata,First-party report artifact; depicted geometry/provenance requires per-run review,Not individually visually reviewed; not selected for the evidence page,"Review episode plus manifest/provenance, label simulation/physical scope, caption scoring rule and failures"
reports/training/franka_cup_lerobot_raw/episode_000051/overhead.mp4,505141,Recorded training/evaluation or diagnostic imagery/video; inspect associated run metadata,First-party report artifact; depicted geometry/provenance requires per-run review,Not individually visually reviewed; not selected for the evidence page,"Review episode plus manifest/provenance, label simulation/physical scope, caption scoring rule and failures"
reports/training/franka_cup_lerobot_raw/episode_000051/wrist.mp4,298365,Recorded training/evaluation or diagnostic imagery/video; inspect associated run metadata,First-party report artifact; depicted geometry/provenance requires per-run review,Not individually visually reviewed; not selected for the evidence page,"Review episode plus manifest/provenance, label simulation/physical scope, caption scoring rule and failures"
reports/training/franka_cup_lerobot_raw/episode_000052/overhead.mp4,522689,Recorded training/evaluation or diagnostic imagery/video; inspect associated run metadata,First-party report artifact; depicted geometry/provenance requires per-run review,Not individually visually reviewed; not selected for the evidence page,"Review episode plus manifest/provenance, label simulation/physical scope, caption scoring rule and failures"
reports/training/franka_cup_lerobot_raw/episode_000052/wrist.mp4,336661,Recorded training/evaluation or diagnostic imagery/video; inspect associated run metadata,First-party report artifact; depicted geometry/provenance requires per-run review,Not individually visually reviewed; not selected for the evidence page,"Review episode plus manifest/provenance, label simulation/physical scope, caption scoring rule and failures"
reports/training/franka_cup_lerobot_raw/episode_000053/overhead.mp4,541100,Recorded training/evaluation or diagnostic imagery/video; inspect associated run metadata,First-party report artifact; depicted geometry/provenance requires per-run review,Not individually visually reviewed; not selected for the evidence page,"Review episode plus manifest/provenance, label simulation/physical scope, caption scoring rule and failures"
reports/training/franka_cup_lerobot_raw/episode_000053/wrist.mp4,384621,Recorded training/evaluation or diagnostic imagery/video; inspect associated run metadata,First-party report artifact; depicted geometry/provenance requires per-run review,Not individually visually reviewed; not selected for the evidence page,"Review episode plus manifest/provenance, label simulation/physical scope, caption scoring rule and failures"
reports/training/franka_cup_lerobot_raw/episode_000054/overhead.mp4,418188,Recorded training/evaluation or diagnostic imagery/video; inspect associated run metadata,First-party report artifact; depicted geometry/provenance requires per-run review,Not individually visually reviewed; not selected for the evidence page,"Review episode plus manifest/provenance, label simulation/physical scope, caption scoring rule and failures"
reports/training/franka_cup_lerobot_raw/episode_000054/wrist.mp4,360893,Recorded training/evaluation or diagnostic imagery/video; inspect associated run metadata,First-party report artifact; depicted geometry/provenance requires per-run review,Not individually visually reviewed; not selected for the evidence page,"Review episode plus manifest/provenance, label simulation/physical scope, caption scoring rule and failures"
reports/training/franka_cup_lerobot_raw/episode_000055/overhead.mp4,526059,Recorded training/evaluation or diagnostic imagery/video; inspect associated run metadata,First-party report artifact; depicted geometry/provenance requires per-run review,Not individually visually reviewed; not selected for the evidence page,"Review episode plus manifest/provenance, label simulation/physical scope, caption scoring rule and failures"
reports/training/franka_cup_lerobot_raw/episode_000055/wrist.mp4,371283,Recorded training/evaluation or diagnostic imagery/video; inspect associated run metadata,First-party report artifact; depicted geometry/provenance requires per-run review,Not individually visually reviewed; not selected for the evidence page,"Review episode plus manifest/provenance, label simulation/physical scope, caption scoring rule and failures"
reports/training/franka_cup_lerobot_raw/episode_000056/overhead.mp4,551815,Recorded training/evaluation or diagnostic imagery/video; inspect associated run metadata,First-party report artifact; depicted geometry/provenance requires per-run review,Not individually visually reviewed; not selected for the evidence page,"Review episode plus manifest/provenance, label simulation/physical scope, caption scoring rule and failures"
reports/training/franka_cup_lerobot_raw/episode_000056/wrist.mp4,346318,Recorded training/evaluation or diagnostic imagery/video; inspect associated run metadata,First-party report artifact; depicted geometry/provenance requires per-run review,Not individually visually reviewed; not selected for the evidence page,"Review episode plus manifest/provenance, label simulation/physical scope, caption scoring rule and failures"
reports/training/franka_cup_lerobot_raw/episode_000057/overhead.mp4,763832,Recorded training/evaluation or diagnostic imagery/video; inspect associated run metadata,First-party report artifact; depicted geometry/provenance requires per-run review,Not individually visually reviewed; not selected for the evidence page,"Review episode plus manifest/provenance, label simulation/physical scope, caption scoring rule and failures"
reports/training/franka_cup_lerobot_raw/episode_000057/wrist.mp4,547973,Recorded training/evaluation or diagnostic imagery/video; inspect associated run metadata,First-party report artifact; depicted geometry/provenance requires per-run review,Not individually visually reviewed; not selected for the evidence page,"Review episode plus manifest/provenance, label simulation/physical scope, caption scoring rule and failures"
reports/training/franka_cup_lerobot_raw/episode_000058/overhead.mp4,518327,Recorded training/evaluation or diagnostic imagery/video; inspect associated run metadata,First-party report artifact; depicted geometry/provenance requires per-run review,Not individually visually reviewed; not selected for the evidence page,"Review episode plus manifest/provenance, label simulation/physical scope, caption scoring rule and failures"
reports/training/franka_cup_lerobot_raw/episode_000058/wrist.mp4,387789,Recorded training/evaluation or diagnostic imagery/video; inspect associated run metadata,First-party report artifact; depicted geometry/provenance requires per-run review,Not individually visually reviewed; not selected for the evidence page,"Review episode plus manifest/provenance, label simulation/physical scope, caption scoring rule and failures"
reports/training/franka_cup_lerobot_raw/episode_000059/overhead.mp4,552668,Recorded training/evaluation or diagnostic imagery/video; inspect associated run metadata,First-party report artifact; depicted geometry/provenance requires per-run review,Not individually visually reviewed; not selected for the evidence page,"Review episode plus manifest/provenance, label simulation/physical scope, caption scoring rule and failures"
reports/training/franka_cup_lerobot_raw/episode_000059/wrist.mp4,365971,Recorded training/evaluation or diagnostic imagery/video; inspect associated run metadata,First-party report artifact; depicted geometry/provenance requires per-run review,Not individually visually reviewed; not selected for the evidence page,"Review episode plus manifest/provenance, label simulation/physical scope, caption scoring rule and failures"
reports/training/franka_cup_lerobot_raw/episode_000060/overhead.mp4,535743,Recorded training/evaluation or diagnostic imagery/video; inspect associated run metadata,First-party report artifact; depicted geometry/provenance requires per-run review,Not individually visually reviewed; not selected for the evidence page,"Review episode plus manifest/provenance, label simulation/physical scope, caption scoring rule and failures"
reports/training/franka_cup_lerobot_raw/episode_000060/wrist.mp4,302778,Recorded training/evaluation or diagnostic imagery/video; inspect associated run metadata,First-party report artifact; depicted geometry/provenance requires per-run review,Not individually visually reviewed; not selected for the evidence page,"Review episode plus manifest/provenance, label simulation/physical scope, caption scoring rule and failures"
reports/training/franka_cup_lerobot_raw/episode_000061/overhead.mp4,482334,Recorded training/evaluation or diagnostic imagery/video; inspect associated run metadata,First-party report artifact; depicted geometry/provenance requires per-run review,Not individually visually reviewed; not selected for the evidence page,"Review episode plus manifest/provenance, label simulation/physical scope, caption scoring rule and failures"
reports/training/franka_cup_lerobot_raw/episode_000061/wrist.mp4,318526,Recorded training/evaluation or diagnostic imagery/video; inspect associated run metadata,First-party report artifact; depicted geometry/provenance requires per-run review,Not individually visually reviewed; not selected for the evidence page,"Review episode plus manifest/provenance, label simulation/physical scope, caption scoring rule and failures"
reports/training/franka_cup_lerobot_raw/episode_000062/overhead.mp4,582352,Recorded training/evaluation or diagnostic imagery/video; inspect associated run metadata,First-party report artifact; depicted geometry/provenance requires per-run review,Not individually visually reviewed; not selected for the evidence page,"Review episode plus manifest/provenance, label simulation/physical scope, caption scoring rule and failures"
reports/training/franka_cup_lerobot_raw/episode_000062/wrist.mp4,404713,Recorded training/evaluation or diagnostic imagery/video; inspect associated run metadata,First-party report artifact; depicted geometry/provenance requires per-run review,Not individually visually reviewed; not selected for the evidence page,"Review episode plus manifest/provenance, label simulation/physical scope, caption scoring rule and failures"
reports/training/franka_cup_lerobot_raw/episode_000063/overhead.mp4,447742,Recorded training/evaluation or diagnostic imagery/video; inspect associated run metadata,First-party report artifact; depicted geometry/provenance requires per-run review,Not individually visually reviewed; not selected for the evidence page,"Review episode plus manifest/provenance, label simulation/physical scope, caption scoring rule and failures"
reports/training/franka_cup_lerobot_raw/episode_000063/wrist.mp4,338587,Recorded training/evaluation or diagnostic imagery/video; inspect associated run metadata,First-party report artifact; depicted geometry/provenance requires per-run review,Not individually visually reviewed; not selected for the evidence page,"Review episode plus manifest/provenance, label simulation/physical scope, caption scoring rule and failures"
reports/training/franka_cup_lerobot_raw/episode_000064/overhead.mp4,514997,Recorded training/evaluation or diagnostic imagery/video; inspect associated run metadata,First-party report artifact; depicted geometry/provenance requires per-run review,Not individually visually reviewed; not selected for the evidence page,"Review episode plus manifest/provenance, label simulation/physical scope, caption scoring rule and failures"
reports/training/franka_cup_lerobot_raw/episode_000064/wrist.mp4,345251,Recorded training/evaluation or diagnostic imagery/video; inspect associated run metadata,First-party report artifact; depicted geometry/provenance requires per-run review,Not individually visually reviewed; not selected for the evidence page,"Review episode plus manifest/provenance, label simulation/physical scope, caption scoring rule and failures"
reports/training/franka_cup_lerobot_raw/episode_000065/overhead.mp4,468137,Recorded training/evaluation or diagnostic imagery/video; inspect associated run metadata,First-party report artifact; depicted geometry/provenance requires per-run review,Not individually visually reviewed; not selected for the evidence page,"Review episode plus manifest/provenance, label simulation/physical scope, caption scoring rule and failures"
reports/training/franka_cup_lerobot_raw/episode_000065/wrist.mp4,305886,Recorded training/evaluation or diagnostic imagery/video; inspect associated run metadata,First-party report artifact; depicted geometry/provenance requires per-run review,Not individually visually reviewed; not selected for the evidence page,"Review episode plus manifest/provenance, label simulation/physical scope, caption scoring rule and failures"
reports/training/franka_cup_lerobot_raw/episode_000066/overhead.mp4,537980,Recorded training/evaluation or diagnostic imagery/video; inspect associated run metadata,First-party report artifact; depicted geometry/provenance requires per-run review,Not individually visually reviewed; not selected for the evidence page,"Review episode plus manifest/provenance, label simulation/physical scope, caption scoring rule and failures"
reports/training/franka_cup_lerobot_raw/episode_000066/wrist.mp4,392834,Recorded training/evaluation or diagnostic imagery/video; inspect associated run metadata,First-party report artifact; depicted geometry/provenance requires per-run review,Not individually visually reviewed; not selected for the evidence page,"Review episode plus manifest/provenance, label simulation/physical scope, caption scoring rule and failures"
reports/training/franka_cup_lerobot_raw/episode_000067/overhead.mp4,526932,Recorded training/evaluation or diagnostic imagery/video; inspect associated run metadata,First-party report artifact; depicted geometry/provenance requires per-run review,Not individually visually reviewed; not selected for the evidence page,"Review episode plus manifest/provenance, label simulation/physical scope, caption scoring rule and failures"
reports/training/franka_cup_lerobot_raw/episode_000067/wrist.mp4,290963,Recorded training/evaluation or diagnostic imagery/video; inspect associated run metadata,First-party report artifact; depicted geometry/provenance requires per-run review,Not individually visually reviewed; not selected for the evidence page,"Review episode plus manifest/provenance, label simulation/physical scope, caption scoring rule and failures"
reports/training/franka_cup_lerobot_raw/episode_000068/overhead.mp4,540329,Recorded training/evaluation or diagnostic imagery/video; inspect associated run metadata,First-party report artifact; depicted geometry/provenance requires per-run review,Not individually visually reviewed; not selected for the evidence page,"Review episode plus manifest/provenance, label simulation/physical scope, caption scoring rule and failures"
reports/training/franka_cup_lerobot_raw/episode_000068/wrist.mp4,366923,Recorded training/evaluation or diagnostic imagery/video; inspect associated run metadata,First-party report artifact; depicted geometry/provenance requires per-run review,Not individually visually reviewed; not selected for the evidence page,"Review episode plus manifest/provenance, label simulation/physical scope, caption scoring rule and failures"
reports/training/franka_cup_lerobot_raw/episode_000069/overhead.mp4,577853,Recorded training/evaluation or diagnostic imagery/video; inspect associated run metadata,First-party report artifact; depicted geometry/provenance requires per-run review,Not individually visually reviewed; not selected for the evidence page,"Review episode plus manifest/provenance, label simulation/physical scope, caption scoring rule and failures"
reports/training/franka_cup_lerobot_raw/episode_000069/wrist.mp4,390575,Recorded training/evaluation or diagnostic imagery/video; inspect associated run metadata,First-party report artifact; depicted geometry/provenance requires per-run review,Not individually visually reviewed; not selected for the evidence page,"Review episode plus manifest/provenance, label simulation/physical scope, caption scoring rule and failures"
reports/training/franka_cup_lerobot_raw/episode_000070/overhead.mp4,577621,Recorded training/evaluation or diagnostic imagery/video; inspect associated run metadata,First-party report artifact; depicted geometry/provenance requires per-run review,Not individually visually reviewed; not selected for the evidence page,"Review episode plus manifest/provenance, label simulation/physical scope, caption scoring rule and failures"
reports/training/franka_cup_lerobot_raw/episode_000070/wrist.mp4,343908,Recorded training/evaluation or diagnostic imagery/video; inspect associated run metadata,First-party report artifact; depicted geometry/provenance requires per-run review,Not individually visually reviewed; not selected for the evidence page,"Review episode plus manifest/provenance, label simulation/physical scope, caption scoring rule and failures"
reports/training/franka_cup_lerobot_raw/episode_000071/overhead.mp4,550905,Recorded training/evaluation or diagnostic imagery/video; inspect associated run metadata,First-party report artifact; depicted geometry/provenance requires per-run review,Not individually visually reviewed; not selected for the evidence page,"Review episode plus manifest/provenance, label simulation/physical scope, caption scoring rule and failures"
reports/training/franka_cup_lerobot_raw/episode_000071/wrist.mp4,294503,Recorded training/evaluation or diagnostic imagery/video; inspect associated run metadata,First-party report artifact; depicted geometry/provenance requires per-run review,Not individually visually reviewed; not selected for the evidence page,"Review episode plus manifest/provenance, label simulation/physical scope, caption scoring rule and failures"
reports/training/franka_cup_lerobot_raw/episode_000072/overhead.mp4,474082,Recorded training/evaluation or diagnostic imagery/video; inspect associated run metadata,First-party report artifact; depicted geometry/provenance requires per-run review,Not individually visually reviewed; not selected for the evidence page,"Review episode plus manifest/provenance, label simulation/physical scope, caption scoring rule and failures"
reports/training/franka_cup_lerobot_raw/episode_000072/wrist.mp4,251713,Recorded training/evaluation or diagnostic imagery/video; inspect associated run metadata,First-party report artifact; depicted geometry/provenance requires per-run review,Not individually visually reviewed; not selected for the evidence page,"Review episode plus manifest/provenance, label simulation/physical scope, caption scoring rule and failures"
reports/training/franka_cup_lerobot_raw/episode_000073/overhead.mp4,583492,Recorded training/evaluation or diagnostic imagery/video; inspect associated run metadata,First-party report artifact; depicted geometry/provenance requires per-run review,Not individually visually reviewed; not selected for the evidence page,"Review episode plus manifest/provenance, label simulation/physical scope, caption scoring rule and failures"
reports/training/franka_cup_lerobot_raw/episode_000073/wrist.mp4,358404,Recorded training/evaluation or diagnostic imagery/video; inspect associated run metadata,First-party report artifact; depicted geometry/provenance requires per-run review,Not individually visually reviewed; not selected for the evidence page,"Review episode plus manifest/provenance, label simulation/physical scope, caption scoring rule and failures"
reports/training/franka_cup_lerobot_raw/episode_000074/overhead.mp4,423539,Recorded training/evaluation or diagnostic imagery/video; inspect associated run metadata,First-party report artifact; depicted geometry/provenance requires per-run review,Not individually visually reviewed; not selected for the evidence page,"Review episode plus manifest/provenance, label simulation/physical scope, caption scoring rule and failures"
reports/training/franka_cup_lerobot_raw/episode_000074/wrist.mp4,278175,Recorded training/evaluation or diagnostic imagery/video; inspect associated run metadata,First-party report artifact; depicted geometry/provenance requires per-run review,Not individually visually reviewed; not selected for the evidence page,"Review episode plus manifest/provenance, label simulation/physical scope, caption scoring rule and failures"
reports/training/franka_cup_lerobot_raw/episode_000075/overhead.mp4,550620,Recorded training/evaluation or diagnostic imagery/video; inspect associated run metadata,First-party report artifact; depicted geometry/provenance requires per-run review,Not individually visually reviewed; not selected for the evidence page,"Review episode plus manifest/provenance, label simulation/physical scope, caption scoring rule and failures"
reports/training/franka_cup_lerobot_raw/episode_000075/wrist.mp4,385258,Recorded training/evaluation or diagnostic imagery/video; inspect associated run metadata,First-party report artifact; depicted geometry/provenance requires per-run review,Not individually visually reviewed; not selected for the evidence page,"Review episode plus manifest/provenance, label simulation/physical scope, caption scoring rule and failures"
reports/training/franka_cup_lerobot_raw/episode_000076/overhead.mp4,563985,Recorded training/evaluation or diagnostic imagery/video; inspect associated run metadata,First-party report artifact; depicted geometry/provenance requires per-run review,Not individually visually reviewed; not selected for the evidence page,"Review episode plus manifest/provenance, label simulation/physical scope, caption scoring rule and failures"
reports/training/franka_cup_lerobot_raw/episode_000076/wrist.mp4,364895,Recorded training/evaluation or diagnostic imagery/video; inspect associated run metadata,First-party report artifact; depicted geometry/provenance requires per-run review,Not individually visually reviewed; not selected for the evidence page,"Review episode plus manifest/provenance, label simulation/physical scope, caption scoring rule and failures"
reports/training/franka_cup_lerobot_raw/episode_000077/overhead.mp4,562721,Recorded training/evaluation or diagnostic imagery/video; inspect associated run metadata,First-party report artifact; depicted geometry/provenance requires per-run review,Not individually visually reviewed; not selected for the evidence page,"Review episode plus manifest/provenance, label simulation/physical scope, caption scoring rule and failures"
reports/training/franka_cup_lerobot_raw/episode_000077/wrist.mp4,394761,Recorded training/evaluation or diagnostic imagery/video; inspect associated run metadata,First-party report artifact; depicted geometry/provenance requires per-run review,Not individually visually reviewed; not selected for the evidence page,"Review episode plus manifest/provenance, label simulation/physical scope, caption scoring rule and failures"
reports/training/franka_cup_lerobot_raw/episode_000078/overhead.mp4,657714,Recorded training/evaluation or diagnostic imagery/video; inspect associated run metadata,First-party report artifact; depicted geometry/provenance requires per-run review,Not individually visually reviewed; not selected for the evidence page,"Review episode plus manifest/provenance, label simulation/physical scope, caption scoring rule and failures"
reports/training/franka_cup_lerobot_raw/episode_000078/wrist.mp4,419653,Recorded training/evaluation or diagnostic imagery/video; inspect associated run metadata,First-party report artifact; depicted geometry/provenance requires per-run review,Not individually visually reviewed; not selected for the evidence page,"Review episode plus manifest/provenance, label simulation/physical scope, caption scoring rule and failures"
reports/training/franka_cup_lerobot_raw/episode_000079/overhead.mp4,532136,Recorded training/evaluation or diagnostic imagery/video; inspect associated run metadata,First-party report artifact; depicted geometry/provenance requires per-run review,Not individually visually reviewed; not selected for the evidence page,"Review episode plus manifest/provenance, label simulation/physical scope, caption scoring rule and failures"
reports/training/franka_cup_lerobot_raw/episode_000079/wrist.mp4,276840,Recorded training/evaluation or diagnostic imagery/video; inspect associated run metadata,First-party report artifact; depicted geometry/provenance requires per-run review,Not individually visually reviewed; not selected for the evidence page,"Review episode plus manifest/provenance, label simulation/physical scope, caption scoring rule and failures"
reports/training/franka_cup_lerobot_raw/episode_000080/overhead.mp4,468106,Recorded training/evaluation or diagnostic imagery/video; inspect associated run metadata,First-party report artifact; depicted geometry/provenance requires per-run review,Not individually visually reviewed; not selected for the evidence page,"Review episode plus manifest/provenance, label simulation/physical scope, caption scoring rule and failures"
reports/training/franka_cup_lerobot_raw/episode_000080/wrist.mp4,303035,Recorded training/evaluation or diagnostic imagery/video; inspect associated run metadata,First-party report artifact; depicted geometry/provenance requires per-run review,Not individually visually reviewed; not selected for the evidence page,"Review episode plus manifest/provenance, label simulation/physical scope, caption scoring rule and failures"
reports/training/franka_cup_lerobot_raw/episode_000081/overhead.mp4,594754,Recorded training/evaluation or diagnostic imagery/video; inspect associated run metadata,First-party report artifact; depicted geometry/provenance requires per-run review,Not individually visually reviewed; not selected for the evidence page,"Review episode plus manifest/provenance, label simulation/physical scope, caption scoring rule and failures"
reports/training/franka_cup_lerobot_raw/episode_000081/wrist.mp4,406659,Recorded training/evaluation or diagnostic imagery/video; inspect associated run metadata,First-party report artifact; depicted geometry/provenance requires per-run review,Not individually visually reviewed; not selected for the evidence page,"Review episode plus manifest/provenance, label simulation/physical scope, caption scoring rule and failures"
reports/training/franka_cup_lerobot_raw/episode_000082/overhead.mp4,819152,Recorded training/evaluation or diagnostic imagery/video; inspect associated run metadata,First-party report artifact; depicted geometry/provenance requires per-run review,Not individually visually reviewed; not selected for the evidence page,"Review episode plus manifest/provenance, label simulation/physical scope, caption scoring rule and failures"
reports/training/franka_cup_lerobot_raw/episode_000082/wrist.mp4,526361,Recorded training/evaluation or diagnostic imagery/video; inspect associated run metadata,First-party report artifact; depicted geometry/provenance requires per-run review,Not individually visually reviewed; not selected for the evidence page,"Review episode plus manifest/provenance, label simulation/physical scope, caption scoring rule and failures"
reports/training/franka_cup_lerobot_raw/episode_000083/overhead.mp4,530463,Recorded training/evaluation or diagnostic imagery/video; inspect associated run metadata,First-party report artifact; depicted geometry/provenance requires per-run review,Not individually visually reviewed; not selected for the evidence page,"Review episode plus manifest/provenance, label simulation/physical scope, caption scoring rule and failures"
reports/training/franka_cup_lerobot_raw/episode_000083/wrist.mp4,371855,Recorded training/evaluation or diagnostic imagery/video; inspect associated run metadata,First-party report artifact; depicted geometry/provenance requires per-run review,Not individually visually reviewed; not selected for the evidence page,"Review episode plus manifest/provenance, label simulation/physical scope, caption scoring rule and failures"
reports/training/franka_cup_lerobot_raw/episode_000084/overhead.mp4,547517,Recorded training/evaluation or diagnostic imagery/video; inspect associated run metadata,First-party report artifact; depicted geometry/provenance requires per-run review,Not individually visually reviewed; not selected for the evidence page,"Review episode plus manifest/provenance, label simulation/physical scope, caption scoring rule and failures"
reports/training/franka_cup_lerobot_raw/episode_000084/wrist.mp4,363669,Recorded training/evaluation or diagnostic imagery/video; inspect associated run metadata,First-party report artifact; depicted geometry/provenance requires per-run review,Not individually visually reviewed; not selected for the evidence page,"Review episode plus manifest/provenance, label simulation/physical scope, caption scoring rule and failures"
reports/training/franka_cup_lerobot_raw/episode_000085/overhead.mp4,580374,Recorded training/evaluation or diagnostic imagery/video; inspect associated run metadata,First-party report artifact; depicted geometry/provenance requires per-run review,Not individually visually reviewed; not selected for the evidence page,"Review episode plus manifest/provenance, label simulation/physical scope, caption scoring rule and failures"
reports/training/franka_cup_lerobot_raw/episode_000085/wrist.mp4,364630,Recorded training/evaluation or diagnostic imagery/video; inspect associated run metadata,First-party report artifact; depicted geometry/provenance requires per-run review,Not individually visually reviewed; not selected for the evidence page,"Review episode plus manifest/provenance, label simulation/physical scope, caption scoring rule and failures"
reports/training/franka_cup_lerobot_raw/episode_000086/overhead.mp4,562353,Recorded training/evaluation or diagnostic imagery/video; inspect associated run metadata,First-party report artifact; depicted geometry/provenance requires per-run review,Not individually visually reviewed; not selected for the evidence page,"Review episode plus manifest/provenance, label simulation/physical scope, caption scoring rule and failures"
reports/training/franka_cup_lerobot_raw/episode_000086/wrist.mp4,355164,Recorded training/evaluation or diagnostic imagery/video; inspect associated run metadata,First-party report artifact; depicted geometry/provenance requires per-run review,Not individually visually reviewed; not selected for the evidence page,"Review episode plus manifest/provenance, label simulation/physical scope, caption scoring rule and failures"
reports/training/franka_cup_lerobot_raw/episode_000087/overhead.mp4,803688,Recorded training/evaluation or diagnostic imagery/video; inspect associated run metadata,First-party report artifact; depicted geometry/provenance requires per-run review,Not individually visually reviewed; not selected for the evidence page,"Review episode plus manifest/provenance, label simulation/physical scope, caption scoring rule and failures"
reports/training/franka_cup_lerobot_raw/episode_000087/wrist.mp4,517040,Recorded training/evaluation or diagnostic imagery/video; inspect associated run metadata,First-party report artifact; depicted geometry/provenance requires per-run review,Not individually visually reviewed; not selected for the evidence page,"Review episode plus manifest/provenance, label simulation/physical scope, caption scoring rule and failures"
reports/training/franka_cup_lerobot_raw/episode_000088/overhead.mp4,490569,Recorded training/evaluation or diagnostic imagery/video; inspect associated run metadata,First-party report artifact; depicted geometry/provenance requires per-run review,Not individually visually reviewed; not selected for the evidence page,"Review episode plus manifest/provenance, label simulation/physical scope, caption scoring rule and failures"
reports/training/franka_cup_lerobot_raw/episode_000088/wrist.mp4,251422,Recorded training/evaluation or diagnostic imagery/video; inspect associated run metadata,First-party report artifact; depicted geometry/provenance requires per-run review,Not individually visually reviewed; not selected for the evidence page,"Review episode plus manifest/provenance, label simulation/physical scope, caption scoring rule and failures"
reports/training/franka_cup_lerobot_raw/episode_000089/overhead.mp4,520472,Recorded training/evaluation or diagnostic imagery/video; inspect associated run metadata,First-party report artifact; depicted geometry/provenance requires per-run review,Not individually visually reviewed; not selected for the evidence page,"Review episode plus manifest/provenance, label simulation/physical scope, caption scoring rule and failures"
reports/training/franka_cup_lerobot_raw/episode_000089/wrist.mp4,382513,Recorded training/evaluation or diagnostic imagery/video; inspect associated run metadata,First-party report artifact; depicted geometry/provenance requires per-run review,Not individually visually reviewed; not selected for the evidence page,"Review episode plus manifest/provenance, label simulation/physical scope, caption scoring rule and failures"
reports/training/franka_cup_lerobot_raw/episode_000090/overhead.mp4,445426,Recorded training/evaluation or diagnostic imagery/video; inspect associated run metadata,First-party report artifact; depicted geometry/provenance requires per-run review,Not individually visually reviewed; not selected for the evidence page,"Review episode plus manifest/provenance, label simulation/physical scope, caption scoring rule and failures"
reports/training/franka_cup_lerobot_raw/episode_000090/wrist.mp4,281211,Recorded training/evaluation or diagnostic imagery/video; inspect associated run metadata,First-party report artifact; depicted geometry/provenance requires per-run review,Not individually visually reviewed; not selected for the evidence page,"Review episode plus manifest/provenance, label simulation/physical scope, caption scoring rule and failures"
reports/training/franka_cup_lerobot_raw/episode_000091/overhead.mp4,492843,Recorded training/evaluation or diagnostic imagery/video; inspect associated run metadata,First-party report artifact; depicted geometry/provenance requires per-run review,Not individually visually reviewed; not selected for the evidence page,"Review episode plus manifest/provenance, label simulation/physical scope, caption scoring rule and failures"
reports/training/franka_cup_lerobot_raw/episode_000091/wrist.mp4,354230,Recorded training/evaluation or diagnostic imagery/video; inspect associated run metadata,First-party report artifact; depicted geometry/provenance requires per-run review,Not individually visually reviewed; not selected for the evidence page,"Review episode plus manifest/provenance, label simulation/physical scope, caption scoring rule and failures"
reports/training/franka_cup_lerobot_raw/episode_000092/overhead.mp4,573292,Recorded training/evaluation or diagnostic imagery/video; inspect associated run metadata,First-party report artifact; depicted geometry/provenance requires per-run review,Not individually visually reviewed; not selected for the evidence page,"Review episode plus manifest/provenance, label simulation/physical scope, caption scoring rule and failures"
reports/training/franka_cup_lerobot_raw/episode_000092/wrist.mp4,405185,Recorded training/evaluation or diagnostic imagery/video; inspect associated run metadata,First-party report artifact; depicted geometry/provenance requires per-run review,Not individually visually reviewed; not selected for the evidence page,"Review episode plus manifest/provenance, label simulation/physical scope, caption scoring rule and failures"
reports/training/franka_cup_lerobot_raw/episode_000093/overhead.mp4,651987,Recorded training/evaluation or diagnostic imagery/video; inspect associated run metadata,First-party report artifact; depicted geometry/provenance requires per-run review,Not individually visually reviewed; not selected for the evidence page,"Review episode plus manifest/provenance, label simulation/physical scope, caption scoring rule and failures"
reports/training/franka_cup_lerobot_raw/episode_000093/wrist.mp4,444345,Recorded training/evaluation or diagnostic imagery/video; inspect associated run metadata,First-party report artifact; depicted geometry/provenance requires per-run review,Not individually visually reviewed; not selected for the evidence page,"Review episode plus manifest/provenance, label simulation/physical scope, caption scoring rule and failures"
reports/training/franka_cup_lerobot_raw/episode_000094/overhead.mp4,587612,Recorded training/evaluation or diagnostic imagery/video; inspect associated run metadata,First-party report artifact; depicted geometry/provenance requires per-run review,Not individually visually reviewed; not selected for the evidence page,"Review episode plus manifest/provenance, label simulation/physical scope, caption scoring rule and failures"
reports/training/franka_cup_lerobot_raw/episode_000094/wrist.mp4,387317,Recorded training/evaluation or diagnostic imagery/video; inspect associated run metadata,First-party report artifact; depicted geometry/provenance requires per-run review,Not individually visually reviewed; not selected for the evidence page,"Review episode plus manifest/provenance, label simulation/physical scope, caption scoring rule and failures"
reports/training/franka_cup_lerobot_raw/episode_000095/overhead.mp4,543035,Recorded training/evaluation or diagnostic imagery/video; inspect associated run metadata,First-party report artifact; depicted geometry/provenance requires per-run review,Not individually visually reviewed; not selected for the evidence page,"Review episode plus manifest/provenance, label simulation/physical scope, caption scoring rule and failures"
reports/training/franka_cup_lerobot_raw/episode_000095/wrist.mp4,315468,Recorded training/evaluation or diagnostic imagery/video; inspect associated run metadata,First-party report artifact; depicted geometry/provenance requires per-run review,Not individually visually reviewed; not selected for the evidence page,"Review episode plus manifest/provenance, label simulation/physical scope, caption scoring rule and failures"
reports/training/franka_cup_lerobot_raw/episode_000096/overhead.mp4,421967,Recorded training/evaluation or diagnostic imagery/video; inspect associated run metadata,First-party report artifact; depicted geometry/provenance requires per-run review,Not individually visually reviewed; not selected for the evidence page,"Review episode plus manifest/provenance, label simulation/physical scope, caption scoring rule and failures"
reports/training/franka_cup_lerobot_raw/episode_000096/wrist.mp4,314064,Recorded training/evaluation or diagnostic imagery/video; inspect associated run metadata,First-party report artifact; depicted geometry/provenance requires per-run review,Not individually visually reviewed; not selected for the evidence page,"Review episode plus manifest/provenance, label simulation/physical scope, caption scoring rule and failures"
reports/training/franka_cup_lerobot_raw/episode_000097/overhead.mp4,498751,Recorded training/evaluation or diagnostic imagery/video; inspect associated run metadata,First-party report artifact; depicted geometry/provenance requires per-run review,Not individually visually reviewed; not selected for the evidence page,"Review episode plus manifest/provenance, label simulation/physical scope, caption scoring rule and failures"
reports/training/franka_cup_lerobot_raw/episode_000097/wrist.mp4,380472,Recorded training/evaluation or diagnostic imagery/video; inspect associated run metadata,First-party report artifact; depicted geometry/provenance requires per-run review,Not individually visually reviewed; not selected for the evidence page,"Review episode plus manifest/provenance, label simulation/physical scope, caption scoring rule and failures"
reports/training/franka_cup_lerobot_raw/episode_000098/overhead.mp4,421390,Recorded training/evaluation or diagnostic imagery/video; inspect associated run metadata,First-party report artifact; depicted geometry/provenance requires per-run review,Not individually visually reviewed; not selected for the evidence page,"Review episode plus manifest/provenance, label simulation/physical scope, caption scoring rule and failures"
reports/training/franka_cup_lerobot_raw/episode_000098/wrist.mp4,358943,Recorded training/evaluation or diagnostic imagery/video; inspect associated run metadata,First-party report artifact; depicted geometry/provenance requires per-run review,Not individually visually reviewed; not selected for the evidence page,"Review episode plus manifest/provenance, label simulation/physical scope, caption scoring rule and failures"
reports/training/franka_cup_lerobot_raw/episode_000099/overhead.mp4,570640,Recorded training/evaluation or diagnostic imagery/video; inspect associated run metadata,First-party report artifact; depicted geometry/provenance requires per-run review,Not individually visually reviewed; not selected for the evidence page,"Review episode plus manifest/provenance, label simulation/physical scope, caption scoring rule and failures"
reports/training/franka_cup_lerobot_raw/episode_000099/wrist.mp4,384460,Recorded training/evaluation or diagnostic imagery/video; inspect associated run metadata,First-party report artifact; depicted geometry/provenance requires per-run review,Not individually visually reviewed; not selected for the evidence page,"Review episode plus manifest/provenance, label simulation/physical scope, caption scoring rule and failures"
reports/training/franka_cup_lerobot_raw/episode_000100/overhead.mp4,599306,Recorded training/evaluation or diagnostic imagery/video; inspect associated run metadata,First-party report artifact; depicted geometry/provenance requires per-run review,Not individually visually reviewed; not selected for the evidence page,"Review episode plus manifest/provenance, label simulation/physical scope, caption scoring rule and failures"
reports/training/franka_cup_lerobot_raw/episode_000100/wrist.mp4,373383,Recorded training/evaluation or diagnostic imagery/video; inspect associated run metadata,First-party report artifact; depicted geometry/provenance requires per-run review,Not individually visually reviewed; not selected for the evidence page,"Review episode plus manifest/provenance, label simulation/physical scope, caption scoring rule and failures"
reports/training/franka_cup_lerobot_raw/episode_000101/overhead.mp4,523002,Recorded training/evaluation or diagnostic imagery/video; inspect associated run metadata,First-party report artifact; depicted geometry/provenance requires per-run review,Not individually visually reviewed; not selected for the evidence page,"Review episode plus manifest/provenance, label simulation/physical scope, caption scoring rule and failures"
reports/training/franka_cup_lerobot_raw/episode_000101/wrist.mp4,332545,Recorded training/evaluation or diagnostic imagery/video; inspect associated run metadata,First-party report artifact; depicted geometry/provenance requires per-run review,Not individually visually reviewed; not selected for the evidence page,"Review episode plus manifest/provenance, label simulation/physical scope, caption scoring rule and failures"
reports/training/franka_cup_lerobot_raw/episode_000102/overhead.mp4,480963,Recorded training/evaluation or diagnostic imagery/video; inspect associated run metadata,First-party report artifact; depicted geometry/provenance requires per-run review,Not individually visually reviewed; not selected for the evidence page,"Review episode plus manifest/provenance, label simulation/physical scope, caption scoring rule and failures"
reports/training/franka_cup_lerobot_raw/episode_000102/wrist.mp4,297035,Recorded training/evaluation or diagnostic imagery/video; inspect associated run metadata,First-party report artifact; depicted geometry/provenance requires per-run review,Not individually visually reviewed; not selected for the evidence page,"Review episode plus manifest/provenance, label simulation/physical scope, caption scoring rule and failures"
reports/training/franka_cup_lerobot_raw/episode_000103/overhead.mp4,579987,Recorded training/evaluation or diagnostic imagery/video; inspect associated run metadata,First-party report artifact; depicted geometry/provenance requires per-run review,Not individually visually reviewed; not selected for the evidence page,"Review episode plus manifest/provenance, label simulation/physical scope, caption scoring rule and failures"
reports/training/franka_cup_lerobot_raw/episode_000103/wrist.mp4,446437,Recorded training/evaluation or diagnostic imagery/video; inspect associated run metadata,First-party report artifact; depicted geometry/provenance requires per-run review,Not individually visually reviewed; not selected for the evidence page,"Review episode plus manifest/provenance, label simulation/physical scope, caption scoring rule and failures"
reports/training/franka_cup_lerobot_raw/episode_000104/overhead.mp4,456332,Recorded training/evaluation or diagnostic imagery/video; inspect associated run metadata,First-party report artifact; depicted geometry/provenance requires per-run review,Not individually visually reviewed; not selected for the evidence page,"Review episode plus manifest/provenance, label simulation/physical scope, caption scoring rule and failures"
reports/training/franka_cup_lerobot_raw/episode_000104/wrist.mp4,272431,Recorded training/evaluation or diagnostic imagery/video; inspect associated run metadata,First-party report artifact; depicted geometry/provenance requires per-run review,Not individually visually reviewed; not selected for the evidence page,"Review episode plus manifest/provenance, label simulation/physical scope, caption scoring rule and failures"
reports/training/franka_cup_lerobot_raw/episode_000105/overhead.mp4,472536,Recorded training/evaluation or diagnostic imagery/video; inspect associated run metadata,First-party report artifact; depicted geometry/provenance requires per-run review,Not individually visually reviewed; not selected for the evidence page,"Review episode plus manifest/provenance, label simulation/physical scope, caption scoring rule and failures"
reports/training/franka_cup_lerobot_raw/episode_000105/wrist.mp4,338087,Recorded training/evaluation or diagnostic imagery/video; inspect associated run metadata,First-party report artifact; depicted geometry/provenance requires per-run review,Not individually visually reviewed; not selected for the evidence page,"Review episode plus manifest/provenance, label simulation/physical scope, caption scoring rule and failures"
reports/training/franka_cup_lerobot_raw/episode_000106/overhead.mp4,467864,Recorded training/evaluation or diagnostic imagery/video; inspect associated run metadata,First-party report artifact; depicted geometry/provenance requires per-run review,Not individually visually reviewed; not selected for the evidence page,"Review episode plus manifest/provenance, label simulation/physical scope, caption scoring rule and failures"
reports/training/franka_cup_lerobot_raw/episode_000106/wrist.mp4,310538,Recorded training/evaluation or diagnostic imagery/video; inspect associated run metadata,First-party report artifact; depicted geometry/provenance requires per-run review,Not individually visually reviewed; not selected for the evidence page,"Review episode plus manifest/provenance, label simulation/physical scope, caption scoring rule and failures"
reports/training/franka_cup_lerobot_raw/episode_000107/overhead.mp4,442449,Recorded training/evaluation or diagnostic imagery/video; inspect associated run metadata,First-party report artifact; depicted geometry/provenance requires per-run review,Not individually visually reviewed; not selected for the evidence page,"Review episode plus manifest/provenance, label simulation/physical scope, caption scoring rule and failures"
reports/training/franka_cup_lerobot_raw/episode_000107/wrist.mp4,296094,Recorded training/evaluation or diagnostic imagery/video; inspect associated run metadata,First-party report artifact; depicted geometry/provenance requires per-run review,Not individually visually reviewed; not selected for the evidence page,"Review episode plus manifest/provenance, label simulation/physical scope, caption scoring rule and failures"
reports/training/franka_cup_lerobot_raw/episode_000108/overhead.mp4,452076,Recorded training/evaluation or diagnostic imagery/video; inspect associated run metadata,First-party report artifact; depicted geometry/provenance requires per-run review,Not individually visually reviewed; not selected for the evidence page,"Review episode plus manifest/provenance, label simulation/physical scope, caption scoring rule and failures"
reports/training/franka_cup_lerobot_raw/episode_000108/wrist.mp4,269696,Recorded training/evaluation or diagnostic imagery/video; inspect associated run metadata,First-party report artifact; depicted geometry/provenance requires per-run review,Not individually visually reviewed; not selected for the evidence page,"Review episode plus manifest/provenance, label simulation/physical scope, caption scoring rule and failures"
reports/training/franka_cup_lerobot_raw/episode_000109/overhead.mp4,508827,Recorded training/evaluation or diagnostic imagery/video; inspect associated run metadata,First-party report artifact; depicted geometry/provenance requires per-run review,Not individually visually reviewed; not selected for the evidence page,"Review episode plus manifest/provenance, label simulation/physical scope, caption scoring rule and failures"
reports/training/franka_cup_lerobot_raw/episode_000109/wrist.mp4,329744,Recorded training/evaluation or diagnostic imagery/video; inspect associated run metadata,First-party report artifact; depicted geometry/provenance requires per-run review,Not individually visually reviewed; not selected for the evidence page,"Review episode plus manifest/provenance, label simulation/physical scope, caption scoring rule and failures"
reports/training/franka_cup_lerobot_raw/episode_000110/overhead.mp4,437420,Recorded training/evaluation or diagnostic imagery/video; inspect associated run metadata,First-party report artifact; depicted geometry/provenance requires per-run review,Not individually visually reviewed; not selected for the evidence page,"Review episode plus manifest/provenance, label simulation/physical scope, caption scoring rule and failures"
reports/training/franka_cup_lerobot_raw/episode_000110/wrist.mp4,305945,Recorded training/evaluation or diagnostic imagery/video; inspect associated run metadata,First-party report artifact; depicted geometry/provenance requires per-run review,Not individually visually reviewed; not selected for the evidence page,"Review episode plus manifest/provenance, label simulation/physical scope, caption scoring rule and failures"
reports/training/franka_cup_lerobot_raw/episode_000111/overhead.mp4,489231,Recorded training/evaluation or diagnostic imagery/video; inspect associated run metadata,First-party report artifact; depicted geometry/provenance requires per-run review,Not individually visually reviewed; not selected for the evidence page,"Review episode plus manifest/provenance, label simulation/physical scope, caption scoring rule and failures"
reports/training/franka_cup_lerobot_raw/episode_000111/wrist.mp4,301903,Recorded training/evaluation or diagnostic imagery/video; inspect associated run metadata,First-party report artifact; depicted geometry/provenance requires per-run review,Not individually visually reviewed; not selected for the evidence page,"Review episode plus manifest/provenance, label simulation/physical scope, caption scoring rule and failures"
reports/training/franka_cup_lerobot_raw/episode_000112/overhead.mp4,584342,Recorded training/evaluation or diagnostic imagery/video; inspect associated run metadata,First-party report artifact; depicted geometry/provenance requires per-run review,Not individually visually reviewed; not selected for the evidence page,"Review episode plus manifest/provenance, label simulation/physical scope, caption scoring rule and failures"
reports/training/franka_cup_lerobot_raw/episode_000112/wrist.mp4,408361,Recorded training/evaluation or diagnostic imagery/video; inspect associated run metadata,First-party report artifact; depicted geometry/provenance requires per-run review,Not individually visually reviewed; not selected for the evidence page,"Review episode plus manifest/provenance, label simulation/physical scope, caption scoring rule and failures"
reports/training/franka_cup_lerobot_raw/episode_000113/overhead.mp4,547901,Recorded training/evaluation or diagnostic imagery/video; inspect associated run metadata,First-party report artifact; depicted geometry/provenance requires per-run review,Not individually visually reviewed; not selected for the evidence page,"Review episode plus manifest/provenance, label simulation/physical scope, caption scoring rule and failures"
reports/training/franka_cup_lerobot_raw/episode_000113/wrist.mp4,407271,Recorded training/evaluation or diagnostic imagery/video; inspect associated run metadata,First-party report artifact; depicted geometry/provenance requires per-run review,Not individually visually reviewed; not selected for the evidence page,"Review episode plus manifest/provenance, label simulation/physical scope, caption scoring rule and failures"
reports/training/franka_cup_lerobot_raw/episode_000114/overhead.mp4,554701,Recorded training/evaluation or diagnostic imagery/video; inspect associated run metadata,First-party report artifact; depicted geometry/provenance requires per-run review,Not individually visually reviewed; not selected for the evidence page,"Review episode plus manifest/provenance, label simulation/physical scope, caption scoring rule and failures"
reports/training/franka_cup_lerobot_raw/episode_000114/wrist.mp4,298871,Recorded training/evaluation or diagnostic imagery/video; inspect associated run metadata,First-party report artifact; depicted geometry/provenance requires per-run review,Not individually visually reviewed; not selected for the evidence page,"Review episode plus manifest/provenance, label simulation/physical scope, caption scoring rule and failures"
reports/training/franka_cup_lerobot_raw/episode_000115/overhead.mp4,491757,Recorded training/evaluation or diagnostic imagery/video; inspect associated run metadata,First-party report artifact; depicted geometry/provenance requires per-run review,Not individually visually reviewed; not selected for the evidence page,"Review episode plus manifest/provenance, label simulation/physical scope, caption scoring rule and failures"
reports/training/franka_cup_lerobot_raw/episode_000115/wrist.mp4,343295,Recorded training/evaluation or diagnostic imagery/video; inspect associated run metadata,First-party report artifact; depicted geometry/provenance requires per-run review,Not individually visually reviewed; not selected for the evidence page,"Review episode plus manifest/provenance, label simulation/physical scope, caption scoring rule and failures"
reports/training/franka_cup_lerobot_raw/episode_000116/overhead.mp4,510050,Recorded training/evaluation or diagnostic imagery/video; inspect associated run metadata,First-party report artifact; depicted geometry/provenance requires per-run review,Not individually visually reviewed; not selected for the evidence page,"Review episode plus manifest/provenance, label simulation/physical scope, caption scoring rule and failures"
reports/training/franka_cup_lerobot_raw/episode_000116/wrist.mp4,358753,Recorded training/evaluation or diagnostic imagery/video; inspect associated run metadata,First-party report artifact; depicted geometry/provenance requires per-run review,Not individually visually reviewed; not selected for the evidence page,"Review episode plus manifest/provenance, label simulation/physical scope, caption scoring rule and failures"
reports/training/franka_cup_lerobot_raw/episode_000117/overhead.mp4,510311,Recorded training/evaluation or diagnostic imagery/video; inspect associated run metadata,First-party report artifact; depicted geometry/provenance requires per-run review,Not individually visually reviewed; not selected for the evidence page,"Review episode plus manifest/provenance, label simulation/physical scope, caption scoring rule and failures"
reports/training/franka_cup_lerobot_raw/episode_000117/wrist.mp4,325199,Recorded training/evaluation or diagnostic imagery/video; inspect associated run metadata,First-party report artifact; depicted geometry/provenance requires per-run review,Not individually visually reviewed; not selected for the evidence page,"Review episode plus manifest/provenance, label simulation/physical scope, caption scoring rule and failures"
reports/training/franka_cup_lerobot_raw/episode_000118/overhead.mp4,531260,Recorded training/evaluation or diagnostic imagery/video; inspect associated run metadata,First-party report artifact; depicted geometry/provenance requires per-run review,Not individually visually reviewed; not selected for the evidence page,"Review episode plus manifest/provenance, label simulation/physical scope, caption scoring rule and failures"
reports/training/franka_cup_lerobot_raw/episode_000118/wrist.mp4,377586,Recorded training/evaluation or diagnostic imagery/video; inspect associated run metadata,First-party report artifact; depicted geometry/provenance requires per-run review,Not individually visually reviewed; not selected for the evidence page,"Review episode plus manifest/provenance, label simulation/physical scope, caption scoring rule and failures"
reports/training/franka_cup_lerobot_raw/episode_000119/overhead.mp4,525512,Recorded training/evaluation or diagnostic imagery/video; inspect associated run metadata,First-party report artifact; depicted geometry/provenance requires per-run review,Not individually visually reviewed; not selected for the evidence page,"Review episode plus manifest/provenance, label simulation/physical scope, caption scoring rule and failures"
reports/training/franka_cup_lerobot_raw/episode_000119/wrist.mp4,331157,Recorded training/evaluation or diagnostic imagery/video; inspect associated run metadata,First-party report artifact; depicted geometry/provenance requires per-run review,Not individually visually reviewed; not selected for the evidence page,"Review episode plus manifest/provenance, label simulation/physical scope, caption scoring rule and failures"
reports/training/franka_cup_lerobot_raw/episode_000120/overhead.mp4,488865,Recorded training/evaluation or diagnostic imagery/video; inspect associated run metadata,First-party report artifact; depicted geometry/provenance requires per-run review,Not individually visually reviewed; not selected for the evidence page,"Review episode plus manifest/provenance, label simulation/physical scope, caption scoring rule and failures"
reports/training/franka_cup_lerobot_raw/episode_000120/wrist.mp4,288300,Recorded training/evaluation or diagnostic imagery/video; inspect associated run metadata,First-party report artifact; depicted geometry/provenance requires per-run review,Not individually visually reviewed; not selected for the evidence page,"Review episode plus manifest/provenance, label simulation/physical scope, caption scoring rule and failures"
reports/training/franka_cup_lerobot_raw/episode_000121/overhead.mp4,493413,Recorded training/evaluation or diagnostic imagery/video; inspect associated run metadata,First-party report artifact; depicted geometry/provenance requires per-run review,Not individually visually reviewed; not selected for the evidence page,"Review episode plus manifest/provenance, label simulation/physical scope, caption scoring rule and failures"
reports/training/franka_cup_lerobot_raw/episode_000121/wrist.mp4,288944,Recorded training/evaluation or diagnostic imagery/video; inspect associated run metadata,First-party report artifact; depicted geometry/provenance requires per-run review,Not individually visually reviewed; not selected for the evidence page,"Review episode plus manifest/provenance, label simulation/physical scope, caption scoring rule and failures"
reports/training/franka_cup_lerobot_raw/episode_000122/overhead.mp4,512855,Recorded training/evaluation or diagnostic imagery/video; inspect associated run metadata,First-party report artifact; depicted geometry/provenance requires per-run review,Not individually visually reviewed; not selected for the evidence page,"Review episode plus manifest/provenance, label simulation/physical scope, caption scoring rule and failures"
reports/training/franka_cup_lerobot_raw/episode_000122/wrist.mp4,301012,Recorded training/evaluation or diagnostic imagery/video; inspect associated run metadata,First-party report artifact; depicted geometry/provenance requires per-run review,Not individually visually reviewed; not selected for the evidence page,"Review episode plus manifest/provenance, label simulation/physical scope, caption scoring rule and failures"
reports/training/franka_cup_lerobot_raw/episode_000123/overhead.mp4,511688,Recorded training/evaluation or diagnostic imagery/video; inspect associated run metadata,First-party report artifact; depicted geometry/provenance requires per-run review,Not individually visually reviewed; not selected for the evidence page,"Review episode plus manifest/provenance, label simulation/physical scope, caption scoring rule and failures"
reports/training/franka_cup_lerobot_raw/episode_000123/wrist.mp4,353165,Recorded training/evaluation or diagnostic imagery/video; inspect associated run metadata,First-party report artifact; depicted geometry/provenance requires per-run review,Not individually visually reviewed; not selected for the evidence page,"Review episode plus manifest/provenance, label simulation/physical scope, caption scoring rule and failures"
reports/training/franka_cup_lerobot_raw/episode_000124/overhead.mp4,474443,Recorded training/evaluation or diagnostic imagery/video; inspect associated run metadata,First-party report artifact; depicted geometry/provenance requires per-run review,Not individually visually reviewed; not selected for the evidence page,"Review episode plus manifest/provenance, label simulation/physical scope, caption scoring rule and failures"
reports/training/franka_cup_lerobot_raw/episode_000124/wrist.mp4,280642,Recorded training/evaluation or diagnostic imagery/video; inspect associated run metadata,First-party report artifact; depicted geometry/provenance requires per-run review,Not individually visually reviewed; not selected for the evidence page,"Review episode plus manifest/provenance, label simulation/physical scope, caption scoring rule and failures"
reports/training/franka_cup_lerobot_raw/episode_000125/overhead.mp4,500186,Recorded training/evaluation or diagnostic imagery/video; inspect associated run metadata,First-party report artifact; depicted geometry/provenance requires per-run review,Not individually visually reviewed; not selected for the evidence page,"Review episode plus manifest/provenance, label simulation/physical scope, caption scoring rule and failures"
reports/training/franka_cup_lerobot_raw/episode_000125/wrist.mp4,306915,Recorded training/evaluation or diagnostic imagery/video; inspect associated run metadata,First-party report artifact; depicted geometry/provenance requires per-run review,Not individually visually reviewed; not selected for the evidence page,"Review episode plus manifest/provenance, label simulation/physical scope, caption scoring rule and failures"
reports/training/franka_cup_lerobot_raw/episode_000126/overhead.mp4,549102,Recorded training/evaluation or diagnostic imagery/video; inspect associated run metadata,First-party report artifact; depicted geometry/provenance requires per-run review,Not individually visually reviewed; not selected for the evidence page,"Review episode plus manifest/provenance, label simulation/physical scope, caption scoring rule and failures"
reports/training/franka_cup_lerobot_raw/episode_000126/wrist.mp4,386274,Recorded training/evaluation or diagnostic imagery/video; inspect associated run metadata,First-party report artifact; depicted geometry/provenance requires per-run review,Not individually visually reviewed; not selected for the evidence page,"Review episode plus manifest/provenance, label simulation/physical scope, caption scoring rule and failures"
reports/training/franka_cup_lerobot_raw/episode_000127/overhead.mp4,576436,Recorded training/evaluation or diagnostic imagery/video; inspect associated run metadata,First-party report artifact; depicted geometry/provenance requires per-run review,Not individually visually reviewed; not selected for the evidence page,"Review episode plus manifest/provenance, label simulation/physical scope, caption scoring rule and failures"
reports/training/franka_cup_lerobot_raw/episode_000127/wrist.mp4,312553,Recorded training/evaluation or diagnostic imagery/video; inspect associated run metadata,First-party report artifact; depicted geometry/provenance requires per-run review,Not individually visually reviewed; not selected for the evidence page,"Review episode plus manifest/provenance, label simulation/physical scope, caption scoring rule and failures"
reports/training/franka_cup_lerobot_raw/episode_000128/overhead.mp4,537677,Recorded training/evaluation or diagnostic imagery/video; inspect associated run metadata,First-party report artifact; depicted geometry/provenance requires per-run review,Not individually visually reviewed; not selected for the evidence page,"Review episode plus manifest/provenance, label simulation/physical scope, caption scoring rule and failures"
reports/training/franka_cup_lerobot_raw/episode_000128/wrist.mp4,296943,Recorded training/evaluation or diagnostic imagery/video; inspect associated run metadata,First-party report artifact; depicted geometry/provenance requires per-run review,Not individually visually reviewed; not selected for the evidence page,"Review episode plus manifest/provenance, label simulation/physical scope, caption scoring rule and failures"
reports/training/franka_cup_lerobot_raw/episode_000129/overhead.mp4,582087,Recorded training/evaluation or diagnostic imagery/video; inspect associated run metadata,First-party report artifact; depicted geometry/provenance requires per-run review,Not individually visually reviewed; not selected for the evidence page,"Review episode plus manifest/provenance, label simulation/physical scope, caption scoring rule and failures"
reports/training/franka_cup_lerobot_raw/episode_000129/wrist.mp4,387956,Recorded training/evaluation or diagnostic imagery/video; inspect associated run metadata,First-party report artifact; depicted geometry/provenance requires per-run review,Not individually visually reviewed; not selected for the evidence page,"Review episode plus manifest/provenance, label simulation/physical scope, caption scoring rule and failures"
reports/training/franka_cup_lerobot_raw/episode_000130/overhead.mp4,596452,Recorded training/evaluation or diagnostic imagery/video; inspect associated run metadata,First-party report artifact; depicted geometry/provenance requires per-run review,Not individually visually reviewed; not selected for the evidence page,"Review episode plus manifest/provenance, label simulation/physical scope, caption scoring rule and failures"
reports/training/franka_cup_lerobot_raw/episode_000130/wrist.mp4,364504,Recorded training/evaluation or diagnostic imagery/video; inspect associated run metadata,First-party report artifact; depicted geometry/provenance requires per-run review,Not individually visually reviewed; not selected for the evidence page,"Review episode plus manifest/provenance, label simulation/physical scope, caption scoring rule and failures"
reports/training/franka_cup_lerobot_raw/episode_000131/overhead.mp4,502193,Recorded training/evaluation or diagnostic imagery/video; inspect associated run metadata,First-party report artifact; depicted geometry/provenance requires per-run review,Not individually visually reviewed; not selected for the evidence page,"Review episode plus manifest/provenance, label simulation/physical scope, caption scoring rule and failures"
reports/training/franka_cup_lerobot_raw/episode_000131/wrist.mp4,332813,Recorded training/evaluation or diagnostic imagery/video; inspect associated run metadata,First-party report artifact; depicted geometry/provenance requires per-run review,Not individually visually reviewed; not selected for the evidence page,"Review episode plus manifest/provenance, label simulation/physical scope, caption scoring rule and failures"
reports/training/franka_cup_lerobot_raw/episode_000132/overhead.mp4,519467,Recorded training/evaluation or diagnostic imagery/video; inspect associated run metadata,First-party report artifact; depicted geometry/provenance requires per-run review,Not individually visually reviewed; not selected for the evidence page,"Review episode plus manifest/provenance, label simulation/physical scope, caption scoring rule and failures"
reports/training/franka_cup_lerobot_raw/episode_000132/wrist.mp4,332661,Recorded training/evaluation or diagnostic imagery/video; inspect associated run metadata,First-party report artifact; depicted geometry/provenance requires per-run review,Not individually visually reviewed; not selected for the evidence page,"Review episode plus manifest/provenance, label simulation/physical scope, caption scoring rule and failures"
reports/training/franka_cup_lerobot_raw/episode_000133/overhead.mp4,507472,Recorded training/evaluation or diagnostic imagery/video; inspect associated run metadata,First-party report artifact; depicted geometry/provenance requires per-run review,Not individually visually reviewed; not selected for the evidence page,"Review episode plus manifest/provenance, label simulation/physical scope, caption scoring rule and failures"
reports/training/franka_cup_lerobot_raw/episode_000133/wrist.mp4,314260,Recorded training/evaluation or diagnostic imagery/video; inspect associated run metadata,First-party report artifact; depicted geometry/provenance requires per-run review,Not individually visually reviewed; not selected for the evidence page,"Review episode plus manifest/provenance, label simulation/physical scope, caption scoring rule and failures"
reports/training/franka_cup_lerobot_raw/episode_000134/overhead.mp4,708755,Recorded training/evaluation or diagnostic imagery/video; inspect associated run metadata,First-party report artifact; depicted geometry/provenance requires per-run review,Not individually visually reviewed; not selected for the evidence page,"Review episode plus manifest/provenance, label simulation/physical scope, caption scoring rule and failures"
reports/training/franka_cup_lerobot_raw/episode_000134/wrist.mp4,433711,Recorded training/evaluation or diagnostic imagery/video; inspect associated run metadata,First-party report artifact; depicted geometry/provenance requires per-run review,Not individually visually reviewed; not selected for the evidence page,"Review episode plus manifest/provenance, label simulation/physical scope, caption scoring rule and failures"
reports/training/franka_cup_lerobot_raw/episode_000135/overhead.mp4,618849,Recorded training/evaluation or diagnostic imagery/video; inspect associated run metadata,First-party report artifact; depicted geometry/provenance requires per-run review,Not individually visually reviewed; not selected for the evidence page,"Review episode plus manifest/provenance, label simulation/physical scope, caption scoring rule and failures"
reports/training/franka_cup_lerobot_raw/episode_000135/wrist.mp4,399069,Recorded training/evaluation or diagnostic imagery/video; inspect associated run metadata,First-party report artifact; depicted geometry/provenance requires per-run review,Not individually visually reviewed; not selected for the evidence page,"Review episode plus manifest/provenance, label simulation/physical scope, caption scoring rule and failures"
reports/training/franka_cup_lerobot_raw/episode_000136/overhead.mp4,609061,Recorded training/evaluation or diagnostic imagery/video; inspect associated run metadata,First-party report artifact; depicted geometry/provenance requires per-run review,Not individually visually reviewed; not selected for the evidence page,"Review episode plus manifest/provenance, label simulation/physical scope, caption scoring rule and failures"
reports/training/franka_cup_lerobot_raw/episode_000136/wrist.mp4,330603,Recorded training/evaluation or diagnostic imagery/video; inspect associated run metadata,First-party report artifact; depicted geometry/provenance requires per-run review,Not individually visually reviewed; not selected for the evidence page,"Review episode plus manifest/provenance, label simulation/physical scope, caption scoring rule and failures"
reports/training/franka_cup_lerobot_raw/episode_000137/overhead.mp4,648185,Recorded training/evaluation or diagnostic imagery/video; inspect associated run metadata,First-party report artifact; depicted geometry/provenance requires per-run review,Not individually visually reviewed; not selected for the evidence page,"Review episode plus manifest/provenance, label simulation/physical scope, caption scoring rule and failures"
reports/training/franka_cup_lerobot_raw/episode_000137/wrist.mp4,328775,Recorded training/evaluation or diagnostic imagery/video; inspect associated run metadata,First-party report artifact; depicted geometry/provenance requires per-run review,Not individually visually reviewed; not selected for the evidence page,"Review episode plus manifest/provenance, label simulation/physical scope, caption scoring rule and failures"
reports/training/franka_cup_lerobot_raw/episode_000138/overhead.mp4,611007,Recorded training/evaluation or diagnostic imagery/video; inspect associated run metadata,First-party report artifact; depicted geometry/provenance requires per-run review,Not individually visually reviewed; not selected for the evidence page,"Review episode plus manifest/provenance, label simulation/physical scope, caption scoring rule and failures"
reports/training/franka_cup_lerobot_raw/episode_000138/wrist.mp4,432928,Recorded training/evaluation or diagnostic imagery/video; inspect associated run metadata,First-party report artifact; depicted geometry/provenance requires per-run review,Not individually visually reviewed; not selected for the evidence page,"Review episode plus manifest/provenance, label simulation/physical scope, caption scoring rule and failures"
reports/training/franka_cup_lerobot_raw/episode_000139/overhead.mp4,615153,Recorded training/evaluation or diagnostic imagery/video; inspect associated run metadata,First-party report artifact; depicted geometry/provenance requires per-run review,Not individually visually reviewed; not selected for the evidence page,"Review episode plus manifest/provenance, label simulation/physical scope, caption scoring rule and failures"
reports/training/franka_cup_lerobot_raw/episode_000139/wrist.mp4,445459,Recorded training/evaluation or diagnostic imagery/video; inspect associated run metadata,First-party report artifact; depicted geometry/provenance requires per-run review,Not individually visually reviewed; not selected for the evidence page,"Review episode plus manifest/provenance, label simulation/physical scope, caption scoring rule and failures"
reports/training/franka_cup_lerobot_raw/episode_000140/overhead.mp4,502116,Recorded training/evaluation or diagnostic imagery/video; inspect associated run metadata,First-party report artifact; depicted geometry/provenance requires per-run review,Not individually visually reviewed; not selected for the evidence page,"Review episode plus manifest/provenance, label simulation/physical scope, caption scoring rule and failures"
reports/training/franka_cup_lerobot_raw/episode_000140/wrist.mp4,309480,Recorded training/evaluation or diagnostic imagery/video; inspect associated run metadata,First-party report artifact; depicted geometry/provenance requires per-run review,Not individually visually reviewed; not selected for the evidence page,"Review episode plus manifest/provenance, label simulation/physical scope, caption scoring rule and failures"
reports/training/franka_cup_lerobot_raw/episode_000141/overhead.mp4,621976,Recorded training/evaluation or diagnostic imagery/video; inspect associated run metadata,First-party report artifact; depicted geometry/provenance requires per-run review,Not individually visually reviewed; not selected for the evidence page,"Review episode plus manifest/provenance, label simulation/physical scope, caption scoring rule and failures"
reports/training/franka_cup_lerobot_raw/episode_000141/wrist.mp4,429451,Recorded training/evaluation or diagnostic imagery/video; inspect associated run metadata,First-party report artifact; depicted geometry/provenance requires per-run review,Not individually visually reviewed; not selected for the evidence page,"Review episode plus manifest/provenance, label simulation/physical scope, caption scoring rule and failures"
reports/training/franka_cup_lerobot_raw/episode_000142/overhead.mp4,595189,Recorded training/evaluation or diagnostic imagery/video; inspect associated run metadata,First-party report artifact; depicted geometry/provenance requires per-run review,Not individually visually reviewed; not selected for the evidence page,"Review episode plus manifest/provenance, label simulation/physical scope, caption scoring rule and failures"
reports/training/franka_cup_lerobot_raw/episode_000142/wrist.mp4,471146,Recorded training/evaluation or diagnostic imagery/video; inspect associated run metadata,First-party report artifact; depicted geometry/provenance requires per-run review,Not individually visually reviewed; not selected for the evidence page,"Review episode plus manifest/provenance, label simulation/physical scope, caption scoring rule and failures"
reports/training/franka_cup_lerobot_raw/episode_000143/overhead.mp4,572119,Recorded training/evaluation or diagnostic imagery/video; inspect associated run metadata,First-party report artifact; depicted geometry/provenance requires per-run review,Not individually visually reviewed; not selected for the evidence page,"Review episode plus manifest/provenance, label simulation/physical scope, caption scoring rule and failures"
reports/training/franka_cup_lerobot_raw/episode_000143/wrist.mp4,350150,Recorded training/evaluation or diagnostic imagery/video; inspect associated run metadata,First-party report artifact; depicted geometry/provenance requires per-run review,Not individually visually reviewed; not selected for the evidence page,"Review episode plus manifest/provenance, label simulation/physical scope, caption scoring rule and failures"
reports/training/franka_cup_lerobot_raw/episode_000144/overhead.mp4,544426,Recorded training/evaluation or diagnostic imagery/video; inspect associated run metadata,First-party report artifact; depicted geometry/provenance requires per-run review,Not individually visually reviewed; not selected for the evidence page,"Review episode plus manifest/provenance, label simulation/physical scope, caption scoring rule and failures"
reports/training/franka_cup_lerobot_raw/episode_000144/wrist.mp4,349601,Recorded training/evaluation or diagnostic imagery/video; inspect associated run metadata,First-party report artifact; depicted geometry/provenance requires per-run review,Not individually visually reviewed; not selected for the evidence page,"Review episode plus manifest/provenance, label simulation/physical scope, caption scoring rule and failures"
reports/training/franka_cup_lerobot_raw/episode_000145/overhead.mp4,378701,Recorded training/evaluation or diagnostic imagery/video; inspect associated run metadata,First-party report artifact; depicted geometry/provenance requires per-run review,Not individually visually reviewed; not selected for the evidence page,"Review episode plus manifest/provenance, label simulation/physical scope, caption scoring rule and failures"
reports/training/franka_cup_lerobot_raw/episode_000145/wrist.mp4,308353,Recorded training/evaluation or diagnostic imagery/video; inspect associated run metadata,First-party report artifact; depicted geometry/provenance requires per-run review,Not individually visually reviewed; not selected for the evidence page,"Review episode plus manifest/provenance, label simulation/physical scope, caption scoring rule and failures"
reports/training/franka_cup_lerobot_raw/episode_000146/overhead.mp4,482470,Recorded training/evaluation or diagnostic imagery/video; inspect associated run metadata,First-party report artifact; depicted geometry/provenance requires per-run review,Not individually visually reviewed; not selected for the evidence page,"Review episode plus manifest/provenance, label simulation/physical scope, caption scoring rule and failures"
reports/training/franka_cup_lerobot_raw/episode_000146/wrist.mp4,364558,Recorded training/evaluation or diagnostic imagery/video; inspect associated run metadata,First-party report artifact; depicted geometry/provenance requires per-run review,Not individually visually reviewed; not selected for the evidence page,"Review episode plus manifest/provenance, label simulation/physical scope, caption scoring rule and failures"
reports/training/franka_cup_lerobot_raw/episode_000147/overhead.mp4,494758,Recorded training/evaluation or diagnostic imagery/video; inspect associated run metadata,First-party report artifact; depicted geometry/provenance requires per-run review,Not individually visually reviewed; not selected for the evidence page,"Review episode plus manifest/provenance, label simulation/physical scope, caption scoring rule and failures"
reports/training/franka_cup_lerobot_raw/episode_000147/wrist.mp4,339425,Recorded training/evaluation or diagnostic imagery/video; inspect associated run metadata,First-party report artifact; depicted geometry/provenance requires per-run review,Not individually visually reviewed; not selected for the evidence page,"Review episode plus manifest/provenance, label simulation/physical scope, caption scoring rule and failures"
reports/training/franka_cup_lerobot_raw/episode_000148/overhead.mp4,533939,Recorded training/evaluation or diagnostic imagery/video; inspect associated run metadata,First-party report artifact; depicted geometry/provenance requires per-run review,Not individually visually reviewed; not selected for the evidence page,"Review episode plus manifest/provenance, label simulation/physical scope, caption scoring rule and failures"
reports/training/franka_cup_lerobot_raw/episode_000148/wrist.mp4,314387,Recorded training/evaluation or diagnostic imagery/video; inspect associated run metadata,First-party report artifact; depicted geometry/provenance requires per-run review,Not individually visually reviewed; not selected for the evidence page,"Review episode plus manifest/provenance, label simulation/physical scope, caption scoring rule and failures"
reports/training/franka_cup_lerobot_raw/episode_000149/overhead.mp4,557297,Recorded training/evaluation or diagnostic imagery/video; inspect associated run metadata,First-party report artifact; depicted geometry/provenance requires per-run review,Not individually visually reviewed; not selected for the evidence page,"Review episode plus manifest/provenance, label simulation/physical scope, caption scoring rule and failures"
reports/training/franka_cup_lerobot_raw/episode_000149/wrist.mp4,306133,Recorded training/evaluation or diagnostic imagery/video; inspect associated run metadata,First-party report artifact; depicted geometry/provenance requires per-run review,Not individually visually reviewed; not selected for the evidence page,"Review episode plus manifest/provenance, label simulation/physical scope, caption scoring rule and failures"
reports/training/franka_cup_lerobot_raw/episode_000150/overhead.mp4,497648,Recorded training/evaluation or diagnostic imagery/video; inspect associated run metadata,First-party report artifact; depicted geometry/provenance requires per-run review,Not individually visually reviewed; not selected for the evidence page,"Review episode plus manifest/provenance, label simulation/physical scope, caption scoring rule and failures"
reports/training/franka_cup_lerobot_raw/episode_000150/wrist.mp4,364217,Recorded training/evaluation or diagnostic imagery/video; inspect associated run metadata,First-party report artifact; depicted geometry/provenance requires per-run review,Not individually visually reviewed; not selected for the evidence page,"Review episode plus manifest/provenance, label simulation/physical scope, caption scoring rule and failures"
reports/training/franka_cup_lerobot_raw/episode_000151/overhead.mp4,578692,Recorded training/evaluation or diagnostic imagery/video; inspect associated run metadata,First-party report artifact; depicted geometry/provenance requires per-run review,Not individually visually reviewed; not selected for the evidence page,"Review episode plus manifest/provenance, label simulation/physical scope, caption scoring rule and failures"
reports/training/franka_cup_lerobot_raw/episode_000151/wrist.mp4,367012,Recorded training/evaluation or diagnostic imagery/video; inspect associated run metadata,First-party report artifact; depicted geometry/provenance requires per-run review,Not individually visually reviewed; not selected for the evidence page,"Review episode plus manifest/provenance, label simulation/physical scope, caption scoring rule and failures"
reports/training/franka_cup_lerobot_raw/episode_000152/overhead.mp4,503563,Recorded training/evaluation or diagnostic imagery/video; inspect associated run metadata,First-party report artifact; depicted geometry/provenance requires per-run review,Not individually visually reviewed; not selected for the evidence page,"Review episode plus manifest/provenance, label simulation/physical scope, caption scoring rule and failures"
reports/training/franka_cup_lerobot_raw/episode_000152/wrist.mp4,381544,Recorded training/evaluation or diagnostic imagery/video; inspect associated run metadata,First-party report artifact; depicted geometry/provenance requires per-run review,Not individually visually reviewed; not selected for the evidence page,"Review episode plus manifest/provenance, label simulation/physical scope, caption scoring rule and failures"
reports/training/franka_cup_lerobot_raw/episode_000153/overhead.mp4,550458,Recorded training/evaluation or diagnostic imagery/video; inspect associated run metadata,First-party report artifact; depicted geometry/provenance requires per-run review,Not individually visually reviewed; not selected for the evidence page,"Review episode plus manifest/provenance, label simulation/physical scope, caption scoring rule and failures"
reports/training/franka_cup_lerobot_raw/episode_000153/wrist.mp4,384791,Recorded training/evaluation or diagnostic imagery/video; inspect associated run metadata,First-party report artifact; depicted geometry/provenance requires per-run review,Not individually visually reviewed; not selected for the evidence page,"Review episode plus manifest/provenance, label simulation/physical scope, caption scoring rule and failures"
reports/training/franka_cup_lerobot_raw/episode_000154/overhead.mp4,542888,Recorded training/evaluation or diagnostic imagery/video; inspect associated run metadata,First-party report artifact; depicted geometry/provenance requires per-run review,Not individually visually reviewed; not selected for the evidence page,"Review episode plus manifest/provenance, label simulation/physical scope, caption scoring rule and failures"
reports/training/franka_cup_lerobot_raw/episode_000154/wrist.mp4,340492,Recorded training/evaluation or diagnostic imagery/video; inspect associated run metadata,First-party report artifact; depicted geometry/provenance requires per-run review,Not individually visually reviewed; not selected for the evidence page,"Review episode plus manifest/provenance, label simulation/physical scope, caption scoring rule and failures"
reports/training/franka_cup_lerobot_raw/episode_000155/overhead.mp4,521637,Recorded training/evaluation or diagnostic imagery/video; inspect associated run metadata,First-party report artifact; depicted geometry/provenance requires per-run review,Not individually visually reviewed; not selected for the evidence page,"Review episode plus manifest/provenance, label simulation/physical scope, caption scoring rule and failures"
reports/training/franka_cup_lerobot_raw/episode_000155/wrist.mp4,413659,Recorded training/evaluation or diagnostic imagery/video; inspect associated run metadata,First-party report artifact; depicted geometry/provenance requires per-run review,Not individually visually reviewed; not selected for the evidence page,"Review episode plus manifest/provenance, label simulation/physical scope, caption scoring rule and failures"
reports/training/franka_cup_lerobot_raw/episode_000156/overhead.mp4,566696,Recorded training/evaluation or diagnostic imagery/video; inspect associated run metadata,First-party report artifact; depicted geometry/provenance requires per-run review,Not individually visually reviewed; not selected for the evidence page,"Review episode plus manifest/provenance, label simulation/physical scope, caption scoring rule and failures"
reports/training/franka_cup_lerobot_raw/episode_000156/wrist.mp4,412928,Recorded training/evaluation or diagnostic imagery/video; inspect associated run metadata,First-party report artifact; depicted geometry/provenance requires per-run review,Not individually visually reviewed; not selected for the evidence page,"Review episode plus manifest/provenance, label simulation/physical scope, caption scoring rule and failures"
reports/training/franka_cup_lerobot_raw/episode_000157/overhead.mp4,529514,Recorded training/evaluation or diagnostic imagery/video; inspect associated run metadata,First-party report artifact; depicted geometry/provenance requires per-run review,Not individually visually reviewed; not selected for the evidence page,"Review episode plus manifest/provenance, label simulation/physical scope, caption scoring rule and failures"
reports/training/franka_cup_lerobot_raw/episode_000157/wrist.mp4,350990,Recorded training/evaluation or diagnostic imagery/video; inspect associated run metadata,First-party report artifact; depicted geometry/provenance requires per-run review,Not individually visually reviewed; not selected for the evidence page,"Review episode plus manifest/provenance, label simulation/physical scope, caption scoring rule and failures"
reports/training/franka_cup_lerobot_raw/episode_000158/overhead.mp4,611794,Recorded training/evaluation or diagnostic imagery/video; inspect associated run metadata,First-party report artifact; depicted geometry/provenance requires per-run review,Not individually visually reviewed; not selected for the evidence page,"Review episode plus manifest/provenance, label simulation/physical scope, caption scoring rule and failures"
reports/training/franka_cup_lerobot_raw/episode_000158/wrist.mp4,405719,Recorded training/evaluation or diagnostic imagery/video; inspect associated run metadata,First-party report artifact; depicted geometry/provenance requires per-run review,Not individually visually reviewed; not selected for the evidence page,"Review episode plus manifest/provenance, label simulation/physical scope, caption scoring rule and failures"
reports/training/franka_cup_lerobot_raw/episode_000159/overhead.mp4,596136,Recorded training/evaluation or diagnostic imagery/video; inspect associated run metadata,First-party report artifact; depicted geometry/provenance requires per-run review,Not individually visually reviewed; not selected for the evidence page,"Review episode plus manifest/provenance, label simulation/physical scope, caption scoring rule and failures"
reports/training/franka_cup_lerobot_raw/episode_000159/wrist.mp4,416554,Recorded training/evaluation or diagnostic imagery/video; inspect associated run metadata,First-party report artifact; depicted geometry/provenance requires per-run review,Not individually visually reviewed; not selected for the evidence page,"Review episode plus manifest/provenance, label simulation/physical scope, caption scoring rule and failures"
reports/training/franka_cup_lerobot_raw/episode_000160/overhead.mp4,435214,Recorded training/evaluation or diagnostic imagery/video; inspect associated run metadata,First-party report artifact; depicted geometry/provenance requires per-run review,Not individually visually reviewed; not selected for the evidence page,"Review episode plus manifest/provenance, label simulation/physical scope, caption scoring rule and failures"
reports/training/franka_cup_lerobot_raw/episode_000160/wrist.mp4,322747,Recorded training/evaluation or diagnostic imagery/video; inspect associated run metadata,First-party report artifact; depicted geometry/provenance requires per-run review,Not individually visually reviewed; not selected for the evidence page,"Review episode plus manifest/provenance, label simulation/physical scope, caption scoring rule and failures"
reports/training/franka_cup_lerobot_raw/episode_000161/overhead.mp4,512036,Recorded training/evaluation or diagnostic imagery/video; inspect associated run metadata,First-party report artifact; depicted geometry/provenance requires per-run review,Not individually visually reviewed; not selected for the evidence page,"Review episode plus manifest/provenance, label simulation/physical scope, caption scoring rule and failures"
reports/training/franka_cup_lerobot_raw/episode_000161/wrist.mp4,390554,Recorded training/evaluation or diagnostic imagery/video; inspect associated run metadata,First-party report artifact; depicted geometry/provenance requires per-run review,Not individually visually reviewed; not selected for the evidence page,"Review episode plus manifest/provenance, label simulation/physical scope, caption scoring rule and failures"
reports/training/franka_cup_lerobot_raw/episode_000162/overhead.mp4,611143,Recorded training/evaluation or diagnostic imagery/video; inspect associated run metadata,First-party report artifact; depicted geometry/provenance requires per-run review,Not individually visually reviewed; not selected for the evidence page,"Review episode plus manifest/provenance, label simulation/physical scope, caption scoring rule and failures"
reports/training/franka_cup_lerobot_raw/episode_000162/wrist.mp4,383597,Recorded training/evaluation or diagnostic imagery/video; inspect associated run metadata,First-party report artifact; depicted geometry/provenance requires per-run review,Not individually visually reviewed; not selected for the evidence page,"Review episode plus manifest/provenance, label simulation/physical scope, caption scoring rule and failures"
reports/training/franka_cup_lerobot_raw/episode_000163/overhead.mp4,540932,Recorded training/evaluation or diagnostic imagery/video; inspect associated run metadata,First-party report artifact; depicted geometry/provenance requires per-run review,Not individually visually reviewed; not selected for the evidence page,"Review episode plus manifest/provenance, label simulation/physical scope, caption scoring rule and failures"
reports/training/franka_cup_lerobot_raw/episode_000163/wrist.mp4,312841,Recorded training/evaluation or diagnostic imagery/video; inspect associated run metadata,First-party report artifact; depicted geometry/provenance requires per-run review,Not individually visually reviewed; not selected for the evidence page,"Review episode plus manifest/provenance, label simulation/physical scope, caption scoring rule and failures"
reports/training/franka_cup_lerobot_raw/episode_000164/overhead.mp4,717805,Recorded training/evaluation or diagnostic imagery/video; inspect associated run metadata,First-party report artifact; depicted geometry/provenance requires per-run review,Not individually visually reviewed; not selected for the evidence page,"Review episode plus manifest/provenance, label simulation/physical scope, caption scoring rule and failures"
reports/training/franka_cup_lerobot_raw/episode_000164/wrist.mp4,506878,Recorded training/evaluation or diagnostic imagery/video; inspect associated run metadata,First-party report artifact; depicted geometry/provenance requires per-run review,Not individually visually reviewed; not selected for the evidence page,"Review episode plus manifest/provenance, label simulation/physical scope, caption scoring rule and failures"
reports/training/franka_cup_lerobot_raw/episode_000165/overhead.mp4,905403,Recorded training/evaluation or diagnostic imagery/video; inspect associated run metadata,First-party report artifact; depicted geometry/provenance requires per-run review,Not individually visually reviewed; not selected for the evidence page,"Review episode plus manifest/provenance, label simulation/physical scope, caption scoring rule and failures"
reports/training/franka_cup_lerobot_raw/episode_000165/wrist.mp4,658725,Recorded training/evaluation or diagnostic imagery/video; inspect associated run metadata,First-party report artifact; depicted geometry/provenance requires per-run review,Not individually visually reviewed; not selected for the evidence page,"Review episode plus manifest/provenance, label simulation/physical scope, caption scoring rule and failures"
reports/training/franka_cup_lerobot_raw/episode_000166/overhead.mp4,641304,Recorded training/evaluation or diagnostic imagery/video; inspect associated run metadata,First-party report artifact; depicted geometry/provenance requires per-run review,Not individually visually reviewed; not selected for the evidence page,"Review episode plus manifest/provenance, label simulation/physical scope, caption scoring rule and failures"
reports/training/franka_cup_lerobot_raw/episode_000166/wrist.mp4,472542,Recorded training/evaluation or diagnostic imagery/video; inspect associated run metadata,First-party report artifact; depicted geometry/provenance requires per-run review,Not individually visually reviewed; not selected for the evidence page,"Review episode plus manifest/provenance, label simulation/physical scope, caption scoring rule and failures"
reports/training/franka_cup_lerobot_raw/episode_000167/overhead.mp4,626936,Recorded training/evaluation or diagnostic imagery/video; inspect associated run metadata,First-party report artifact; depicted geometry/provenance requires per-run review,Not individually visually reviewed; not selected for the evidence page,"Review episode plus manifest/provenance, label simulation/physical scope, caption scoring rule and failures"
reports/training/franka_cup_lerobot_raw/episode_000167/wrist.mp4,419804,Recorded training/evaluation or diagnostic imagery/video; inspect associated run metadata,First-party report artifact; depicted geometry/provenance requires per-run review,Not individually visually reviewed; not selected for the evidence page,"Review episode plus manifest/provenance, label simulation/physical scope, caption scoring rule and failures"
reports/training/franka_cup_lerobot_raw/episode_000168/overhead.mp4,615183,Recorded training/evaluation or diagnostic imagery/video; inspect associated run metadata,First-party report artifact; depicted geometry/provenance requires per-run review,Not individually visually reviewed; not selected for the evidence page,"Review episode plus manifest/provenance, label simulation/physical scope, caption scoring rule and failures"
reports/training/franka_cup_lerobot_raw/episode_000168/wrist.mp4,474379,Recorded training/evaluation or diagnostic imagery/video; inspect associated run metadata,First-party report artifact; depicted geometry/provenance requires per-run review,Not individually visually reviewed; not selected for the evidence page,"Review episode plus manifest/provenance, label simulation/physical scope, caption scoring rule and failures"
reports/training/franka_cup_lerobot_raw/episode_000169/overhead.mp4,511758,Recorded training/evaluation or diagnostic imagery/video; inspect associated run metadata,First-party report artifact; depicted geometry/provenance requires per-run review,Not individually visually reviewed; not selected for the evidence page,"Review episode plus manifest/provenance, label simulation/physical scope, caption scoring rule and failures"
reports/training/franka_cup_lerobot_raw/episode_000169/wrist.mp4,353168,Recorded training/evaluation or diagnostic imagery/video; inspect associated run metadata,First-party report artifact; depicted geometry/provenance requires per-run review,Not individually visually reviewed; not selected for the evidence page,"Review episode plus manifest/provenance, label simulation/physical scope, caption scoring rule and failures"
reports/training/franka_cup_lerobot_raw/episode_000170/overhead.mp4,456629,Recorded training/evaluation or diagnostic imagery/video; inspect associated run metadata,First-party report artifact; depicted geometry/provenance requires per-run review,Not individually visually reviewed; not selected for the evidence page,"Review episode plus manifest/provenance, label simulation/physical scope, caption scoring rule and failures"
reports/training/franka_cup_lerobot_raw/episode_000170/wrist.mp4,303579,Recorded training/evaluation or diagnostic imagery/video; inspect associated run metadata,First-party report artifact; depicted geometry/provenance requires per-run review,Not individually visually reviewed; not selected for the evidence page,"Review episode plus manifest/provenance, label simulation/physical scope, caption scoring rule and failures"
reports/training/franka_cup_lerobot_raw/episode_000171/overhead.mp4,510152,Recorded training/evaluation or diagnostic imagery/video; inspect associated run metadata,First-party report artifact; depicted geometry/provenance requires per-run review,Not individually visually reviewed; not selected for the evidence page,"Review episode plus manifest/provenance, label simulation/physical scope, caption scoring rule and failures"
reports/training/franka_cup_lerobot_raw/episode_000171/wrist.mp4,347537,Recorded training/evaluation or diagnostic imagery/video; inspect associated run metadata,First-party report artifact; depicted geometry/provenance requires per-run review,Not individually visually reviewed; not selected for the evidence page,"Review episode plus manifest/provenance, label simulation/physical scope, caption scoring rule and failures"
reports/training/franka_cup_lerobot_raw/episode_000172/overhead.mp4,525241,Recorded training/evaluation or diagnostic imagery/video; inspect associated run metadata,First-party report artifact; depicted geometry/provenance requires per-run review,Not individually visually reviewed; not selected for the evidence page,"Review episode plus manifest/provenance, label simulation/physical scope, caption scoring rule and failures"
reports/training/franka_cup_lerobot_raw/episode_000172/wrist.mp4,376731,Recorded training/evaluation or diagnostic imagery/video; inspect associated run metadata,First-party report artifact; depicted geometry/provenance requires per-run review,Not individually visually reviewed; not selected for the evidence page,"Review episode plus manifest/provenance, label simulation/physical scope, caption scoring rule and failures"
reports/training/franka_cup_lerobot_raw/episode_000173/overhead.mp4,525909,Recorded training/evaluation or diagnostic imagery/video; inspect associated run metadata,First-party report artifact; depicted geometry/provenance requires per-run review,Not individually visually reviewed; not selected for the evidence page,"Review episode plus manifest/provenance, label simulation/physical scope, caption scoring rule and failures"
reports/training/franka_cup_lerobot_raw/episode_000173/wrist.mp4,363081,Recorded training/evaluation or diagnostic imagery/video; inspect associated run metadata,First-party report artifact; depicted geometry/provenance requires per-run review,Not individually visually reviewed; not selected for the evidence page,"Review episode plus manifest/provenance, label simulation/physical scope, caption scoring rule and failures"
reports/training/franka_cup_lerobot_raw/episode_000174/overhead.mp4,519588,Recorded training/evaluation or diagnostic imagery/video; inspect associated run metadata,First-party report artifact; depicted geometry/provenance requires per-run review,Not individually visually reviewed; not selected for the evidence page,"Review episode plus manifest/provenance, label simulation/physical scope, caption scoring rule and failures"
reports/training/franka_cup_lerobot_raw/episode_000174/wrist.mp4,358349,Recorded training/evaluation or diagnostic imagery/video; inspect associated run metadata,First-party report artifact; depicted geometry/provenance requires per-run review,Not individually visually reviewed; not selected for the evidence page,"Review episode plus manifest/provenance, label simulation/physical scope, caption scoring rule and failures"
reports/training/franka_cup_lerobot_raw/episode_000175/overhead.mp4,435589,Recorded training/evaluation or diagnostic imagery/video; inspect associated run metadata,First-party report artifact; depicted geometry/provenance requires per-run review,Not individually visually reviewed; not selected for the evidence page,"Review episode plus manifest/provenance, label simulation/physical scope, caption scoring rule and failures"
reports/training/franka_cup_lerobot_raw/episode_000175/wrist.mp4,323405,Recorded training/evaluation or diagnostic imagery/video; inspect associated run metadata,First-party report artifact; depicted geometry/provenance requires per-run review,Not individually visually reviewed; not selected for the evidence page,"Review episode plus manifest/provenance, label simulation/physical scope, caption scoring rule and failures"
reports/training/franka_cup_lerobot_raw/episode_000176/overhead.mp4,531460,Recorded training/evaluation or diagnostic imagery/video; inspect associated run metadata,First-party report artifact; depicted geometry/provenance requires per-run review,Not individually visually reviewed; not selected for the evidence page,"Review episode plus manifest/provenance, label simulation/physical scope, caption scoring rule and failures"
reports/training/franka_cup_lerobot_raw/episode_000176/wrist.mp4,323051,Recorded training/evaluation or diagnostic imagery/video; inspect associated run metadata,First-party report artifact; depicted geometry/provenance requires per-run review,Not individually visually reviewed; not selected for the evidence page,"Review episode plus manifest/provenance, label simulation/physical scope, caption scoring rule and failures"
reports/training/franka_cup_lerobot_raw/episode_000177/overhead.mp4,452199,Recorded training/evaluation or diagnostic imagery/video; inspect associated run metadata,First-party report artifact; depicted geometry/provenance requires per-run review,Not individually visually reviewed; not selected for the evidence page,"Review episode plus manifest/provenance, label simulation/physical scope, caption scoring rule and failures"
reports/training/franka_cup_lerobot_raw/episode_000177/wrist.mp4,246199,Recorded training/evaluation or diagnostic imagery/video; inspect associated run metadata,First-party report artifact; depicted geometry/provenance requires per-run review,Not individually visually reviewed; not selected for the evidence page,"Review episode plus manifest/provenance, label simulation/physical scope, caption scoring rule and failures"
reports/training/franka_cup_lerobot_raw/episode_000178/overhead.mp4,497784,Recorded training/evaluation or diagnostic imagery/video; inspect associated run metadata,First-party report artifact; depicted geometry/provenance requires per-run review,Not individually visually reviewed; not selected for the evidence page,"Review episode plus manifest/provenance, label simulation/physical scope, caption scoring rule and failures"
reports/training/franka_cup_lerobot_raw/episode_000178/wrist.mp4,362022,Recorded training/evaluation or diagnostic imagery/video; inspect associated run metadata,First-party report artifact; depicted geometry/provenance requires per-run review,Not individually visually reviewed; not selected for the evidence page,"Review episode plus manifest/provenance, label simulation/physical scope, caption scoring rule and failures"
reports/training/franka_cup_lerobot_raw/episode_000179/overhead.mp4,759282,Recorded training/evaluation or diagnostic imagery/video; inspect associated run metadata,First-party report artifact; depicted geometry/provenance requires per-run review,Not individually visually reviewed; not selected for the evidence page,"Review episode plus manifest/provenance, label simulation/physical scope, caption scoring rule and failures"
reports/training/franka_cup_lerobot_raw/episode_000179/wrist.mp4,533776,Recorded training/evaluation or diagnostic imagery/video; inspect associated run metadata,First-party report artifact; depicted geometry/provenance requires per-run review,Not individually visually reviewed; not selected for the evidence page,"Review episode plus manifest/provenance, label simulation/physical scope, caption scoring rule and failures"
reports/training/franka_cup_lerobot_raw/episode_000180/overhead.mp4,441157,Recorded training/evaluation or diagnostic imagery/video; inspect associated run metadata,First-party report artifact; depicted geometry/provenance requires per-run review,Not individually visually reviewed; not selected for the evidence page,"Review episode plus manifest/provenance, label simulation/physical scope, caption scoring rule and failures"
reports/training/franka_cup_lerobot_raw/episode_000180/wrist.mp4,300872,Recorded training/evaluation or diagnostic imagery/video; inspect associated run metadata,First-party report artifact; depicted geometry/provenance requires per-run review,Not individually visually reviewed; not selected for the evidence page,"Review episode plus manifest/provenance, label simulation/physical scope, caption scoring rule and failures"
reports/training/franka_cup_lerobot_raw/episode_000181/overhead.mp4,400793,Recorded training/evaluation or diagnostic imagery/video; inspect associated run metadata,First-party report artifact; depicted geometry/provenance requires per-run review,Not individually visually reviewed; not selected for the evidence page,"Review episode plus manifest/provenance, label simulation/physical scope, caption scoring rule and failures"
reports/training/franka_cup_lerobot_raw/episode_000181/wrist.mp4,293055,Recorded training/evaluation or diagnostic imagery/video; inspect associated run metadata,First-party report artifact; depicted geometry/provenance requires per-run review,Not individually visually reviewed; not selected for the evidence page,"Review episode plus manifest/provenance, label simulation/physical scope, caption scoring rule and failures"
reports/training/franka_cup_lerobot_raw/episode_000182/overhead.mp4,619215,Recorded training/evaluation or diagnostic imagery/video; inspect associated run metadata,First-party report artifact; depicted geometry/provenance requires per-run review,Not individually visually reviewed; not selected for the evidence page,"Review episode plus manifest/provenance, label simulation/physical scope, caption scoring rule and failures"
reports/training/franka_cup_lerobot_raw/episode_000182/wrist.mp4,446463,Recorded training/evaluation or diagnostic imagery/video; inspect associated run metadata,First-party report artifact; depicted geometry/provenance requires per-run review,Not individually visually reviewed; not selected for the evidence page,"Review episode plus manifest/provenance, label simulation/physical scope, caption scoring rule and failures"
reports/training/franka_cup_lerobot_raw/episode_000183/overhead.mp4,472900,Recorded training/evaluation or diagnostic imagery/video; inspect associated run metadata,First-party report artifact; depicted geometry/provenance requires per-run review,Not individually visually reviewed; not selected for the evidence page,"Review episode plus manifest/provenance, label simulation/physical scope, caption scoring rule and failures"
reports/training/franka_cup_lerobot_raw/episode_000183/wrist.mp4,309115,Recorded training/evaluation or diagnostic imagery/video; inspect associated run metadata,First-party report artifact; depicted geometry/provenance requires per-run review,Not individually visually reviewed; not selected for the evidence page,"Review episode plus manifest/provenance, label simulation/physical scope, caption scoring rule and failures"
reports/training/franka_cup_lerobot_raw/episode_000184/overhead.mp4,599900,Recorded training/evaluation or diagnostic imagery/video; inspect associated run metadata,First-party report artifact; depicted geometry/provenance requires per-run review,Not individually visually reviewed; not selected for the evidence page,"Review episode plus manifest/provenance, label simulation/physical scope, caption scoring rule and failures"
reports/training/franka_cup_lerobot_raw/episode_000184/wrist.mp4,363403,Recorded training/evaluation or diagnostic imagery/video; inspect associated run metadata,First-party report artifact; depicted geometry/provenance requires per-run review,Not individually visually reviewed; not selected for the evidence page,"Review episode plus manifest/provenance, label simulation/physical scope, caption scoring rule and failures"
reports/training/franka_cup_lerobot_raw/episode_000185/overhead.mp4,458335,Recorded training/evaluation or diagnostic imagery/video; inspect associated run metadata,First-party report artifact; depicted geometry/provenance requires per-run review,Not individually visually reviewed; not selected for the evidence page,"Review episode plus manifest/provenance, label simulation/physical scope, caption scoring rule and failures"
reports/training/franka_cup_lerobot_raw/episode_000185/wrist.mp4,364478,Recorded training/evaluation or diagnostic imagery/video; inspect associated run metadata,First-party report artifact; depicted geometry/provenance requires per-run review,Not individually visually reviewed; not selected for the evidence page,"Review episode plus manifest/provenance, label simulation/physical scope, caption scoring rule and failures"
reports/training/franka_cup_lerobot_raw/episode_000186/overhead.mp4,689659,Recorded training/evaluation or diagnostic imagery/video; inspect associated run metadata,First-party report artifact; depicted geometry/provenance requires per-run review,Not individually visually reviewed; not selected for the evidence page,"Review episode plus manifest/provenance, label simulation/physical scope, caption scoring rule and failures"
reports/training/franka_cup_lerobot_raw/episode_000186/wrist.mp4,415727,Recorded training/evaluation or diagnostic imagery/video; inspect associated run metadata,First-party report artifact; depicted geometry/provenance requires per-run review,Not individually visually reviewed; not selected for the evidence page,"Review episode plus manifest/provenance, label simulation/physical scope, caption scoring rule and failures"
reports/training/franka_cup_lerobot_raw/episode_000187/overhead.mp4,529429,Recorded training/evaluation or diagnostic imagery/video; inspect associated run metadata,First-party report artifact; depicted geometry/provenance requires per-run review,Not individually visually reviewed; not selected for the evidence page,"Review episode plus manifest/provenance, label simulation/physical scope, caption scoring rule and failures"
reports/training/franka_cup_lerobot_raw/episode_000187/wrist.mp4,328331,Recorded training/evaluation or diagnostic imagery/video; inspect associated run metadata,First-party report artifact; depicted geometry/provenance requires per-run review,Not individually visually reviewed; not selected for the evidence page,"Review episode plus manifest/provenance, label simulation/physical scope, caption scoring rule and failures"
reports/training/franka_cup_lerobot_raw/episode_000188/overhead.mp4,477547,Recorded training/evaluation or diagnostic imagery/video; inspect associated run metadata,First-party report artifact; depicted geometry/provenance requires per-run review,Not individually visually reviewed; not selected for the evidence page,"Review episode plus manifest/provenance, label simulation/physical scope, caption scoring rule and failures"
reports/training/franka_cup_lerobot_raw/episode_000188/wrist.mp4,320303,Recorded training/evaluation or diagnostic imagery/video; inspect associated run metadata,First-party report artifact; depicted geometry/provenance requires per-run review,Not individually visually reviewed; not selected for the evidence page,"Review episode plus manifest/provenance, label simulation/physical scope, caption scoring rule and failures"
reports/training/franka_cup_lerobot_raw/episode_000189/overhead.mp4,530420,Recorded training/evaluation or diagnostic imagery/video; inspect associated run metadata,First-party report artifact; depicted geometry/provenance requires per-run review,Not individually visually reviewed; not selected for the evidence page,"Review episode plus manifest/provenance, label simulation/physical scope, caption scoring rule and failures"
reports/training/franka_cup_lerobot_raw/episode_000189/wrist.mp4,355145,Recorded training/evaluation or diagnostic imagery/video; inspect associated run metadata,First-party report artifact; depicted geometry/provenance requires per-run review,Not individually visually reviewed; not selected for the evidence page,"Review episode plus manifest/provenance, label simulation/physical scope, caption scoring rule and failures"
reports/training/franka_cup_lerobot_raw/episode_000190/overhead.mp4,578940,Recorded training/evaluation or diagnostic imagery/video; inspect associated run metadata,First-party report artifact; depicted geometry/provenance requires per-run review,Not individually visually reviewed; not selected for the evidence page,"Review episode plus manifest/provenance, label simulation/physical scope, caption scoring rule and failures"
reports/training/franka_cup_lerobot_raw/episode_000190/wrist.mp4,417945,Recorded training/evaluation or diagnostic imagery/video; inspect associated run metadata,First-party report artifact; depicted geometry/provenance requires per-run review,Not individually visually reviewed; not selected for the evidence page,"Review episode plus manifest/provenance, label simulation/physical scope, caption scoring rule and failures"
reports/training/franka_cup_lerobot_raw/episode_000191/overhead.mp4,562425,Recorded training/evaluation or diagnostic imagery/video; inspect associated run metadata,First-party report artifact; depicted geometry/provenance requires per-run review,Not individually visually reviewed; not selected for the evidence page,"Review episode plus manifest/provenance, label simulation/physical scope, caption scoring rule and failures"
reports/training/franka_cup_lerobot_raw/episode_000191/wrist.mp4,354778,Recorded training/evaluation or diagnostic imagery/video; inspect associated run metadata,First-party report artifact; depicted geometry/provenance requires per-run review,Not individually visually reviewed; not selected for the evidence page,"Review episode plus manifest/provenance, label simulation/physical scope, caption scoring rule and failures"
reports/training/franka_cup_lerobot_raw/episode_000192/overhead.mp4,571673,Recorded training/evaluation or diagnostic imagery/video; inspect associated run metadata,First-party report artifact; depicted geometry/provenance requires per-run review,Not individually visually reviewed; not selected for the evidence page,"Review episode plus manifest/provenance, label simulation/physical scope, caption scoring rule and failures"
reports/training/franka_cup_lerobot_raw/episode_000192/wrist.mp4,320884,Recorded training/evaluation or diagnostic imagery/video; inspect associated run metadata,First-party report artifact; depicted geometry/provenance requires per-run review,Not individually visually reviewed; not selected for the evidence page,"Review episode plus manifest/provenance, label simulation/physical scope, caption scoring rule and failures"
reports/training/franka_cup_lerobot_raw/episode_000193/overhead.mp4,514465,Recorded training/evaluation or diagnostic imagery/video; inspect associated run metadata,First-party report artifact; depicted geometry/provenance requires per-run review,Not individually visually reviewed; not selected for the evidence page,"Review episode plus manifest/provenance, label simulation/physical scope, caption scoring rule and failures"
reports/training/franka_cup_lerobot_raw/episode_000193/wrist.mp4,284869,Recorded training/evaluation or diagnostic imagery/video; inspect associated run metadata,First-party report artifact; depicted geometry/provenance requires per-run review,Not individually visually reviewed; not selected for the evidence page,"Review episode plus manifest/provenance, label simulation/physical scope, caption scoring rule and failures"
reports/training/franka_cup_lerobot_raw/episode_000194/overhead.mp4,542393,Recorded training/evaluation or diagnostic imagery/video; inspect associated run metadata,First-party report artifact; depicted geometry/provenance requires per-run review,Not individually visually reviewed; not selected for the evidence page,"Review episode plus manifest/provenance, label simulation/physical scope, caption scoring rule and failures"
reports/training/franka_cup_lerobot_raw/episode_000194/wrist.mp4,370166,Recorded training/evaluation or diagnostic imagery/video; inspect associated run metadata,First-party report artifact; depicted geometry/provenance requires per-run review,Not individually visually reviewed; not selected for the evidence page,"Review episode plus manifest/provenance, label simulation/physical scope, caption scoring rule and failures"
reports/training/franka_cup_lerobot_raw/episode_000195/overhead.mp4,564308,Recorded training/evaluation or diagnostic imagery/video; inspect associated run metadata,First-party report artifact; depicted geometry/provenance requires per-run review,Not individually visually reviewed; not selected for the evidence page,"Review episode plus manifest/provenance, label simulation/physical scope, caption scoring rule and failures"
reports/training/franka_cup_lerobot_raw/episode_000195/wrist.mp4,418964,Recorded training/evaluation or diagnostic imagery/video; inspect associated run metadata,First-party report artifact; depicted geometry/provenance requires per-run review,Not individually visually reviewed; not selected for the evidence page,"Review episode plus manifest/provenance, label simulation/physical scope, caption scoring rule and failures"
reports/training/franka_cup_lerobot_raw/episode_000196/overhead.mp4,537927,Recorded training/evaluation or diagnostic imagery/video; inspect associated run metadata,First-party report artifact; depicted geometry/provenance requires per-run review,Not individually visually reviewed; not selected for the evidence page,"Review episode plus manifest/provenance, label simulation/physical scope, caption scoring rule and failures"
reports/training/franka_cup_lerobot_raw/episode_000196/wrist.mp4,457156,Recorded training/evaluation or diagnostic imagery/video; inspect associated run metadata,First-party report artifact; depicted geometry/provenance requires per-run review,Not individually visually reviewed; not selected for the evidence page,"Review episode plus manifest/provenance, label simulation/physical scope, caption scoring rule and failures"
reports/training/franka_cup_lerobot_raw/episode_000197/overhead.mp4,560198,Recorded training/evaluation or diagnostic imagery/video; inspect associated run metadata,First-party report artifact; depicted geometry/provenance requires per-run review,Not individually visually reviewed; not selected for the evidence page,"Review episode plus manifest/provenance, label simulation/physical scope, caption scoring rule and failures"
reports/training/franka_cup_lerobot_raw/episode_000197/wrist.mp4,317733,Recorded training/evaluation or diagnostic imagery/video; inspect associated run metadata,First-party report artifact; depicted geometry/provenance requires per-run review,Not individually visually reviewed; not selected for the evidence page,"Review episode plus manifest/provenance, label simulation/physical scope, caption scoring rule and failures"
reports/training/franka_cup_lerobot_raw/episode_000198/overhead.mp4,549990,Recorded training/evaluation or diagnostic imagery/video; inspect associated run metadata,First-party report artifact; depicted geometry/provenance requires per-run review,Not individually visually reviewed; not selected for the evidence page,"Review episode plus manifest/provenance, label simulation/physical scope, caption scoring rule and failures"
reports/training/franka_cup_lerobot_raw/episode_000198/wrist.mp4,299092,Recorded training/evaluation or diagnostic imagery/video; inspect associated run metadata,First-party report artifact; depicted geometry/provenance requires per-run review,Not individually visually reviewed; not selected for the evidence page,"Review episode plus manifest/provenance, label simulation/physical scope, caption scoring rule and failures"
reports/training/franka_cup_lerobot_raw/episode_000199/overhead.mp4,613694,Recorded training/evaluation or diagnostic imagery/video; inspect associated run metadata,First-party report artifact; depicted geometry/provenance requires per-run review,Not individually visually reviewed; not selected for the evidence page,"Review episode plus manifest/provenance, label simulation/physical scope, caption scoring rule and failures"
reports/training/franka_cup_lerobot_raw/episode_000199/wrist.mp4,437422,Recorded training/evaluation or diagnostic imagery/video; inspect associated run metadata,First-party report artifact; depicted geometry/provenance requires per-run review,Not individually visually reviewed; not selected for the evidence page,"Review episode plus manifest/provenance, label simulation/physical scope, caption scoring rule and failures"
reports/training/synria_cup_lerobot_demos/videos/chunk-000/observation.images.overhead/episode_000000.mp4,539396,Recorded training/evaluation or diagnostic imagery/video; inspect associated run metadata,First-party report artifact; depicted geometry/provenance requires per-run review,Not individually visually reviewed; not selected for the evidence page,"Review episode plus manifest/provenance, label simulation/physical scope, caption scoring rule and failures"
reports/training/synria_cup_lerobot_demos/videos/chunk-000/observation.images.overhead/episode_000001.mp4,787981,Recorded training/evaluation or diagnostic imagery/video; inspect associated run metadata,First-party report artifact; depicted geometry/provenance requires per-run review,Not individually visually reviewed; not selected for the evidence page,"Review episode plus manifest/provenance, label simulation/physical scope, caption scoring rule and failures"
reports/training/synria_cup_lerobot_demos/videos/chunk-000/observation.images.overhead/episode_000002.mp4,597587,Recorded training/evaluation or diagnostic imagery/video; inspect associated run metadata,First-party report artifact; depicted geometry/provenance requires per-run review,Not individually visually reviewed; not selected for the evidence page,"Review episode plus manifest/provenance, label simulation/physical scope, caption scoring rule and failures"
reports/training/synria_cup_lerobot_demos/videos/chunk-000/observation.images.overhead/episode_000003.mp4,720798,Recorded training/evaluation or diagnostic imagery/video; inspect associated run metadata,First-party report artifact; depicted geometry/provenance requires per-run review,Not individually visually reviewed; not selected for the evidence page,"Review episode plus manifest/provenance, label simulation/physical scope, caption scoring rule and failures"
reports/training/synria_cup_lerobot_demos/videos/chunk-000/observation.images.overhead/episode_000004.mp4,959453,Recorded training/evaluation or diagnostic imagery/video; inspect associated run metadata,First-party report artifact; depicted geometry/provenance requires per-run review,Not individually visually reviewed; not selected for the evidence page,"Review episode plus manifest/provenance, label simulation/physical scope, caption scoring rule and failures"
reports/training/synria_cup_lerobot_demos/videos/chunk-000/observation.images.overhead/episode_000005.mp4,672725,Recorded training/evaluation or diagnostic imagery/video; inspect associated run metadata,First-party report artifact; depicted geometry/provenance requires per-run review,Not individually visually reviewed; not selected for the evidence page,"Review episode plus manifest/provenance, label simulation/physical scope, caption scoring rule and failures"
reports/training/synria_cup_lerobot_demos/videos/chunk-000/observation.images.overhead/episode_000006.mp4,664181,Recorded training/evaluation or diagnostic imagery/video; inspect associated run metadata,First-party report artifact; depicted geometry/provenance requires per-run review,Not individually visually reviewed; not selected for the evidence page,"Review episode plus manifest/provenance, label simulation/physical scope, caption scoring rule and failures"
reports/training/synria_cup_lerobot_demos/videos/chunk-000/observation.images.overhead/episode_000007.mp4,1136162,Recorded training/evaluation or diagnostic imagery/video; inspect associated run metadata,First-party report artifact; depicted geometry/provenance requires per-run review,Not individually visually reviewed; not selected for the evidence page,"Review episode plus manifest/provenance, label simulation/physical scope, caption scoring rule and failures"
reports/training/synria_cup_lerobot_demos/videos/chunk-000/observation.images.overhead/episode_000008.mp4,837751,Recorded training/evaluation or diagnostic imagery/video; inspect associated run metadata,First-party report artifact; depicted geometry/provenance requires per-run review,Not individually visually reviewed; not selected for the evidence page,"Review episode plus manifest/provenance, label simulation/physical scope, caption scoring rule and failures"
reports/training/synria_cup_lerobot_demos/videos/chunk-000/observation.images.overhead/episode_000009.mp4,808524,Recorded training/evaluation or diagnostic imagery/video; inspect associated run metadata,First-party report artifact; depicted geometry/provenance requires per-run review,Not individually visually reviewed; not selected for the evidence page,"Review episode plus manifest/provenance, label simulation/physical scope, caption scoring rule and failures"
reports/training/synria_cup_lerobot_demos/videos/chunk-000/observation.images.overhead/episode_000010.mp4,1042549,Recorded training/evaluation or diagnostic imagery/video; inspect associated run metadata,First-party report artifact; depicted geometry/provenance requires per-run review,Not individually visually reviewed; not selected for the evidence page,"Review episode plus manifest/provenance, label simulation/physical scope, caption scoring rule and failures"
reports/training/synria_cup_lerobot_demos/videos/chunk-000/observation.images.overhead/episode_000011.mp4,1853224,Recorded training/evaluation or diagnostic imagery/video; inspect associated run metadata,First-party report artifact; depicted geometry/provenance requires per-run review,Not individually visually reviewed; not selected for the evidence page,"Review episode plus manifest/provenance, label simulation/physical scope, caption scoring rule and failures"
reports/training/synria_cup_lerobot_demos/videos/chunk-000/observation.images.overhead/episode_000012.mp4,666325,Recorded training/evaluation or diagnostic imagery/video; inspect associated run metadata,First-party report artifact; depicted geometry/provenance requires per-run review,Not individually visually reviewed; not selected for the evidence page,"Review episode plus manifest/provenance, label simulation/physical scope, caption scoring rule and failures"
reports/training/synria_cup_lerobot_demos/videos/chunk-000/observation.images.overhead/episode_000013.mp4,960302,Recorded training/evaluation or diagnostic imagery/video; inspect associated run metadata,First-party report artifact; depicted geometry/provenance requires per-run review,Not individually visually reviewed; not selected for the evidence page,"Review episode plus manifest/provenance, label simulation/physical scope, caption scoring rule and failures"
reports/training/synria_cup_lerobot_demos/videos/chunk-000/observation.images.overhead/episode_000014.mp4,1011834,Recorded training/evaluation or diagnostic imagery/video; inspect associated run metadata,First-party report artifact; depicted geometry/provenance requires per-run review,Not individually visually reviewed; not selected for the evidence page,"Review episode plus manifest/provenance, label simulation/physical scope, caption scoring rule and failures"
reports/training/synria_cup_lerobot_demos/videos/chunk-000/observation.images.overhead/episode_000015.mp4,828122,Recorded training/evaluation or diagnostic imagery/video; inspect associated run metadata,First-party report artifact; depicted geometry/provenance requires per-run review,Not individually visually reviewed; not selected for the evidence page,"Review episode plus manifest/provenance, label simulation/physical scope, caption scoring rule and failures"
reports/training/synria_cup_lerobot_demos/videos/chunk-000/observation.images.overhead/episode_000016.mp4,1159416,Recorded training/evaluation or diagnostic imagery/video; inspect associated run metadata,First-party report artifact; depicted geometry/provenance requires per-run review,Not individually visually reviewed; not selected for the evidence page,"Review episode plus manifest/provenance, label simulation/physical scope, caption scoring rule and failures"
reports/training/synria_cup_lerobot_demos/videos/chunk-000/observation.images.overhead/episode_000017.mp4,1383444,Recorded training/evaluation or diagnostic imagery/video; inspect associated run metadata,First-party report artifact; depicted geometry/provenance requires per-run review,Not individually visually reviewed; not selected for the evidence page,"Review episode plus manifest/provenance, label simulation/physical scope, caption scoring rule and failures"
reports/training/synria_cup_lerobot_demos/videos/chunk-000/observation.images.overhead/episode_000018.mp4,1177265,Recorded training/evaluation or diagnostic imagery/video; inspect associated run metadata,First-party report artifact; depicted geometry/provenance requires per-run review,Not individually visually reviewed; not selected for the evidence page,"Review episode plus manifest/provenance, label simulation/physical scope, caption scoring rule and failures"
reports/training/synria_cup_lerobot_demos/videos/chunk-000/observation.images.overhead/episode_000019.mp4,991371,Recorded training/evaluation or diagnostic imagery/video; inspect associated run metadata,First-party report artifact; depicted geometry/provenance requires per-run review,Not individually visually reviewed; not selected for the evidence page,"Review episode plus manifest/provenance, label simulation/physical scope, caption scoring rule and failures"
reports/training/synria_cup_lerobot_demos/videos/chunk-000/observation.images.overhead/episode_000020.mp4,731838,Recorded training/evaluation or diagnostic imagery/video; inspect associated run metadata,First-party report artifact; depicted geometry/provenance requires per-run review,Not individually visually reviewed; not selected for the evidence page,"Review episode plus manifest/provenance, label simulation/physical scope, caption scoring rule and failures"
reports/training/synria_cup_lerobot_demos/videos/chunk-000/observation.images.overhead/episode_000021.mp4,1585737,Recorded training/evaluation or diagnostic imagery/video; inspect associated run metadata,First-party report artifact; depicted geometry/provenance requires per-run review,Not individually visually reviewed; not selected for the evidence page,"Review episode plus manifest/provenance, label simulation/physical scope, caption scoring rule and failures"
reports/training/synria_cup_lerobot_demos/videos/chunk-000/observation.images.overhead/episode_000022.mp4,776254,Recorded training/evaluation or diagnostic imagery/video; inspect associated run metadata,First-party report artifact; depicted geometry/provenance requires per-run review,Not individually visually reviewed; not selected for the evidence page,"Review episode plus manifest/provenance, label simulation/physical scope, caption scoring rule and failures"
reports/training/synria_cup_lerobot_demos/videos/chunk-000/observation.images.overhead/episode_000023.mp4,1222660,Recorded training/evaluation or diagnostic imagery/video; inspect associated run metadata,First-party report artifact; depicted geometry/provenance requires per-run review,Not individually visually reviewed; not selected for the evidence page,"Review episode plus manifest/provenance, label simulation/physical scope, caption scoring rule and failures"
reports/training/synria_cup_lerobot_demos/videos/chunk-000/observation.images.overhead/episode_000024.mp4,1205624,Recorded training/evaluation or diagnostic imagery/video; inspect associated run metadata,First-party report artifact; depicted geometry/provenance requires per-run review,Not individually visually reviewed; not selected for the evidence page,"Review episode plus manifest/provenance, label simulation/physical scope, caption scoring rule and failures"
reports/training/synria_cup_lerobot_demos/videos/chunk-000/observation.images.overhead/episode_000025.mp4,1429608,Recorded training/evaluation or diagnostic imagery/video; inspect associated run metadata,First-party report artifact; depicted geometry/provenance requires per-run review,Not individually visually reviewed; not selected for the evidence page,"Review episode plus manifest/provenance, label simulation/physical scope, caption scoring rule and failures"
reports/training/synria_cup_lerobot_demos/videos/chunk-000/observation.images.overhead/episode_000026.mp4,960022,Recorded training/evaluation or diagnostic imagery/video; inspect associated run metadata,First-party report artifact; depicted geometry/provenance requires per-run review,Not individually visually reviewed; not selected for the evidence page,"Review episode plus manifest/provenance, label simulation/physical scope, caption scoring rule and failures"
reports/training/synria_cup_lerobot_demos/videos/chunk-000/observation.images.overhead/episode_000027.mp4,981968,Recorded training/evaluation or diagnostic imagery/video; inspect associated run metadata,First-party report artifact; depicted geometry/provenance requires per-run review,Not individually visually reviewed; not selected for the evidence page,"Review episode plus manifest/provenance, label simulation/physical scope, caption scoring rule and failures"
reports/training/synria_cup_lerobot_demos/videos/chunk-000/observation.images.overhead/episode_000028.mp4,1161500,Recorded training/evaluation or diagnostic imagery/video; inspect associated run metadata,First-party report artifact; depicted geometry/provenance requires per-run review,Not individually visually reviewed; not selected for the evidence page,"Review episode plus manifest/provenance, label simulation/physical scope, caption scoring rule and failures"
reports/training/synria_cup_lerobot_demos/videos/chunk-000/observation.images.overhead/episode_000029.mp4,1336975,Recorded training/evaluation or diagnostic imagery/video; inspect associated run metadata,First-party report artifact; depicted geometry/provenance requires per-run review,Not individually visually reviewed; not selected for the evidence page,"Review episode plus manifest/provenance, label simulation/physical scope, caption scoring rule and failures"
reports/training/synria_cup_lerobot_demos/videos/chunk-000/observation.images.overhead/episode_000030.mp4,1022802,Recorded training/evaluation or diagnostic imagery/video; inspect associated run metadata,First-party report artifact; depicted geometry/provenance requires per-run review,Not individually visually reviewed; not selected for the evidence page,"Review episode plus manifest/provenance, label simulation/physical scope, caption scoring rule and failures"
reports/training/synria_cup_lerobot_demos/videos/chunk-000/observation.images.overhead/episode_000031.mp4,1606939,Recorded training/evaluation or diagnostic imagery/video; inspect associated run metadata,First-party report artifact; depicted geometry/provenance requires per-run review,Not individually visually reviewed; not selected for the evidence page,"Review episode plus manifest/provenance, label simulation/physical scope, caption scoring rule and failures"
reports/training/synria_cup_lerobot_demos/videos/chunk-000/observation.images.overhead/episode_000032.mp4,1537815,Recorded training/evaluation or diagnostic imagery/video; inspect associated run metadata,First-party report artifact; depicted geometry/provenance requires per-run review,Not individually visually reviewed; not selected for the evidence page,"Review episode plus manifest/provenance, label simulation/physical scope, caption scoring rule and failures"
reports/training/synria_cup_lerobot_demos/videos/chunk-000/observation.images.overhead/episode_000033.mp4,958055,Recorded training/evaluation or diagnostic imagery/video; inspect associated run metadata,First-party report artifact; depicted geometry/provenance requires per-run review,Not individually visually reviewed; not selected for the evidence page,"Review episode plus manifest/provenance, label simulation/physical scope, caption scoring rule and failures"
reports/training/synria_cup_lerobot_demos/videos/chunk-000/observation.images.overhead/episode_000034.mp4,945736,Recorded training/evaluation or diagnostic imagery/video; inspect associated run metadata,First-party report artifact; depicted geometry/provenance requires per-run review,Not individually visually reviewed; not selected for the evidence page,"Review episode plus manifest/provenance, label simulation/physical scope, caption scoring rule and failures"
reports/training/synria_cup_lerobot_demos/videos/chunk-000/observation.images.overhead/episode_000035.mp4,1453280,Recorded training/evaluation or diagnostic imagery/video; inspect associated run metadata,First-party report artifact; depicted geometry/provenance requires per-run review,Not individually visually reviewed; not selected for the evidence page,"Review episode plus manifest/provenance, label simulation/physical scope, caption scoring rule and failures"
reports/training/synria_cup_lerobot_demos/videos/chunk-000/observation.images.overhead/episode_000036.mp4,860324,Recorded training/evaluation or diagnostic imagery/video; inspect associated run metadata,First-party report artifact; depicted geometry/provenance requires per-run review,Not individually visually reviewed; not selected for the evidence page,"Review episode plus manifest/provenance, label simulation/physical scope, caption scoring rule and failures"
reports/training/synria_cup_lerobot_demos/videos/chunk-000/observation.images.overhead/episode_000037.mp4,1125827,Recorded training/evaluation or diagnostic imagery/video; inspect associated run metadata,First-party report artifact; depicted geometry/provenance requires per-run review,Not individually visually reviewed; not selected for the evidence page,"Review episode plus manifest/provenance, label simulation/physical scope, caption scoring rule and failures"
reports/training/synria_cup_lerobot_demos/videos/chunk-000/observation.images.overhead/episode_000038.mp4,803255,Recorded training/evaluation or diagnostic imagery/video; inspect associated run metadata,First-party report artifact; depicted geometry/provenance requires per-run review,Not individually visually reviewed; not selected for the evidence page,"Review episode plus manifest/provenance, label simulation/physical scope, caption scoring rule and failures"
reports/training/synria_cup_lerobot_demos/videos/chunk-000/observation.images.overhead/episode_000039.mp4,1389304,Recorded training/evaluation or diagnostic imagery/video; inspect associated run metadata,First-party report artifact; depicted geometry/provenance requires per-run review,Not individually visually reviewed; not selected for the evidence page,"Review episode plus manifest/provenance, label simulation/physical scope, caption scoring rule and failures"
reports/training/synria_cup_lerobot_demos/videos/chunk-000/observation.images.overhead/episode_000040.mp4,1158592,Recorded training/evaluation or diagnostic imagery/video; inspect associated run metadata,First-party report artifact; depicted geometry/provenance requires per-run review,Not individually visually reviewed; not selected for the evidence page,"Review episode plus manifest/provenance, label simulation/physical scope, caption scoring rule and failures"
reports/training/synria_cup_lerobot_demos/videos/chunk-000/observation.images.overhead/episode_000041.mp4,1352981,Recorded training/evaluation or diagnostic imagery/video; inspect associated run metadata,First-party report artifact; depicted geometry/provenance requires per-run review,Not individually visually reviewed; not selected for the evidence page,"Review episode plus manifest/provenance, label simulation/physical scope, caption scoring rule and failures"
reports/training/synria_cup_lerobot_demos/videos/chunk-000/observation.images.overhead/episode_000042.mp4,1195267,Recorded training/evaluation or diagnostic imagery/video; inspect associated run metadata,First-party report artifact; depicted geometry/provenance requires per-run review,Not individually visually reviewed; not selected for the evidence page,"Review episode plus manifest/provenance, label simulation/physical scope, caption scoring rule and failures"
reports/training/synria_cup_lerobot_demos/videos/chunk-000/observation.images.overhead/episode_000043.mp4,1545403,Recorded training/evaluation or diagnostic imagery/video; inspect associated run metadata,First-party report artifact; depicted geometry/provenance requires per-run review,Not individually visually reviewed; not selected for the evidence page,"Review episode plus manifest/provenance, label simulation/physical scope, caption scoring rule and failures"
reports/training/synria_cup_lerobot_demos/videos/chunk-000/observation.images.overhead/episode_000044.mp4,1156667,Recorded training/evaluation or diagnostic imagery/video; inspect associated run metadata,First-party report artifact; depicted geometry/provenance requires per-run review,Not individually visually reviewed; not selected for the evidence page,"Review episode plus manifest/provenance, label simulation/physical scope, caption scoring rule and failures"
reports/training/synria_cup_lerobot_demos/videos/chunk-000/observation.images.overhead/episode_000045.mp4,1418416,Recorded training/evaluation or diagnostic imagery/video; inspect associated run metadata,First-party report artifact; depicted geometry/provenance requires per-run review,Not individually visually reviewed; not selected for the evidence page,"Review episode plus manifest/provenance, label simulation/physical scope, caption scoring rule and failures"
reports/training/synria_cup_lerobot_demos/videos/chunk-000/observation.images.overhead/episode_000046.mp4,646300,Recorded training/evaluation or diagnostic imagery/video; inspect associated run metadata,First-party report artifact; depicted geometry/provenance requires per-run review,Not individually visually reviewed; not selected for the evidence page,"Review episode plus manifest/provenance, label simulation/physical scope, caption scoring rule and failures"
reports/training/synria_cup_lerobot_demos/videos/chunk-000/observation.images.overhead/episode_000047.mp4,663289,Recorded training/evaluation or diagnostic imagery/video; inspect associated run metadata,First-party report artifact; depicted geometry/provenance requires per-run review,Not individually visually reviewed; not selected for the evidence page,"Review episode plus manifest/provenance, label simulation/physical scope, caption scoring rule and failures"
reports/training/synria_cup_lerobot_demos/videos/chunk-000/observation.images.overhead/episode_000048.mp4,714913,Recorded training/evaluation or diagnostic imagery/video; inspect associated run metadata,First-party report artifact; depicted geometry/provenance requires per-run review,Not individually visually reviewed; not selected for the evidence page,"Review episode plus manifest/provenance, label simulation/physical scope, caption scoring rule and failures"
reports/training/synria_cup_lerobot_demos/videos/chunk-000/observation.images.wrist/episode_000000.mp4,977546,Recorded training/evaluation or diagnostic imagery/video; inspect associated run metadata,First-party report artifact; depicted geometry/provenance requires per-run review,Not individually visually reviewed; not selected for the evidence page,"Review episode plus manifest/provenance, label simulation/physical scope, caption scoring rule and failures"
reports/training/synria_cup_lerobot_demos/videos/chunk-000/observation.images.wrist/episode_000001.mp4,1487877,Recorded training/evaluation or diagnostic imagery/video; inspect associated run metadata,First-party report artifact; depicted geometry/provenance requires per-run review,Not individually visually reviewed; not selected for the evidence page,"Review episode plus manifest/provenance, label simulation/physical scope, caption scoring rule and failures"
reports/training/synria_cup_lerobot_demos/videos/chunk-000/observation.images.wrist/episode_000002.mp4,1090735,Recorded training/evaluation or diagnostic imagery/video; inspect associated run metadata,First-party report artifact; depicted geometry/provenance requires per-run review,Not individually visually reviewed; not selected for the evidence page,"Review episode plus manifest/provenance, label simulation/physical scope, caption scoring rule and failures"
reports/training/synria_cup_lerobot_demos/videos/chunk-000/observation.images.wrist/episode_000003.mp4,1056220,Recorded training/evaluation or diagnostic imagery/video; inspect associated run metadata,First-party report artifact; depicted geometry/provenance requires per-run review,Not individually visually reviewed; not selected for the evidence page,"Review episode plus manifest/provenance, label simulation/physical scope, caption scoring rule and failures"
reports/training/synria_cup_lerobot_demos/videos/chunk-000/observation.images.wrist/episode_000004.mp4,1499339,Recorded training/evaluation or diagnostic imagery/video; inspect associated run metadata,First-party report artifact; depicted geometry/provenance requires per-run review,Not individually visually reviewed; not selected for the evidence page,"Review episode plus manifest/provenance, label simulation/physical scope, caption scoring rule and failures"
reports/training/synria_cup_lerobot_demos/videos/chunk-000/observation.images.wrist/episode_000005.mp4,1056564,Recorded training/evaluation or diagnostic imagery/video; inspect associated run metadata,First-party report artifact; depicted geometry/provenance requires per-run review,Not individually visually reviewed; not selected for the evidence page,"Review episode plus manifest/provenance, label simulation/physical scope, caption scoring rule and failures"
reports/training/synria_cup_lerobot_demos/videos/chunk-000/observation.images.wrist/episode_000006.mp4,1171166,Recorded training/evaluation or diagnostic imagery/video; inspect associated run metadata,First-party report artifact; depicted geometry/provenance requires per-run review,Not individually visually reviewed; not selected for the evidence page,"Review episode plus manifest/provenance, label simulation/physical scope, caption scoring rule and failures"
reports/training/synria_cup_lerobot_demos/videos/chunk-000/observation.images.wrist/episode_000007.mp4,1785503,Recorded training/evaluation or diagnostic imagery/video; inspect associated run metadata,First-party report artifact; depicted geometry/provenance requires per-run review,Not individually visually reviewed; not selected for the evidence page,"Review episode plus manifest/provenance, label simulation/physical scope, caption scoring rule and failures"
reports/training/synria_cup_lerobot_demos/videos/chunk-000/observation.images.wrist/episode_000008.mp4,1563793,Recorded training/evaluation or diagnostic imagery/video; inspect associated run metadata,First-party report artifact; depicted geometry/provenance requires per-run review,Not individually visually reviewed; not selected for the evidence page,"Review episode plus manifest/provenance, label simulation/physical scope, caption scoring rule and failures"
reports/training/synria_cup_lerobot_demos/videos/chunk-000/observation.images.wrist/episode_000009.mp4,1422414,Recorded training/evaluation or diagnostic imagery/video; inspect associated run metadata,First-party report artifact; depicted geometry/provenance requires per-run review,Not individually visually reviewed; not selected for the evidence page,"Review episode plus manifest/provenance, label simulation/physical scope, caption scoring rule and failures"
reports/training/synria_cup_lerobot_demos/videos/chunk-000/observation.images.wrist/episode_000010.mp4,1761106,Recorded training/evaluation or diagnostic imagery/video; inspect associated run metadata,First-party report artifact; depicted geometry/provenance requires per-run review,Not individually visually reviewed; not selected for the evidence page,"Review episode plus manifest/provenance, label simulation/physical scope, caption scoring rule and failures"
reports/training/synria_cup_lerobot_demos/videos/chunk-000/observation.images.wrist/episode_000011.mp4,3021394,Recorded training/evaluation or diagnostic imagery/video; inspect associated run metadata,First-party report artifact; depicted geometry/provenance requires per-run review,Not individually visually reviewed; not selected for the evidence page,"Review episode plus manifest/provenance, label simulation/physical scope, caption scoring rule and failures"
reports/training/synria_cup_lerobot_demos/videos/chunk-000/observation.images.wrist/episode_000012.mp4,1044822,Recorded training/evaluation or diagnostic imagery/video; inspect associated run metadata,First-party report artifact; depicted geometry/provenance requires per-run review,Not individually visually reviewed; not selected for the evidence page,"Review episode plus manifest/provenance, label simulation/physical scope, caption scoring rule and failures"
reports/training/synria_cup_lerobot_demos/videos/chunk-000/observation.images.wrist/episode_000013.mp4,1078522,Recorded training/evaluation or diagnostic imagery/video; inspect associated run metadata,First-party report artifact; depicted geometry/provenance requires per-run review,Not individually visually reviewed; not selected for the evidence page,"Review episode plus manifest/provenance, label simulation/physical scope, caption scoring rule and failures"
reports/training/synria_cup_lerobot_demos/videos/chunk-000/observation.images.wrist/episode_000014.mp4,1460438,Recorded training/evaluation or diagnostic imagery/video; inspect associated run metadata,First-party report artifact; depicted geometry/provenance requires per-run review,Not individually visually reviewed; not selected for the evidence page,"Review episode plus manifest/provenance, label simulation/physical scope, caption scoring rule and failures"
reports/training/synria_cup_lerobot_demos/videos/chunk-000/observation.images.wrist/episode_000015.mp4,1201197,Recorded training/evaluation or diagnostic imagery/video; inspect associated run metadata,First-party report artifact; depicted geometry/provenance requires per-run review,Not individually visually reviewed; not selected for the evidence page,"Review episode plus manifest/provenance, label simulation/physical scope, caption scoring rule and failures"
reports/training/synria_cup_lerobot_demos/videos/chunk-000/observation.images.wrist/episode_000016.mp4,1697448,Recorded training/evaluation or diagnostic imagery/video; inspect associated run metadata,First-party report artifact; depicted geometry/provenance requires per-run review,Not individually visually reviewed; not selected for the evidence page,"Review episode plus manifest/provenance, label simulation/physical scope, caption scoring rule and failures"
reports/training/synria_cup_lerobot_demos/videos/chunk-000/observation.images.wrist/episode_000017.mp4,2394788,Recorded training/evaluation or diagnostic imagery/video; inspect associated run metadata,First-party report artifact; depicted geometry/provenance requires per-run review,Not individually visually reviewed; not selected for the evidence page,"Review episode plus manifest/provenance, label simulation/physical scope, caption scoring rule and failures"
reports/training/synria_cup_lerobot_demos/videos/chunk-000/observation.images.wrist/episode_000018.mp4,2251845,Recorded training/evaluation or diagnostic imagery/video; inspect associated run metadata,First-party report artifact; depicted geometry/provenance requires per-run review,Not individually visually reviewed; not selected for the evidence page,"Review episode plus manifest/provenance, label simulation/physical scope, caption scoring rule and failures"
reports/training/synria_cup_lerobot_demos/videos/chunk-000/observation.images.wrist/episode_000019.mp4,1719856,Recorded training/evaluation or diagnostic imagery/video; inspect associated run metadata,First-party report artifact; depicted geometry/provenance requires per-run review,Not individually visually reviewed; not selected for the evidence page,"Review episode plus manifest/provenance, label simulation/physical scope, caption scoring rule and failures"
reports/training/synria_cup_lerobot_demos/videos/chunk-000/observation.images.wrist/episode_000020.mp4,1018283,Recorded training/evaluation or diagnostic imagery/video; inspect associated run metadata,First-party report artifact; depicted geometry/provenance requires per-run review,Not individually visually reviewed; not selected for the evidence page,"Review episode plus manifest/provenance, label simulation/physical scope, caption scoring rule and failures"
reports/training/synria_cup_lerobot_demos/videos/chunk-000/observation.images.wrist/episode_000021.mp4,2610443,Recorded training/evaluation or diagnostic imagery/video; inspect associated run metadata,First-party report artifact; depicted geometry/provenance requires per-run review,Not individually visually reviewed; not selected for the evidence page,"Review episode plus manifest/provenance, label simulation/physical scope, caption scoring rule and failures"
reports/training/synria_cup_lerobot_demos/videos/chunk-000/observation.images.wrist/episode_000022.mp4,1086879,Recorded training/evaluation or diagnostic imagery/video; inspect associated run metadata,First-party report artifact; depicted geometry/provenance requires per-run review,Not individually visually reviewed; not selected for the evidence page,"Review episode plus manifest/provenance, label simulation/physical scope, caption scoring rule and failures"
reports/training/synria_cup_lerobot_demos/videos/chunk-000/observation.images.wrist/episode_000023.mp4,2187279,Recorded training/evaluation or diagnostic imagery/video; inspect associated run metadata,First-party report artifact; depicted geometry/provenance requires per-run review,Not individually visually reviewed; not selected for the evidence page,"Review episode plus manifest/provenance, label simulation/physical scope, caption scoring rule and failures"
reports/training/synria_cup_lerobot_demos/videos/chunk-000/observation.images.wrist/episode_000024.mp4,1893158,Recorded training/evaluation or diagnostic imagery/video; inspect associated run metadata,First-party report artifact; depicted geometry/provenance requires per-run review,Not individually visually reviewed; not selected for the evidence page,"Review episode plus manifest/provenance, label simulation/physical scope, caption scoring rule and failures"
reports/training/synria_cup_lerobot_demos/videos/chunk-000/observation.images.wrist/episode_000025.mp4,2464753,Recorded training/evaluation or diagnostic imagery/video; inspect associated run metadata,First-party report artifact; depicted geometry/provenance requires per-run review,Not individually visually reviewed; not selected for the evidence page,"Review episode plus manifest/provenance, label simulation/physical scope, caption scoring rule and failures"
reports/training/synria_cup_lerobot_demos/videos/chunk-000/observation.images.wrist/episode_000026.mp4,1435793,Recorded training/evaluation or diagnostic imagery/video; inspect associated run metadata,First-party report artifact; depicted geometry/provenance requires per-run review,Not individually visually reviewed; not selected for the evidence page,"Review episode plus manifest/provenance, label simulation/physical scope, caption scoring rule and failures"
reports/training/synria_cup_lerobot_demos/videos/chunk-000/observation.images.wrist/episode_000027.mp4,1614342,Recorded training/evaluation or diagnostic imagery/video; inspect associated run metadata,First-party report artifact; depicted geometry/provenance requires per-run review,Not individually visually reviewed; not selected for the evidence page,"Review episode plus manifest/provenance, label simulation/physical scope, caption scoring rule and failures"
reports/training/synria_cup_lerobot_demos/videos/chunk-000/observation.images.wrist/episode_000028.mp4,1838346,Recorded training/evaluation or diagnostic imagery/video; inspect associated run metadata,First-party report artifact; depicted geometry/provenance requires per-run review,Not individually visually reviewed; not selected for the evidence page,"Review episode plus manifest/provenance, label simulation/physical scope, caption scoring rule and failures"
reports/training/synria_cup_lerobot_demos/videos/chunk-000/observation.images.wrist/episode_000029.mp4,2056927,Recorded training/evaluation or diagnostic imagery/video; inspect associated run metadata,First-party report artifact; depicted geometry/provenance requires per-run review,Not individually visually reviewed; not selected for the evidence page,"Review episode plus manifest/provenance, label simulation/physical scope, caption scoring rule and failures"
reports/training/synria_cup_lerobot_demos/videos/chunk-000/observation.images.wrist/episode_000030.mp4,1582812,Recorded training/evaluation or diagnostic imagery/video; inspect associated run metadata,First-party report artifact; depicted geometry/provenance requires per-run review,Not individually visually reviewed; not selected for the evidence page,"Review episode plus manifest/provenance, label simulation/physical scope, caption scoring rule and failures"
reports/training/synria_cup_lerobot_demos/videos/chunk-000/observation.images.wrist/episode_000031.mp4,2553423,Recorded training/evaluation or diagnostic imagery/video; inspect associated run metadata,First-party report artifact; depicted geometry/provenance requires per-run review,Not individually visually reviewed; not selected for the evidence page,"Review episode plus manifest/provenance, label simulation/physical scope, caption scoring rule and failures"
reports/training/synria_cup_lerobot_demos/videos/chunk-000/observation.images.wrist/episode_000032.mp4,2727871,Recorded training/evaluation or diagnostic imagery/video; inspect associated run metadata,First-party report artifact; depicted geometry/provenance requires per-run review,Not individually visually reviewed; not selected for the evidence page,"Review episode plus manifest/provenance, label simulation/physical scope, caption scoring rule and failures"
reports/training/synria_cup_lerobot_demos/videos/chunk-000/observation.images.wrist/episode_000033.mp4,1597420,Recorded training/evaluation or diagnostic imagery/video; inspect associated run metadata,First-party report artifact; depicted geometry/provenance requires per-run review,Not individually visually reviewed; not selected for the evidence page,"Review episode plus manifest/provenance, label simulation/physical scope, caption scoring rule and failures"
reports/training/synria_cup_lerobot_demos/videos/chunk-000/observation.images.wrist/episode_000034.mp4,1565252,Recorded training/evaluation or diagnostic imagery/video; inspect associated run metadata,First-party report artifact; depicted geometry/provenance requires per-run review,Not individually visually reviewed; not selected for the evidence page,"Review episode plus manifest/provenance, label simulation/physical scope, caption scoring rule and failures"
reports/training/synria_cup_lerobot_demos/videos/chunk-000/observation.images.wrist/episode_000035.mp4,2504532,Recorded training/evaluation or diagnostic imagery/video; inspect associated run metadata,First-party report artifact; depicted geometry/provenance requires per-run review,Not individually visually reviewed; not selected for the evidence page,"Review episode plus manifest/provenance, label simulation/physical scope, caption scoring rule and failures"
reports/training/synria_cup_lerobot_demos/videos/chunk-000/observation.images.wrist/episode_000036.mp4,1345263,Recorded training/evaluation or diagnostic imagery/video; inspect associated run metadata,First-party report artifact; depicted geometry/provenance requires per-run review,Not individually visually reviewed; not selected for the evidence page,"Review episode plus manifest/provenance, label simulation/physical scope, caption scoring rule and failures"
reports/training/synria_cup_lerobot_demos/videos/chunk-000/observation.images.wrist/episode_000037.mp4,1782612,Recorded training/evaluation or diagnostic imagery/video; inspect associated run metadata,First-party report artifact; depicted geometry/provenance requires per-run review,Not individually visually reviewed; not selected for the evidence page,"Review episode plus manifest/provenance, label simulation/physical scope, caption scoring rule and failures"
reports/training/synria_cup_lerobot_demos/videos/chunk-000/observation.images.wrist/episode_000038.mp4,1365580,Recorded training/evaluation or diagnostic imagery/video; inspect associated run metadata,First-party report artifact; depicted geometry/provenance requires per-run review,Not individually visually reviewed; not selected for the evidence page,"Review episode plus manifest/provenance, label simulation/physical scope, caption scoring rule and failures"
reports/training/synria_cup_lerobot_demos/videos/chunk-000/observation.images.wrist/episode_000039.mp4,2091706,Recorded training/evaluation or diagnostic imagery/video; inspect associated run metadata,First-party report artifact; depicted geometry/provenance requires per-run review,Not individually visually reviewed; not selected for the evidence page,"Review episode plus manifest/provenance, label simulation/physical scope, caption scoring rule and failures"
reports/training/synria_cup_lerobot_demos/videos/chunk-000/observation.images.wrist/episode_000040.mp4,1582831,Recorded training/evaluation or diagnostic imagery/video; inspect associated run metadata,First-party report artifact; depicted geometry/provenance requires per-run review,Not individually visually reviewed; not selected for the evidence page,"Review episode plus manifest/provenance, label simulation/physical scope, caption scoring rule and failures"
reports/training/synria_cup_lerobot_demos/videos/chunk-000/observation.images.wrist/episode_000041.mp4,2483814,Recorded training/evaluation or diagnostic imagery/video; inspect associated run metadata,First-party report artifact; depicted geometry/provenance requires per-run review,Not individually visually reviewed; not selected for the evidence page,"Review episode plus manifest/provenance, label simulation/physical scope, caption scoring rule and failures"
reports/training/synria_cup_lerobot_demos/videos/chunk-000/observation.images.wrist/episode_000042.mp4,1896578,Recorded training/evaluation or diagnostic imagery/video; inspect associated run metadata,First-party report artifact; depicted geometry/provenance requires per-run review,Not individually visually reviewed; not selected for the evidence page,"Review episode plus manifest/provenance, label simulation/physical scope, caption scoring rule and failures"
reports/training/synria_cup_lerobot_demos/videos/chunk-000/observation.images.wrist/episode_000043.mp4,2153616,Recorded training/evaluation or diagnostic imagery/video; inspect associated run metadata,First-party report artifact; depicted geometry/provenance requires per-run review,Not individually visually reviewed; not selected for the evidence page,"Review episode plus manifest/provenance, label simulation/physical scope, caption scoring rule and failures"
reports/training/synria_cup_lerobot_demos/videos/chunk-000/observation.images.wrist/episode_000044.mp4,1700726,Recorded training/evaluation or diagnostic imagery/video; inspect associated run metadata,First-party report artifact; depicted geometry/provenance requires per-run review,Not individually visually reviewed; not selected for the evidence page,"Review episode plus manifest/provenance, label simulation/physical scope, caption scoring rule and failures"
reports/training/synria_cup_lerobot_demos/videos/chunk-000/observation.images.wrist/episode_000045.mp4,2476877,Recorded training/evaluation or diagnostic imagery/video; inspect associated run metadata,First-party report artifact; depicted geometry/provenance requires per-run review,Not individually visually reviewed; not selected for the evidence page,"Review episode plus manifest/provenance, label simulation/physical scope, caption scoring rule and failures"
reports/training/synria_cup_lerobot_demos/videos/chunk-000/observation.images.wrist/episode_000046.mp4,963288,Recorded training/evaluation or diagnostic imagery/video; inspect associated run metadata,First-party report artifact; depicted geometry/provenance requires per-run review,Not individually visually reviewed; not selected for the evidence page,"Review episode plus manifest/provenance, label simulation/physical scope, caption scoring rule and failures"
reports/training/synria_cup_lerobot_demos/videos/chunk-000/observation.images.wrist/episode_000047.mp4,1126284,Recorded training/evaluation or diagnostic imagery/video; inspect associated run metadata,First-party report artifact; depicted geometry/provenance requires per-run review,Not individually visually reviewed; not selected for the evidence page,"Review episode plus manifest/provenance, label simulation/physical scope, caption scoring rule and failures"
reports/training/synria_cup_lerobot_demos/videos/chunk-000/observation.images.wrist/episode_000048.mp4,847633,Recorded training/evaluation or diagnostic imagery/video; inspect associated run metadata,First-party report artifact; depicted geometry/provenance requires per-run review,Not individually visually reviewed; not selected for the evidence page,"Review episode plus manifest/provenance, label simulation/physical scope, caption scoring rule and failures"
reports/training/synria_cup_lerobot_raw/episode_000000/overhead.mp4,539396,Recorded training/evaluation or diagnostic imagery/video; inspect associated run metadata,First-party report artifact; depicted geometry/provenance requires per-run review,Not individually visually reviewed; not selected for the evidence page,"Review episode plus manifest/provenance, label simulation/physical scope, caption scoring rule and failures"
reports/training/synria_cup_lerobot_raw/episode_000000/wrist.mp4,977546,Recorded training/evaluation or diagnostic imagery/video; inspect associated run metadata,First-party report artifact; depicted geometry/provenance requires per-run review,Not individually visually reviewed; not selected for the evidence page,"Review episode plus manifest/provenance, label simulation/physical scope, caption scoring rule and failures"
reports/training/synria_cup_lerobot_raw/episode_000001/overhead.mp4,787981,Recorded training/evaluation or diagnostic imagery/video; inspect associated run metadata,First-party report artifact; depicted geometry/provenance requires per-run review,Not individually visually reviewed; not selected for the evidence page,"Review episode plus manifest/provenance, label simulation/physical scope, caption scoring rule and failures"
reports/training/synria_cup_lerobot_raw/episode_000001/wrist.mp4,1487877,Recorded training/evaluation or diagnostic imagery/video; inspect associated run metadata,First-party report artifact; depicted geometry/provenance requires per-run review,Not individually visually reviewed; not selected for the evidence page,"Review episode plus manifest/provenance, label simulation/physical scope, caption scoring rule and failures"
reports/training/synria_cup_lerobot_raw/episode_000002/overhead.mp4,597587,Recorded training/evaluation or diagnostic imagery/video; inspect associated run metadata,First-party report artifact; depicted geometry/provenance requires per-run review,Not individually visually reviewed; not selected for the evidence page,"Review episode plus manifest/provenance, label simulation/physical scope, caption scoring rule and failures"
reports/training/synria_cup_lerobot_raw/episode_000002/wrist.mp4,1090735,Recorded training/evaluation or diagnostic imagery/video; inspect associated run metadata,First-party report artifact; depicted geometry/provenance requires per-run review,Not individually visually reviewed; not selected for the evidence page,"Review episode plus manifest/provenance, label simulation/physical scope, caption scoring rule and failures"
reports/training/synria_cup_lerobot_raw/episode_000003/overhead.mp4,720798,Recorded training/evaluation or diagnostic imagery/video; inspect associated run metadata,First-party report artifact; depicted geometry/provenance requires per-run review,Not individually visually reviewed; not selected for the evidence page,"Review episode plus manifest/provenance, label simulation/physical scope, caption scoring rule and failures"
reports/training/synria_cup_lerobot_raw/episode_000003/wrist.mp4,1056220,Recorded training/evaluation or diagnostic imagery/video; inspect associated run metadata,First-party report artifact; depicted geometry/provenance requires per-run review,Not individually visually reviewed; not selected for the evidence page,"Review episode plus manifest/provenance, label simulation/physical scope, caption scoring rule and failures"
reports/training/synria_cup_lerobot_raw/episode_000004/overhead.mp4,959453,Recorded training/evaluation or diagnostic imagery/video; inspect associated run metadata,First-party report artifact; depicted geometry/provenance requires per-run review,Not individually visually reviewed; not selected for the evidence page,"Review episode plus manifest/provenance, label simulation/physical scope, caption scoring rule and failures"
reports/training/synria_cup_lerobot_raw/episode_000004/wrist.mp4,1499339,Recorded training/evaluation or diagnostic imagery/video; inspect associated run metadata,First-party report artifact; depicted geometry/provenance requires per-run review,Not individually visually reviewed; not selected for the evidence page,"Review episode plus manifest/provenance, label simulation/physical scope, caption scoring rule and failures"
reports/training/synria_cup_lerobot_raw/episode_000005/overhead.mp4,672725,Recorded training/evaluation or diagnostic imagery/video; inspect associated run metadata,First-party report artifact; depicted geometry/provenance requires per-run review,Not individually visually reviewed; not selected for the evidence page,"Review episode plus manifest/provenance, label simulation/physical scope, caption scoring rule and failures"
reports/training/synria_cup_lerobot_raw/episode_000005/wrist.mp4,1056564,Recorded training/evaluation or diagnostic imagery/video; inspect associated run metadata,First-party report artifact; depicted geometry/provenance requires per-run review,Not individually visually reviewed; not selected for the evidence page,"Review episode plus manifest/provenance, label simulation/physical scope, caption scoring rule and failures"
reports/training/synria_cup_lerobot_raw/episode_000006/overhead.mp4,664181,Recorded training/evaluation or diagnostic imagery/video; inspect associated run metadata,First-party report artifact; depicted geometry/provenance requires per-run review,Not individually visually reviewed; not selected for the evidence page,"Review episode plus manifest/provenance, label simulation/physical scope, caption scoring rule and failures"
reports/training/synria_cup_lerobot_raw/episode_000006/wrist.mp4,1171166,Recorded training/evaluation or diagnostic imagery/video; inspect associated run metadata,First-party report artifact; depicted geometry/provenance requires per-run review,Not individually visually reviewed; not selected for the evidence page,"Review episode plus manifest/provenance, label simulation/physical scope, caption scoring rule and failures"
reports/training/synria_cup_lerobot_raw/episode_000007/overhead.mp4,1136162,Recorded training/evaluation or diagnostic imagery/video; inspect associated run metadata,First-party report artifact; depicted geometry/provenance requires per-run review,Not individually visually reviewed; not selected for the evidence page,"Review episode plus manifest/provenance, label simulation/physical scope, caption scoring rule and failures"
reports/training/synria_cup_lerobot_raw/episode_000007/wrist.mp4,1785503,Recorded training/evaluation or diagnostic imagery/video; inspect associated run metadata,First-party report artifact; depicted geometry/provenance requires per-run review,Not individually visually reviewed; not selected for the evidence page,"Review episode plus manifest/provenance, label simulation/physical scope, caption scoring rule and failures"
reports/training/synria_cup_lerobot_raw/episode_000008/overhead.mp4,837751,Recorded training/evaluation or diagnostic imagery/video; inspect associated run metadata,First-party report artifact; depicted geometry/provenance requires per-run review,Not individually visually reviewed; not selected for the evidence page,"Review episode plus manifest/provenance, label simulation/physical scope, caption scoring rule and failures"
reports/training/synria_cup_lerobot_raw/episode_000008/wrist.mp4,1563793,Recorded training/evaluation or diagnostic imagery/video; inspect associated run metadata,First-party report artifact; depicted geometry/provenance requires per-run review,Not individually visually reviewed; not selected for the evidence page,"Review episode plus manifest/provenance, label simulation/physical scope, caption scoring rule and failures"
reports/training/synria_cup_lerobot_raw/episode_000009/overhead.mp4,808524,Recorded training/evaluation or diagnostic imagery/video; inspect associated run metadata,First-party report artifact; depicted geometry/provenance requires per-run review,Not individually visually reviewed; not selected for the evidence page,"Review episode plus manifest/provenance, label simulation/physical scope, caption scoring rule and failures"
reports/training/synria_cup_lerobot_raw/episode_000009/wrist.mp4,1422414,Recorded training/evaluation or diagnostic imagery/video; inspect associated run metadata,First-party report artifact; depicted geometry/provenance requires per-run review,Not individually visually reviewed; not selected for the evidence page,"Review episode plus manifest/provenance, label simulation/physical scope, caption scoring rule and failures"
reports/training/synria_cup_lerobot_raw/episode_000010/overhead.mp4,1042549,Recorded training/evaluation or diagnostic imagery/video; inspect associated run metadata,First-party report artifact; depicted geometry/provenance requires per-run review,Not individually visually reviewed; not selected for the evidence page,"Review episode plus manifest/provenance, label simulation/physical scope, caption scoring rule and failures"
reports/training/synria_cup_lerobot_raw/episode_000010/wrist.mp4,1761106,Recorded training/evaluation or diagnostic imagery/video; inspect associated run metadata,First-party report artifact; depicted geometry/provenance requires per-run review,Not individually visually reviewed; not selected for the evidence page,"Review episode plus manifest/provenance, label simulation/physical scope, caption scoring rule and failures"
reports/training/synria_cup_lerobot_raw/episode_000011/overhead.mp4,1853224,Recorded training/evaluation or diagnostic imagery/video; inspect associated run metadata,First-party report artifact; depicted geometry/provenance requires per-run review,Not individually visually reviewed; not selected for the evidence page,"Review episode plus manifest/provenance, label simulation/physical scope, caption scoring rule and failures"
reports/training/synria_cup_lerobot_raw/episode_000011/wrist.mp4,3021394,Recorded training/evaluation or diagnostic imagery/video; inspect associated run metadata,First-party report artifact; depicted geometry/provenance requires per-run review,Not individually visually reviewed; not selected for the evidence page,"Review episode plus manifest/provenance, label simulation/physical scope, caption scoring rule and failures"
reports/training/synria_cup_lerobot_raw/episode_000012/overhead.mp4,666325,Recorded training/evaluation or diagnostic imagery/video; inspect associated run metadata,First-party report artifact; depicted geometry/provenance requires per-run review,Not individually visually reviewed; not selected for the evidence page,"Review episode plus manifest/provenance, label simulation/physical scope, caption scoring rule and failures"
reports/training/synria_cup_lerobot_raw/episode_000012/wrist.mp4,1044822,Recorded training/evaluation or diagnostic imagery/video; inspect associated run metadata,First-party report artifact; depicted geometry/provenance requires per-run review,Not individually visually reviewed; not selected for the evidence page,"Review episode plus manifest/provenance, label simulation/physical scope, caption scoring rule and failures"
reports/training/synria_cup_lerobot_raw/episode_000013/overhead.mp4,960302,Recorded training/evaluation or diagnostic imagery/video; inspect associated run metadata,First-party report artifact; depicted geometry/provenance requires per-run review,Not individually visually reviewed; not selected for the evidence page,"Review episode plus manifest/provenance, label simulation/physical scope, caption scoring rule and failures"
reports/training/synria_cup_lerobot_raw/episode_000013/wrist.mp4,1078522,Recorded training/evaluation or diagnostic imagery/video; inspect associated run metadata,First-party report artifact; depicted geometry/provenance requires per-run review,Not individually visually reviewed; not selected for the evidence page,"Review episode plus manifest/provenance, label simulation/physical scope, caption scoring rule and failures"
reports/training/synria_cup_lerobot_raw/episode_000014/overhead.mp4,1011834,Recorded training/evaluation or diagnostic imagery/video; inspect associated run metadata,First-party report artifact; depicted geometry/provenance requires per-run review,Not individually visually reviewed; not selected for the evidence page,"Review episode plus manifest/provenance, label simulation/physical scope, caption scoring rule and failures"
reports/training/synria_cup_lerobot_raw/episode_000014/wrist.mp4,1460438,Recorded training/evaluation or diagnostic imagery/video; inspect associated run metadata,First-party report artifact; depicted geometry/provenance requires per-run review,Not individually visually reviewed; not selected for the evidence page,"Review episode plus manifest/provenance, label simulation/physical scope, caption scoring rule and failures"
reports/training/synria_cup_lerobot_raw/episode_000015/overhead.mp4,828122,Recorded training/evaluation or diagnostic imagery/video; inspect associated run metadata,First-party report artifact; depicted geometry/provenance requires per-run review,Not individually visually reviewed; not selected for the evidence page,"Review episode plus manifest/provenance, label simulation/physical scope, caption scoring rule and failures"
reports/training/synria_cup_lerobot_raw/episode_000015/wrist.mp4,1201197,Recorded training/evaluation or diagnostic imagery/video; inspect associated run metadata,First-party report artifact; depicted geometry/provenance requires per-run review,Not individually visually reviewed; not selected for the evidence page,"Review episode plus manifest/provenance, label simulation/physical scope, caption scoring rule and failures"
reports/training/synria_cup_lerobot_raw/episode_000016/overhead.mp4,1159416,Recorded training/evaluation or diagnostic imagery/video; inspect associated run metadata,First-party report artifact; depicted geometry/provenance requires per-run review,Not individually visually reviewed; not selected for the evidence page,"Review episode plus manifest/provenance, label simulation/physical scope, caption scoring rule and failures"
reports/training/synria_cup_lerobot_raw/episode_000016/wrist.mp4,1697448,Recorded training/evaluation or diagnostic imagery/video; inspect associated run metadata,First-party report artifact; depicted geometry/provenance requires per-run review,Not individually visually reviewed; not selected for the evidence page,"Review episode plus manifest/provenance, label simulation/physical scope, caption scoring rule and failures"
reports/training/synria_cup_lerobot_raw/episode_000017/overhead.mp4,1383444,Recorded training/evaluation or diagnostic imagery/video; inspect associated run metadata,First-party report artifact; depicted geometry/provenance requires per-run review,Not individually visually reviewed; not selected for the evidence page,"Review episode plus manifest/provenance, label simulation/physical scope, caption scoring rule and failures"
reports/training/synria_cup_lerobot_raw/episode_000017/wrist.mp4,2394788,Recorded training/evaluation or diagnostic imagery/video; inspect associated run metadata,First-party report artifact; depicted geometry/provenance requires per-run review,Not individually visually reviewed; not selected for the evidence page,"Review episode plus manifest/provenance, label simulation/physical scope, caption scoring rule and failures"
reports/training/synria_cup_lerobot_raw/episode_000018/overhead.mp4,1177265,Recorded training/evaluation or diagnostic imagery/video; inspect associated run metadata,First-party report artifact; depicted geometry/provenance requires per-run review,Not individually visually reviewed; not selected for the evidence page,"Review episode plus manifest/provenance, label simulation/physical scope, caption scoring rule and failures"
reports/training/synria_cup_lerobot_raw/episode_000018/wrist.mp4,2251845,Recorded training/evaluation or diagnostic imagery/video; inspect associated run metadata,First-party report artifact; depicted geometry/provenance requires per-run review,Not individually visually reviewed; not selected for the evidence page,"Review episode plus manifest/provenance, label simulation/physical scope, caption scoring rule and failures"
reports/training/synria_cup_lerobot_raw/episode_000019/overhead.mp4,991371,Recorded training/evaluation or diagnostic imagery/video; inspect associated run metadata,First-party report artifact; depicted geometry/provenance requires per-run review,Not individually visually reviewed; not selected for the evidence page,"Review episode plus manifest/provenance, label simulation/physical scope, caption scoring rule and failures"
reports/training/synria_cup_lerobot_raw/episode_000019/wrist.mp4,1719856,Recorded training/evaluation or diagnostic imagery/video; inspect associated run metadata,First-party report artifact; depicted geometry/provenance requires per-run review,Not individually visually reviewed; not selected for the evidence page,"Review episode plus manifest/provenance, label simulation/physical scope, caption scoring rule and failures"
reports/training/synria_cup_lerobot_raw/episode_000020/overhead.mp4,731838,Recorded training/evaluation or diagnostic imagery/video; inspect associated run metadata,First-party report artifact; depicted geometry/provenance requires per-run review,Not individually visually reviewed; not selected for the evidence page,"Review episode plus manifest/provenance, label simulation/physical scope, caption scoring rule and failures"
reports/training/synria_cup_lerobot_raw/episode_000020/wrist.mp4,1018283,Recorded training/evaluation or diagnostic imagery/video; inspect associated run metadata,First-party report artifact; depicted geometry/provenance requires per-run review,Not individually visually reviewed; not selected for the evidence page,"Review episode plus manifest/provenance, label simulation/physical scope, caption scoring rule and failures"
reports/training/synria_cup_lerobot_raw/episode_000021/overhead.mp4,1585737,Recorded training/evaluation or diagnostic imagery/video; inspect associated run metadata,First-party report artifact; depicted geometry/provenance requires per-run review,Not individually visually reviewed; not selected for the evidence page,"Review episode plus manifest/provenance, label simulation/physical scope, caption scoring rule and failures"
reports/training/synria_cup_lerobot_raw/episode_000021/wrist.mp4,2610443,Recorded training/evaluation or diagnostic imagery/video; inspect associated run metadata,First-party report artifact; depicted geometry/provenance requires per-run review,Not individually visually reviewed; not selected for the evidence page,"Review episode plus manifest/provenance, label simulation/physical scope, caption scoring rule and failures"
reports/training/synria_cup_lerobot_raw/episode_000022/overhead.mp4,776254,Recorded training/evaluation or diagnostic imagery/video; inspect associated run metadata,First-party report artifact; depicted geometry/provenance requires per-run review,Not individually visually reviewed; not selected for the evidence page,"Review episode plus manifest/provenance, label simulation/physical scope, caption scoring rule and failures"
reports/training/synria_cup_lerobot_raw/episode_000022/wrist.mp4,1086879,Recorded training/evaluation or diagnostic imagery/video; inspect associated run metadata,First-party report artifact; depicted geometry/provenance requires per-run review,Not individually visually reviewed; not selected for the evidence page,"Review episode plus manifest/provenance, label simulation/physical scope, caption scoring rule and failures"
reports/training/synria_cup_lerobot_raw/episode_000023/overhead.mp4,1222660,Recorded training/evaluation or diagnostic imagery/video; inspect associated run metadata,First-party report artifact; depicted geometry/provenance requires per-run review,Not individually visually reviewed; not selected for the evidence page,"Review episode plus manifest/provenance, label simulation/physical scope, caption scoring rule and failures"
reports/training/synria_cup_lerobot_raw/episode_000023/wrist.mp4,2187279,Recorded training/evaluation or diagnostic imagery/video; inspect associated run metadata,First-party report artifact; depicted geometry/provenance requires per-run review,Not individually visually reviewed; not selected for the evidence page,"Review episode plus manifest/provenance, label simulation/physical scope, caption scoring rule and failures"
reports/training/synria_cup_lerobot_raw/episode_000024/overhead.mp4,1205624,Recorded training/evaluation or diagnostic imagery/video; inspect associated run metadata,First-party report artifact; depicted geometry/provenance requires per-run review,Not individually visually reviewed; not selected for the evidence page,"Review episode plus manifest/provenance, label simulation/physical scope, caption scoring rule and failures"
reports/training/synria_cup_lerobot_raw/episode_000024/wrist.mp4,1893158,Recorded training/evaluation or diagnostic imagery/video; inspect associated run metadata,First-party report artifact; depicted geometry/provenance requires per-run review,Not individually visually reviewed; not selected for the evidence page,"Review episode plus manifest/provenance, label simulation/physical scope, caption scoring rule and failures"
reports/training/synria_cup_lerobot_raw/episode_000025/overhead.mp4,1429608,Recorded training/evaluation or diagnostic imagery/video; inspect associated run metadata,First-party report artifact; depicted geometry/provenance requires per-run review,Not individually visually reviewed; not selected for the evidence page,"Review episode plus manifest/provenance, label simulation/physical scope, caption scoring rule and failures"
reports/training/synria_cup_lerobot_raw/episode_000025/wrist.mp4,2464753,Recorded training/evaluation or diagnostic imagery/video; inspect associated run metadata,First-party report artifact; depicted geometry/provenance requires per-run review,Not individually visually reviewed; not selected for the evidence page,"Review episode plus manifest/provenance, label simulation/physical scope, caption scoring rule and failures"
reports/training/synria_cup_lerobot_raw/episode_000026/overhead.mp4,960022,Recorded training/evaluation or diagnostic imagery/video; inspect associated run metadata,First-party report artifact; depicted geometry/provenance requires per-run review,Not individually visually reviewed; not selected for the evidence page,"Review episode plus manifest/provenance, label simulation/physical scope, caption scoring rule and failures"
reports/training/synria_cup_lerobot_raw/episode_000026/wrist.mp4,1435793,Recorded training/evaluation or diagnostic imagery/video; inspect associated run metadata,First-party report artifact; depicted geometry/provenance requires per-run review,Not individually visually reviewed; not selected for the evidence page,"Review episode plus manifest/provenance, label simulation/physical scope, caption scoring rule and failures"
reports/training/synria_cup_lerobot_raw/episode_000027/overhead.mp4,981968,Recorded training/evaluation or diagnostic imagery/video; inspect associated run metadata,First-party report artifact; depicted geometry/provenance requires per-run review,Not individually visually reviewed; not selected for the evidence page,"Review episode plus manifest/provenance, label simulation/physical scope, caption scoring rule and failures"
reports/training/synria_cup_lerobot_raw/episode_000027/wrist.mp4,1614342,Recorded training/evaluation or diagnostic imagery/video; inspect associated run metadata,First-party report artifact; depicted geometry/provenance requires per-run review,Not individually visually reviewed; not selected for the evidence page,"Review episode plus manifest/provenance, label simulation/physical scope, caption scoring rule and failures"
reports/training/synria_cup_lerobot_raw/episode_000028/overhead.mp4,1161500,Recorded training/evaluation or diagnostic imagery/video; inspect associated run metadata,First-party report artifact; depicted geometry/provenance requires per-run review,Not individually visually reviewed; not selected for the evidence page,"Review episode plus manifest/provenance, label simulation/physical scope, caption scoring rule and failures"
reports/training/synria_cup_lerobot_raw/episode_000028/wrist.mp4,1838346,Recorded training/evaluation or diagnostic imagery/video; inspect associated run metadata,First-party report artifact; depicted geometry/provenance requires per-run review,Not individually visually reviewed; not selected for the evidence page,"Review episode plus manifest/provenance, label simulation/physical scope, caption scoring rule and failures"
reports/training/synria_cup_lerobot_raw/episode_000029/overhead.mp4,1336975,Recorded training/evaluation or diagnostic imagery/video; inspect associated run metadata,First-party report artifact; depicted geometry/provenance requires per-run review,Not individually visually reviewed; not selected for the evidence page,"Review episode plus manifest/provenance, label simulation/physical scope, caption scoring rule and failures"
reports/training/synria_cup_lerobot_raw/episode_000029/wrist.mp4,2056927,Recorded training/evaluation or diagnostic imagery/video; inspect associated run metadata,First-party report artifact; depicted geometry/provenance requires per-run review,Not individually visually reviewed; not selected for the evidence page,"Review episode plus manifest/provenance, label simulation/physical scope, caption scoring rule and failures"
reports/training/synria_cup_lerobot_raw/episode_000030/overhead.mp4,1022802,Recorded training/evaluation or diagnostic imagery/video; inspect associated run metadata,First-party report artifact; depicted geometry/provenance requires per-run review,Not individually visually reviewed; not selected for the evidence page,"Review episode plus manifest/provenance, label simulation/physical scope, caption scoring rule and failures"
reports/training/synria_cup_lerobot_raw/episode_000030/wrist.mp4,1582812,Recorded training/evaluation or diagnostic imagery/video; inspect associated run metadata,First-party report artifact; depicted geometry/provenance requires per-run review,Not individually visually reviewed; not selected for the evidence page,"Review episode plus manifest/provenance, label simulation/physical scope, caption scoring rule and failures"
reports/training/synria_cup_lerobot_raw/episode_000031/overhead.mp4,1606939,Recorded training/evaluation or diagnostic imagery/video; inspect associated run metadata,First-party report artifact; depicted geometry/provenance requires per-run review,Not individually visually reviewed; not selected for the evidence page,"Review episode plus manifest/provenance, label simulation/physical scope, caption scoring rule and failures"
reports/training/synria_cup_lerobot_raw/episode_000031/wrist.mp4,2553423,Recorded training/evaluation or diagnostic imagery/video; inspect associated run metadata,First-party report artifact; depicted geometry/provenance requires per-run review,Not individually visually reviewed; not selected for the evidence page,"Review episode plus manifest/provenance, label simulation/physical scope, caption scoring rule and failures"
reports/training/synria_cup_lerobot_raw/episode_000032/overhead.mp4,1537815,Recorded training/evaluation or diagnostic imagery/video; inspect associated run metadata,First-party report artifact; depicted geometry/provenance requires per-run review,Not individually visually reviewed; not selected for the evidence page,"Review episode plus manifest/provenance, label simulation/physical scope, caption scoring rule and failures"
reports/training/synria_cup_lerobot_raw/episode_000032/wrist.mp4,2727871,Recorded training/evaluation or diagnostic imagery/video; inspect associated run metadata,First-party report artifact; depicted geometry/provenance requires per-run review,Not individually visually reviewed; not selected for the evidence page,"Review episode plus manifest/provenance, label simulation/physical scope, caption scoring rule and failures"
reports/training/synria_cup_lerobot_raw/episode_000033/overhead.mp4,958055,Recorded training/evaluation or diagnostic imagery/video; inspect associated run metadata,First-party report artifact; depicted geometry/provenance requires per-run review,Not individually visually reviewed; not selected for the evidence page,"Review episode plus manifest/provenance, label simulation/physical scope, caption scoring rule and failures"
reports/training/synria_cup_lerobot_raw/episode_000033/wrist.mp4,1597420,Recorded training/evaluation or diagnostic imagery/video; inspect associated run metadata,First-party report artifact; depicted geometry/provenance requires per-run review,Not individually visually reviewed; not selected for the evidence page,"Review episode plus manifest/provenance, label simulation/physical scope, caption scoring rule and failures"
reports/training/synria_cup_lerobot_raw/episode_000034/overhead.mp4,945736,Recorded training/evaluation or diagnostic imagery/video; inspect associated run metadata,First-party report artifact; depicted geometry/provenance requires per-run review,Not individually visually reviewed; not selected for the evidence page,"Review episode plus manifest/provenance, label simulation/physical scope, caption scoring rule and failures"
reports/training/synria_cup_lerobot_raw/episode_000034/wrist.mp4,1565252,Recorded training/evaluation or diagnostic imagery/video; inspect associated run metadata,First-party report artifact; depicted geometry/provenance requires per-run review,Not individually visually reviewed; not selected for the evidence page,"Review episode plus manifest/provenance, label simulation/physical scope, caption scoring rule and failures"
reports/training/synria_cup_lerobot_raw/episode_000035/overhead.mp4,1453280,Recorded training/evaluation or diagnostic imagery/video; inspect associated run metadata,First-party report artifact; depicted geometry/provenance requires per-run review,Not individually visually reviewed; not selected for the evidence page,"Review episode plus manifest/provenance, label simulation/physical scope, caption scoring rule and failures"
reports/training/synria_cup_lerobot_raw/episode_000035/wrist.mp4,2504532,Recorded training/evaluation or diagnostic imagery/video; inspect associated run metadata,First-party report artifact; depicted geometry/provenance requires per-run review,Not individually visually reviewed; not selected for the evidence page,"Review episode plus manifest/provenance, label simulation/physical scope, caption scoring rule and failures"
reports/training/synria_cup_lerobot_raw/episode_000036/overhead.mp4,860324,Recorded training/evaluation or diagnostic imagery/video; inspect associated run metadata,First-party report artifact; depicted geometry/provenance requires per-run review,Not individually visually reviewed; not selected for the evidence page,"Review episode plus manifest/provenance, label simulation/physical scope, caption scoring rule and failures"
reports/training/synria_cup_lerobot_raw/episode_000036/wrist.mp4,1345263,Recorded training/evaluation or diagnostic imagery/video; inspect associated run metadata,First-party report artifact; depicted geometry/provenance requires per-run review,Not individually visually reviewed; not selected for the evidence page,"Review episode plus manifest/provenance, label simulation/physical scope, caption scoring rule and failures"
reports/training/synria_cup_lerobot_raw/episode_000037/overhead.mp4,1125827,Recorded training/evaluation or diagnostic imagery/video; inspect associated run metadata,First-party report artifact; depicted geometry/provenance requires per-run review,Not individually visually reviewed; not selected for the evidence page,"Review episode plus manifest/provenance, label simulation/physical scope, caption scoring rule and failures"
reports/training/synria_cup_lerobot_raw/episode_000037/wrist.mp4,1782612,Recorded training/evaluation or diagnostic imagery/video; inspect associated run metadata,First-party report artifact; depicted geometry/provenance requires per-run review,Not individually visually reviewed; not selected for the evidence page,"Review episode plus manifest/provenance, label simulation/physical scope, caption scoring rule and failures"
reports/training/synria_cup_lerobot_raw/episode_000038/overhead.mp4,803255,Recorded training/evaluation or diagnostic imagery/video; inspect associated run metadata,First-party report artifact; depicted geometry/provenance requires per-run review,Not individually visually reviewed; not selected for the evidence page,"Review episode plus manifest/provenance, label simulation/physical scope, caption scoring rule and failures"
reports/training/synria_cup_lerobot_raw/episode_000038/wrist.mp4,1365580,Recorded training/evaluation or diagnostic imagery/video; inspect associated run metadata,First-party report artifact; depicted geometry/provenance requires per-run review,Not individually visually reviewed; not selected for the evidence page,"Review episode plus manifest/provenance, label simulation/physical scope, caption scoring rule and failures"
reports/training/synria_cup_lerobot_raw/episode_000039/overhead.mp4,1389304,Recorded training/evaluation or diagnostic imagery/video; inspect associated run metadata,First-party report artifact; depicted geometry/provenance requires per-run review,Not individually visually reviewed; not selected for the evidence page,"Review episode plus manifest/provenance, label simulation/physical scope, caption scoring rule and failures"
reports/training/synria_cup_lerobot_raw/episode_000039/wrist.mp4,2091706,Recorded training/evaluation or diagnostic imagery/video; inspect associated run metadata,First-party report artifact; depicted geometry/provenance requires per-run review,Not individually visually reviewed; not selected for the evidence page,"Review episode plus manifest/provenance, label simulation/physical scope, caption scoring rule and failures"
reports/training/synria_cup_lerobot_raw/episode_000040/overhead.mp4,1158592,Recorded training/evaluation or diagnostic imagery/video; inspect associated run metadata,First-party report artifact; depicted geometry/provenance requires per-run review,Not individually visually reviewed; not selected for the evidence page,"Review episode plus manifest/provenance, label simulation/physical scope, caption scoring rule and failures"
reports/training/synria_cup_lerobot_raw/episode_000040/wrist.mp4,1582831,Recorded training/evaluation or diagnostic imagery/video; inspect associated run metadata,First-party report artifact; depicted geometry/provenance requires per-run review,Not individually visually reviewed; not selected for the evidence page,"Review episode plus manifest/provenance, label simulation/physical scope, caption scoring rule and failures"
reports/training/synria_cup_lerobot_raw/episode_000041/overhead.mp4,1352981,Recorded training/evaluation or diagnostic imagery/video; inspect associated run metadata,First-party report artifact; depicted geometry/provenance requires per-run review,Not individually visually reviewed; not selected for the evidence page,"Review episode plus manifest/provenance, label simulation/physical scope, caption scoring rule and failures"
reports/training/synria_cup_lerobot_raw/episode_000041/wrist.mp4,2483814,Recorded training/evaluation or diagnostic imagery/video; inspect associated run metadata,First-party report artifact; depicted geometry/provenance requires per-run review,Not individually visually reviewed; not selected for the evidence page,"Review episode plus manifest/provenance, label simulation/physical scope, caption scoring rule and failures"
reports/training/synria_cup_lerobot_raw/episode_000042/overhead.mp4,1195267,Recorded training/evaluation or diagnostic imagery/video; inspect associated run metadata,First-party report artifact; depicted geometry/provenance requires per-run review,Not individually visually reviewed; not selected for the evidence page,"Review episode plus manifest/provenance, label simulation/physical scope, caption scoring rule and failures"
reports/training/synria_cup_lerobot_raw/episode_000042/wrist.mp4,1896578,Recorded training/evaluation or diagnostic imagery/video; inspect associated run metadata,First-party report artifact; depicted geometry/provenance requires per-run review,Not individually visually reviewed; not selected for the evidence page,"Review episode plus manifest/provenance, label simulation/physical scope, caption scoring rule and failures"
reports/training/synria_cup_lerobot_raw/episode_000043/overhead.mp4,1545403,Recorded training/evaluation or diagnostic imagery/video; inspect associated run metadata,First-party report artifact; depicted geometry/provenance requires per-run review,Not individually visually reviewed; not selected for the evidence page,"Review episode plus manifest/provenance, label simulation/physical scope, caption scoring rule and failures"
reports/training/synria_cup_lerobot_raw/episode_000043/wrist.mp4,2153616,Recorded training/evaluation or diagnostic imagery/video; inspect associated run metadata,First-party report artifact; depicted geometry/provenance requires per-run review,Not individually visually reviewed; not selected for the evidence page,"Review episode plus manifest/provenance, label simulation/physical scope, caption scoring rule and failures"
reports/training/synria_cup_lerobot_raw/episode_000044/overhead.mp4,1156667,Recorded training/evaluation or diagnostic imagery/video; inspect associated run metadata,First-party report artifact; depicted geometry/provenance requires per-run review,Not individually visually reviewed; not selected for the evidence page,"Review episode plus manifest/provenance, label simulation/physical scope, caption scoring rule and failures"
reports/training/synria_cup_lerobot_raw/episode_000044/wrist.mp4,1700726,Recorded training/evaluation or diagnostic imagery/video; inspect associated run metadata,First-party report artifact; depicted geometry/provenance requires per-run review,Not individually visually reviewed; not selected for the evidence page,"Review episode plus manifest/provenance, label simulation/physical scope, caption scoring rule and failures"
reports/training/synria_cup_lerobot_raw/episode_000045/overhead.mp4,1418416,Recorded training/evaluation or diagnostic imagery/video; inspect associated run metadata,First-party report artifact; depicted geometry/provenance requires per-run review,Not individually visually reviewed; not selected for the evidence page,"Review episode plus manifest/provenance, label simulation/physical scope, caption scoring rule and failures"
reports/training/synria_cup_lerobot_raw/episode_000045/wrist.mp4,2476877,Recorded training/evaluation or diagnostic imagery/video; inspect associated run metadata,First-party report artifact; depicted geometry/provenance requires per-run review,Not individually visually reviewed; not selected for the evidence page,"Review episode plus manifest/provenance, label simulation/physical scope, caption scoring rule and failures"
reports/training/synria_cup_lerobot_raw/episode_000046/overhead.mp4,646300,Recorded training/evaluation or diagnostic imagery/video; inspect associated run metadata,First-party report artifact; depicted geometry/provenance requires per-run review,Not individually visually reviewed; not selected for the evidence page,"Review episode plus manifest/provenance, label simulation/physical scope, caption scoring rule and failures"
reports/training/synria_cup_lerobot_raw/episode_000046/wrist.mp4,963288,Recorded training/evaluation or diagnostic imagery/video; inspect associated run metadata,First-party report artifact; depicted geometry/provenance requires per-run review,Not individually visually reviewed; not selected for the evidence page,"Review episode plus manifest/provenance, label simulation/physical scope, caption scoring rule and failures"
reports/training/synria_cup_lerobot_raw/episode_000047/overhead.mp4,663289,Recorded training/evaluation or diagnostic imagery/video; inspect associated run metadata,First-party report artifact; depicted geometry/provenance requires per-run review,Not individually visually reviewed; not selected for the evidence page,"Review episode plus manifest/provenance, label simulation/physical scope, caption scoring rule and failures"
reports/training/synria_cup_lerobot_raw/episode_000047/wrist.mp4,1126284,Recorded training/evaluation or diagnostic imagery/video; inspect associated run metadata,First-party report artifact; depicted geometry/provenance requires per-run review,Not individually visually reviewed; not selected for the evidence page,"Review episode plus manifest/provenance, label simulation/physical scope, caption scoring rule and failures"
reports/training/synria_cup_lerobot_raw/episode_000048/overhead.mp4,714913,Recorded training/evaluation or diagnostic imagery/video; inspect associated run metadata,First-party report artifact; depicted geometry/provenance requires per-run review,Not individually visually reviewed; not selected for the evidence page,"Review episode plus manifest/provenance, label simulation/physical scope, caption scoring rule and failures"
reports/training/synria_cup_lerobot_raw/episode_000048/wrist.mp4,847633,Recorded training/evaluation or diagnostic imagery/video; inspect associated run metadata,First-party report artifact; depicted geometry/provenance requires per-run review,Not individually visually reviewed; not selected for the evidence page,"Review episode plus manifest/provenance, label simulation/physical scope, caption scoring rule and failures"
reports/training/synria_cup_vision_demos/videos/chunk-000/observation.images.overhead/episode_000000.mp4,745147,Recorded training/evaluation or diagnostic imagery/video; inspect associated run metadata,First-party report artifact; depicted geometry/provenance requires per-run review,Not individually visually reviewed; not selected for the evidence page,"Review episode plus manifest/provenance, label simulation/physical scope, caption scoring rule and failures"
reports/training/synria_cup_vision_demos/videos/chunk-000/observation.images.overhead/episode_000001.mp4,1032114,Recorded training/evaluation or diagnostic imagery/video; inspect associated run metadata,First-party report artifact; depicted geometry/provenance requires per-run review,Not individually visually reviewed; not selected for the evidence page,"Review episode plus manifest/provenance, label simulation/physical scope, caption scoring rule and failures"
reports/training/synria_cup_vision_demos/videos/chunk-000/observation.images.overhead/episode_000002.mp4,720498,Recorded training/evaluation or diagnostic imagery/video; inspect associated run metadata,First-party report artifact; depicted geometry/provenance requires per-run review,Not individually visually reviewed; not selected for the evidence page,"Review episode plus manifest/provenance, label simulation/physical scope, caption scoring rule and failures"
reports/training/synria_cup_vision_demos/videos/chunk-000/observation.images.overhead/episode_000003.mp4,1110076,Recorded training/evaluation or diagnostic imagery/video; inspect associated run metadata,First-party report artifact; depicted geometry/provenance requires per-run review,Not individually visually reviewed; not selected for the evidence page,"Review episode plus manifest/provenance, label simulation/physical scope, caption scoring rule and failures"
reports/training/synria_cup_vision_demos/videos/chunk-000/observation.images.overhead/episode_000004.mp4,920152,Recorded training/evaluation or diagnostic imagery/video; inspect associated run metadata,First-party report artifact; depicted geometry/provenance requires per-run review,Not individually visually reviewed; not selected for the evidence page,"Review episode plus manifest/provenance, label simulation/physical scope, caption scoring rule and failures"
reports/training/synria_cup_vision_demos/videos/chunk-000/observation.images.overhead/episode_000005.mp4,819875,Recorded training/evaluation or diagnostic imagery/video; inspect associated run metadata,First-party report artifact; depicted geometry/provenance requires per-run review,Not individually visually reviewed; not selected for the evidence page,"Review episode plus manifest/provenance, label simulation/physical scope, caption scoring rule and failures"
reports/training/synria_cup_vision_demos/videos/chunk-000/observation.images.overhead/episode_000006.mp4,935581,Recorded training/evaluation or diagnostic imagery/video; inspect associated run metadata,First-party report artifact; depicted geometry/provenance requires per-run review,Not individually visually reviewed; not selected for the evidence page,"Review episode plus manifest/provenance, label simulation/physical scope, caption scoring rule and failures"
reports/training/synria_cup_vision_demos/videos/chunk-000/observation.images.overhead/episode_000007.mp4,821205,Recorded training/evaluation or diagnostic imagery/video; inspect associated run metadata,First-party report artifact; depicted geometry/provenance requires per-run review,Not individually visually reviewed; not selected for the evidence page,"Review episode plus manifest/provenance, label simulation/physical scope, caption scoring rule and failures"
reports/training/synria_cup_vision_demos/videos/chunk-000/observation.images.overhead/episode_000008.mp4,881663,Recorded training/evaluation or diagnostic imagery/video; inspect associated run metadata,First-party report artifact; depicted geometry/provenance requires per-run review,Not individually visually reviewed; not selected for the evidence page,"Review episode plus manifest/provenance, label simulation/physical scope, caption scoring rule and failures"
reports/training/synria_cup_vision_demos/videos/chunk-000/observation.images.overhead/episode_000009.mp4,779486,Recorded training/evaluation or diagnostic imagery/video; inspect associated run metadata,First-party report artifact; depicted geometry/provenance requires per-run review,Not individually visually reviewed; not selected for the evidence page,"Review episode plus manifest/provenance, label simulation/physical scope, caption scoring rule and failures"
reports/training/synria_cup_vision_demos/videos/chunk-000/observation.images.overhead/episode_000010.mp4,914757,Recorded training/evaluation or diagnostic imagery/video; inspect associated run metadata,First-party report artifact; depicted geometry/provenance requires per-run review,Not individually visually reviewed; not selected for the evidence page,"Review episode plus manifest/provenance, label simulation/physical scope, caption scoring rule and failures"
reports/training/synria_cup_vision_demos/videos/chunk-000/observation.images.overhead/episode_000011.mp4,1085070,Recorded training/evaluation or diagnostic imagery/video; inspect associated run metadata,First-party report artifact; depicted geometry/provenance requires per-run review,Not individually visually reviewed; not selected for the evidence page,"Review episode plus manifest/provenance, label simulation/physical scope, caption scoring rule and failures"
reports/training/synria_cup_vision_demos/videos/chunk-000/observation.images.overhead/episode_000012.mp4,1257762,Recorded training/evaluation or diagnostic imagery/video; inspect associated run metadata,First-party report artifact; depicted geometry/provenance requires per-run review,Not individually visually reviewed; not selected for the evidence page,"Review episode plus manifest/provenance, label simulation/physical scope, caption scoring rule and failures"
reports/training/synria_cup_vision_demos/videos/chunk-000/observation.images.overhead/episode_000013.mp4,941537,Recorded training/evaluation or diagnostic imagery/video; inspect associated run metadata,First-party report artifact; depicted geometry/provenance requires per-run review,Not individually visually reviewed; not selected for the evidence page,"Review episode plus manifest/provenance, label simulation/physical scope, caption scoring rule and failures"
reports/training/synria_cup_vision_demos/videos/chunk-000/observation.images.overhead/episode_000014.mp4,944715,Recorded training/evaluation or diagnostic imagery/video; inspect associated run metadata,First-party report artifact; depicted geometry/provenance requires per-run review,Not individually visually reviewed; not selected for the evidence page,"Review episode plus manifest/provenance, label simulation/physical scope, caption scoring rule and failures"
reports/training/synria_cup_vision_demos/videos/chunk-000/observation.images.overhead/episode_000015.mp4,1311864,Recorded training/evaluation or diagnostic imagery/video; inspect associated run metadata,First-party report artifact; depicted geometry/provenance requires per-run review,Not individually visually reviewed; not selected for the evidence page,"Review episode plus manifest/provenance, label simulation/physical scope, caption scoring rule and failures"
reports/training/synria_cup_vision_demos/videos/chunk-000/observation.images.overhead/episode_000016.mp4,773174,Recorded training/evaluation or diagnostic imagery/video; inspect associated run metadata,First-party report artifact; depicted geometry/provenance requires per-run review,Not individually visually reviewed; not selected for the evidence page,"Review episode plus manifest/provenance, label simulation/physical scope, caption scoring rule and failures"
reports/training/synria_cup_vision_demos/videos/chunk-000/observation.images.overhead/episode_000017.mp4,1101139,Recorded training/evaluation or diagnostic imagery/video; inspect associated run metadata,First-party report artifact; depicted geometry/provenance requires per-run review,Not individually visually reviewed; not selected for the evidence page,"Review episode plus manifest/provenance, label simulation/physical scope, caption scoring rule and failures"
reports/training/synria_cup_vision_demos/videos/chunk-000/observation.images.overhead/episode_000018.mp4,1159930,Recorded training/evaluation or diagnostic imagery/video; inspect associated run metadata,First-party report artifact; depicted geometry/provenance requires per-run review,Not individually visually reviewed; not selected for the evidence page,"Review episode plus manifest/provenance, label simulation/physical scope, caption scoring rule and failures"
reports/training/synria_cup_vision_demos/videos/chunk-000/observation.images.overhead/episode_000019.mp4,1255898,Recorded training/evaluation or diagnostic imagery/video; inspect associated run metadata,First-party report artifact; depicted geometry/provenance requires per-run review,Not individually visually reviewed; not selected for the evidence page,"Review episode plus manifest/provenance, label simulation/physical scope, caption scoring rule and failures"
reports/training/synria_cup_vision_demos/videos/chunk-000/observation.images.overhead/episode_000020.mp4,1132716,Recorded training/evaluation or diagnostic imagery/video; inspect associated run metadata,First-party report artifact; depicted geometry/provenance requires per-run review,Not individually visually reviewed; not selected for the evidence page,"Review episode plus manifest/provenance, label simulation/physical scope, caption scoring rule and failures"
reports/training/synria_cup_vision_demos/videos/chunk-000/observation.images.overhead/episode_000021.mp4,1129233,Recorded training/evaluation or diagnostic imagery/video; inspect associated run metadata,First-party report artifact; depicted geometry/provenance requires per-run review,Not individually visually reviewed; not selected for the evidence page,"Review episode plus manifest/provenance, label simulation/physical scope, caption scoring rule and failures"
reports/training/synria_cup_vision_demos/videos/chunk-000/observation.images.overhead/episode_000022.mp4,786709,Recorded training/evaluation or diagnostic imagery/video; inspect associated run metadata,First-party report artifact; depicted geometry/provenance requires per-run review,Not individually visually reviewed; not selected for the evidence page,"Review episode plus manifest/provenance, label simulation/physical scope, caption scoring rule and failures"
reports/training/synria_cup_vision_demos/videos/chunk-000/observation.images.overhead/episode_000023.mp4,1104874,Recorded training/evaluation or diagnostic imagery/video; inspect associated run metadata,First-party report artifact; depicted geometry/provenance requires per-run review,Not individually visually reviewed; not selected for the evidence page,"Review episode plus manifest/provenance, label simulation/physical scope, caption scoring rule and failures"
reports/training/synria_cup_vision_demos/videos/chunk-000/observation.images.overhead/episode_000024.mp4,1061972,Recorded training/evaluation or diagnostic imagery/video; inspect associated run metadata,First-party report artifact; depicted geometry/provenance requires per-run review,Not individually visually reviewed; not selected for the evidence page,"Review episode plus manifest/provenance, label simulation/physical scope, caption scoring rule and failures"
reports/training/synria_cup_vision_demos/videos/chunk-000/observation.images.overhead/episode_000025.mp4,1056936,Recorded training/evaluation or diagnostic imagery/video; inspect associated run metadata,First-party report artifact; depicted geometry/provenance requires per-run review,Not individually visually reviewed; not selected for the evidence page,"Review episode plus manifest/provenance, label simulation/physical scope, caption scoring rule and failures"
reports/training/synria_cup_vision_demos/videos/chunk-000/observation.images.overhead/episode_000026.mp4,929673,Recorded training/evaluation or diagnostic imagery/video; inspect associated run metadata,First-party report artifact; depicted geometry/provenance requires per-run review,Not individually visually reviewed; not selected for the evidence page,"Review episode plus manifest/provenance, label simulation/physical scope, caption scoring rule and failures"
reports/training/synria_cup_vision_demos/videos/chunk-000/observation.images.overhead/episode_000027.mp4,643712,Recorded training/evaluation or diagnostic imagery/video; inspect associated run metadata,First-party report artifact; depicted geometry/provenance requires per-run review,Not individually visually reviewed; not selected for the evidence page,"Review episode plus manifest/provenance, label simulation/physical scope, caption scoring rule and failures"
reports/training/synria_cup_vision_demos/videos/chunk-000/observation.images.overhead/episode_000028.mp4,882551,Recorded training/evaluation or diagnostic imagery/video; inspect associated run metadata,First-party report artifact; depicted geometry/provenance requires per-run review,Not individually visually reviewed; not selected for the evidence page,"Review episode plus manifest/provenance, label simulation/physical scope, caption scoring rule and failures"
reports/training/synria_cup_vision_demos/videos/chunk-000/observation.images.overhead/episode_000029.mp4,1242175,Recorded training/evaluation or diagnostic imagery/video; inspect associated run metadata,First-party report artifact; depicted geometry/provenance requires per-run review,Not individually visually reviewed; not selected for the evidence page,"Review episode plus manifest/provenance, label simulation/physical scope, caption scoring rule and failures"
reports/training/synria_cup_vision_demos/videos/chunk-000/observation.images.overhead/episode_000030.mp4,827555,Recorded training/evaluation or diagnostic imagery/video; inspect associated run metadata,First-party report artifact; depicted geometry/provenance requires per-run review,Not individually visually reviewed; not selected for the evidence page,"Review episode plus manifest/provenance, label simulation/physical scope, caption scoring rule and failures"
reports/training/synria_cup_vision_demos/videos/chunk-000/observation.images.overhead/episode_000031.mp4,1121991,Recorded training/evaluation or diagnostic imagery/video; inspect associated run metadata,First-party report artifact; depicted geometry/provenance requires per-run review,Not individually visually reviewed; not selected for the evidence page,"Review episode plus manifest/provenance, label simulation/physical scope, caption scoring rule and failures"
reports/training/synria_cup_vision_demos/videos/chunk-000/observation.images.overhead/episode_000032.mp4,855981,Recorded training/evaluation or diagnostic imagery/video; inspect associated run metadata,First-party report artifact; depicted geometry/provenance requires per-run review,Not individually visually reviewed; not selected for the evidence page,"Review episode plus manifest/provenance, label simulation/physical scope, caption scoring rule and failures"
reports/training/synria_cup_vision_demos/videos/chunk-000/observation.images.overhead/episode_000033.mp4,1129566,Recorded training/evaluation or diagnostic imagery/video; inspect associated run metadata,First-party report artifact; depicted geometry/provenance requires per-run review,Not individually visually reviewed; not selected for the evidence page,"Review episode plus manifest/provenance, label simulation/physical scope, caption scoring rule and failures"
reports/training/synria_cup_vision_demos/videos/chunk-000/observation.images.overhead/episode_000034.mp4,1029195,Recorded training/evaluation or diagnostic imagery/video; inspect associated run metadata,First-party report artifact; depicted geometry/provenance requires per-run review,Not individually visually reviewed; not selected for the evidence page,"Review episode plus manifest/provenance, label simulation/physical scope, caption scoring rule and failures"
reports/training/synria_cup_vision_demos/videos/chunk-000/observation.images.overhead/episode_000035.mp4,1211353,Recorded training/evaluation or diagnostic imagery/video; inspect associated run metadata,First-party report artifact; depicted geometry/provenance requires per-run review,Not individually visually reviewed; not selected for the evidence page,"Review episode plus manifest/provenance, label simulation/physical scope, caption scoring rule and failures"
reports/training/synria_cup_vision_demos/videos/chunk-000/observation.images.overhead/episode_000036.mp4,1029657,Recorded training/evaluation or diagnostic imagery/video; inspect associated run metadata,First-party report artifact; depicted geometry/provenance requires per-run review,Not individually visually reviewed; not selected for the evidence page,"Review episode plus manifest/provenance, label simulation/physical scope, caption scoring rule and failures"
reports/training/synria_cup_vision_demos/videos/chunk-000/observation.images.overhead/episode_000037.mp4,853693,Recorded training/evaluation or diagnostic imagery/video; inspect associated run metadata,First-party report artifact; depicted geometry/provenance requires per-run review,Not individually visually reviewed; not selected for the evidence page,"Review episode plus manifest/provenance, label simulation/physical scope, caption scoring rule and failures"
reports/training/synria_cup_vision_demos/videos/chunk-000/observation.images.overhead/episode_000038.mp4,1039432,Recorded training/evaluation or diagnostic imagery/video; inspect associated run metadata,First-party report artifact; depicted geometry/provenance requires per-run review,Not individually visually reviewed; not selected for the evidence page,"Review episode plus manifest/provenance, label simulation/physical scope, caption scoring rule and failures"
reports/training/synria_cup_vision_demos/videos/chunk-000/observation.images.overhead/episode_000039.mp4,1318885,Recorded training/evaluation or diagnostic imagery/video; inspect associated run metadata,First-party report artifact; depicted geometry/provenance requires per-run review,Not individually visually reviewed; not selected for the evidence page,"Review episode plus manifest/provenance, label simulation/physical scope, caption scoring rule and failures"
reports/training/synria_cup_vision_demos/videos/chunk-000/observation.images.overhead/episode_000040.mp4,717656,Recorded training/evaluation or diagnostic imagery/video; inspect associated run metadata,First-party report artifact; depicted geometry/provenance requires per-run review,Not individually visually reviewed; not selected for the evidence page,"Review episode plus manifest/provenance, label simulation/physical scope, caption scoring rule and failures"
reports/training/synria_cup_vision_demos/videos/chunk-000/observation.images.overhead/episode_000041.mp4,979990,Recorded training/evaluation or diagnostic imagery/video; inspect associated run metadata,First-party report artifact; depicted geometry/provenance requires per-run review,Not individually visually reviewed; not selected for the evidence page,"Review episode plus manifest/provenance, label simulation/physical scope, caption scoring rule and failures"
reports/training/synria_cup_vision_demos/videos/chunk-000/observation.images.overhead/episode_000042.mp4,895751,Recorded training/evaluation or diagnostic imagery/video; inspect associated run metadata,First-party report artifact; depicted geometry/provenance requires per-run review,Not individually visually reviewed; not selected for the evidence page,"Review episode plus manifest/provenance, label simulation/physical scope, caption scoring rule and failures"
reports/training/synria_cup_vision_demos/videos/chunk-000/observation.images.overhead/episode_000043.mp4,1224036,Recorded training/evaluation or diagnostic imagery/video; inspect associated run metadata,First-party report artifact; depicted geometry/provenance requires per-run review,Not individually visually reviewed; not selected for the evidence page,"Review episode plus manifest/provenance, label simulation/physical scope, caption scoring rule and failures"
reports/training/synria_cup_vision_demos/videos/chunk-000/observation.images.overhead/episode_000044.mp4,954399,Recorded training/evaluation or diagnostic imagery/video; inspect associated run metadata,First-party report artifact; depicted geometry/provenance requires per-run review,Not individually visually reviewed; not selected for the evidence page,"Review episode plus manifest/provenance, label simulation/physical scope, caption scoring rule and failures"
reports/training/synria_cup_vision_demos/videos/chunk-000/observation.images.overhead/episode_000045.mp4,931695,Recorded training/evaluation or diagnostic imagery/video; inspect associated run metadata,First-party report artifact; depicted geometry/provenance requires per-run review,Not individually visually reviewed; not selected for the evidence page,"Review episode plus manifest/provenance, label simulation/physical scope, caption scoring rule and failures"
reports/training/synria_cup_vision_demos/videos/chunk-000/observation.images.overhead/episode_000046.mp4,1290262,Recorded training/evaluation or diagnostic imagery/video; inspect associated run metadata,First-party report artifact; depicted geometry/provenance requires per-run review,Not individually visually reviewed; not selected for the evidence page,"Review episode plus manifest/provenance, label simulation/physical scope, caption scoring rule and failures"
reports/training/synria_cup_vision_demos/videos/chunk-000/observation.images.overhead/episode_000047.mp4,887218,Recorded training/evaluation or diagnostic imagery/video; inspect associated run metadata,First-party report artifact; depicted geometry/provenance requires per-run review,Not individually visually reviewed; not selected for the evidence page,"Review episode plus manifest/provenance, label simulation/physical scope, caption scoring rule and failures"
reports/training/synria_cup_vision_demos/videos/chunk-000/observation.images.overhead/episode_000048.mp4,828987,Recorded training/evaluation or diagnostic imagery/video; inspect associated run metadata,First-party report artifact; depicted geometry/provenance requires per-run review,Not individually visually reviewed; not selected for the evidence page,"Review episode plus manifest/provenance, label simulation/physical scope, caption scoring rule and failures"
reports/training/synria_cup_vision_demos/videos/chunk-000/observation.images.overhead/episode_000049.mp4,998989,Recorded training/evaluation or diagnostic imagery/video; inspect associated run metadata,First-party report artifact; depicted geometry/provenance requires per-run review,Not individually visually reviewed; not selected for the evidence page,"Review episode plus manifest/provenance, label simulation/physical scope, caption scoring rule and failures"
reports/training/synria_cup_vision_demos/videos/chunk-000/observation.images.overhead/episode_000050.mp4,953743,Recorded training/evaluation or diagnostic imagery/video; inspect associated run metadata,First-party report artifact; depicted geometry/provenance requires per-run review,Not individually visually reviewed; not selected for the evidence page,"Review episode plus manifest/provenance, label simulation/physical scope, caption scoring rule and failures"
reports/training/synria_cup_vision_demos/videos/chunk-000/observation.images.overhead/episode_000051.mp4,788316,Recorded training/evaluation or diagnostic imagery/video; inspect associated run metadata,First-party report artifact; depicted geometry/provenance requires per-run review,Not individually visually reviewed; not selected for the evidence page,"Review episode plus manifest/provenance, label simulation/physical scope, caption scoring rule and failures"
reports/training/synria_cup_vision_demos/videos/chunk-000/observation.images.overhead/episode_000052.mp4,670294,Recorded training/evaluation or diagnostic imagery/video; inspect associated run metadata,First-party report artifact; depicted geometry/provenance requires per-run review,Not individually visually reviewed; not selected for the evidence page,"Review episode plus manifest/provenance, label simulation/physical scope, caption scoring rule and failures"
reports/training/synria_cup_vision_demos/videos/chunk-000/observation.images.overhead/episode_000053.mp4,1005859,Recorded training/evaluation or diagnostic imagery/video; inspect associated run metadata,First-party report artifact; depicted geometry/provenance requires per-run review,Not individually visually reviewed; not selected for the evidence page,"Review episode plus manifest/provenance, label simulation/physical scope, caption scoring rule and failures"
reports/training/synria_cup_vision_demos/videos/chunk-000/observation.images.overhead/episode_000054.mp4,1053960,Recorded training/evaluation or diagnostic imagery/video; inspect associated run metadata,First-party report artifact; depicted geometry/provenance requires per-run review,Not individually visually reviewed; not selected for the evidence page,"Review episode plus manifest/provenance, label simulation/physical scope, caption scoring rule and failures"
reports/training/synria_cup_vision_demos/videos/chunk-000/observation.images.overhead/episode_000055.mp4,746635,Recorded training/evaluation or diagnostic imagery/video; inspect associated run metadata,First-party report artifact; depicted geometry/provenance requires per-run review,Not individually visually reviewed; not selected for the evidence page,"Review episode plus manifest/provenance, label simulation/physical scope, caption scoring rule and failures"
reports/training/synria_cup_vision_demos/videos/chunk-000/observation.images.overhead/episode_000056.mp4,1022332,Recorded training/evaluation or diagnostic imagery/video; inspect associated run metadata,First-party report artifact; depicted geometry/provenance requires per-run review,Not individually visually reviewed; not selected for the evidence page,"Review episode plus manifest/provenance, label simulation/physical scope, caption scoring rule and failures"
reports/training/synria_cup_vision_demos/videos/chunk-000/observation.images.overhead/episode_000057.mp4,1246126,Recorded training/evaluation or diagnostic imagery/video; inspect associated run metadata,First-party report artifact; depicted geometry/provenance requires per-run review,Not individually visually reviewed; not selected for the evidence page,"Review episode plus manifest/provenance, label simulation/physical scope, caption scoring rule and failures"
reports/training/synria_cup_vision_demos/videos/chunk-000/observation.images.overhead/episode_000058.mp4,1287364,Recorded training/evaluation or diagnostic imagery/video; inspect associated run metadata,First-party report artifact; depicted geometry/provenance requires per-run review,Not individually visually reviewed; not selected for the evidence page,"Review episode plus manifest/provenance, label simulation/physical scope, caption scoring rule and failures"
reports/training/synria_cup_vision_demos/videos/chunk-000/observation.images.overhead/episode_000059.mp4,1230935,Recorded training/evaluation or diagnostic imagery/video; inspect associated run metadata,First-party report artifact; depicted geometry/provenance requires per-run review,Not individually visually reviewed; not selected for the evidence page,"Review episode plus manifest/provenance, label simulation/physical scope, caption scoring rule and failures"
reports/training/synria_cup_vision_demos/videos/chunk-000/observation.images.overhead/episode_000060.mp4,805923,Recorded training/evaluation or diagnostic imagery/video; inspect associated run metadata,First-party report artifact; depicted geometry/provenance requires per-run review,Not individually visually reviewed; not selected for the evidence page,"Review episode plus manifest/provenance, label simulation/physical scope, caption scoring rule and failures"
reports/training/synria_cup_vision_demos/videos/chunk-000/observation.images.overhead/episode_000061.mp4,863013,Recorded training/evaluation or diagnostic imagery/video; inspect associated run metadata,First-party report artifact; depicted geometry/provenance requires per-run review,Not individually visually reviewed; not selected for the evidence page,"Review episode plus manifest/provenance, label simulation/physical scope, caption scoring rule and failures"
reports/training/synria_cup_vision_demos/videos/chunk-000/observation.images.overhead/episode_000062.mp4,881616,Recorded training/evaluation or diagnostic imagery/video; inspect associated run metadata,First-party report artifact; depicted geometry/provenance requires per-run review,Not individually visually reviewed; not selected for the evidence page,"Review episode plus manifest/provenance, label simulation/physical scope, caption scoring rule and failures"
reports/training/synria_cup_vision_demos/videos/chunk-000/observation.images.overhead/episode_000063.mp4,1108685,Recorded training/evaluation or diagnostic imagery/video; inspect associated run metadata,First-party report artifact; depicted geometry/provenance requires per-run review,Not individually visually reviewed; not selected for the evidence page,"Review episode plus manifest/provenance, label simulation/physical scope, caption scoring rule and failures"
reports/training/synria_cup_vision_demos/videos/chunk-000/observation.images.overhead/episode_000064.mp4,1279570,Recorded training/evaluation or diagnostic imagery/video; inspect associated run metadata,First-party report artifact; depicted geometry/provenance requires per-run review,Not individually visually reviewed; not selected for the evidence page,"Review episode plus manifest/provenance, label simulation/physical scope, caption scoring rule and failures"
reports/training/synria_cup_vision_demos/videos/chunk-000/observation.images.overhead/episode_000065.mp4,984842,Recorded training/evaluation or diagnostic imagery/video; inspect associated run metadata,First-party report artifact; depicted geometry/provenance requires per-run review,Not individually visually reviewed; not selected for the evidence page,"Review episode plus manifest/provenance, label simulation/physical scope, caption scoring rule and failures"
reports/training/synria_cup_vision_demos/videos/chunk-000/observation.images.overhead/episode_000066.mp4,721629,Recorded training/evaluation or diagnostic imagery/video; inspect associated run metadata,First-party report artifact; depicted geometry/provenance requires per-run review,Not individually visually reviewed; not selected for the evidence page,"Review episode plus manifest/provenance, label simulation/physical scope, caption scoring rule and failures"
reports/training/synria_cup_vision_demos/videos/chunk-000/observation.images.overhead/episode_000067.mp4,638045,Recorded training/evaluation or diagnostic imagery/video; inspect associated run metadata,First-party report artifact; depicted geometry/provenance requires per-run review,Not individually visually reviewed; not selected for the evidence page,"Review episode plus manifest/provenance, label simulation/physical scope, caption scoring rule and failures"
reports/training/synria_cup_vision_demos/videos/chunk-000/observation.images.overhead/episode_000068.mp4,919270,Recorded training/evaluation or diagnostic imagery/video; inspect associated run metadata,First-party report artifact; depicted geometry/provenance requires per-run review,Not individually visually reviewed; not selected for the evidence page,"Review episode plus manifest/provenance, label simulation/physical scope, caption scoring rule and failures"
reports/training/synria_cup_vision_demos/videos/chunk-000/observation.images.overhead/episode_000069.mp4,1087333,Recorded training/evaluation or diagnostic imagery/video; inspect associated run metadata,First-party report artifact; depicted geometry/provenance requires per-run review,Not individually visually reviewed; not selected for the evidence page,"Review episode plus manifest/provenance, label simulation/physical scope, caption scoring rule and failures"
reports/training/synria_cup_vision_demos/videos/chunk-000/observation.images.overhead/episode_000070.mp4,997545,Recorded training/evaluation or diagnostic imagery/video; inspect associated run metadata,First-party report artifact; depicted geometry/provenance requires per-run review,Not individually visually reviewed; not selected for the evidence page,"Review episode plus manifest/provenance, label simulation/physical scope, caption scoring rule and failures"
reports/training/synria_cup_vision_demos/videos/chunk-000/observation.images.overhead/episode_000071.mp4,1147680,Recorded training/evaluation or diagnostic imagery/video; inspect associated run metadata,First-party report artifact; depicted geometry/provenance requires per-run review,Not individually visually reviewed; not selected for the evidence page,"Review episode plus manifest/provenance, label simulation/physical scope, caption scoring rule and failures"
reports/training/synria_cup_vision_demos/videos/chunk-000/observation.images.overhead/episode_000072.mp4,970585,Recorded training/evaluation or diagnostic imagery/video; inspect associated run metadata,First-party report artifact; depicted geometry/provenance requires per-run review,Not individually visually reviewed; not selected for the evidence page,"Review episode plus manifest/provenance, label simulation/physical scope, caption scoring rule and failures"
reports/training/synria_cup_vision_demos/videos/chunk-000/observation.images.overhead/episode_000073.mp4,819624,Recorded training/evaluation or diagnostic imagery/video; inspect associated run metadata,First-party report artifact; depicted geometry/provenance requires per-run review,Not individually visually reviewed; not selected for the evidence page,"Review episode plus manifest/provenance, label simulation/physical scope, caption scoring rule and failures"
reports/training/synria_cup_vision_demos/videos/chunk-000/observation.images.overhead/episode_000074.mp4,889305,Recorded training/evaluation or diagnostic imagery/video; inspect associated run metadata,First-party report artifact; depicted geometry/provenance requires per-run review,Not individually visually reviewed; not selected for the evidence page,"Review episode plus manifest/provenance, label simulation/physical scope, caption scoring rule and failures"
reports/training/synria_cup_vision_demos/videos/chunk-000/observation.images.overhead/episode_000075.mp4,1168602,Recorded training/evaluation or diagnostic imagery/video; inspect associated run metadata,First-party report artifact; depicted geometry/provenance requires per-run review,Not individually visually reviewed; not selected for the evidence page,"Review episode plus manifest/provenance, label simulation/physical scope, caption scoring rule and failures"
reports/training/synria_cup_vision_demos/videos/chunk-000/observation.images.overhead/episode_000076.mp4,1185399,Recorded training/evaluation or diagnostic imagery/video; inspect associated run metadata,First-party report artifact; depicted geometry/provenance requires per-run review,Not individually visually reviewed; not selected for the evidence page,"Review episode plus manifest/provenance, label simulation/physical scope, caption scoring rule and failures"
reports/training/synria_cup_vision_demos/videos/chunk-000/observation.images.overhead/episode_000077.mp4,970014,Recorded training/evaluation or diagnostic imagery/video; inspect associated run metadata,First-party report artifact; depicted geometry/provenance requires per-run review,Not individually visually reviewed; not selected for the evidence page,"Review episode plus manifest/provenance, label simulation/physical scope, caption scoring rule and failures"
reports/training/synria_cup_vision_demos/videos/chunk-000/observation.images.overhead/episode_000078.mp4,1396673,Recorded training/evaluation or diagnostic imagery/video; inspect associated run metadata,First-party report artifact; depicted geometry/provenance requires per-run review,Not individually visually reviewed; not selected for the evidence page,"Review episode plus manifest/provenance, label simulation/physical scope, caption scoring rule and failures"
reports/training/synria_cup_vision_demos/videos/chunk-000/observation.images.overhead/episode_000079.mp4,647374,Recorded training/evaluation or diagnostic imagery/video; inspect associated run metadata,First-party report artifact; depicted geometry/provenance requires per-run review,Not individually visually reviewed; not selected for the evidence page,"Review episode plus manifest/provenance, label simulation/physical scope, caption scoring rule and failures"
reports/training/synria_cup_vision_demos/videos/chunk-000/observation.images.overhead/episode_000080.mp4,1333380,Recorded training/evaluation or diagnostic imagery/video; inspect associated run metadata,First-party report artifact; depicted geometry/provenance requires per-run review,Not individually visually reviewed; not selected for the evidence page,"Review episode plus manifest/provenance, label simulation/physical scope, caption scoring rule and failures"
reports/training/synria_cup_vision_demos/videos/chunk-000/observation.images.overhead/episode_000081.mp4,864511,Recorded training/evaluation or diagnostic imagery/video; inspect associated run metadata,First-party report artifact; depicted geometry/provenance requires per-run review,Not individually visually reviewed; not selected for the evidence page,"Review episode plus manifest/provenance, label simulation/physical scope, caption scoring rule and failures"
reports/training/synria_cup_vision_demos/videos/chunk-000/observation.images.overhead/episode_000082.mp4,1234964,Recorded training/evaluation or diagnostic imagery/video; inspect associated run metadata,First-party report artifact; depicted geometry/provenance requires per-run review,Not individually visually reviewed; not selected for the evidence page,"Review episode plus manifest/provenance, label simulation/physical scope, caption scoring rule and failures"
reports/training/synria_cup_vision_demos/videos/chunk-000/observation.images.overhead/episode_000083.mp4,864297,Recorded training/evaluation or diagnostic imagery/video; inspect associated run metadata,First-party report artifact; depicted geometry/provenance requires per-run review,Not individually visually reviewed; not selected for the evidence page,"Review episode plus manifest/provenance, label simulation/physical scope, caption scoring rule and failures"
reports/training/synria_cup_vision_demos/videos/chunk-000/observation.images.overhead/episode_000084.mp4,624697,Recorded training/evaluation or diagnostic imagery/video; inspect associated run metadata,First-party report artifact; depicted geometry/provenance requires per-run review,Not individually visually reviewed; not selected for the evidence page,"Review episode plus manifest/provenance, label simulation/physical scope, caption scoring rule and failures"
reports/training/synria_cup_vision_demos/videos/chunk-000/observation.images.overhead/episode_000085.mp4,772122,Recorded training/evaluation or diagnostic imagery/video; inspect associated run metadata,First-party report artifact; depicted geometry/provenance requires per-run review,Not individually visually reviewed; not selected for the evidence page,"Review episode plus manifest/provenance, label simulation/physical scope, caption scoring rule and failures"
reports/training/synria_cup_vision_demos/videos/chunk-000/observation.images.overhead/episode_000086.mp4,1242647,Recorded training/evaluation or diagnostic imagery/video; inspect associated run metadata,First-party report artifact; depicted geometry/provenance requires per-run review,Not individually visually reviewed; not selected for the evidence page,"Review episode plus manifest/provenance, label simulation/physical scope, caption scoring rule and failures"
reports/training/synria_cup_vision_demos/videos/chunk-000/observation.images.overhead/episode_000087.mp4,1083455,Recorded training/evaluation or diagnostic imagery/video; inspect associated run metadata,First-party report artifact; depicted geometry/provenance requires per-run review,Not individually visually reviewed; not selected for the evidence page,"Review episode plus manifest/provenance, label simulation/physical scope, caption scoring rule and failures"
reports/training/synria_cup_vision_demos/videos/chunk-000/observation.images.overhead/episode_000088.mp4,1054483,Recorded training/evaluation or diagnostic imagery/video; inspect associated run metadata,First-party report artifact; depicted geometry/provenance requires per-run review,Not individually visually reviewed; not selected for the evidence page,"Review episode plus manifest/provenance, label simulation/physical scope, caption scoring rule and failures"
reports/training/synria_cup_vision_demos/videos/chunk-000/observation.images.overhead/episode_000089.mp4,694168,Recorded training/evaluation or diagnostic imagery/video; inspect associated run metadata,First-party report artifact; depicted geometry/provenance requires per-run review,Not individually visually reviewed; not selected for the evidence page,"Review episode plus manifest/provenance, label simulation/physical scope, caption scoring rule and failures"
reports/training/synria_cup_vision_demos/videos/chunk-000/observation.images.overhead/episode_000090.mp4,1107772,Recorded training/evaluation or diagnostic imagery/video; inspect associated run metadata,First-party report artifact; depicted geometry/provenance requires per-run review,Not individually visually reviewed; not selected for the evidence page,"Review episode plus manifest/provenance, label simulation/physical scope, caption scoring rule and failures"
reports/training/synria_cup_vision_demos/videos/chunk-000/observation.images.wrist/episode_000000.mp4,1063800,Recorded training/evaluation or diagnostic imagery/video; inspect associated run metadata,First-party report artifact; depicted geometry/provenance requires per-run review,Not individually visually reviewed; not selected for the evidence page,"Review episode plus manifest/provenance, label simulation/physical scope, caption scoring rule and failures"
reports/training/synria_cup_vision_demos/videos/chunk-000/observation.images.wrist/episode_000001.mp4,1787218,Recorded training/evaluation or diagnostic imagery/video; inspect associated run metadata,First-party report artifact; depicted geometry/provenance requires per-run review,Not individually visually reviewed; not selected for the evidence page,"Review episode plus manifest/provenance, label simulation/physical scope, caption scoring rule and failures"
reports/training/synria_cup_vision_demos/videos/chunk-000/observation.images.wrist/episode_000002.mp4,1097433,Recorded training/evaluation or diagnostic imagery/video; inspect associated run metadata,First-party report artifact; depicted geometry/provenance requires per-run review,Not individually visually reviewed; not selected for the evidence page,"Review episode plus manifest/provenance, label simulation/physical scope, caption scoring rule and failures"
reports/training/synria_cup_vision_demos/videos/chunk-000/observation.images.wrist/episode_000003.mp4,1771987,Recorded training/evaluation or diagnostic imagery/video; inspect associated run metadata,First-party report artifact; depicted geometry/provenance requires per-run review,Not individually visually reviewed; not selected for the evidence page,"Review episode plus manifest/provenance, label simulation/physical scope, caption scoring rule and failures"
reports/training/synria_cup_vision_demos/videos/chunk-000/observation.images.wrist/episode_000004.mp4,1324343,Recorded training/evaluation or diagnostic imagery/video; inspect associated run metadata,First-party report artifact; depicted geometry/provenance requires per-run review,Not individually visually reviewed; not selected for the evidence page,"Review episode plus manifest/provenance, label simulation/physical scope, caption scoring rule and failures"
reports/training/synria_cup_vision_demos/videos/chunk-000/observation.images.wrist/episode_000005.mp4,1340716,Recorded training/evaluation or diagnostic imagery/video; inspect associated run metadata,First-party report artifact; depicted geometry/provenance requires per-run review,Not individually visually reviewed; not selected for the evidence page,"Review episode plus manifest/provenance, label simulation/physical scope, caption scoring rule and failures"
reports/training/synria_cup_vision_demos/videos/chunk-000/observation.images.wrist/episode_000006.mp4,1386074,Recorded training/evaluation or diagnostic imagery/video; inspect associated run metadata,First-party report artifact; depicted geometry/provenance requires per-run review,Not individually visually reviewed; not selected for the evidence page,"Review episode plus manifest/provenance, label simulation/physical scope, caption scoring rule and failures"
reports/training/synria_cup_vision_demos/videos/chunk-000/observation.images.wrist/episode_000007.mp4,1180046,Recorded training/evaluation or diagnostic imagery/video; inspect associated run metadata,First-party report artifact; depicted geometry/provenance requires per-run review,Not individually visually reviewed; not selected for the evidence page,"Review episode plus manifest/provenance, label simulation/physical scope, caption scoring rule and failures"
reports/training/synria_cup_vision_demos/videos/chunk-000/observation.images.wrist/episode_000008.mp4,1507500,Recorded training/evaluation or diagnostic imagery/video; inspect associated run metadata,First-party report artifact; depicted geometry/provenance requires per-run review,Not individually visually reviewed; not selected for the evidence page,"Review episode plus manifest/provenance, label simulation/physical scope, caption scoring rule and failures"
reports/training/synria_cup_vision_demos/videos/chunk-000/observation.images.wrist/episode_000009.mp4,1326788,Recorded training/evaluation or diagnostic imagery/video; inspect associated run metadata,First-party report artifact; depicted geometry/provenance requires per-run review,Not individually visually reviewed; not selected for the evidence page,"Review episode plus manifest/provenance, label simulation/physical scope, caption scoring rule and failures"
reports/training/synria_cup_vision_demos/videos/chunk-000/observation.images.wrist/episode_000010.mp4,1583686,Recorded training/evaluation or diagnostic imagery/video; inspect associated run metadata,First-party report artifact; depicted geometry/provenance requires per-run review,Not individually visually reviewed; not selected for the evidence page,"Review episode plus manifest/provenance, label simulation/physical scope, caption scoring rule and failures"
reports/training/synria_cup_vision_demos/videos/chunk-000/observation.images.wrist/episode_000011.mp4,1856759,Recorded training/evaluation or diagnostic imagery/video; inspect associated run metadata,First-party report artifact; depicted geometry/provenance requires per-run review,Not individually visually reviewed; not selected for the evidence page,"Review episode plus manifest/provenance, label simulation/physical scope, caption scoring rule and failures"
reports/training/synria_cup_vision_demos/videos/chunk-000/observation.images.wrist/episode_000012.mp4,2023363,Recorded training/evaluation or diagnostic imagery/video; inspect associated run metadata,First-party report artifact; depicted geometry/provenance requires per-run review,Not individually visually reviewed; not selected for the evidence page,"Review episode plus manifest/provenance, label simulation/physical scope, caption scoring rule and failures"
reports/training/synria_cup_vision_demos/videos/chunk-000/observation.images.wrist/episode_000013.mp4,1383028,Recorded training/evaluation or diagnostic imagery/video; inspect associated run metadata,First-party report artifact; depicted geometry/provenance requires per-run review,Not individually visually reviewed; not selected for the evidence page,"Review episode plus manifest/provenance, label simulation/physical scope, caption scoring rule and failures"
reports/training/synria_cup_vision_demos/videos/chunk-000/observation.images.wrist/episode_000014.mp4,1467509,Recorded training/evaluation or diagnostic imagery/video; inspect associated run metadata,First-party report artifact; depicted geometry/provenance requires per-run review,Not individually visually reviewed; not selected for the evidence page,"Review episode plus manifest/provenance, label simulation/physical scope, caption scoring rule and failures"
reports/training/synria_cup_vision_demos/videos/chunk-000/observation.images.wrist/episode_000015.mp4,2096807,Recorded training/evaluation or diagnostic imagery/video; inspect associated run metadata,First-party report artifact; depicted geometry/provenance requires per-run review,Not individually visually reviewed; not selected for the evidence page,"Review episode plus manifest/provenance, label simulation/physical scope, caption scoring rule and failures"
reports/training/synria_cup_vision_demos/videos/chunk-000/observation.images.wrist/episode_000016.mp4,1130731,Recorded training/evaluation or diagnostic imagery/video; inspect associated run metadata,First-party report artifact; depicted geometry/provenance requires per-run review,Not individually visually reviewed; not selected for the evidence page,"Review episode plus manifest/provenance, label simulation/physical scope, caption scoring rule and failures"
reports/training/synria_cup_vision_demos/videos/chunk-000/observation.images.wrist/episode_000017.mp4,1962135,Recorded training/evaluation or diagnostic imagery/video; inspect associated run metadata,First-party report artifact; depicted geometry/provenance requires per-run review,Not individually visually reviewed; not selected for the evidence page,"Review episode plus manifest/provenance, label simulation/physical scope, caption scoring rule and failures"
reports/training/synria_cup_vision_demos/videos/chunk-000/observation.images.wrist/episode_000018.mp4,1899968,Recorded training/evaluation or diagnostic imagery/video; inspect associated run metadata,First-party report artifact; depicted geometry/provenance requires per-run review,Not individually visually reviewed; not selected for the evidence page,"Review episode plus manifest/provenance, label simulation/physical scope, caption scoring rule and failures"
reports/training/synria_cup_vision_demos/videos/chunk-000/observation.images.wrist/episode_000019.mp4,2182897,Recorded training/evaluation or diagnostic imagery/video; inspect associated run metadata,First-party report artifact; depicted geometry/provenance requires per-run review,Not individually visually reviewed; not selected for the evidence page,"Review episode plus manifest/provenance, label simulation/physical scope, caption scoring rule and failures"
reports/training/synria_cup_vision_demos/videos/chunk-000/observation.images.wrist/episode_000020.mp4,1910442,Recorded training/evaluation or diagnostic imagery/video; inspect associated run metadata,First-party report artifact; depicted geometry/provenance requires per-run review,Not individually visually reviewed; not selected for the evidence page,"Review episode plus manifest/provenance, label simulation/physical scope, caption scoring rule and failures"
reports/training/synria_cup_vision_demos/videos/chunk-000/observation.images.wrist/episode_000021.mp4,1997895,Recorded training/evaluation or diagnostic imagery/video; inspect associated run metadata,First-party report artifact; depicted geometry/provenance requires per-run review,Not individually visually reviewed; not selected for the evidence page,"Review episode plus manifest/provenance, label simulation/physical scope, caption scoring rule and failures"
reports/training/synria_cup_vision_demos/videos/chunk-000/observation.images.wrist/episode_000022.mp4,1329817,Recorded training/evaluation or diagnostic imagery/video; inspect associated run metadata,First-party report artifact; depicted geometry/provenance requires per-run review,Not individually visually reviewed; not selected for the evidence page,"Review episode plus manifest/provenance, label simulation/physical scope, caption scoring rule and failures"
reports/training/synria_cup_vision_demos/videos/chunk-000/observation.images.wrist/episode_000023.mp4,1688116,Recorded training/evaluation or diagnostic imagery/video; inspect associated run metadata,First-party report artifact; depicted geometry/provenance requires per-run review,Not individually visually reviewed; not selected for the evidence page,"Review episode plus manifest/provenance, label simulation/physical scope, caption scoring rule and failures"
reports/training/synria_cup_vision_demos/videos/chunk-000/observation.images.wrist/episode_000024.mp4,1586064,Recorded training/evaluation or diagnostic imagery/video; inspect associated run metadata,First-party report artifact; depicted geometry/provenance requires per-run review,Not individually visually reviewed; not selected for the evidence page,"Review episode plus manifest/provenance, label simulation/physical scope, caption scoring rule and failures"
reports/training/synria_cup_vision_demos/videos/chunk-000/observation.images.wrist/episode_000025.mp4,1761834,Recorded training/evaluation or diagnostic imagery/video; inspect associated run metadata,First-party report artifact; depicted geometry/provenance requires per-run review,Not individually visually reviewed; not selected for the evidence page,"Review episode plus manifest/provenance, label simulation/physical scope, caption scoring rule and failures"
reports/training/synria_cup_vision_demos/videos/chunk-000/observation.images.wrist/episode_000026.mp4,1249763,Recorded training/evaluation or diagnostic imagery/video; inspect associated run metadata,First-party report artifact; depicted geometry/provenance requires per-run review,Not individually visually reviewed; not selected for the evidence page,"Review episode plus manifest/provenance, label simulation/physical scope, caption scoring rule and failures"
reports/training/synria_cup_vision_demos/videos/chunk-000/observation.images.wrist/episode_000027.mp4,923784,Recorded training/evaluation or diagnostic imagery/video; inspect associated run metadata,First-party report artifact; depicted geometry/provenance requires per-run review,Not individually visually reviewed; not selected for the evidence page,"Review episode plus manifest/provenance, label simulation/physical scope, caption scoring rule and failures"
reports/training/synria_cup_vision_demos/videos/chunk-000/observation.images.wrist/episode_000028.mp4,1413688,Recorded training/evaluation or diagnostic imagery/video; inspect associated run metadata,First-party report artifact; depicted geometry/provenance requires per-run review,Not individually visually reviewed; not selected for the evidence page,"Review episode plus manifest/provenance, label simulation/physical scope, caption scoring rule and failures"
reports/training/synria_cup_vision_demos/videos/chunk-000/observation.images.wrist/episode_000029.mp4,1798189,Recorded training/evaluation or diagnostic imagery/video; inspect associated run metadata,First-party report artifact; depicted geometry/provenance requires per-run review,Not individually visually reviewed; not selected for the evidence page,"Review episode plus manifest/provenance, label simulation/physical scope, caption scoring rule and failures"
reports/training/synria_cup_vision_demos/videos/chunk-000/observation.images.wrist/episode_000030.mp4,1239612,Recorded training/evaluation or diagnostic imagery/video; inspect associated run metadata,First-party report artifact; depicted geometry/provenance requires per-run review,Not individually visually reviewed; not selected for the evidence page,"Review episode plus manifest/provenance, label simulation/physical scope, caption scoring rule and failures"
reports/training/synria_cup_vision_demos/videos/chunk-000/observation.images.wrist/episode_000031.mp4,1714032,Recorded training/evaluation or diagnostic imagery/video; inspect associated run metadata,First-party report artifact; depicted geometry/provenance requires per-run review,Not individually visually reviewed; not selected for the evidence page,"Review episode plus manifest/provenance, label simulation/physical scope, caption scoring rule and failures"
reports/training/synria_cup_vision_demos/videos/chunk-000/observation.images.wrist/episode_000032.mp4,1545757,Recorded training/evaluation or diagnostic imagery/video; inspect associated run metadata,First-party report artifact; depicted geometry/provenance requires per-run review,Not individually visually reviewed; not selected for the evidence page,"Review episode plus manifest/provenance, label simulation/physical scope, caption scoring rule and failures"
reports/training/synria_cup_vision_demos/videos/chunk-000/observation.images.wrist/episode_000033.mp4,1579060,Recorded training/evaluation or diagnostic imagery/video; inspect associated run metadata,First-party report artifact; depicted geometry/provenance requires per-run review,Not individually visually reviewed; not selected for the evidence page,"Review episode plus manifest/provenance, label simulation/physical scope, caption scoring rule and failures"
reports/training/synria_cup_vision_demos/videos/chunk-000/observation.images.wrist/episode_000034.mp4,1673369,Recorded training/evaluation or diagnostic imagery/video; inspect associated run metadata,First-party report artifact; depicted geometry/provenance requires per-run review,Not individually visually reviewed; not selected for the evidence page,"Review episode plus manifest/provenance, label simulation/physical scope, caption scoring rule and failures"
reports/training/synria_cup_vision_demos/videos/chunk-000/observation.images.wrist/episode_000035.mp4,2171925,Recorded training/evaluation or diagnostic imagery/video; inspect associated run metadata,First-party report artifact; depicted geometry/provenance requires per-run review,Not individually visually reviewed; not selected for the evidence page,"Review episode plus manifest/provenance, label simulation/physical scope, caption scoring rule and failures"
reports/training/synria_cup_vision_demos/videos/chunk-000/observation.images.wrist/episode_000036.mp4,1660046,Recorded training/evaluation or diagnostic imagery/video; inspect associated run metadata,First-party report artifact; depicted geometry/provenance requires per-run review,Not individually visually reviewed; not selected for the evidence page,"Review episode plus manifest/provenance, label simulation/physical scope, caption scoring rule and failures"
reports/training/synria_cup_vision_demos/videos/chunk-000/observation.images.wrist/episode_000037.mp4,1327642,Recorded training/evaluation or diagnostic imagery/video; inspect associated run metadata,First-party report artifact; depicted geometry/provenance requires per-run review,Not individually visually reviewed; not selected for the evidence page,"Review episode plus manifest/provenance, label simulation/physical scope, caption scoring rule and failures"
reports/training/synria_cup_vision_demos/videos/chunk-000/observation.images.wrist/episode_000038.mp4,1970242,Recorded training/evaluation or diagnostic imagery/video; inspect associated run metadata,First-party report artifact; depicted geometry/provenance requires per-run review,Not individually visually reviewed; not selected for the evidence page,"Review episode plus manifest/provenance, label simulation/physical scope, caption scoring rule and failures"
reports/training/synria_cup_vision_demos/videos/chunk-000/observation.images.wrist/episode_000039.mp4,2337117,Recorded training/evaluation or diagnostic imagery/video; inspect associated run metadata,First-party report artifact; depicted geometry/provenance requires per-run review,Not individually visually reviewed; not selected for the evidence page,"Review episode plus manifest/provenance, label simulation/physical scope, caption scoring rule and failures"
reports/training/synria_cup_vision_demos/videos/chunk-000/observation.images.wrist/episode_000040.mp4,1084258,Recorded training/evaluation or diagnostic imagery/video; inspect associated run metadata,First-party report artifact; depicted geometry/provenance requires per-run review,Not individually visually reviewed; not selected for the evidence page,"Review episode plus manifest/provenance, label simulation/physical scope, caption scoring rule and failures"
reports/training/synria_cup_vision_demos/videos/chunk-000/observation.images.wrist/episode_000041.mp4,1644858,Recorded training/evaluation or diagnostic imagery/video; inspect associated run metadata,First-party report artifact; depicted geometry/provenance requires per-run review,Not individually visually reviewed; not selected for the evidence page,"Review episode plus manifest/provenance, label simulation/physical scope, caption scoring rule and failures"
reports/training/synria_cup_vision_demos/videos/chunk-000/observation.images.wrist/episode_000042.mp4,1655140,Recorded training/evaluation or diagnostic imagery/video; inspect associated run metadata,First-party report artifact; depicted geometry/provenance requires per-run review,Not individually visually reviewed; not selected for the evidence page,"Review episode plus manifest/provenance, label simulation/physical scope, caption scoring rule and failures"
reports/training/synria_cup_vision_demos/videos/chunk-000/observation.images.wrist/episode_000043.mp4,2348267,Recorded training/evaluation or diagnostic imagery/video; inspect associated run metadata,First-party report artifact; depicted geometry/provenance requires per-run review,Not individually visually reviewed; not selected for the evidence page,"Review episode plus manifest/provenance, label simulation/physical scope, caption scoring rule and failures"
reports/training/synria_cup_vision_demos/videos/chunk-000/observation.images.wrist/episode_000044.mp4,1488286,Recorded training/evaluation or diagnostic imagery/video; inspect associated run metadata,First-party report artifact; depicted geometry/provenance requires per-run review,Not individually visually reviewed; not selected for the evidence page,"Review episode plus manifest/provenance, label simulation/physical scope, caption scoring rule and failures"
reports/training/synria_cup_vision_demos/videos/chunk-000/observation.images.wrist/episode_000045.mp4,1429951,Recorded training/evaluation or diagnostic imagery/video; inspect associated run metadata,First-party report artifact; depicted geometry/provenance requires per-run review,Not individually visually reviewed; not selected for the evidence page,"Review episode plus manifest/provenance, label simulation/physical scope, caption scoring rule and failures"
reports/training/synria_cup_vision_demos/videos/chunk-000/observation.images.wrist/episode_000046.mp4,2105760,Recorded training/evaluation or diagnostic imagery/video; inspect associated run metadata,First-party report artifact; depicted geometry/provenance requires per-run review,Not individually visually reviewed; not selected for the evidence page,"Review episode plus manifest/provenance, label simulation/physical scope, caption scoring rule and failures"
reports/training/synria_cup_vision_demos/videos/chunk-000/observation.images.wrist/episode_000047.mp4,1403074,Recorded training/evaluation or diagnostic imagery/video; inspect associated run metadata,First-party report artifact; depicted geometry/provenance requires per-run review,Not individually visually reviewed; not selected for the evidence page,"Review episode plus manifest/provenance, label simulation/physical scope, caption scoring rule and failures"
reports/training/synria_cup_vision_demos/videos/chunk-000/observation.images.wrist/episode_000048.mp4,1470979,Recorded training/evaluation or diagnostic imagery/video; inspect associated run metadata,First-party report artifact; depicted geometry/provenance requires per-run review,Not individually visually reviewed; not selected for the evidence page,"Review episode plus manifest/provenance, label simulation/physical scope, caption scoring rule and failures"
reports/training/synria_cup_vision_demos/videos/chunk-000/observation.images.wrist/episode_000049.mp4,1532428,Recorded training/evaluation or diagnostic imagery/video; inspect associated run metadata,First-party report artifact; depicted geometry/provenance requires per-run review,Not individually visually reviewed; not selected for the evidence page,"Review episode plus manifest/provenance, label simulation/physical scope, caption scoring rule and failures"
reports/training/synria_cup_vision_demos/videos/chunk-000/observation.images.wrist/episode_000050.mp4,1441846,Recorded training/evaluation or diagnostic imagery/video; inspect associated run metadata,First-party report artifact; depicted geometry/provenance requires per-run review,Not individually visually reviewed; not selected for the evidence page,"Review episode plus manifest/provenance, label simulation/physical scope, caption scoring rule and failures"
reports/training/synria_cup_vision_demos/videos/chunk-000/observation.images.wrist/episode_000051.mp4,1223817,Recorded training/evaluation or diagnostic imagery/video; inspect associated run metadata,First-party report artifact; depicted geometry/provenance requires per-run review,Not individually visually reviewed; not selected for the evidence page,"Review episode plus manifest/provenance, label simulation/physical scope, caption scoring rule and failures"
reports/training/synria_cup_vision_demos/videos/chunk-000/observation.images.wrist/episode_000052.mp4,962479,Recorded training/evaluation or diagnostic imagery/video; inspect associated run metadata,First-party report artifact; depicted geometry/provenance requires per-run review,Not individually visually reviewed; not selected for the evidence page,"Review episode plus manifest/provenance, label simulation/physical scope, caption scoring rule and failures"
reports/training/synria_cup_vision_demos/videos/chunk-000/observation.images.wrist/episode_000053.mp4,1588104,Recorded training/evaluation or diagnostic imagery/video; inspect associated run metadata,First-party report artifact; depicted geometry/provenance requires per-run review,Not individually visually reviewed; not selected for the evidence page,"Review episode plus manifest/provenance, label simulation/physical scope, caption scoring rule and failures"
reports/training/synria_cup_vision_demos/videos/chunk-000/observation.images.wrist/episode_000054.mp4,1526829,Recorded training/evaluation or diagnostic imagery/video; inspect associated run metadata,First-party report artifact; depicted geometry/provenance requires per-run review,Not individually visually reviewed; not selected for the evidence page,"Review episode plus manifest/provenance, label simulation/physical scope, caption scoring rule and failures"
reports/training/synria_cup_vision_demos/videos/chunk-000/observation.images.wrist/episode_000055.mp4,1038762,Recorded training/evaluation or diagnostic imagery/video; inspect associated run metadata,First-party report artifact; depicted geometry/provenance requires per-run review,Not individually visually reviewed; not selected for the evidence page,"Review episode plus manifest/provenance, label simulation/physical scope, caption scoring rule and failures"
reports/training/synria_cup_vision_demos/videos/chunk-000/observation.images.wrist/episode_000056.mp4,1470933,Recorded training/evaluation or diagnostic imagery/video; inspect associated run metadata,First-party report artifact; depicted geometry/provenance requires per-run review,Not individually visually reviewed; not selected for the evidence page,"Review episode plus manifest/provenance, label simulation/physical scope, caption scoring rule and failures"
reports/training/synria_cup_vision_demos/videos/chunk-000/observation.images.wrist/episode_000057.mp4,2074337,Recorded training/evaluation or diagnostic imagery/video; inspect associated run metadata,First-party report artifact; depicted geometry/provenance requires per-run review,Not individually visually reviewed; not selected for the evidence page,"Review episode plus manifest/provenance, label simulation/physical scope, caption scoring rule and failures"
reports/training/synria_cup_vision_demos/videos/chunk-000/observation.images.wrist/episode_000058.mp4,1894867,Recorded training/evaluation or diagnostic imagery/video; inspect associated run metadata,First-party report artifact; depicted geometry/provenance requires per-run review,Not individually visually reviewed; not selected for the evidence page,"Review episode plus manifest/provenance, label simulation/physical scope, caption scoring rule and failures"
reports/training/synria_cup_vision_demos/videos/chunk-000/observation.images.wrist/episode_000059.mp4,1978757,Recorded training/evaluation or diagnostic imagery/video; inspect associated run metadata,First-party report artifact; depicted geometry/provenance requires per-run review,Not individually visually reviewed; not selected for the evidence page,"Review episode plus manifest/provenance, label simulation/physical scope, caption scoring rule and failures"
reports/training/synria_cup_vision_demos/videos/chunk-000/observation.images.wrist/episode_000060.mp4,1160699,Recorded training/evaluation or diagnostic imagery/video; inspect associated run metadata,First-party report artifact; depicted geometry/provenance requires per-run review,Not individually visually reviewed; not selected for the evidence page,"Review episode plus manifest/provenance, label simulation/physical scope, caption scoring rule and failures"
reports/training/synria_cup_vision_demos/videos/chunk-000/observation.images.wrist/episode_000061.mp4,1261503,Recorded training/evaluation or diagnostic imagery/video; inspect associated run metadata,First-party report artifact; depicted geometry/provenance requires per-run review,Not individually visually reviewed; not selected for the evidence page,"Review episode plus manifest/provenance, label simulation/physical scope, caption scoring rule and failures"
reports/training/synria_cup_vision_demos/videos/chunk-000/observation.images.wrist/episode_000062.mp4,1454365,Recorded training/evaluation or diagnostic imagery/video; inspect associated run metadata,First-party report artifact; depicted geometry/provenance requires per-run review,Not individually visually reviewed; not selected for the evidence page,"Review episode plus manifest/provenance, label simulation/physical scope, caption scoring rule and failures"
reports/training/synria_cup_vision_demos/videos/chunk-000/observation.images.wrist/episode_000063.mp4,1745550,Recorded training/evaluation or diagnostic imagery/video; inspect associated run metadata,First-party report artifact; depicted geometry/provenance requires per-run review,Not individually visually reviewed; not selected for the evidence page,"Review episode plus manifest/provenance, label simulation/physical scope, caption scoring rule and failures"
reports/training/synria_cup_vision_demos/videos/chunk-000/observation.images.wrist/episode_000064.mp4,1955339,Recorded training/evaluation or diagnostic imagery/video; inspect associated run metadata,First-party report artifact; depicted geometry/provenance requires per-run review,Not individually visually reviewed; not selected for the evidence page,"Review episode plus manifest/provenance, label simulation/physical scope, caption scoring rule and failures"
reports/training/synria_cup_vision_demos/videos/chunk-000/observation.images.wrist/episode_000065.mp4,1365565,Recorded training/evaluation or diagnostic imagery/video; inspect associated run metadata,First-party report artifact; depicted geometry/provenance requires per-run review,Not individually visually reviewed; not selected for the evidence page,"Review episode plus manifest/provenance, label simulation/physical scope, caption scoring rule and failures"
reports/training/synria_cup_vision_demos/videos/chunk-000/observation.images.wrist/episode_000066.mp4,1060853,Recorded training/evaluation or diagnostic imagery/video; inspect associated run metadata,First-party report artifact; depicted geometry/provenance requires per-run review,Not individually visually reviewed; not selected for the evidence page,"Review episode plus manifest/provenance, label simulation/physical scope, caption scoring rule and failures"
reports/training/synria_cup_vision_demos/videos/chunk-000/observation.images.wrist/episode_000067.mp4,964216,Recorded training/evaluation or diagnostic imagery/video; inspect associated run metadata,First-party report artifact; depicted geometry/provenance requires per-run review,Not individually visually reviewed; not selected for the evidence page,"Review episode plus manifest/provenance, label simulation/physical scope, caption scoring rule and failures"
reports/training/synria_cup_vision_demos/videos/chunk-000/observation.images.wrist/episode_000068.mp4,1343053,Recorded training/evaluation or diagnostic imagery/video; inspect associated run metadata,First-party report artifact; depicted geometry/provenance requires per-run review,Not individually visually reviewed; not selected for the evidence page,"Review episode plus manifest/provenance, label simulation/physical scope, caption scoring rule and failures"
reports/training/synria_cup_vision_demos/videos/chunk-000/observation.images.wrist/episode_000069.mp4,1596812,Recorded training/evaluation or diagnostic imagery/video; inspect associated run metadata,First-party report artifact; depicted geometry/provenance requires per-run review,Not individually visually reviewed; not selected for the evidence page,"Review episode plus manifest/provenance, label simulation/physical scope, caption scoring rule and failures"
reports/training/synria_cup_vision_demos/videos/chunk-000/observation.images.wrist/episode_000070.mp4,1769984,Recorded training/evaluation or diagnostic imagery/video; inspect associated run metadata,First-party report artifact; depicted geometry/provenance requires per-run review,Not individually visually reviewed; not selected for the evidence page,"Review episode plus manifest/provenance, label simulation/physical scope, caption scoring rule and failures"
reports/training/synria_cup_vision_demos/videos/chunk-000/observation.images.wrist/episode_000071.mp4,1814112,Recorded training/evaluation or diagnostic imagery/video; inspect associated run metadata,First-party report artifact; depicted geometry/provenance requires per-run review,Not individually visually reviewed; not selected for the evidence page,"Review episode plus manifest/provenance, label simulation/physical scope, caption scoring rule and failures"
reports/training/synria_cup_vision_demos/videos/chunk-000/observation.images.wrist/episode_000072.mp4,1548919,Recorded training/evaluation or diagnostic imagery/video; inspect associated run metadata,First-party report artifact; depicted geometry/provenance requires per-run review,Not individually visually reviewed; not selected for the evidence page,"Review episode plus manifest/provenance, label simulation/physical scope, caption scoring rule and failures"
reports/training/synria_cup_vision_demos/videos/chunk-000/observation.images.wrist/episode_000073.mp4,1211033,Recorded training/evaluation or diagnostic imagery/video; inspect associated run metadata,First-party report artifact; depicted geometry/provenance requires per-run review,Not individually visually reviewed; not selected for the evidence page,"Review episode plus manifest/provenance, label simulation/physical scope, caption scoring rule and failures"
reports/training/synria_cup_vision_demos/videos/chunk-000/observation.images.wrist/episode_000074.mp4,1393798,Recorded training/evaluation or diagnostic imagery/video; inspect associated run metadata,First-party report artifact; depicted geometry/provenance requires per-run review,Not individually visually reviewed; not selected for the evidence page,"Review episode plus manifest/provenance, label simulation/physical scope, caption scoring rule and failures"
reports/training/synria_cup_vision_demos/videos/chunk-000/observation.images.wrist/episode_000075.mp4,1856071,Recorded training/evaluation or diagnostic imagery/video; inspect associated run metadata,First-party report artifact; depicted geometry/provenance requires per-run review,Not individually visually reviewed; not selected for the evidence page,"Review episode plus manifest/provenance, label simulation/physical scope, caption scoring rule and failures"
reports/training/synria_cup_vision_demos/videos/chunk-000/observation.images.wrist/episode_000076.mp4,2123004,Recorded training/evaluation or diagnostic imagery/video; inspect associated run metadata,First-party report artifact; depicted geometry/provenance requires per-run review,Not individually visually reviewed; not selected for the evidence page,"Review episode plus manifest/provenance, label simulation/physical scope, caption scoring rule and failures"
reports/training/synria_cup_vision_demos/videos/chunk-000/observation.images.wrist/episode_000077.mp4,1442481,Recorded training/evaluation or diagnostic imagery/video; inspect associated run metadata,First-party report artifact; depicted geometry/provenance requires per-run review,Not individually visually reviewed; not selected for the evidence page,"Review episode plus manifest/provenance, label simulation/physical scope, caption scoring rule and failures"
reports/training/synria_cup_vision_demos/videos/chunk-000/observation.images.wrist/episode_000078.mp4,2278352,Recorded training/evaluation or diagnostic imagery/video; inspect associated run metadata,First-party report artifact; depicted geometry/provenance requires per-run review,Not individually visually reviewed; not selected for the evidence page,"Review episode plus manifest/provenance, label simulation/physical scope, caption scoring rule and failures"
reports/training/synria_cup_vision_demos/videos/chunk-000/observation.images.wrist/episode_000079.mp4,884240,Recorded training/evaluation or diagnostic imagery/video; inspect associated run metadata,First-party report artifact; depicted geometry/provenance requires per-run review,Not individually visually reviewed; not selected for the evidence page,"Review episode plus manifest/provenance, label simulation/physical scope, caption scoring rule and failures"
reports/training/synria_cup_vision_demos/videos/chunk-000/observation.images.wrist/episode_000080.mp4,2183814,Recorded training/evaluation or diagnostic imagery/video; inspect associated run metadata,First-party report artifact; depicted geometry/provenance requires per-run review,Not individually visually reviewed; not selected for the evidence page,"Review episode plus manifest/provenance, label simulation/physical scope, caption scoring rule and failures"
reports/training/synria_cup_vision_demos/videos/chunk-000/observation.images.wrist/episode_000081.mp4,1285270,Recorded training/evaluation or diagnostic imagery/video; inspect associated run metadata,First-party report artifact; depicted geometry/provenance requires per-run review,Not individually visually reviewed; not selected for the evidence page,"Review episode plus manifest/provenance, label simulation/physical scope, caption scoring rule and failures"
reports/training/synria_cup_vision_demos/videos/chunk-000/observation.images.wrist/episode_000082.mp4,1881409,Recorded training/evaluation or diagnostic imagery/video; inspect associated run metadata,First-party report artifact; depicted geometry/provenance requires per-run review,Not individually visually reviewed; not selected for the evidence page,"Review episode plus manifest/provenance, label simulation/physical scope, caption scoring rule and failures"
reports/training/synria_cup_vision_demos/videos/chunk-000/observation.images.wrist/episode_000083.mp4,1526924,Recorded training/evaluation or diagnostic imagery/video; inspect associated run metadata,First-party report artifact; depicted geometry/provenance requires per-run review,Not individually visually reviewed; not selected for the evidence page,"Review episode plus manifest/provenance, label simulation/physical scope, caption scoring rule and failures"
reports/training/synria_cup_vision_demos/videos/chunk-000/observation.images.wrist/episode_000084.mp4,1062968,Recorded training/evaluation or diagnostic imagery/video; inspect associated run metadata,First-party report artifact; depicted geometry/provenance requires per-run review,Not individually visually reviewed; not selected for the evidence page,"Review episode plus manifest/provenance, label simulation/physical scope, caption scoring rule and failures"
reports/training/synria_cup_vision_demos/videos/chunk-000/observation.images.wrist/episode_000085.mp4,1107632,Recorded training/evaluation or diagnostic imagery/video; inspect associated run metadata,First-party report artifact; depicted geometry/provenance requires per-run review,Not individually visually reviewed; not selected for the evidence page,"Review episode plus manifest/provenance, label simulation/physical scope, caption scoring rule and failures"
reports/training/synria_cup_vision_demos/videos/chunk-000/observation.images.wrist/episode_000086.mp4,1900343,Recorded training/evaluation or diagnostic imagery/video; inspect associated run metadata,First-party report artifact; depicted geometry/provenance requires per-run review,Not individually visually reviewed; not selected for the evidence page,"Review episode plus manifest/provenance, label simulation/physical scope, caption scoring rule and failures"
reports/training/synria_cup_vision_demos/videos/chunk-000/observation.images.wrist/episode_000087.mp4,1759426,Recorded training/evaluation or diagnostic imagery/video; inspect associated run metadata,First-party report artifact; depicted geometry/provenance requires per-run review,Not individually visually reviewed; not selected for the evidence page,"Review episode plus manifest/provenance, label simulation/physical scope, caption scoring rule and failures"
reports/training/synria_cup_vision_demos/videos/chunk-000/observation.images.wrist/episode_000088.mp4,1719492,Recorded training/evaluation or diagnostic imagery/video; inspect associated run metadata,First-party report artifact; depicted geometry/provenance requires per-run review,Not individually visually reviewed; not selected for the evidence page,"Review episode plus manifest/provenance, label simulation/physical scope, caption scoring rule and failures"
reports/training/synria_cup_vision_demos/videos/chunk-000/observation.images.wrist/episode_000089.mp4,1165656,Recorded training/evaluation or diagnostic imagery/video; inspect associated run metadata,First-party report artifact; depicted geometry/provenance requires per-run review,Not individually visually reviewed; not selected for the evidence page,"Review episode plus manifest/provenance, label simulation/physical scope, caption scoring rule and failures"
reports/training/synria_cup_vision_demos/videos/chunk-000/observation.images.wrist/episode_000090.mp4,1860290,Recorded training/evaluation or diagnostic imagery/video; inspect associated run metadata,First-party report artifact; depicted geometry/provenance requires per-run review,Not individually visually reviewed; not selected for the evidence page,"Review episode plus manifest/provenance, label simulation/physical scope, caption scoring rule and failures"
