Loading user config located at: '/home/oedeh/.venv/isaacsim5/lib/python3.11/site-packages/isaacsim/kit/data/Kit/Isaac-Sim/5.1/user.config.json'
[Info] [carb] Logging to file: /home/oedeh/.venv/isaacsim5/lib/python3.11/site-packages/isaacsim/kit/logs/Kit/Isaac-Sim/5.1/kit_20260731_003459.log
2026-07-31T05:34:59Z [4ms] [Warning] [omni.ext.plugin] [ext: isaaclab_newton] Extensions config 'extension.toml' doesn't exist '/home/oedeh/IsaacLab/source/isaaclab_newton' or '/home/oedeh/IsaacLab/source/isaaclab_newton/config'
2026-07-31T05:34:59Z [4ms] [Warning] [omni.ext.plugin] [ext: isaaclab_physx] Extensions config 'extension.toml' doesn't exist '/home/oedeh/IsaacLab/source/isaaclab_physx' or '/home/oedeh/IsaacLab/source/isaaclab_physx/config'
2026-07-31T05:34:59Z [4ms] [Warning] [omni.ext.plugin] [ext: isaaclab_ppisp] Extensions config 'extension.toml' doesn't exist '/home/oedeh/IsaacLab/source/isaaclab_ppisp' or '/home/oedeh/IsaacLab/source/isaaclab_ppisp/config'

|---------------------------------------------------------------------------------------------|
| Driver Version: 580.173.02    | Graphics API: Vulkan
|=============================================================================================|
| GPU | Name                             | Active | LDA | GPU Memory | Vendor-ID | LUID       |
|     |                                  |        |     |            | Device-ID | UUID       |
|     |                                  |        |     |            | Bus-ID    |            |
|---------------------------------------------------------------------------------------------|
| 0   | NVIDIA GeForce RTX 5090          | Yes: 0 |     | 32607   MB | 10de      | 0          |
|     |                                  |        |     |            | 2b85      | d9b11bde.. |
|     |                                  |        |     |            | 2         |            |
|=============================================================================================|
| OS: 24.04.4 LTS (Noble Numbat) ubuntu, Version: 24.04.4, Kernel: 6.17.0-22-generic
| XServer Vendor: The X.Org Foundation, XServer Version: 12101011 (1.21.1.11)
| Processor: Intel(R) Core(TM) Ultra 9 285K
| Cores: 24 | Logical Cores: 24
|---------------------------------------------------------------------------------------------|
| Total Memory (MB): 31668 | Free Memory: 26407
| Total Page/Swap (MB): 8191 | Free Page/Swap: 4191
|---------------------------------------------------------------------------------------------|
2026-07-31T05:34:59Z [802ms] [Warning] [gpu.foundation.plugin] CPU performance profile is set to powersave. This profile sets the CPU to the lowest frequency reducing performance.
2026-07-31T05:34:59Z [810ms] [Warning] [gpu.foundation.plugin] PCIe link width current (8) and maximum (16) for device 0 don't match.
2026-07-31T05:35:01Z [2,282ms] [Warning] [omni.log] Source: omni.hydra was already registered.
2026-07-31T05:35:01Z [2,365ms] [Warning] [carb] Acquiring non optional plugin interface which is not listed as dependency: [omni::physx::IPhysxBenchmarks v1.0] (plugin: <default plugin>), by client: omni.physics.physx.plugin. Add it to CARB_PLUGIN_IMPL_DEPS() macro of a client.
2026-07-31T05:35:01Z [2,482ms] [Warning] [omni.isaac.dynamic_control] omni.isaac.dynamic_control is deprecated as of Isaac Sim 4.5. No action is needed from end-users.
2026-07-31T05:35:02Z [3,806ms] [Warning] [pxr.Semantics] pxr.Semantics is deprecated - please use Semantics instead
2026-07-31T05:35:02Z [3,863ms] [Warning] [omni.graph.core.plugin] Found duplicate of category 'Replicator' - was 'Annotators', adding 'Fabric Reader'
2026-07-31T05:35:02Z [3,863ms] [Warning] [omni.graph.core.plugin] Category 'Replicator' not accepted on node type 'omni.replicator.core.FabricReader' in extension 'omni.replicator.core'
2026-07-31T05:35:02Z [3,864ms] [Warning] [omni.replicator.core.scripts.extension] No material configuration file, adding configuration to material settings directly.
2026-07-31T05:35:05Z [6,118ms] [Warning] [omni.fabric.plugin] Warning: attribute viewportHandle not found for bucket id 7

[INFO][AppLauncher]: Using device: cuda:0
[INFO][AppLauncher]: Loading experience file: /home/oedeh/IsaacLab/apps/isaaclab.python.headless.rendering.kit

[36m======================================================================================[0m
[36m[1m[INFO][IsaacLab]: Logging to file: /tmp/isaaclab/logs/isaaclab_2026-07-31_00-35-05.log[0m
[36m======================================================================================[0m

[33m00:35:05 [simulation_context.py] WARNING: The `enable_external_forces_every_iteration` parameter in the PhysxCfg is set to False. If you are experiencing noisy velocities, consider enabling this flag. You may need to slightly increase the number of velocity iterations (setting it to 1 or 2 rather than 0), together with this flag, to improve the accuracy of velocity updates.[0m
[INFO]: Base environment:
	Environment device    : cuda:0
	Environment seed      : None
	Physics step-size     : 0.008333333333333333
	Rendering step-size   : 0.008333333333333333
	Environment step-size : 0.016666666666666666
[33m00:35:05 [manager_based_env.py] WARNING: The render interval (1) is smaller than the decimation (2). Multiple render calls will happen for each environment step. If this is not intended, set the render interval to be equal to the decimation.[0m
[INFO]: Time taken for scene creation : 1.108621 seconds
[INFO]: Scene manager:  <class InteractiveScene>
	Number of environments: 8
	Environment spacing   : 2.5
	Source prim name      : /World/envs/env_0
	Global prim paths     : []
	Replicate physics     : True
[INFO]: Starting the simulation. This may take a few seconds. Please wait...
[INFO]: Time taken for simulation start : 1.408528 seconds
[INFO] Event Manager:  <EventManager> contains 1 active terms.
+-------------------------------------+
| Active Event Terms in Mode: 'reset' |
+--------+----------------------------+
| Index  | Name                       |
+--------+----------------------------+
|   0    | reset_scene_to_default     |
+--------+----------------------------+

[INFO] Recorder Manager:  <RecorderManager> contains 0 active terms.
+---------------------+
| Active Recorder Terms |
+-----------+---------+
|   Index   | Name    |
+-----------+---------+
+-----------+---------+

[INFO] Action Manager:  <ActionManager> contains 2 active terms.
+----------------------------------+
|  Active Action Terms (shape: 8)  |
+--------+-----------+-------------+
| Index  | Name      |   Dimension |
+--------+-----------+-------------+
|   0    | arm       |           7 |
|   1    | gripper   |           1 |
+--------+-----------+-------------+

[INFO] Observation Manager: <ObservationManager> contains 1 groups.
+-----------------------------------------------------+
| Active Observation Terms in Group: 'policy' (shape: (13,)) |
+--------------+-----------------------+--------------+
|    Index     | Name                  |    Shape     |
+--------------+-----------------------+--------------+
|      0       | joint_pos             |    (13,)     |
+--------------+-----------------------+--------------+

[s1] boot hand z-axis (world): [0.713, -0.0, -0.702]
[s1] tool-down enforced (tilt was 45.4 deg)
[s1] hand jac row: 7 (cos=1.00; -1 conv would be 7)
[s1] free-close t=30 finger_joint=0.798
[s1] free-close t=60 finger_joint=0.798
[s1] free-close t=90 finger_joint=0.798
[s1] free-close t=120 finger_joint=0.798
[s1] free-close t=150 finger_joint=0.798
[s1] free-close t=180 finger_joint=0.798
[s1] free-close t=210 finger_joint=0.798
[s1] free-close t=240 finger_joint=0.798
[s1] free-close t=270 finger_joint=0.798
[s1] free-close t=300 finger_joint=0.798
[s1] free-air close settled at 0.798 (current grasp band 0.2-0.70)
[s1] acquire e0: vision=[0.502, 0.002] gt=[0.5, 0.0]
[s1] step=0 stages=['ALIGN', 'ALIGN', 'ALIGN', 'ALIGN', 'ALIGN', 'ALIGN', 'ALIGN', 'ALIGN'] picks=0 places=0 hand0=[0.39, -0.001, 0.457] cup_xy0=[0.502, 0.002]
[s1] close-entry e1: hand=[0.495, 0.002, 0.184] cup_gt=[0.507, 0.001]
[s1] close-entry e5: hand=[0.495, 0.001, 0.184] cup_gt=[0.505, 0.001]
[s1] close-entry e0: hand=[0.497, 0.001, 0.185] cup_gt=[0.512, 0.003]
[s1] close-entry e2: hand=[0.496, 0.001, 0.183] cup_gt=[0.508, 0.002]
[s1] close-entry e3: hand=[0.496, 0.001, 0.184] cup_gt=[0.508, 0.001]
[s1] close-entry e4: hand=[0.496, 0.001, 0.183] cup_gt=[0.508, 0.001]
[s1] close-entry e6: hand=[0.496, 0.001, 0.184] cup_gt=[0.51, 0.003]
[s1] close-entry e7: hand=[0.494, 0.002, 0.184] cup_gt=[0.509, 0.001]
[s1] step=100 stages=['CLOSE', 'CLOSE', 'CLOSE', 'CLOSE', 'CLOSE', 'CLOSE', 'CLOSE', 'CLOSE'] picks=0 places=0 hand0=[0.515, -0.009, 0.218] cup_xy0=[0.502, 0.002]
[close] e0 t=56 hand_z=0.220 dxy=0.034 stall=0.800
[close] e0 t=116 hand_z=0.221 dxy=0.034 stall=0.800
[s1] step=200 stages=['CLOSE', 'CLOSE', 'CLOSE', 'CLOSE', 'CLOSE', 'CLOSE', 'CLOSE', 'CLOSE'] picks=0 places=0 hand0=[0.517, -0.01, 0.221] cup_xy0=[0.502, 0.002]
[close] e0 t=176 hand_z=0.221 dxy=0.034 stall=0.800
[close] e0 t=236 hand_z=0.221 dxy=0.034 stall=0.800
[s1] step=300 stages=['CLOSE', 'CLOSE', 'CLOSE', 'CLOSE', 'CLOSE', 'CLOSE', 'CLOSE', 'CLOSE'] picks=0 places=0 hand0=[0.517, -0.01, 0.221] cup_xy0=[0.502, 0.002]
[s1] acquire e0: vision=[0.502, 0.002] gt=[0.5, 0.0]
[s1] step=400 stages=['ALIGN', 'ALIGN', 'ALIGN', 'ALIGN', 'ALIGN', 'ALIGN', 'ALIGN', 'ALIGN'] picks=0 places=0 hand0=[0.335, 0.014, 0.547] cup_xy0=[0.502, 0.002]
[s1] close-entry e6: hand=[0.498, -0.004, 0.188] cup_gt=[0.55, -0.002]
[s1] step=500 stages=['DESCEND', 'DESCEND', 'DESCEND', 'DESCEND', 'DESCEND', 'DESCEND', 'CLOSE', 'DESCEND'] picks=0 places=0 hand0=[0.479, -0.143, 0.205] cup_xy0=[0.502, 0.002]
[s1] close-entry e7: hand=[0.502, -0.001, 0.184] cup_gt=[0.519, 0.049]
[s1] close-entry e1: hand=[0.506, -0.002, 0.189] cup_gt=[0.526, 0.048]
[s1] close-entry e0: hand=[0.507, 0.001, 0.189] cup_gt=[0.532, 0.072]
[s1] close-entry e4: hand=[0.507, -0.001, 0.19] cup_gt=[0.524, 0.041]
[close] e0 t=6 hand_z=0.199 dxy=0.108 stall=0.542
[s1] close-entry e3: hand=[0.499, 0.007, 0.183] cup_gt=[0.513, 0.077]
[s1] close-entry e5: hand=[0.504, -0.004, 0.189] cup_gt=[0.533, -0.004]
[s1] close-entry e2: hand=[0.505, 0.001, 0.19] cup_gt=[0.544, 0.054]
[close] e0 t=66 hand_z=0.216 dxy=0.125 stall=0.799
[s1] step=600 stages=['CLOSE', 'CLOSE', 'CLOSE', 'CLOSE', 'CLOSE', 'CLOSE', 'CLOSE', 'CLOSE'] picks=0 places=0 hand0=[0.508, 0.106, 0.216] cup_xy0=[0.502, 0.002]
[close] e0 t=126 hand_z=0.217 dxy=0.131 stall=0.799
[s1] step=700 stages=['CLOSE', 'CLOSE', 'CLOSE', 'CLOSE', 'CLOSE', 'CLOSE', 'CLOSE', 'CLOSE'] picks=0 places=0 hand0=[0.507, 0.108, 0.217] cup_xy0=[0.502, 0.002]
[close] e0 t=186 hand_z=0.217 dxy=0.132 stall=0.799
[close] e2 t=198 hand_z=0.163 dxy=0.131 stall=0.794
[s1] step=800 stages=['FAIL', 'FAIL', 'CLOSE', 'FAIL', 'FAIL', 'CLOSE', 'IDLE', 'FAIL'] picks=0 places=0 hand0=[0.507, 0.108, 0.216] cup_xy0=[0.502, 0.002]
[s1] grasp-geom e5: hand-cup_xy=0.024 cup_gt=[0.502, 0.054, 0.021] vision_xy=[0.501, 0.002]
[s1] GRASP (drive stall) envs [5] stall=[0.501]
[lift] e5 t=18 cup_z=0.028 hand_z=0.175 stall=0.497
[lift] e5 t=38 cup_z=0.085 hand_z=0.232 stall=0.499
[s1] LIFTED envs [5] (physical, friction-held)
[s1] acquire e0: vision=[0.501, 0.002] gt=[0.5, 0.0]
[s1] step=900 stages=['ALIGN', 'ALIGN', 'IDLE', 'IDLE', 'ALIGN', 'CARRY', 'DESCEND', 'ALIGN'] picks=1 places=0 hand0=[0.414, -0.014, 0.442] cup_xy0=[0.501, 0.002]
[s1] close-entry e6: hand=[0.503, -0.006, 0.188] cup_gt=[0.506, 0.028]
[s1] step=1000 stages=['DESCEND', 'DESCEND', 'DESCEND', 'DESCEND', 'DESCEND', 'CARRY', 'CLOSE', 'DESCEND'] picks=1 places=0 hand0=[0.492, 0.05, 0.195] cup_xy0=[0.501, 0.002]
[s1] close-entry e3: hand=[0.502, 0.007, 0.188] cup_gt=[0.497, -0.003]
[s1] close-entry e4: hand=[0.504, 0.008, 0.191] cup_gt=[0.492, -0.003]
[s1] close-entry e0: hand=[0.507, -0.001, 0.192] cup_gt=[0.506, -0.032]
[close] e0 t=3 hand_z=0.188 dxy=0.031 stall=0.544
[s1] close-entry e1: hand=[0.499, -0.005, 0.185] cup_gt=[0.511, -0.036]
[s1] close-entry e7: hand=[0.503, -0.005, 0.189] cup_gt=[0.479, -0.003]
[s1] close-entry e2: hand=[0.51, 0.005, 0.184] cup_gt=[0.508, 0.009]
[close] e0 t=63 hand_z=0.162 dxy=0.036 stall=0.744
[s1] step=1100 stages=['CLOSE', 'CLOSE', 'CLOSE', 'CLOSE', 'CLOSE', 'CARRY', 'CLOSE', 'CLOSE'] picks=1 places=0 hand0=[0.482, -0.035, 0.162] cup_xy0=[0.501, 0.002]
[close] e0 t=123 hand_z=0.162 dxy=0.034 stall=0.757
[close] e0 t=183 hand_z=0.162 dxy=0.035 stall=0.767
[s1] step=1200 stages=['CLOSE', 'CLOSE', 'CLOSE', 'CLOSE', 'CLOSE', 'PLACE', 'CLOSE', 'CLOSE'] picks=1 places=0 hand0=[0.482, -0.041, 0.162] cup_xy0=[0.501, 0.002]
[s1] grasp-geom e4: hand-cup_xy=0.013 cup_gt=[0.468, -0.011, 0.021] vision_xy=[0.501, 0.002]
[s1] GRASP (drive stall) envs [4] stall=[0.491]
[close] e1 t=238 hand_z=0.161 dxy=0.073 stall=0.718
[lift] e4 t=5 cup_z=0.021 hand_z=0.160 stall=0.492
[lift] e4 t=25 cup_z=0.031 hand_z=0.169 stall=0.494
[lift] e4 t=45 cup_z=0.095 hand_z=0.233 stall=0.495
[s1] step=1300 stages=['FAIL', 'FAIL', 'FAIL', 'FAIL', 'LIFT', 'PLACE', 'IDLE', 'FAIL'] picks=1 places=0 hand0=[0.477, -0.049, 0.156] cup_xy0=[0.501, 0.002]
[s1] LIFTED envs [4] (physical, friction-held)
[s1] acquire e0: vision=[0.498, 0.003] gt=[0.497, 0.002]
[s1] step=1400 stages=['DESCEND', 'ALIGN', 'IDLE', 'ALIGN', 'PLACE', 'PLACE', 'DESCEND', 'DESCEND'] picks=2 places=0 hand0=[0.492, 0.004, 0.332] cup_xy0=[0.498, 0.003]
[s1] close-entry e6: hand=[0.5, 0.002, 0.191] cup_gt=[0.482, 0.006]
[s1] close-entry e0: hand=[0.501, 0.008, 0.191] cup_gt=[0.503, -0.024]
[s1] PLACED envs [4] (full physical pick-move-place)
[rec] episode 1/40 saved (len=297, env=4)
[s1] close-entry e1: hand=[0.505, -0.004, 0.189] cup_gt=[0.498, 0.021]
[s1] close-entry e7: hand=[0.502, 0.009, 0.191] cup_gt=[0.494, -0.03]
[close] e0 t=16 hand_z=0.181 dxy=0.036 stall=0.657
[s1] step=1500 stages=['CLOSE', 'CLOSE', 'ALIGN', 'DESCEND', 'DONE', 'FAIL', 'CLOSE', 'CLOSE'] picks=2 places=1 hand0=[0.498, -0.042, 0.181] cup_xy0=[0.498, 0.003]
[s1] close-entry e3: hand=[0.506, -0.001, 0.19] cup_gt=[0.506, 0.028]
[close] e0 t=76 hand_z=0.168 dxy=0.073 stall=0.798
[s1] step=1600 stages=['CLOSE', 'CLOSE', 'DESCEND', 'CLOSE', 'IDLE', 'IDLE', 'CLOSE', 'CLOSE'] picks=2 places=1 hand0=[0.486, -0.085, 0.168] cup_xy0=[0.498, 0.003]
[close] e0 t=136 hand_z=0.168 dxy=0.077 stall=0.798
[s1] close-entry e2: hand=[0.468, 0.017, 0.186] cup_gt=[0.5, -0.0]
[close] e0 t=196 hand_z=0.168 dxy=0.078 stall=0.798
[s1] step=1700 stages=['CLOSE', 'CLOSE', 'CLOSE', 'CLOSE', 'DESCEND', 'DESCEND', 'CLOSE', 'CLOSE'] picks=2 places=1 hand0=[0.486, -0.085, 0.168] cup_xy0=[0.498, 0.003]
[s1] grasp-geom e6: hand-cup_xy=0.030 cup_gt=[0.449, 0.02, 0.02] vision_xy=[0.501, 0.001]
[s1] GRASP (drive stall) envs [6] stall=[0.501]
[lift] e6 t=10 cup_z=0.020 hand_z=0.170 stall=0.501
[s1] close-entry e4: hand=[0.506, 0.002, 0.191] cup_gt=[0.508, 0.037]
[close] e2 t=69 hand_z=0.191 dxy=0.036 stall=0.381
[lift] e6 t=30 cup_z=0.051 hand_z=0.197 stall=0.503
[s1] LIFTED envs [6] (physical, friction-held)
[close] e2 t=129 hand_z=0.191 dxy=0.036 stall=0.381
[s1] step=1800 stages=['IDLE', 'IDLE', 'CLOSE', 'FAIL', 'CLOSE', 'DESCEND', 'CARRY', 'IDLE'] picks=3 places=1 hand0=[0.354, -0.07, 0.191] cup_xy0=[0.498, 0.003]
[s1] acquire e0: vision=[0.501, 0.002] gt=[0.5, 0.0]
[close] e2 t=189 hand_z=0.191 dxy=0.036 stall=0.381
[s1] step=1900 stages=['DESCEND', 'ALIGN', 'CLOSE', 'ALIGN', 'CLOSE', 'DESCEND', 'RELEASE', 'DESCEND'] picks=3 places=1 hand0=[0.459, 0.049, 0.246] cup_xy0=[0.501, 0.002]
[close] e4 t=183 hand_z=0.187 dxy=0.035 stall=0.800
[s1] close-entry e0: hand=[0.506, 0.003, 0.192] cup_gt=[0.499, -0.005]
[s1] close-entry e7: hand=[0.505, 0.005, 0.192] cup_gt=[0.498, -0.019]
[s1] close-entry e5: hand=[0.503, 0.007, 0.191] cup_gt=[0.54, 0.042]
[s1] PLACED envs [6] (full physical pick-move-place)
[rec] episode 2/40 saved (len=330, env=6)
[close] e0 t=28 hand_z=0.162 dxy=0.040 stall=0.736
[s1] close-entry e3: hand=[0.499, 0.006, 0.182] cup_gt=[0.475, -0.053]
[s1] step=2000 stages=['CLOSE', 'DESCEND', 'IDLE', 'CLOSE', 'FAIL', 'CLOSE', 'DONE', 'CLOSE'] picks=3 places=2 hand0=[0.483, -0.065, 0.162] cup_xy0=[0.501, 0.002]
[s1] close-entry e1: hand=[0.504, 0.003, 0.19] cup_gt=[0.503, -0.024]
[close] e0 t=88 hand_z=0.162 dxy=0.042 stall=0.767
[close] e0 t=148 hand_z=0.162 dxy=0.043 stall=0.768
[s1] step=2100 stages=['CLOSE', 'CLOSE', 'DESCEND', 'CLOSE', 'ALIGN', 'CLOSE', 'IDLE', 'CLOSE'] picks=3 places=2 hand0=[0.483, -0.069, 0.162] cup_xy0=[0.501, 0.002]
[s1] close-entry e2: hand=[0.502, 0.002, 0.188] cup_gt=[0.497, -0.013]
[close] e0 t=208 hand_z=0.162 dxy=0.043 stall=0.768
[s1] step=2200 stages=['FAIL', 'CLOSE', 'CLOSE', 'CLOSE', 'DESCEND', 'CLOSE', 'DESCEND', 'CLOSE'] picks=3 places=2 hand0=[0.482, -0.071, 0.161] cup_xy0=[0.501, 0.002]
[close] e1 t=218 hand_z=0.200 dxy=0.010 stall=0.699
[s1] close-entry e6: hand=[0.457, -0.033, 0.189] cup_gt=[0.5, 0.0]
[s1] close-entry e4: hand=[0.506, 0.004, 0.19] cup_gt=[0.489, 0.007]
[s1] grasp-geom e1: hand-cup_xy=0.010 cup_gt=[0.497, -0.115, 0.02] vision_xy=[0.501, 0.002]
[s1] GRASP (drive stall) envs [1] stall=[0.699]
[lift] e1 t=17 cup_z=0.026 hand_z=0.202 stall=0.789
[close] e2 t=129 hand_z=0.159 dxy=0.009 stall=0.373
[lift] e1 t=37 cup_z=0.020 hand_z=0.223 stall=0.792
[lift] e1 t=57 cup_z=0.020 hand_z=0.285 stall=0.792
[s1] step=2300 stages=['IDLE', 'LIFT', 'CLOSE', 'IDLE', 'CLOSE', 'IDLE', 'CLOSE', 'IDLE'] picks=3 places=2 hand0=[0.305, 0.051, 0.609] cup_xy0=[0.501, 0.002]
[s1] acquire e0: vision=[0.501, 0.002] gt=[0.5, 0.0]
[lift] e1 t=77 cup_z=0.020 hand_z=0.334 stall=0.792
[close] e2 t=189 hand_z=0.159 dxy=0.009 stall=0.373
[lift] e1 t=97 cup_z=0.020 hand_z=0.341 stall=0.791
[lift] e1 t=117 cup_z=0.020 hand_z=0.350 stall=0.792
[lift] e1 t=137 cup_z=0.020 hand_z=0.351 stall=0.798
[close] e4 t=175 hand_z=0.161 dxy=0.075 stall=0.709
[lift] e1 t=157 cup_z=0.020 hand_z=0.352 stall=0.799
[s1] step=2400 stages=['DESCEND', 'LIFT', 'FAIL', 'DESCEND', 'CLOSE', 'DESCEND', 'CLOSE', 'DESCEND'] picks=3 places=2 hand0=[0.503, 0.031, 0.241] cup_xy0=[0.501, 0.002]
[lift] e1 t=177 cup_z=0.020 hand_z=0.351 stall=0.799
[s1] close-entry e3: hand=[0.478, -0.004, 0.192] cup_gt=[0.502, -0.018]
[s1] close-entry e5: hand=[0.385, 0.012, 0.192] cup_gt=[0.387, -0.003]
[s1] close-entry e0: hand=[0.503, 0.009, 0.191] cup_gt=[0.514, -0.033]
[s1] close-entry e7: hand=[0.505, 0.003, 0.191] cup_gt=[0.503, -0.019]
[lift] e1 t=197 cup_z=0.020 hand_z=0.351 stall=0.798
[close] e0 t=32 hand_z=0.165 dxy=0.168 stall=0.780
[lift] e1 t=217 cup_z=0.020 hand_z=0.351 stall=0.798
[lift] e1 t=237 cup_z=0.020 hand_z=0.350 stall=0.798
[lift] e1 t=257 cup_z=0.020 hand_z=0.351 stall=0.798
[s1] step=2500 stages=['CLOSE', 'LIFT', 'ALIGN', 'CLOSE', 'FAIL', 'CLOSE', 'FAIL', 'CLOSE'] picks=3 places=2 hand0=[0.485, -0.072, 0.162] cup_xy0=[0.501, 0.002]
[close] e0 t=92 hand_z=0.162 dxy=0.242 stall=0.799
[lift] e1 t=277 cup_z=0.020 hand_z=0.350 stall=0.798
[lift] e1 t=297 cup_z=0.020 hand_z=0.350 stall=0.798
[lift] e1 t=317 cup_z=0.020 hand_z=0.350 stall=0.798
[close] e0 t=152 hand_z=0.162 dxy=0.253 stall=0.799
[lift] e1 t=337 cup_z=0.020 hand_z=0.350 stall=0.798
[lift] e1 t=357 cup_z=0.020 hand_z=0.350 stall=0.798
[s1] step=2600 stages=['CLOSE', 'LIFT', 'DESCEND', 'CLOSE', 'ALIGN', 'CLOSE', 'ALIGN', 'CLOSE'] picks=3 places=2 hand0=[0.484, -0.074, 0.162] cup_xy0=[0.501, 0.002]
[s1] close-entry e2: hand=[0.504, 0.002, 0.189] cup_gt=[0.491, -0.013]
[lift] e1 t=377 cup_z=0.020 hand_z=0.350 stall=0.798
[close] e0 t=212 hand_z=0.162 dxy=0.254 stall=0.799
[lift] e1 t=397 cup_z=0.020 hand_z=0.350 stall=0.798
[close] e2 t=92 hand_z=0.158 dxy=0.198 stall=0.371
[s1] step=2700 stages=['FAIL', 'FAIL', 'CLOSE', 'FAIL', 'DESCEND', 'FAIL', 'DESCEND', 'FAIL'] picks=3 places=2 hand0=[0.483, -0.074, 0.161] cup_xy0=[0.501, 0.002]
[close] e2 t=152 hand_z=0.158 dxy=0.207 stall=0.371
[s1] close-entry e4: hand=[0.467, 0.017, 0.182] cup_gt=[0.501, -0.004]
[s1] acquire e0: vision=[0.501, 0.002] gt=[0.5, 0.0]
[s1] step=2800 stages=['ALIGN', 'DESCEND', 'CLOSE', 'DESCEND', 'CLOSE', 'ALIGN', 'DESCEND', 'ALIGN'] picks=3 places=2 hand0=[0.434, -0.017, 0.41] cup_xy0=[0.501, 0.002]
[s1] close-entry e6: hand=[0.503, -0.0, 0.192] cup_gt=[0.536, 0.008]
[close] e2 t=212 hand_z=0.158 dxy=0.208 stall=0.371
[s1] close-entry e1: hand=[0.482, -0.002, 0.186] cup_gt=[0.521, 0.048]
[close] e1 t=2 hand_z=0.185 dxy=0.067 stall=0.551
[s1] close-entry e0: hand=[0.505, 0.003, 0.191] cup_gt=[0.501, -0.03]
[s1] close-entry e7: hand=[0.505, 0.005, 0.192] cup_gt=[0.499, -0.004]
[s1] step=2900 stages=['CLOSE', 'CLOSE', 'FAIL', 'DESCEND', 'CLOSE', 'DESCEND', 'CLOSE', 'CLOSE'] picks=3 places=2 hand0=[0.505, -0.004, 0.19] cup_xy0=[0.501, 0.002]
[s1] close-entry e3: hand=[0.505, 0.008, 0.192] cup_gt=[0.506, -0.025]
[close] e0 t=43 hand_z=0.162 dxy=0.201 stall=0.797
[s1] close-entry e5: hand=[0.469, -0.013, 0.187] cup_gt=[0.5, 0.0]
[close] e0 t=103 hand_z=0.162 dxy=0.261 stall=0.797
[s1] step=3000 stages=['CLOSE', 'CLOSE', 'ALIGN', 'CLOSE', 'CLOSE', 'CLOSE', 'CLOSE', 'CLOSE'] picks=3 places=2 hand0=[0.484, -0.067, 0.162] cup_xy0=[0.501, 0.002]
[close] e0 t=163 hand_z=0.162 dxy=0.269 stall=0.797
[s1] step=3100 stages=['CLOSE', 'CLOSE', 'DESCEND', 'CLOSE', 'IDLE', 'CLOSE', 'FAIL', 'CLOSE'] picks=3 places=2 hand0=[0.484, -0.067, 0.162] cup_xy0=[0.501, 0.002]
[close] e0 t=223 hand_z=0.162 dxy=0.270 stall=0.797
[s1] close-entry e2: hand=[0.502, 0.006, 0.186] cup_gt=[0.499, 0.004]
[s1] grasp-geom e3: hand-cup_xy=0.011 cup_gt=[0.51, -0.054, 0.02] vision_xy=[0.501, 0.001]
[s1] GRASP (drive stall) envs [3] stall=[0.695]
[lift] e3 t=5 cup_z=0.020 hand_z=0.199 stall=0.715
[close] e2 t=31 hand_z=0.208 dxy=0.027 stall=0.367
[lift] e3 t=25 cup_z=0.020 hand_z=0.200 stall=0.801
[lift] e3 t=45 cup_z=0.020 hand_z=0.251 stall=0.802
[s1] step=3200 stages=['IDLE', 'IDLE', 'CLOSE', 'LIFT', 'DESCEND', 'FAIL', 'DESCEND', 'FAIL'] picks=3 places=2 hand0=[0.482, -0.07, 0.16] cup_xy0=[0.501, 0.002]
[lift] e3 t=65 cup_z=0.020 hand_z=0.316 stall=0.802
[close] e2 t=91 hand_z=0.209 dxy=0.030 stall=0.393
[lift] e3 t=85 cup_z=0.020 hand_z=0.337 stall=0.802
[s1] acquire e0: vision=[0.501, 0.002] gt=[0.5, 0.0]
[lift] e3 t=105 cup_z=0.020 hand_z=0.344 stall=0.802
[lift] e3 t=125 cup_z=0.020 hand_z=0.345 stall=0.802
[s1] close-entry e4: hand=[0.447, -0.03, 0.192] cup_gt=[0.5, 0.0]
[close] e2 t=151 hand_z=0.209 dxy=0.030 stall=0.393
[lift] e3 t=145 cup_z=0.020 hand_z=0.349 stall=0.802
[s1] step=3300 stages=['DESCEND', 'DESCEND', 'CLOSE', 'LIFT', 'CLOSE', 'ALIGN', 'DESCEND', 'DESCEND'] picks=3 places=2 hand0=[0.445, 0.029, 0.257] cup_xy0=[0.501, 0.002]
[s1] close-entry e6: hand=[0.499, -0.006, 0.183] cup_gt=[0.508, -0.006]
[lift] e3 t=165 cup_z=0.020 hand_z=0.349 stall=0.802
[lift] e3 t=185 cup_z=0.020 hand_z=0.349 stall=0.802
[close] e2 t=211 hand_z=0.209 dxy=0.030 stall=0.393
[lift] e3 t=205 cup_z=0.020 hand_z=0.349 stall=0.802
[s1] close-entry e0: hand=[0.504, 0.008, 0.191] cup_gt=[0.501, -0.016]
[s1] close-entry e7: hand=[0.505, 0.005, 0.192] cup_gt=[0.499, -0.027]
[s1] close-entry e5: hand=[0.48, 0.001, 0.184] cup_gt=[0.514, -0.05]
[lift] e3 t=225 cup_z=0.020 hand_z=0.349 stall=0.802
[s1] close-entry e1: hand=[0.5, -0.004, 0.184] cup_gt=[0.502, -0.042]
[lift] e3 t=245 cup_z=0.020 hand_z=0.350 stall=0.802
[s1] step=3400 stages=['CLOSE', 'CLOSE', 'FAIL', 'LIFT', 'CLOSE', 'CLOSE', 'CLOSE', 'CLOSE'] picks=3 places=2 hand0=[0.496, -0.058, 0.173] cup_xy0=[0.501, 0.002]
[close] e0 t=57 hand_z=0.171 dxy=0.037 stall=0.801
[lift] e3 t=265 cup_z=0.020 hand_z=0.350 stall=0.802
[lift] e3 t=285 cup_z=0.020 hand_z=0.350 stall=0.802
[lift] e3 t=305 cup_z=0.020 hand_z=0.350 stall=0.802
[close] e0 t=117 hand_z=0.167 dxy=0.044 stall=0.800
[lift] e3 t=325 cup_z=0.020 hand_z=0.350 stall=0.802
[lift] e3 t=345 cup_z=0.020 hand_z=0.350 stall=0.802
[s1] step=3500 stages=['CLOSE', 'CLOSE', 'ALIGN', 'LIFT', 'CLOSE', 'CLOSE', 'CLOSE', 'CLOSE'] picks=3 places=2 hand0=[0.49, -0.077, 0.167] cup_xy0=[0.501, 0.002]
[lift] e3 t=365 cup_z=0.020 hand_z=0.350 stall=0.802
[close] e0 t=177 hand_z=0.167 dxy=0.047 stall=0.800
[lift] e3 t=385 cup_z=0.020 hand_z=0.350 stall=0.802
[s1] grasp-geom e6: hand-cup_xy=0.006 cup_gt=[0.482, 0.014, 0.028] vision_xy=[0.501, 0.001]
[s1] GRASP (drive stall) envs [6] stall=[0.492]
[lift] e6 t=3 cup_z=0.028 hand_z=0.169 stall=0.491
[lift] e6 t=23 cup_z=0.049 hand_z=0.189 stall=0.493
[s1] LIFTED envs [6] (physical, friction-held)
[s1] close-entry e2: hand=[0.485, -0.004, 0.191] cup_gt=[0.5, 0.0]
[close] e0 t=237 hand_z=0.167 dxy=0.048 stall=0.800
[s1] step=3600 stages=['CLOSE', 'CLOSE', 'CLOSE', 'FAIL', 'IDLE', 'CLOSE', 'CARRY', 'CLOSE'] picks=4 places=2 hand0=[0.49, -0.078, 0.167] cup_xy0=[0.501, 0.002]
[close] e2 t=61 hand_z=0.160 dxy=0.030 stall=0.402
[s1] step=3700 stages=['IDLE', 'IDLE', 'CLOSE', 'DESCEND', 'DESCEND', 'IDLE', 'PLACE', 'IDLE'] picks=4 places=2 hand0=[0.338, 0.045, 0.433] cup_xy0=[0.501, 0.002]
[close] e2 t=121 hand_z=0.160 dxy=0.030 stall=0.402
[s1] acquire e0: vision=[0.501, 0.001] gt=[0.5, 0.0]
[s1] close-entry e3: hand=[0.467, -0.011, 0.182] cup_gt=[0.5, -0.0]
[s1] close-entry e4: hand=[0.504, -0.0, 0.19] cup_gt=[0.507, 0.032]
[close] e2 t=181 hand_z=0.160 dxy=0.030 stall=0.402
[s1] step=3800 stages=['DESCEND', 'DESCEND', 'CLOSE', 'CLOSE', 'CLOSE', 'DESCEND', 'RELEASE', 'DESCEND'] picks=4 places=2 hand0=[0.502, 0.06, 0.231] cup_xy0=[0.501, 0.001]
[s1] close-entry e0: hand=[0.506, -0.001, 0.192] cup_gt=[0.5, -0.008]
[s1] close-entry e7: hand=[0.505, -0.003, 0.19] cup_gt=[0.498, -0.032]
[close] e0 t=7 hand_z=0.191 dxy=0.009 stall=0.506
[s1] close-entry e1: hand=[0.504, -0.003, 0.191] cup_gt=[0.494, 0.004]
[s1] close-entry e5: hand=[0.501, -0.004, 0.19] cup_gt=[0.49, -0.013]
[close] e0 t=67 hand_z=0.167 dxy=0.011 stall=0.491
[s1] step=3900 stages=['CLOSE', 'CLOSE', 'FAIL', 'CLOSE', 'CLOSE', 'CLOSE', 'DONE', 'CLOSE'] picks=4 places=2 hand0=[0.489, -0.046, 0.167] cup_xy0=[0.501, 0.001]
[close] e0 t=127 hand_z=0.167 dxy=0.011 stall=0.491
[s1] step=4000 stages=['CLOSE', 'CLOSE', 'DESCEND', 'CLOSE', 'CLOSE', 'CLOSE', 'ALIGN', 'CLOSE'] picks=4 places=2 hand0=[0.489, -0.046, 0.167] cup_xy0=[0.501, 0.001]
[close] e0 t=187 hand_z=0.167 dxy=0.011 stall=0.491
[s1] grasp-geom e0: hand-cup_xy=0.011 cup_gt=[0.48, -0.04, 0.02] vision_xy=[0.501, 0.001]
[s1] GRASP (drive stall) envs [0] stall=[0.491]
[close] e1 t=223 hand_z=0.144 dxy=1.632 stall=-0.000
[lift] e0 t=6 cup_z=0.020 hand_z=0.168 stall=0.494
[s1] close-entry e2: hand=[0.505, -0.004, 0.192] cup_gt=[0.505, -0.05]
[lift] e0 t=26 cup_z=0.026 hand_z=0.171 stall=0.499
[s1] step=4100 stages=['LIFT', 'FAIL', 'CLOSE', 'ALIGN', 'IDLE', 'CLOSE', 'DESCEND', 'FAIL'] picks=4 places=2 hand0=[0.44, -0.072, 0.171] cup_xy0=[0.501, 0.001]
[s1] close-entry e6: hand=[0.505, 0.003, 0.191] cup_gt=[0.514, -0.037]
[lift] e0 t=46 cup_z=0.081 hand_z=0.227 stall=0.499
[s1] LIFTED envs [0] (physical, friction-held)
[close] e2 t=56 hand_z=0.175 dxy=0.007 stall=0.404
[close] e2 t=116 hand_z=0.175 dxy=0.008 stall=0.404
[s1] step=4200 stages=['PLACE', 'IDLE', 'CLOSE', 'DESCEND', 'DESCEND', 'IDLE', 'CLOSE', 'ALIGN'] picks=5 places=2 hand0=[0.511, -0.165, 0.211] cup_xy0=[0.501, 0.001]
[s1] close-entry e3: hand=[0.506, 0.006, 0.188] cup_gt=[0.513, -0.028]
[s1] close-entry e4: hand=[0.504, -0.005, 0.191] cup_gt=[0.482, -0.022]
[close] e2 t=176 hand_z=0.175 dxy=0.007 stall=0.404
[s1] PLACED envs [0] (full physical pick-move-place)
[rec] episode 3/40 saved (len=281, env=0)
[s1] step=4300 stages=['DONE', 'DESCEND', 'CLOSE', 'CLOSE', 'CLOSE', 'DESCEND', 'CLOSE', 'DESCEND'] picks=5 places=3 hand0=[0.48, -0.187, 0.158] cup_xy0=[0.501, 0.001]
[s1] close-entry e7: hand=[0.505, 0.005, 0.191] cup_gt=[0.502, -0.021]
[s1] close-entry e1: hand=[0.501, -0.006, 0.19] cup_gt=[0.492, -0.019]
[close] e1 t=14 hand_z=0.160 dxy=0.016 stall=0.270
[s1] close-entry e5: hand=[0.5, 0.009, 0.188] cup_gt=[0.617, -0.066]
[close] e1 t=74 hand_z=0.158 dxy=0.014 stall=0.354
[s1] step=4400 stages=['IDLE', 'CLOSE', 'IDLE', 'CLOSE', 'CLOSE', 'CLOSE', 'FAIL', 'CLOSE'] picks=5 places=3 hand0=[0.308, 0.028, 0.593] cup_xy0=[0.501, 0.001]
[s1] acquire e0: vision=[0.501, 0.002] gt=[0.5, -0.0]
[close] e1 t=134 hand_z=0.158 dxy=0.014 stall=0.355
[close] e1 t=194 hand_z=0.158 dxy=0.014 stall=0.356
[s1] step=4500 stages=['DESCEND', 'CLOSE', 'DESCEND', 'FAIL', 'FAIL', 'CLOSE', 'DESCEND', 'CLOSE'] picks=5 places=3 hand0=[0.504, 0.044, 0.206] cup_xy0=[0.501, 0.002]
[s1] close-entry e0: hand=[0.504, 0.003, 0.191] cup_gt=[0.497, -0.003]
[s1] close-entry e2: hand=[0.506, 0.005, 0.189] cup_gt=[0.496, -0.008]
[close] e0 t=45 hand_z=0.123 dxy=0.311 stall=-0.180
[s1] close-entry e6: hand=[0.504, 0.001, 0.19] cup_gt=[0.54, -0.023]
[s1] step=4600 stages=['CLOSE', 'FAIL', 'CLOSE', 'ALIGN', 'IDLE', 'CLOSE', 'CLOSE', 'FAIL'] picks=5 places=3 hand0=[0.435, -0.058, 0.123] cup_xy0=[0.501, 0.002]
[close] e0 t=105 hand_z=0.122 dxy=0.600 stall=0.122
[close] e0 t=165 hand_z=0.120 dxy=0.634 stall=-0.070
[s1] step=4700 stages=['CLOSE', 'DESCEND', 'CLOSE', 'DESCEND', 'DESCEND', 'ALIGN', 'CLOSE', 'DESCEND'] picks=5 places=3 hand0=[0.426, -0.052, 0.119] cup_xy0=[0.501, 0.002]
[s1] close-entry e4: hand=[0.438, -0.019, 0.19] cup_gt=[0.429, -0.011]
[s1] close-entry e3: hand=[0.502, 0.008, 0.188] cup_gt=[0.474, -0.031]
[close] e0 t=225 hand_z=0.118 dxy=0.638 stall=-0.020
[s1] close-entry e1: hand=[0.501, -0.001, 0.191] cup_gt=[0.497, -0.048]
[s1] close-entry e7: hand=[0.506, 0.003, 0.192] cup_gt=[0.5, -0.017]
[close] e1 t=43 hand_z=0.177 dxy=0.010 stall=0.367
[s1] step=4800 stages=['FAIL', 'CLOSE', 'FAIL', 'CLOSE', 'CLOSE', 'DESCEND', 'CLOSE', 'CLOSE'] picks=5 places=3 hand0=[0.426, -0.053, 0.119] cup_xy0=[0.501, 0.002]
[s1] close-entry e5: hand=[0.502, 0.009, 0.19] cup_gt=[0.485, -0.036]
[close] e1 t=103 hand_z=0.166 dxy=0.011 stall=0.382
[s1] step=4900 stages=['IDLE', 'CLOSE', 'IDLE', 'CLOSE', 'CLOSE', 'CLOSE', 'IDLE', 'CLOSE'] picks=5 places=3 hand0=[0.36, -0.105, 0.477] cup_xy0=[0.501, 0.002]
[close] e1 t=163 hand_z=0.166 dxy=0.011 stall=0.382
[s1] acquire e0: vision=[0.501, 0.001] gt=[0.5, 0.0]
[close] e1 t=223 hand_z=0.166 dxy=0.011 stall=0.382
[s1] step=5000 stages=['DESCEND', 'FAIL', 'DESCEND', 'FAIL', 'FAIL', 'CLOSE', 'DESCEND', 'CLOSE'] picks=5 places=3 hand0=[0.501, -0.018, 0.195] cup_xy0=[0.501, 0.001]
[close] e5 t=202 hand_z=0.171 dxy=0.043 stall=0.403
[s1] close-entry e2: hand=[0.499, -0.001, 0.183] cup_gt=[0.5, 0.0]
[s1] close-entry e0: hand=[0.501, 0.004, 0.19] cup_gt=[0.529, 0.009]
[s1] close-entry e6: hand=[0.505, 0.003, 0.191] cup_gt=[0.499, -0.005]
[close] e0 t=55 hand_z=0.164 dxy=0.022 stall=0.496
[s1] step=5100 stages=['CLOSE', 'IDLE', 'CLOSE', 'IDLE', 'DESCEND', 'FAIL', 'CLOSE', 'IDLE'] picks=5 places=3 hand0=[0.486, 0.024, 0.164] cup_xy0=[0.501, 0.001]
[close] e0 t=115 hand_z=0.164 dxy=0.022 stall=0.496
[s1] close-entry e4: hand=[0.505, -0.003, 0.192] cup_gt=[0.459, -0.03]
[s1] step=5200 stages=['CLOSE', 'DESCEND', 'CLOSE', 'DESCEND', 'CLOSE', 'ALIGN', 'CLOSE', 'DESCEND'] picks=5 places=3 hand0=[0.486, 0.024, 0.164] cup_xy0=[0.501, 0.001]
[close] e0 t=175 hand_z=0.164 dxy=0.022 stall=0.496
[s1] close-entry e7: hand=[0.505, 0.009, 0.192] cup_gt=[0.498, -0.013]
[s1] close-entry e1: hand=[0.503, 0.009, 0.191] cup_gt=[0.501, -0.002]
[close] e0 t=235 hand_z=0.164 dxy=0.022 stall=0.496
[s1] close-entry e3: hand=[0.457, -0.034, 0.191] cup_gt=[0.5, 0.0]
[s1] grasp-geom e0: hand-cup_xy=0.022 cup_gt=[0.507, 0.03, 0.02] vision_xy=[0.501, 0.001]
[s1] grasp-geom e6: hand-cup_xy=0.018 cup_gt=[0.472, -0.05, 0.02] vision_xy=[0.501, 0.002]
[s1] GRASP (drive stall) envs [0, 6] stall=[0.496, 0.491]
[lift] e0 t=14 cup_z=0.021 hand_z=0.167 stall=0.499
[s1] step=5300 stages=['LIFT', 'CLOSE', 'FAIL', 'CLOSE', 'CLOSE', 'DESCEND', 'LIFT', 'CLOSE'] picks=5 places=3 hand0=[0.467, 0.029, 0.167] cup_xy0=[0.501, 0.001]
[lift] e0 t=34 cup_z=0.058 hand_z=0.204 stall=0.501
[s1] close-entry e5: hand=[0.498, -0.004, 0.182] cup_gt=[0.46, -0.027]
[s1] LIFTED envs [0] (physical, friction-held)
[s1] LIFTED envs [6] (physical, friction-held)
[close] e1 t=95 hand_z=0.172 dxy=0.009 stall=0.414
[close] e1 t=155 hand_z=0.172 dxy=0.009 stall=0.414
[s1] step=5400 stages=['CARRY', 'CLOSE', 'ALIGN', 'CLOSE', 'CLOSE', 'CLOSE', 'PLACE', 'CLOSE'] picks=7 places=3 hand0=[0.509, -0.111, 0.362] cup_xy0=[0.501, 0.001]
[close] e1 t=215 hand_z=0.172 dxy=0.009 stall=0.414
[s1] PLACED envs [6] (full physical pick-move-place)
[rec] episode 4/40 saved (len=280, env=6)
[s1] step=5500 stages=['PLACE', 'FAIL', 'DESCEND', 'CLOSE', 'IDLE', 'CLOSE', 'DONE', 'FAIL'] picks=7 places=4 hand0=[0.426, -0.231, 0.18] cup_xy0=[0.501, 0.001]
[s1] close-entry e2: hand=[0.482, 0.014, 0.191] cup_gt=[0.5, 0.001]
[close] e2 t=15 hand_z=0.182 dxy=0.009 stall=0.322
[close] e2 t=75 hand_z=0.170 dxy=0.009 stall=0.421
[s1] step=5600 stages=['RELEASE', 'ALIGN', 'CLOSE', 'IDLE', 'DESCEND', 'FAIL', 'IDLE', 'ALIGN'] picks=7 places=4 hand0=[0.471, -0.221, 0.174] cup_xy0=[0.501, 0.001]
[s1] PLACED envs [0] (full physical pick-move-place)
[rec] episode 5/40 saved (len=344, env=0)
[close] e2 t=135 hand_z=0.170 dxy=0.009 stall=0.421
[s1] close-entry e4: hand=[0.502, -0.005, 0.191] cup_gt=[0.505, 0.007]
[close] e2 t=195 hand_z=0.170 dxy=0.009 stall=0.421
[s1] step=5700 stages=['IDLE', 'DESCEND', 'CLOSE', 'ALIGN', 'CLOSE', 'ALIGN', 'DESCEND', 'DESCEND'] picks=7 places=5 hand0=[0.322, -0.036, 0.23] cup_xy0=[0.501, 0.001]
[s1] close-entry e1: hand=[0.504, 0.009, 0.19] cup_gt=[0.469, 0.025]
[s1] close-entry e6: hand=[0.502, 0.002, 0.192] cup_gt=[0.495, -0.033]
[s1] acquire e0: vision=[0.502, 0.002] gt=[0.5, 0.0]
[s1] close-entry e7: hand=[0.493, 0.03, 0.182] cup_gt=[0.486, 0.031]
[close] e1 t=45 hand_z=0.208 dxy=0.076 stall=0.392
[s1] close-entry e5: hand=[0.505, -0.004, 0.19] cup_gt=[0.498, 0.003]
[s1] close-entry e3: hand=[0.488, -0.003, 0.186] cup_gt=[0.495, 0.004]
[s1] step=5800 stages=['DESCEND', 'CLOSE', 'FAIL', 'CLOSE', 'CLOSE', 'CLOSE', 'CLOSE', 'CLOSE'] picks=7 places=5 hand0=[0.458, -0.005, 0.278] cup_xy0=[0.502, 0.002]
[close] e1 t=105 hand_z=0.208 dxy=0.078 stall=0.392
[s1] close-entry e0: hand=[0.505, 0.003, 0.192] cup_gt=[0.501, 0.029]
[close] e0 t=5 hand_z=0.188 dxy=0.025 stall=0.557
[s1] step=5900 stages=['CLOSE', 'CLOSE', 'ALIGN', 'CLOSE', 'FAIL', 'CLOSE', 'CLOSE', 'CLOSE'] picks=7 places=5 hand0=[0.502, 0.059, 0.179] cup_xy0=[0.502, 0.002]
[close] e0 t=65 hand_z=0.164 dxy=0.037 stall=0.790
[s1] grasp-geom e7: hand-cup_xy=0.007 cup_gt=[0.514, 0.053, 0.057] vision_xy=[0.497, 0.029]
[s1] GRASP (drive stall) envs [7] stall=[0.5]
[lift] e7 t=1 cup_z=0.057 hand_z=0.213 stall=0.500
[s1] close-entry e2: hand=[0.5, -0.002, 0.185] cup_gt=[0.513, -0.049]
[close] e0 t=125 hand_z=0.162 dxy=0.039 stall=0.800
[lift] e7 t=21 cup_z=0.064 hand_z=0.219 stall=0.502
[s1] step=6000 stages=['CLOSE', 'FAIL', 'CLOSE', 'CLOSE', 'ALIGN', 'CLOSE', 'FAIL', 'LIFT'] picks=7 places=5 hand0=[0.486, 0.081, 0.162] cup_xy0=[0.502, 0.002]
[s1] grasp-geom e5: hand-cup_xy=0.005 cup_gt=[0.484, 0.064, 0.02] vision_xy=[0.501, 0.002]
[s1] GRASP (drive stall) envs [5] stall=[0.498]
[s1] LIFTED envs [7] (physical, friction-held)
[lift] e5 t=9 cup_z=0.020 hand_z=0.161 stall=0.498
[lift] e5 t=29 cup_z=0.037 hand_z=0.176 stall=0.499
[s1] LIFTED envs [5] (physical, friction-held)
[close] e0 t=185 hand_z=0.162 dxy=0.040 stall=0.800
[s1] step=6100 stages=['CLOSE', 'DESCEND', 'CLOSE', 'IDLE', 'DESCEND', 'CARRY', 'ALIGN', 'CARRY'] picks=9 places=5 hand0=[0.486, 0.081, 0.162] cup_xy0=[0.502, 0.002]
[s1] close-entry e4: hand=[0.501, 0.005, 0.189] cup_gt=[0.491, -0.011]
[close] e2 t=137 hand_z=0.163 dxy=0.088 stall=0.407
[s1] close-entry e1: hand=[0.482, -0.004, 0.19] cup_gt=[0.5, 0.0]
[close] e1 t=21 hand_z=0.168 dxy=0.041 stall=0.338
[s1] close-entry e6: hand=[0.505, -0.0, 0.191] cup_gt=[0.499, -0.033]
[s1] close-entry e3: hand=[0.484, -0.006, 0.189] cup_gt=[0.507, -0.002]
[s1] step=6200 stages=['IDLE', 'CLOSE', 'CLOSE', 'CLOSE', 'CLOSE', 'CARRY', 'CLOSE', 'CARRY'] picks=9 places=5 hand0=[0.312, 0.036, 0.232] cup_xy0=[0.502, 0.002]
[s1] acquire e0: vision=[0.501, 0.001] gt=[0.5, 0.0]
[close] e1 t=81 hand_z=0.164 dxy=0.051 stall=0.425
[close] e1 t=141 hand_z=0.164 dxy=0.051 stall=0.425
[s1] step=6300 stages=['DESCEND', 'CLOSE', 'IDLE', 'CLOSE', 'CLOSE', 'CARRY', 'CLOSE', 'CARRY'] picks=9 places=5 hand0=[0.484, 0.03, 0.301] cup_xy0=[0.501, 0.001]
[close] e1 t=201 hand_z=0.164 dxy=0.051 stall=0.425
[s1] close-entry e0: hand=[0.501, 0.008, 0.187] cup_gt=[0.492, -0.002]
[s1] step=6400 stages=['CLOSE', 'CLOSE', 'DESCEND', 'CLOSE', 'FAIL', 'PLACE', 'CLOSE', 'CARRY'] picks=9 places=5 hand0=[0.455, -0.06, 0.151] cup_xy0=[0.501, 0.001]
[close] e0 t=50 hand_z=0.131 dxy=0.467 stall=0.618
[close] e0 t=110 hand_z=0.129 dxy=0.678 stall=0.017
[s1] step=6500 stages=['CLOSE', 'ALIGN', 'DESCEND', 'IDLE', 'ALIGN', 'PLACE', 'IDLE', 'IDLE'] picks=9 places=5 hand0=[0.437, -0.053, 0.13] cup_xy0=[0.501, 0.001]
[s1] close-entry e2: hand=[0.501, -0.005, 0.189] cup_gt=[0.472, -0.02]
[close] e0 t=170 hand_z=0.131 dxy=0.709 stall=0.032
[close] e0 t=230 hand_z=0.130 dxy=0.712 stall=-0.004
[s1] step=6600 stages=['CLOSE', 'DESCEND', 'CLOSE', 'DESCEND', 'DESCEND', 'PLACE', 'DESCEND', 'ALIGN'] picks=9 places=5 hand0=[0.437, -0.054, 0.13] cup_xy0=[0.501, 0.001]
[s1] close-entry e1: hand=[0.504, 0.002, 0.19] cup_gt=[0.511, -0.049]
[close] e1 t=11 hand_z=0.187 dxy=0.022 stall=0.278
[s1] close-entry e3: hand=[0.501, 0.001, 0.185] cup_gt=[0.565, 0.121]
[s1] close-entry e6: hand=[0.498, 0.004, 0.183] cup_gt=[0.491, 0.007]
[s1] step=6700 stages=['IDLE', 'CLOSE', 'CLOSE', 'CLOSE', 'DESCEND', 'FAIL', 'CLOSE', 'DESCEND'] picks=9 places=5 hand0=[0.584, 0.179, 0.111] cup_xy0=[0.501, 0.001]
[close] e1 t=71 hand_z=0.178 dxy=0.016 stall=0.378
[s1] close-entry e4: hand=[0.501, 0.009, 0.188] cup_gt=[0.662, 0.06]
[close] e1 t=131 hand_z=0.178 dxy=0.016 stall=0.378
[s1] step=6800 stages=['IDLE', 'CLOSE', 'FAIL', 'CLOSE', 'CLOSE', 'IDLE', 'CLOSE', 'DESCEND'] picks=9 places=5 hand0=[-0.03, -0.284, 0.893] cup_xy0=[0.501, 0.001]
[close] e1 t=191 hand_z=0.178 dxy=0.016 stall=0.378
[close] e3 t=239 hand_z=0.219 dxy=0.125 stall=0.407
[s1] step=6900 stages=['IDLE', 'FAIL', 'ALIGN', 'CLOSE', 'CLOSE', 'DESCEND', 'CLOSE', 'DESCEND'] picks=9 places=5 hand0=[0.088, 0.0, 0.926] cup_xy0=[0.501, 0.001]
[s1] grasp-geom e6: hand-cup_xy=0.010 cup_gt=[0.53, 0.047, 0.079] vision_xy=[0.501, 0.001]
[s1] GRASP (drive stall) envs [6] stall=[0.492]
[s1] close-entry e5: hand=[0.465, 0.006, 0.191] cup_gt=[0.5, 0.0]
[lift] e6 t=18 cup_z=0.082 hand_z=0.226 stall=0.493
[s1] LIFTED envs [6] (physical, friction-held)
[close] e4 t=225 hand_z=0.199 dxy=0.294 stall=0.421
[s1] close-entry e2: hand=[0.502, 0.003, 0.183] cup_gt=[0.514, -0.05]
[s1] step=7000 stages=['FAIL', 'ALIGN', 'CLOSE', 'ALIGN', 'FAIL', 'CLOSE', 'CARRY', 'DESCEND'] picks=10 places=5 hand0=[0.077, 0.0, 0.372] cup_xy0=[0.501, 0.001]
[close] e2 t=33 hand_z=0.166 dxy=0.231 stall=0.385
[close] e2 t=93 hand_z=0.166 dxy=0.333 stall=0.390
[s1] step=7100 stages=['IDLE', 'DESCEND', 'CLOSE', 'DESCEND', 'ALIGN', 'CLOSE', 'CARRY', 'IDLE'] picks=10 places=5 hand0=[0.274, 0.0, 0.449] cup_xy0=[0.501, 0.001]
[s1] close-entry e1: hand=[0.503, 0.005, 0.186] cup_gt=[0.494, -0.006]
[s1] close-entry e3: hand=[0.5, 0.01, 0.19] cup_gt=[0.488, -0.011]
[close] e1 t=40 hand_z=0.155 dxy=0.015 stall=0.287
[close] e1 t=100 hand_z=0.150 dxy=0.039 stall=0.159
[s1] step=7200 stages=['IDLE', 'CLOSE', 'CLOSE', 'CLOSE', 'ALIGN', 'FAIL', 'CARRY', 'DESCEND'] picks=10 places=5 hand0=[0.359, 0.0, 0.643] cup_xy0=[0.501, 0.001]
[close] e1 t=160 hand_z=0.150 dxy=0.050 stall=0.184
[s1] step=7300 stages=['IDLE', 'CLOSE', 'IDLE', 'CLOSE', 'ALIGN', 'IDLE', 'CARRY', 'DESCEND'] picks=10 places=5 hand0=[0.183, 0.0, 0.391] cup_xy0=[0.501, 0.001]
[close] e1 t=220 hand_z=0.150 dxy=0.055 stall=0.183
[s1] close-entry e7: hand=[0.501, 0.01, 0.186] cup_gt=[0.489, -0.04]
[close] e7 t=26 hand_z=0.189 dxy=0.044 stall=0.381
[s1] step=7400 stages=['IDLE', 'FAIL', 'DESCEND', 'FAIL', 'ALIGN', 'DESCEND', 'PLACE', 'CLOSE'] picks=10 places=5 hand0=[-0.018, 0.0, 0.907] cup_xy0=[0.501, 0.001]
[s1] close-entry e5: hand=[0.456, -0.015, 0.192] cup_gt=[0.5, 0.0]
[close] e5 t=3 hand_z=0.191 dxy=0.047 stall=0.236
[s1] close-entry e2: hand=[0.504, -0.005, 0.192] cup_gt=[0.45, -0.028]
[close] e2 t=29 hand_z=0.201 dxy=0.109 stall=0.379
[s1] step=7500 stages=['IDLE', 'ALIGN', 'CLOSE', 'DESCEND', 'FAIL', 'CLOSE', 'PLACE', 'CLOSE'] picks=10 places=5 hand0=[-0.188, 0.0, 0.708] cup_xy0=[0.501, 0.001]
[s1] close-entry e3: hand=[0.478, 0.015, 0.188] cup_gt=[0.499, -0.002]
[close] e2 t=89 hand_z=0.202 dxy=0.121 stall=0.412
[s1] step=7600 stages=['IDLE', 'DESCEND', 'CLOSE', 'CLOSE', 'IDLE', 'CLOSE', 'PLACE', 'FAIL'] picks=10 places=5 hand0=[-0.188, 0.0, 0.708] cup_xy0=[0.501, 0.001]
[s1] close-entry e1: hand=[0.499, 0.001, 0.183] cup_gt=[0.5, 0.0]
[close] e1 t=12 hand_z=0.195 dxy=0.019 stall=0.279
[close] e1 t=72 hand_z=0.202 dxy=0.021 stall=0.410
[s1] step=7700 stages=['FAIL', 'CLOSE', 'CLOSE', 'CLOSE', 'DESCEND', 'FAIL', 'FAIL', 'IDLE'] picks=10 places=5 hand0=[0.158, 0.0, 0.382] cup_xy0=[0.501, 0.001]
[close] e1 t=132 hand_z=0.202 dxy=0.021 stall=0.410
[s1] close-entry e4: hand=[0.476, 0.01, 0.192] cup_gt=[0.499, -0.006]
[close] e1 t=192 hand_z=0.201 dxy=0.020 stall=0.410
[s1] step=7800 stages=['IDLE', 'CLOSE', 'IDLE', 'FAIL', 'CLOSE', 'ALIGN', 'ALIGN', 'IDLE'] picks=10 places=5 hand0=[-0.128, 0.0, 0.829] cup_xy0=[0.501, 0.001]
[close] e4 t=116 hand_z=0.160 dxy=0.003 stall=0.381
[s1] close-entry e6: hand=[0.431, 0.025, 0.191] cup_gt=[0.5, 0.0]
[s1] step=7900 stages=['IDLE', 'FAIL', 'DESCEND', 'ALIGN', 'CLOSE', 'DESCEND', 'CLOSE', 'IDLE'] picks=10 places=5 hand0=[0.131, 0.0, 0.376] cup_xy0=[0.501, 0.001]
[close] e4 t=176 hand_z=0.160 dxy=0.003 stall=0.381
[s1] close-entry e5: hand=[0.47, -0.025, 0.188] cup_gt=[0.496, 0.006]
[s1] close-entry e2: hand=[0.495, 0.005, 0.182] cup_gt=[0.553, 0.17]
[close] e2 t=34 hand_z=0.177 dxy=0.288 stall=0.364
[s1] step=8000 stages=['IDLE', 'DESCEND', 'CLOSE', 'DESCEND', 'FAIL', 'CLOSE', 'CLOSE', 'DESCEND'] picks=10 places=5 hand0=[0.208, 0.0, 0.402] cup_xy0=[0.501, 0.001]
[s1] close-entry e3: hand=[0.503, 0.004, 0.185] cup_gt=[0.516, -0.046]
[s1] close-entry e7: hand=[0.492, -0.003, 0.182] cup_gt=[0.518, -0.051]
[close] e2 t=94 hand_z=0.177 dxy=0.317 stall=0.364
[s1] close-entry e1: hand=[0.491, 0.005, 0.19] cup_gt=[0.577, -0.088]
[close] e1 t=25 hand_z=0.170 dxy=0.201 stall=0.363
[s1] step=8100 stages=['FAIL', 'CLOSE', 'CLOSE', 'CLOSE', 'ALIGN', 'CLOSE', 'CLOSE', 'CLOSE'] picks=10 places=5 hand0=[0.22, 0.0, 0.409] cup_xy0=[0.501, 0.001]
[close] e1 t=85 hand_z=0.168 dxy=0.230 stall=0.412
[s1] step=8200 stages=['IDLE', 'CLOSE', 'FAIL', 'CLOSE', 'DESCEND', 'FAIL', 'IDLE', 'CLOSE'] picks=10 places=5 hand0=[0.329, 0.0, 0.775] cup_xy0=[0.501, 0.001]
[close] e1 t=145 hand_z=0.167 dxy=0.233 stall=0.412
[s1] close-entry e4: hand=[0.503, -0.003, 0.189] cup_gt=[0.525, -0.039]
[close] e1 t=205 hand_z=0.167 dxy=0.234 stall=0.412
[s1] step=8300 stages=['IDLE', 'CLOSE', 'ALIGN', 'FAIL', 'CLOSE', 'ALIGN', 'IDLE', 'FAIL'] picks=10 places=5 hand0=[0.306, 0.0, 0.18] cup_xy0=[0.501, 0.001]
[close] e4 t=99 hand_z=0.194 dxy=0.087 stall=0.397
[close] e4 t=159 hand_z=0.194 dxy=0.087 stall=0.397
[s1] step=8400 stages=['IDLE', 'IDLE', 'DESCEND', 'DESCEND', 'CLOSE', 'DESCEND', 'IDLE', 'ALIGN'] picks=10 places=5 hand0=[0.277, 0.0, 0.452] cup_xy0=[0.501, 0.001]
[s1] close-entry e5: hand=[0.505, -0.002, 0.192] cup_gt=[0.508, 0.002]
[s1] close-entry e2: hand=[0.501, 0.004, 0.184] cup_gt=[0.521, 0.054]
[s1] close-entry e3: hand=[0.496, -0.004, 0.183] cup_gt=[0.508, 0.009]
[close] e2 t=33 hand_z=0.207 dxy=0.065 stall=0.388
[s1] step=8500 stages=['IDLE', 'DESCEND', 'CLOSE', 'CLOSE', 'FAIL', 'CLOSE', 'FAIL', 'DESCEND'] picks=10 places=5 hand0=[0.343, 0.0, 0.555] cup_xy0=[0.501, 0.001]
[s1] close-entry e7: hand=[0.502, 0.008, 0.184] cup_gt=[0.508, -0.039]
[close] e2 t=93 hand_z=0.209 dxy=0.093 stall=0.419
[close] e2 t=153 hand_z=0.209 dxy=0.097 stall=0.419
[s1] step=8600 stages=['IDLE', 'DESCEND', 'CLOSE', 'CLOSE', 'IDLE', 'CLOSE', 'IDLE', 'CLOSE'] picks=10 places=5 hand0=[-0.353, -0.0, 0.832] cup_xy0=[0.501, 0.001]
[close] e2 t=213 hand_z=0.209 dxy=0.097 stall=0.419
[s1] close-entry e1: hand=[0.504, -0.006, 0.191] cup_gt=[0.491, 0.027]
[s1] acquire e0: vision=[0.501, 0.002] gt=[0.5, 0.0]
[s1] close-entry e4: hand=[0.503, -0.006, 0.191] cup_gt=[0.5, 0.002]
[close] e1 t=52 hand_z=0.160 dxy=0.062 stall=0.397
[s1] step=8700 stages=['ALIGN', 'CLOSE', 'FAIL', 'FAIL', 'CLOSE', 'FAIL', 'IDLE', 'CLOSE'] picks=10 places=5 hand0=[-0.206, 0.0, 1.082] cup_xy0=[0.501, 0.002]
[close] e1 t=112 hand_z=0.160 dxy=0.063 stall=0.397
[s1] step=8800 stages=['ALIGN', 'CLOSE', 'ALIGN', 'ALIGN', 'CLOSE', 'ALIGN', 'IDLE', 'FAIL'] picks=10 places=5 hand0=[-0.045, 0.0, 0.145] cup_xy0=[0.501, 0.002]
[close] e1 t=172 hand_z=0.160 dxy=0.063 stall=0.397
[close] e1 t=232 hand_z=0.160 dxy=0.063 stall=0.397
[s1] close-entry e3: hand=[0.498, 0.001, 0.191] cup_gt=[0.496, -0.012]
[s1] step=8900 stages=['ALIGN', 'FAIL', 'DESCEND', 'CLOSE', 'CLOSE', 'DESCEND', 'FAIL', 'DESCEND'] picks=10 places=5 hand0=[-0.229, 0.0, 0.811] cup_xy0=[0.501, 0.002]
[s1] close-entry e2: hand=[0.503, -0.003, 0.19] cup_gt=[0.5, 0.0]
[s1] close-entry e5: hand=[0.5, 0.004, 0.185] cup_gt=[0.499, -0.0]
[close] e2 t=40 hand_z=0.159 dxy=0.022 stall=0.378
[s1] close-entry e7: hand=[0.504, 0.009, 0.191] cup_gt=[0.494, -0.011]
[close] e2 t=100 hand_z=0.159 dxy=0.023 stall=0.380
[s1] step=9000 stages=['ALIGN', 'ALIGN', 'CLOSE', 'CLOSE', 'IDLE', 'CLOSE', 'IDLE', 'CLOSE'] picks=10 places=5 hand0=[-0.032, 0.0, 0.292] cup_xy0=[0.501, 0.002]
[close] e2 t=160 hand_z=0.159 dxy=0.023 stall=0.376
[s1] step=9100 stages=['FAIL', 'DESCEND', 'CLOSE', 'CLOSE', 'IDLE', 'CLOSE', 'IDLE', 'CLOSE'] picks=10 places=5 hand0=[-0.023, 0.0, 0.407] cup_xy0=[0.501, 0.002]
[close] e2 t=220 hand_z=0.159 dxy=0.023 stall=0.377
[s1] close-entry e1: hand=[0.505, 0.003, 0.191] cup_gt=[0.501, -0.049]
[close] e1 t=41 hand_z=0.172 dxy=0.005 stall=0.383
[s1] step=9200 stages=['IDLE', 'CLOSE', 'FAIL', 'IDLE', 'ALIGN', 'FAIL', 'IDLE', 'CLOSE'] picks=10 places=5 hand0=[-0.019, 0.0, 0.405] cup_xy0=[0.501, 0.002]
[close] e1 t=101 hand_z=0.172 dxy=0.005 stall=0.384
[close] e1 t=161 hand_z=0.172 dxy=0.005 stall=0.384
[s1] step=9300 stages=['IDLE', 'CLOSE', 'ALIGN', 'DESCEND', 'ALIGN', 'DESCEND', 'IDLE', 'IDLE'] picks=10 places=5 hand0=[0.082, 0.0, 0.298] cup_xy0=[0.501, 0.002]
[s1] close-entry e5: hand=[0.481, -0.002, 0.191] cup_gt=[0.5, 0.0]
[close] e1 t=221 hand_z=0.172 dxy=0.005 stall=0.384
[s1] close-entry e3: hand=[0.503, -0.0, 0.191] cup_gt=[0.486, 0.046]
[s1] step=9400 stages=['IDLE', 'FAIL', 'DESCEND', 'CLOSE', 'ALIGN', 'CLOSE', 'IDLE', 'ALIGN'] picks=10 places=5 hand0=[-0.179, 0.0, 0.684] cup_xy0=[0.501, 0.002]
[close] e3 t=53 hand_z=0.158 dxy=0.081 stall=0.367
[s1] close-entry e2: hand=[0.472, 0.009, 0.192] cup_gt=[0.504, 0.034]
[close] e2 t=60 hand_z=0.172 dxy=0.056 stall=0.413
[s1] step=9500 stages=['FAIL', 'ALIGN', 'CLOSE', 'CLOSE', 'ALIGN', 'CLOSE', 'IDLE', 'DESCEND'] picks=10 places=5 hand0=[-0.289, 0.0, 0.694] cup_xy0=[0.501, 0.002]
[close] e2 t=120 hand_z=0.172 dxy=0.055 stall=0.413
[s1] close-entry e7: hand=[0.495, 0.001, 0.185] cup_gt=[0.486, 0.012]
[s1] close-entry e1: hand=[0.506, 0.007, 0.189] cup_gt=[0.494, -0.009]
[close] e1 t=13 hand_z=0.162 dxy=0.084 stall=0.284
[s1] step=9600 stages=['IDLE', 'CLOSE', 'CLOSE', 'CLOSE', 'FAIL', 'FAIL', 'FAIL', 'CLOSE'] picks=10 places=5 hand0=[0.057, 0.0, 0.925] cup_xy0=[0.501, 0.002]
[close] e1 t=73 hand_z=0.158 dxy=0.241 stall=0.372
[s1] step=9700 stages=['IDLE', 'CLOSE', 'FAIL', 'ALIGN', 'ALIGN', 'ALIGN', 'IDLE', 'CLOSE'] picks=10 places=5 hand0=[-0.23, 0.0, 0.907] cup_xy0=[0.501, 0.002]
[close] e1 t=133 hand_z=0.158 dxy=0.262 stall=0.373
[close] e1 t=193 hand_z=0.158 dxy=0.265 stall=0.373
[s1] step=9800 stages=['IDLE', 'CLOSE', 'ALIGN', 'DESCEND', 'DESCEND', 'DESCEND', 'IDLE', 'CLOSE'] picks=10 places=5 hand0=[0.56, 0.0, 0.416] cup_xy0=[0.501, 0.002]
[s1] close-entry e4: hand=[0.503, 0.002, 0.192] cup_gt=[0.492, -0.012]
[s1] close-entry e5: hand=[0.504, -0.001, 0.191] cup_gt=[0.519, -0.022]
[close] e4 t=38 hand_z=0.165 dxy=0.027 stall=0.355
[s1] close-entry e3: hand=[0.505, -0.004, 0.191] cup_gt=[0.509, 0.044]
[close] e3 t=47 hand_z=0.189 dxy=0.012 stall=0.397
[s1] step=9900 stages=['IDLE', 'IDLE', 'DESCEND', 'CLOSE', 'CLOSE', 'CLOSE', 'IDLE', 'IDLE'] picks=10 places=5 hand0=[0.306, 0.0, 0.167] cup_xy0=[0.501, 0.002]
[s1] close-entry e2: hand=[0.501, -0.001, 0.184] cup_gt=[0.516, 0.053]
[close] e2 t=28 hand_z=0.186 dxy=0.038 stall=0.367
[s1] step=10000 stages=['IDLE', 'ALIGN', 'CLOSE', 'CLOSE', 'CLOSE', 'CLOSE', 'IDLE', 'DESCEND'] picks=10 places=5 hand0=[0.593, 0.0, 0.778] cup_xy0=[0.501, 0.002]
[close] e2 t=88 hand_z=0.188 dxy=0.048 stall=0.438
[s1] close-entry e7: hand=[0.559, 0.18, 0.188] cup_gt=[0.564, 0.205]
[close] e2 t=148 hand_z=0.188 dxy=0.059 stall=0.438
[s1] close-entry e1: hand=[0.5, 0.001, 0.183] cup_gt=[0.5, 0.001]
[s1] step=10100 stages=['IDLE', 'CLOSE', 'CLOSE', 'FAIL', 'FAIL', 'FAIL', 'IDLE', 'CLOSE'] picks=10 places=5 hand0=[-0.017, 0.0, 0.132] cup_xy0=[0.501, 0.002]
[close] e1 t=46 hand_z=0.204 dxy=0.024 stall=0.395
[close] e1 t=106 hand_z=0.205 dxy=0.024 stall=0.395
[s1] step=10200 stages=['FAIL', 'CLOSE', 'FAIL', 'ALIGN', 'DESCEND', 'ALIGN', 'IDLE', 'CLOSE'] picks=10 places=5 hand0=[0.483, 0.0, 0.588] cup_xy0=[0.501, 0.002]
[s1] close-entry e4: hand=[0.476, 0.005, 0.187] cup_gt=[0.5, 0.0]
[close] e1 t=166 hand_z=0.205 dxy=0.024 stall=0.395
[s1] close-entry e5: hand=[0.498, 0.009, 0.183] cup_gt=[0.502, 0.046]
[s1] close-entry e3: hand=[0.499, 0.007, 0.189] cup_gt=[0.487, -0.01]
[s1] step=10300 stages=['IDLE', 'CLOSE', 'ALIGN', 'CLOSE', 'CLOSE', 'CLOSE', 'FAIL', 'FAIL'] picks=10 places=5 hand0=[0.263, 0.0, 0.162] cup_xy0=[0.501, 0.002]
[close] e1 t=226 hand_z=0.205 dxy=0.024 stall=0.395
[s1] close-entry e2: hand=[0.501, 0.006, 0.19] cup_gt=[0.495, -0.005]
[close] e2 t=1 hand_z=0.190 dxy=0.012 stall=0.245
[s1] step=10400 stages=['IDLE', 'IDLE', 'CLOSE', 'CLOSE', 'CLOSE', 'CLOSE', 'IDLE', 'IDLE'] picks=10 places=5 hand0=[0.297, 0.0, 0.409] cup_xy0=[0.501, 0.002]
[close] e2 t=61 hand_z=0.160 dxy=0.032 stall=0.389
[close] e2 t=121 hand_z=0.160 dxy=0.038 stall=0.389
[s1] step=10500 stages=['IDLE', 'DESCEND', 'CLOSE', 'CLOSE', 'FAIL', 'CLOSE', 'IDLE', 'ALIGN'] picks=10 places=5 hand0=[0.499, 0.0, 0.466] cup_xy0=[0.501, 0.002]
[s1] close-entry e1: hand=[0.481, 0.012, 0.191] cup_gt=[0.5, 0.0]
[close] e1 t=4 hand_z=0.187 dxy=0.026 stall=0.217
[s1] close-entry e7: hand=[0.471, 0.01, 0.185] cup_gt=[0.498, -0.005]
[s1] step=10600 stages=['IDLE', 'CLOSE', 'CLOSE', 'FAIL', 'ALIGN', 'IDLE', 'IDLE', 'CLOSE'] picks=10 places=5 hand0=[-0.169, 0.0, 0.485] cup_xy0=[0.501, 0.002]
[close] e1 t=64 hand_z=0.169 dxy=0.059 stall=0.425
[s1] close-entry e4: hand=[0.503, -0.004, 0.188] cup_gt=[0.506, 0.004]
[close] e1 t=124 hand_z=0.169 dxy=0.060 stall=0.425
[s1] step=10700 stages=['IDLE', 'CLOSE', 'IDLE', 'DESCEND', 'CLOSE', 'DESCEND', 'FAIL', 'CLOSE'] picks=10 places=5 hand0=[0.058, 0.0, 0.912] cup_xy0=[0.501, 0.002]
[close] e1 t=184 hand_z=0.169 dxy=0.060 stall=0.425
[s1] close-entry e3: hand=[0.459, 0.012, 0.184] cup_gt=[0.5, 0.0]
[s1] acquire e0: vision=[0.502, 0.002] gt=[0.5, 0.0]
[s1] close-entry e5: hand=[0.503, -0.005, 0.191] cup_gt=[0.502, 0.011]
[close] e3 t=34 hand_z=0.207 dxy=0.073 stall=0.411
[s1] step=10800 stages=['ALIGN', 'FAIL', 'DESCEND', 'CLOSE', 'CLOSE', 'CLOSE', 'IDLE', 'CLOSE'] picks=10 places=5 hand0=[-0.103, 0.0, 1.034] cup_xy0=[0.502, 0.002]
[close] e3 t=94 hand_z=0.208 dxy=0.079 stall=0.412
[s1] close-entry e2: hand=[0.48, 0.019, 0.192] cup_gt=[0.502, -0.072]
[s1] step=10900 stages=['ALIGN', 'ALIGN', 'CLOSE', 'CLOSE', 'FAIL', 'CLOSE', 'IDLE', 'FAIL'] picks=10 places=5 hand0=[-0.096, 0.0, 0.149] cup_xy0=[0.502, 0.002]
[close] e2 t=59 hand_z=0.172 dxy=0.069 stall=0.409
[close] e2 t=119 hand_z=0.172 dxy=0.071 stall=0.409
[s1] step=11000 stages=['ALIGN', 'DESCEND', 'CLOSE', 'CLOSE', 'IDLE', 'CLOSE', 'IDLE', 'ALIGN'] picks=10 places=5 hand0=[-0.278, 0.0, 0.419] cup_xy0=[0.502, 0.002]
[s1] close-entry e1: hand=[0.501, 0.007, 0.188] cup_gt=[0.509, -0.043]
[close] e1 t=32 hand_z=0.197 dxy=0.014 stall=0.383
[close] e1 t=92 hand_z=0.198 dxy=0.021 stall=0.392
[s1] step=11100 stages=['ALIGN', 'CLOSE', 'CLOSE', 'IDLE', 'ALIGN', 'IDLE', 'IDLE', 'DESCEND'] picks=10 places=5 hand0=[0.097, -0.122, 0.193] cup_xy0=[0.502, 0.002]
[s1] close-entry e7: hand=[0.505, -0.0, 0.19] cup_gt=[0.509, 0.045]
[close] e1 t=152 hand_z=0.198 dxy=0.021 stall=0.392
[s1] step=11200 stages=['FAIL', 'CLOSE', 'ALIGN', 'DESCEND', 'DESCEND', 'ALIGN', 'IDLE', 'CLOSE'] picks=10 places=5 hand0=[-0.007, 0.107, 0.178] cup_xy0=[0.502, 0.002]
[s1] close-entry e4: hand=[0.619, -0.108, 0.187] cup_gt=[0.664, -0.149]
[close] e1 t=212 hand_z=0.198 dxy=0.020 stall=0.392
[s1] close-entry e3: hand=[0.498, 0.006, 0.182] cup_gt=[0.501, -0.003]
[close] e3 t=51 hand_z=0.209 dxy=0.011 stall=0.403
[s1] step=11300 stages=['IDLE', 'FAIL', 'DESCEND', 'CLOSE', 'CLOSE', 'ALIGN', 'IDLE', 'CLOSE'] picks=10 places=5 hand0=[0.228, 0.0, 1.076] cup_xy0=[0.502, 0.002]
[close] e3 t=111 hand_z=0.209 dxy=0.010 stall=0.403
[s1] close-entry e2: hand=[0.5, -0.005, 0.185] cup_gt=[0.523, -0.043]
[s1] close-entry e5: hand=[0.616, -0.358, 0.184] cup_gt=[0.611, -0.463]
[close] e2 t=56 hand_z=0.199 dxy=0.086 stall=0.413
[s1] step=11400 stages=['IDLE', 'DESCEND', 'CLOSE', 'CLOSE', 'CLOSE', 'CLOSE', 'FAIL', 'FAIL'] picks=10 places=5 hand0=[-0.046, -0.0, 1.164] cup_xy0=[0.502, 0.002]
[close] e2 t=116 hand_z=0.199 dxy=0.087 stall=0.413
[s1] close-entry e1: hand=[0.503, 0.006, 0.188] cup_gt=[0.551, -0.021]
[s1] step=11500 stages=['IDLE', 'CLOSE', 'CLOSE', 'FAIL', 'FAIL', 'CLOSE', 'IDLE', 'DESCEND'] picks=10 places=5 hand0=[0.107, -0.088, 0.361] cup_xy0=[0.502, 0.002]
[close] e1 t=26 hand_z=0.184 dxy=0.211 stall=0.355
[s1] close-entry e7: hand=[0.498, 0.005, 0.189] cup_gt=[0.49, -0.008]
[close] e1 t=86 hand_z=0.185 dxy=0.278 stall=0.399
[s1] step=11600 stages=['FAIL', 'CLOSE', 'FAIL', 'ALIGN', 'DESCEND', 'CLOSE', 'IDLE', 'CLOSE'] picks=10 places=5 hand0=[0.279, 0.0, 0.825] cup_xy0=[0.502, 0.002]
[close] e1 t=146 hand_z=0.185 dxy=0.285 stall=0.399
[s1] close-entry e4: hand=[0.507, -0.004, 0.19] cup_gt=[0.5, 0.0]
[close] e1 t=206 hand_z=0.185 dxy=0.286 stall=0.399
[s1] step=11700 stages=['IDLE', 'CLOSE', 'IDLE', 'DESCEND', 'CLOSE', 'IDLE', 'IDLE', 'CLOSE'] picks=10 places=5 hand0=[-0.217, 0.0, 0.675] cup_xy0=[0.502, 0.002]
[s1] close-entry e3: hand=[0.501, 0.003, 0.185] cup_gt=[0.511, -0.039]
[close] e3 t=46 hand_z=0.180 dxy=0.019 stall=0.379
[s1] close-entry e2: hand=[0.5, 0.009, 0.184] cup_gt=[0.503, 0.049]
[s1] step=11800 stages=['IDLE', 'IDLE', 'CLOSE', 'CLOSE', 'CLOSE', 'DESCEND', 'FAIL', 'FAIL'] picks=10 places=5 hand0=[-0.356, 0.081, 0.899] cup_xy0=[0.502, 0.002]
[close] e2 t=24 hand_z=0.156 dxy=0.062 stall=0.287
[s1] close-entry e5: hand=[0.503, 0.0, 0.188] cup_gt=[0.505, 0.045]
[close] e2 t=84 hand_z=0.131 dxy=0.076 stall=0.053
[s1] step=11900 stages=['IDLE', 'DESCEND', 'CLOSE', 'CLOSE', 'CLOSE', 'CLOSE', 'IDLE', 'ALIGN'] picks=10 places=5 hand0=[-0.283, -0.004, 0.27] cup_xy0=[0.502, 0.002]
[close] e2 t=144 hand_z=0.130 dxy=0.069 stall=0.011
[s1] close-entry e1: hand=[0.503, 0.002, 0.188] cup_gt=[0.488, -0.012]
[s1] close-entry e7: hand=[0.478, 0.014, 0.182] cup_gt=[0.503, -0.007]
[close] e1 t=58 hand_z=0.158 dxy=0.037 stall=0.375
[s1] step=12000 stages=['IDLE', 'CLOSE', 'CLOSE', 'FAIL', 'IDLE', 'CLOSE', 'IDLE', 'CLOSE'] picks=10 places=5 hand0=[0.204, -0.029, 0.135] cup_xy0=[0.502, 0.002]
[close] e1 t=118 hand_z=0.158 dxy=0.038 stall=0.377
[s1] step=12100 stages=['IDLE', 'CLOSE', 'IDLE', 'DESCEND', 'ALIGN', 'CLOSE', 'IDLE', 'CLOSE'] picks=10 places=5 hand0=[-0.197, -0.044, 0.562] cup_xy0=[0.502, 0.002]
[close] e1 t=178 hand_z=0.158 dxy=0.038 stall=0.377
[s1] close-entry e3: hand=[0.505, 0.004, 0.188] cup_gt=[0.498, -0.005]
[close] e1 t=238 hand_z=0.158 dxy=0.038 stall=0.377
[s1] close-entry e4: hand=[0.576, 0.111, 0.188] cup_gt=[0.584, 0.108]
[s1] step=12200 stages=['IDLE', 'FAIL', 'DESCEND', 'CLOSE', 'CLOSE', 'IDLE', 'IDLE', 'CLOSE'] picks=10 places=5 hand0=[-0.296, -0.006, 0.333] cup_xy0=[0.502, 0.002]
[close] e3 t=76 hand_z=0.156 dxy=0.061 stall=0.342
[s1] close-entry e2: hand=[0.503, 0.008, 0.191] cup_gt=[0.501, -0.005]
[close] e2 t=48 hand_z=0.164 dxy=0.044 stall=0.409
[s1] step=12300 stages=['FAIL', 'IDLE', 'CLOSE', 'CLOSE', 'CLOSE', 'DESCEND', 'IDLE', 'FAIL'] picks=10 places=5 hand0=[-0.319, 0.084, 0.419] cup_xy0=[0.502, 0.002]
[close] e2 t=108 hand_z=0.164 dxy=0.045 stall=0.409
[s1] step=12400 stages=['IDLE', 'DESCEND', 'CLOSE', 'CLOSE', 'CLOSE', 'DESCEND', 'IDLE', 'DESCEND'] picks=10 places=5 hand0=[-0.335, 0.12, 0.452] cup_xy0=[0.502, 0.002]
[s1] close-entry e5: hand=[0.501, -0.006, 0.188] cup_gt=[0.495, 0.004]
[close] e2 t=168 hand_z=0.164 dxy=0.045 stall=0.409
[close] e2 t=228 hand_z=0.164 dxy=0.045 stall=0.409
[s1] close-entry e7: hand=[0.501, -0.004, 0.187] cup_gt=[0.524, -0.042]
[s1] close-entry e1: hand=[0.501, 0.008, 0.185] cup_gt=[0.499, 0.015]
[s1] step=12500 stages=['IDLE', 'CLOSE', 'FAIL', 'IDLE', 'IDLE', 'CLOSE', 'FAIL', 'CLOSE'] picks=10 places=5 hand0=[-0.284, -0.017, 0.281] cup_xy0=[0.502, 0.002]
[close] e1 t=47 hand_z=0.206 dxy=0.014 stall=0.421
[close] e1 t=107 hand_z=0.206 dxy=0.012 stall=0.421
[s1] step=12600 stages=['IDLE', 'CLOSE', 'IDLE', 'ALIGN', 'IDLE', 'CLOSE', 'IDLE', 'CLOSE'] picks=10 places=5 hand0=[-0.369, 0.11, 0.618] cup_xy0=[0.502, 0.002]
[close] e1 t=167 hand_z=0.206 dxy=0.012 stall=0.421
[s1] step=12700 stages=['FAIL', 'CLOSE', 'DESCEND', 'DESCEND', 'IDLE', 'FAIL', 'IDLE', 'CLOSE'] picks=10 places=5 hand0=[-0.212, 0.081, 0.589] cup_xy0=[0.502, 0.002]
[s1] acquire e0: vision=[0.501, 0.002] gt=[0.5, 0.0]
[s1] close-entry e3: hand=[0.503, 0.006, 0.187] cup_gt=[0.473, 0.025]
[close] e1 t=227 hand_z=0.206 dxy=0.012 stall=0.421
[s1] close-entry e2: hand=[0.435, -0.04, 0.191] cup_gt=[0.419, -0.061]
[close] e2 t=31 hand_z=0.182 dxy=0.015 stall=0.380
[s1] step=12800 stages=['ALIGN', 'IDLE', 'CLOSE', 'CLOSE', 'FAIL', 'DESCEND', 'IDLE', 'IDLE'] picks=10 places=5 hand0=[0.343, -0.037, 0.653] cup_xy0=[0.501, 0.002]
[close] e2 t=91 hand_z=0.182 dxy=0.014 stall=0.382
[close] e2 t=151 hand_z=0.182 dxy=0.014 stall=0.383
[s1] step=12900 stages=['ALIGN', 'DESCEND', 'CLOSE', 'CLOSE', 'ALIGN', 'DESCEND', 'IDLE', 'DESCEND'] picks=10 places=5 hand0=[0.227, 0.037, 0.866] cup_xy0=[0.501, 0.002]
[s1] close-entry e5: hand=[0.503, 0.005, 0.189] cup_gt=[0.502, 0.016]
[s1] close-entry e7: hand=[0.5, 0.009, 0.184] cup_gt=[0.501, 0.053]
[close] e2 t=211 hand_z=0.182 dxy=0.015 stall=0.383
[s1] close-entry e1: hand=[0.485, 0.002, 0.183] cup_gt=[0.506, -0.006]
[s1] step=13000 stages=['ALIGN', 'CLOSE', 'FAIL', 'FAIL', 'DESCEND', 'CLOSE', 'IDLE', 'CLOSE'] picks=10 places=5 hand0=[0.334, -0.094, 0.307] cup_xy0=[0.501, 0.002]
[close] e1 t=42 hand_z=0.199 dxy=0.030 stall=0.402
[s1] close-entry e4: hand=[0.5, 0.01, 0.189] cup_gt=[0.518, 0.045]
[close] e1 t=102 hand_z=0.199 dxy=0.056 stall=0.402
[s1] step=13100 stages=['ALIGN', 'CLOSE', 'IDLE', 'DESCEND', 'CLOSE', 'CLOSE', 'IDLE', 'CLOSE'] picks=10 places=5 hand0=[0.191, 0.015, 0.142] cup_xy0=[0.501, 0.002]
[close] e1 t=162 hand_z=0.199 dxy=0.057 stall=0.402
[s1] close-entry e3: hand=[0.476, 0.003, 0.183] cup_gt=[0.506, -0.005]
[close] e1 t=222 hand_z=0.199 dxy=0.057 stall=0.402
[s1] step=13200 stages=['IDLE', 'CLOSE', 'DESCEND', 'CLOSE', 'CLOSE', 'FAIL', 'FAIL', 'FAIL'] picks=10 places=5 hand0=[0.177, 0.005, 0.887] cup_xy0=[0.501, 0.002]
[s1] close-entry e2: hand=[0.497, 0.009, 0.186] cup_gt=[0.514, 0.043]
[close] e2 t=25 hand_z=0.203 dxy=0.100 stall=0.363
[s1] acquire e0: vision=[0.502, 0.001] gt=[0.5, 0.0]
[s1] step=13300 stages=['ALIGN', 'IDLE', 'CLOSE', 'CLOSE', 'FAIL', 'ALIGN', 'IDLE', 'IDLE'] picks=10 places=5 hand0=[0.482, -0.034, 0.934] cup_xy0=[0.502, 0.001]
[close] e2 t=85 hand_z=0.204 dxy=0.111 stall=0.382
[close] e2 t=145 hand_z=0.204 dxy=0.111 stall=0.382
[s1] step=13400 stages=['ALIGN', 'DESCEND', 'CLOSE', 'CLOSE', 'ALIGN', 'DESCEND', 'IDLE', 'DESCEND'] picks=10 places=5 hand0=[0.096, 0.015, 1.179] cup_xy0=[0.502, 0.001]
[close] e2 t=205 hand_z=0.204 dxy=0.111 stall=0.382
[s1] close-entry e1: hand=[0.503, -0.004, 0.187] cup_gt=[0.505, -0.043]
[s1] close-entry e5: hand=[0.448, -0.101, 0.189] cup_gt=[0.451, -0.092]
[s1] close-entry e7: hand=[0.503, -0.005, 0.19] cup_gt=[0.5, 0.0]
[close] e1 t=60 hand_z=0.170 dxy=0.070 stall=0.411
[s1] step=13500 stages=['ALIGN', 'CLOSE', 'FAIL', 'IDLE', 'DESCEND', 'CLOSE', 'IDLE', 'CLOSE'] picks=10 places=5 hand0=[-0.35, 0.062, 0.416] cup_xy0=[0.502, 0.001]
[s1] close-entry e4: hand=[0.502, 0.002, 0.184] cup_gt=[0.504, 0.043]
[close] e1 t=120 hand_z=0.170 dxy=0.071 stall=0.411
[s1] step=13600 stages=['ALIGN', 'CLOSE', 'ALIGN', 'DESCEND', 'CLOSE', 'CLOSE', 'FAIL', 'CLOSE'] picks=10 places=5 hand0=[0.01, -0.005, 0.903] cup_xy0=[0.502, 0.001]
[close] e1 t=180 hand_z=0.170 dxy=0.071 stall=0.411
[s1] close-entry e3: hand=[0.509, -0.001, 0.191] cup_gt=[0.519, -0.047]
[s1] close-entry e2: hand=[0.503, -0.004, 0.191] cup_gt=[0.504, -0.006]
[close] e1 t=240 hand_z=0.170 dxy=0.071 stall=0.411
[s1] grasp-geom e5: hand-cup_xy=0.005 cup_gt=[0.437, -0.049, 0.02] vision_xy=[0.449, -0.096]
[s1] GRASP (drive stall) envs [5] stall=[0.495]
[lift] e5 t=7 cup_z=0.020 hand_z=0.166 stall=0.502
[s1] step=13700 stages=['FAIL', 'FAIL', 'CLOSE', 'CLOSE', 'CLOSE', 'LIFT', 'IDLE', 'FAIL'] picks=10 places=5 hand0=[-0.269, 0.0, 0.779] cup_xy0=[0.502, 0.001]
[lift] e5 t=27 cup_z=0.025 hand_z=0.168 stall=0.504
[close] e2 t=67 hand_z=0.170 dxy=0.034 stall=0.414
[lift] e5 t=47 cup_z=0.072 hand_z=0.215 stall=0.505
[s1] LIFTED envs [5] (physical, friction-held)
[close] e2 t=127 hand_z=0.170 dxy=0.034 stall=0.414
[s1] step=13800 stages=['IDLE', 'IDLE', 'CLOSE', 'CLOSE', 'FAIL', 'CARRY', 'IDLE', 'ALIGN'] picks=11 places=5 hand0=[0.143, 0.127, 1.038] cup_xy0=[0.502, 0.001]
[close] e2 t=187 hand_z=0.170 dxy=0.034 stall=0.414
[s1] step=13900 stages=['IDLE', 'DESCEND', 'CLOSE', 'FAIL', 'ALIGN', 'PLACE', 'IDLE', 'DESCEND'] picks=11 places=5 hand0=[-0.366, 0.047, 0.609] cup_xy0=[0.502, 0.001]
[s1] close-entry e1: hand=[0.504, 0.004, 0.192] cup_gt=[0.495, -0.011]
[close] e1 t=5 hand_z=0.190 dxy=0.018 stall=0.219
[s1] close-entry e7: hand=[0.499, 0.007, 0.186] cup_gt=[0.497, -0.001]
[close] e1 t=65 hand_z=0.186 dxy=0.030 stall=0.374
[s1] close-entry e4: hand=[0.502, -0.001, 0.188] cup_gt=[0.491, 0.023]
[s1] step=14000 stages=['IDLE', 'CLOSE', 'IDLE', 'ALIGN', 'CLOSE', 'RELEASE', 'IDLE', 'CLOSE'] picks=11 places=5 hand0=[-0.22, -0.062, 0.729] cup_xy0=[0.502, 0.001]
[s1] PLACED envs [5] (full physical pick-move-place)
[rec] episode 6/40 saved (len=363, env=5)
[close] e1 t=125 hand_z=0.186 dxy=0.030 stall=0.374
[s1] close-entry e3: hand=[0.503, 0.009, 0.184] cup_gt=[0.5, -0.0]
[close] e1 t=185 hand_z=0.186 dxy=0.030 stall=0.374
[s1] step=14100 stages=['IDLE', 'CLOSE', 'DESCEND', 'CLOSE', 'CLOSE', 'IDLE', 'IDLE', 'CLOSE'] picks=11 places=6 hand0=[0.058, 0.037, 1.174] cup_xy0=[0.502, 0.001]
[s1] close-entry e2: hand=[0.503, 0.009, 0.191] cup_gt=[0.503, -0.005]
[close] e2 t=6 hand_z=0.182 dxy=0.010 stall=0.255
[s1] step=14200 stages=['IDLE', 'FAIL', 'CLOSE', 'CLOSE', 'CLOSE', 'DESCEND', 'IDLE', 'FAIL'] picks=11 places=6 hand0=[0.553, -0.046, 0.459] cup_xy0=[0.502, 0.001]
[s1] acquire e0: vision=[0.502, 0.002] gt=[0.5, -0.0]
[close] e2 t=66 hand_z=0.165 dxy=0.031 stall=0.396
[close] e2 t=126 hand_z=0.165 dxy=0.032 stall=0.396
[s1] close-entry e5: hand=[0.501, -0.002, 0.184] cup_gt=[0.501, 0.033]
[s1] step=14300 stages=['ALIGN', 'DESCEND', 'CLOSE', 'CLOSE', 'IDLE', 'CLOSE', 'FAIL', 'ALIGN'] picks=11 places=6 hand0=[-0.047, -0.01, 1.163] cup_xy0=[0.502, 0.002]
[close] e2 t=186 hand_z=0.165 dxy=0.032 stall=0.396
[s1] close-entry e7: hand=[0.484, 0.003, 0.191] cup_gt=[0.5, -0.0]
[s1] close-entry e1: hand=[0.496, 0.032, 0.19] cup_gt=[0.494, 0.014]
[close] e1 t=14 hand_z=0.159 dxy=0.004 stall=0.285
[s1] step=14400 stages=['ALIGN', 'CLOSE', 'FAIL', 'IDLE', 'ALIGN', 'CLOSE', 'IDLE', 'CLOSE'] picks=11 places=6 hand0=[0.34, -0.127, 0.35] cup_xy0=[0.502, 0.002]
[close] e1 t=74 hand_z=0.159 dxy=0.010 stall=0.351
[s1] step=14500 stages=['ALIGN', 'CLOSE', 'ALIGN', 'ALIGN', 'DESCEND', 'CLOSE', 'IDLE', 'CLOSE'] picks=11 places=6 hand0=[-0.188, 0.122, 1.002] cup_xy0=[0.502, 0.002]
[s1] close-entry e4: hand=[0.5, 0.009, 0.187] cup_gt=[0.501, -0.021]
[close] e1 t=134 hand_z=0.159 dxy=0.010 stall=0.352
[close] e1 t=194 hand_z=0.159 dxy=0.010 stall=0.352
[s1] step=14600 stages=['ALIGN', 'CLOSE', 'DESCEND', 'DESCEND', 'CLOSE', 'IDLE', 'IDLE', 'CLOSE'] picks=11 places=6 hand0=[0.581, 0.04, 0.808] cup_xy0=[0.502, 0.002]
[s1] close-entry e3: hand=[0.446, 0.053, 0.191] cup_gt=[0.465, 0.088]
[s1] close-entry e2: hand=[0.508, 0.006, 0.184] cup_gt=[0.506, 0.005]
[close] e2 t=14 hand_z=0.198 dxy=0.024 stall=0.285
[close] e2 t=74 hand_z=0.204 dxy=0.026 stall=0.387
[s1] step=14700 stages=['IDLE', 'IDLE', 'CLOSE', 'CLOSE', 'CLOSE', 'DESCEND', 'FAIL', 'IDLE'] picks=11 places=6 hand0=[0.412, -0.127, 0.478] cup_xy0=[0.502, 0.002]
[s1] grasp-geom e4: hand-cup_xy=0.015 cup_gt=[0.521, -0.085, 0.02] vision_xy=[0.501, 0.002]
[s1] GRASP (drive stall) envs [4] stall=[0.6]
[close] e2 t=134 hand_z=0.203 dxy=0.029 stall=0.387
[lift] e4 t=12 cup_z=0.026 hand_z=0.199 stall=0.727
[s1] close-entry e5: hand=[0.487, -0.006, 0.182] cup_gt=[0.501, 0.002]
[lift] e4 t=32 cup_z=0.021 hand_z=0.204 stall=0.801
[lift] e4 t=52 cup_z=0.020 hand_z=0.260 stall=0.802
[s1] step=14800 stages=['IDLE', 'DESCEND', 'CLOSE', 'CLOSE', 'LIFT', 'CLOSE', 'IDLE', 'ALIGN'] picks=11 places=6 hand0=[0.496, -0.062, 0.915] cup_xy0=[0.502, 0.002]
[close] e2 t=194 hand_z=0.203 dxy=0.028 stall=0.387
[lift] e4 t=72 cup_z=0.020 hand_z=0.303 stall=0.802
[lift] e4 t=92 cup_z=0.020 hand_z=0.334 stall=0.802
[lift] e4 t=112 cup_z=0.020 hand_z=0.347 stall=0.802
[s1] close-entry e1: hand=[0.504, 0.006, 0.191] cup_gt=[0.5, -0.006]
[close] e1 t=4 hand_z=0.186 dxy=0.006 stall=0.233
[lift] e4 t=132 cup_z=0.020 hand_z=0.345 stall=0.802
[lift] e4 t=152 cup_z=0.020 hand_z=0.345 stall=0.803
[s1] step=14900 stages=['IDLE', 'CLOSE', 'FAIL', 'FAIL', 'LIFT', 'CLOSE', 'IDLE', 'DESCEND'] picks=11 places=6 hand0=[0.248, -0.122, 0.952] cup_xy0=[0.502, 0.002]
[lift] e4 t=172 cup_z=0.020 hand_z=0.347 stall=0.802
[close] e1 t=64 hand_z=0.162 dxy=0.016 stall=0.403
[lift] e4 t=192 cup_z=0.020 hand_z=0.349 stall=0.802
[lift] e4 t=212 cup_z=0.020 hand_z=0.350 stall=0.801
[lift] e4 t=232 cup_z=0.020 hand_z=0.350 stall=0.801
[close] e1 t=124 hand_z=0.162 dxy=0.017 stall=0.403
[lift] e4 t=252 cup_z=0.020 hand_z=0.350 stall=0.801
[s1] step=15000 stages=['FAIL', 'CLOSE', 'ALIGN', 'ALIGN', 'LIFT', 'CLOSE', 'IDLE', 'DESCEND'] picks=11 places=6 hand0=[0.436, 0.094, 0.804] cup_xy0=[0.502, 0.002]
[lift] e4 t=272 cup_z=0.020 hand_z=0.351 stall=0.801
[lift] e4 t=292 cup_z=0.020 hand_z=0.350 stall=0.802
[close] e1 t=184 hand_z=0.162 dxy=0.017 stall=0.403
[lift] e4 t=312 cup_z=0.020 hand_z=0.349 stall=0.801
[s1] close-entry e7: hand=[0.503, -0.003, 0.184] cup_gt=[0.519, 0.011]
[lift] e4 t=332 cup_z=0.020 hand_z=0.350 stall=0.801
[s1] close-entry e2: hand=[0.484, -0.002, 0.185] cup_gt=[0.502, -0.007]
[lift] e4 t=352 cup_z=0.020 hand_z=0.350 stall=0.801
[s1] step=15100 stages=['IDLE', 'CLOSE', 'CLOSE', 'DESCEND', 'LIFT', 'ALIGN', 'IDLE', 'CLOSE'] picks=11 places=6 hand0=[0.579, -0.028, 0.83] cup_xy0=[0.502, 0.002]
[close] e2 t=34 hand_z=0.199 dxy=0.008 stall=0.403
[lift] e4 t=372 cup_z=0.020 hand_z=0.350 stall=0.802
[lift] e4 t=392 cup_z=0.020 hand_z=0.350 stall=0.801
[s1] close-entry e3: hand=[0.5, 0.009, 0.186] cup_gt=[0.525, -0.037]
[close] e2 t=94 hand_z=0.199 dxy=0.006 stall=0.400
[s1] step=15200 stages=['IDLE', 'IDLE', 'CLOSE', 'CLOSE', 'FAIL', 'DESCEND', 'IDLE', 'CLOSE'] picks=11 places=6 hand0=[0.203, -0.034, 0.947] cup_xy0=[0.502, 0.002]
[close] e2 t=154 hand_z=0.199 dxy=0.005 stall=0.400
[close] e2 t=214 hand_z=0.199 dxy=0.005 stall=0.400
[s1] step=15300 stages=['IDLE', 'ALIGN', 'CLOSE', 'CLOSE', 'ALIGN', 'DESCEND', 'IDLE', 'CLOSE'] picks=11 places=6 hand0=[-0.429, -0.025, 0.528] cup_xy0=[0.502, 0.002]
[close] e3 t=216 hand_z=0.175 dxy=0.083 stall=0.422
[s1] close-entry e5: hand=[0.5, 0.009, 0.184] cup_gt=[0.532, 0.039]
[s1] step=15400 stages=['IDLE', 'DESCEND', 'IDLE', 'FAIL', 'DESCEND', 'CLOSE', 'FAIL', 'IDLE'] picks=11 places=6 hand0=[0.109, -0.005, 0.395] cup_xy0=[0.502, 0.002]
[close] e5 t=49 hand_z=0.185 dxy=0.084 stall=0.801
[s1] close-entry e1: hand=[0.508, 0.005, 0.189] cup_gt=[0.518, -0.039]
[close] e1 t=45 hand_z=0.183 dxy=0.042 stall=0.406
[s1] close-entry e4: hand=[0.5, -0.004, 0.187] cup_gt=[0.539, 0.048]
[s1] step=15500 stages=['IDLE', 'CLOSE', 'DESCEND', 'ALIGN', 'CLOSE', 'CLOSE', 'IDLE', 'IDLE'] picks=11 places=6 hand0=[0.406, 0.076, 0.305] cup_xy0=[0.502, 0.002]
[close] e1 t=105 hand_z=0.184 dxy=0.044 stall=0.406
[s1] close-entry e2: hand=[0.508, 0.004, 0.19] cup_gt=[0.537, -0.028]
[close] e1 t=165 hand_z=0.184 dxy=0.044 stall=0.406
[s1] step=15600 stages=['IDLE', 'CLOSE', 'CLOSE', 'DESCEND', 'CLOSE', 'CLOSE', 'IDLE', 'IDLE'] picks=11 places=6 hand0=[-0.436, 0.013, 0.55] cup_xy0=[0.502, 0.002]
[s1] close-entry e3: hand=[0.511, -0.001, 0.192] cup_gt=[0.505, -0.002]
[close] e1 t=225 hand_z=0.184 dxy=0.044 stall=0.406
[s1] step=15700 stages=['FAIL', 'FAIL', 'CLOSE', 'CLOSE', 'CLOSE', 'IDLE', 'IDLE', 'FAIL'] picks=11 places=6 hand0=[-0.119, 0.127, 0.281] cup_xy0=[0.502, 0.002]
[close] e2 t=159 hand_z=0.185 dxy=0.029 stall=0.391
[close] e2 t=219 hand_z=0.185 dxy=0.029 stall=0.391
[s1] step=15800 stages=['IDLE', 'ALIGN', 'CLOSE', 'CLOSE', 'IDLE', 'ALIGN', 'IDLE', 'DESCEND'] picks=11 places=6 hand0=[0.201, 0.053, 1.083] cup_xy0=[0.502, 0.002]
[close] e3 t=234 hand_z=0.179 dxy=0.006 stall=0.408
[s1] step=15900 stages=['IDLE', 'DESCEND', 'ALIGN', 'FAIL', 'DESCEND', 'ALIGN', 'IDLE', 'DESCEND'] picks=11 places=6 hand0=[0.536, -0.088, 0.444] cup_xy0=[0.502, 0.002]
[s1] close-entry e1: hand=[0.478, -0.007, 0.189] cup_gt=[0.521, -0.043]
[s1] close-entry e7: hand=[0.457, -0.001, 0.187] cup_gt=[0.5, 0.0]
[close] e1 t=54 hand_z=0.167 dxy=0.117 stall=0.404
[s1] close-entry e4: hand=[0.501, -0.0, 0.184] cup_gt=[0.431, 0.133]
[s1] step=16000 stages=['IDLE', 'CLOSE', 'DESCEND', 'DESCEND', 'CLOSE', 'ALIGN', 'IDLE', 'CLOSE'] picks=11 places=6 hand0=[-0.227, -0.062, 0.689] cup_xy0=[0.502, 0.002]
[s1] close-entry e2: hand=[0.506, 0.0, 0.19] cup_gt=[0.5, 0.0]
[close] e1 t=114 hand_z=0.167 dxy=0.119 stall=0.404
[close] e1 t=174 hand_z=0.167 dxy=0.119 stall=0.404
[s1] step=16100 stages=['FAIL', 'CLOSE', 'CLOSE', 'DESCEND', 'CLOSE', 'ALIGN', 'FAIL', 'CLOSE'] picks=11 places=6 hand0=[0.356, -0.138, 0.95] cup_xy0=[0.502, 0.002]
[close] e1 t=234 hand_z=0.167 dxy=0.119 stall=0.404
[s1] close-entry e3: hand=[0.409, 0.09, 0.19] cup_gt=[0.364, 0.122]
[close] e2 t=199 hand_z=0.159 dxy=0.009 stall=0.381
[s1] step=16200 stages=['IDLE', 'FAIL', 'CLOSE', 'CLOSE', 'CLOSE', 'FAIL', 'IDLE', 'FAIL'] picks=11 places=6 hand0=[0.507, -0.123, 0.678] cup_xy0=[0.502, 0.002]
[close] e3 t=86 hand_z=0.192 dxy=0.042 stall=0.411
[s1] step=16300 stages=['IDLE', 'DESCEND', 'FAIL', 'CLOSE', 'IDLE', 'ALIGN', 'IDLE', 'DESCEND'] picks=11 places=6 hand0=[0.256, -0.094, 1.074] cup_xy0=[0.502, 0.002]
[close] e3 t=146 hand_z=0.192 dxy=0.042 stall=0.411
[s1] close-entry e7: hand=[0.5, -0.005, 0.183] cup_gt=[0.531, -0.039]
[close] e3 t=206 hand_z=0.192 dxy=0.042 stall=0.411
[s1] close-entry e1: hand=[0.508, 0.0, 0.191] cup_gt=[0.511, -0.048]
[s1] close-entry e5: hand=[0.462, -0.001, 0.189] cup_gt=[0.5, 0.0]
[s1] step=16400 stages=['IDLE', 'CLOSE', 'ALIGN', 'CLOSE', 'DESCEND', 'CLOSE', 'IDLE', 'CLOSE'] picks=11 places=6 hand0=[0.005, 0.04, 0.9] cup_xy0=[0.502, 0.002]
[close] e1 t=52 hand_z=0.181 dxy=0.033 stall=0.395
[s1] close-entry e4: hand=[0.487, -0.001, 0.189] cup_gt=[0.499, 0.0]
[close] e1 t=112 hand_z=0.181 dxy=0.034 stall=0.395
[s1] step=16500 stages=['IDLE', 'CLOSE', 'DESCEND', 'ALIGN', 'CLOSE', 'CLOSE', 'FAIL', 'CLOSE'] picks=11 places=6 hand0=[0.361, -0.015, 0.645] cup_xy0=[0.502, 0.002]
[close] e1 t=172 hand_z=0.181 dxy=0.034 stall=0.395
[s1] step=16600 stages=['IDLE', 'CLOSE', 'DESCEND', 'DESCEND', 'CLOSE', 'CLOSE', 'IDLE', 'CLOSE'] picks=11 places=6 hand0=[0.272, 0.073, 1.12] cup_xy0=[0.502, 0.002]
[close] e1 t=232 hand_z=0.181 dxy=0.034 stall=0.395
[s1] close-entry e3: hand=[0.501, -0.006, 0.185] cup_gt=[0.502, 0.04]
[close] e3 t=30 hand_z=0.199 dxy=0.007 stall=0.535
[s1] step=16700 stages=['IDLE', 'IDLE', 'DESCEND', 'CLOSE', 'FAIL', 'IDLE', 'IDLE', 'IDLE'] picks=11 places=6 hand0=[-0.39, 0.011, 0.415] cup_xy0=[0.502, 0.002]
[close] e3 t=90 hand_z=0.200 dxy=0.002 stall=0.635
[close] e3 t=150 hand_z=0.200 dxy=0.002 stall=0.635
[s1] step=16800 stages=['FAIL', 'DESCEND', 'DESCEND', 'CLOSE', 'ALIGN', 'DESCEND', 'IDLE', 'DESCEND'] picks=11 places=6 hand0=[0.442, 0.076, 0.304] cup_xy0=[0.502, 0.002]
[s1] close-entry e7: hand=[0.491, 0.013, 0.189] cup_gt=[0.487, -0.003]
[close] e3 t=210 hand_z=0.200 dxy=0.002 stall=0.635
[s1] close-entry e1: hand=[0.499, 0.0, 0.182] cup_gt=[0.485, -0.011]
[s1] grasp-geom e3: hand-cup_xy=0.002 cup_gt=[0.492, 0.106, 0.02] vision_xy=[0.501, 0.001]
[s1] GRASP (drive stall) envs [3] stall=[0.635]
[lift] e3 t=9 cup_z=0.022 hand_z=0.202 stall=0.713
[s1] step=16900 stages=['IDLE', 'CLOSE', 'ALIGN', 'LIFT', 'DESCEND', 'DESCEND', 'IDLE', 'CLOSE'] picks=11 places=6 hand0=[-0.201, -0.06, 0.651] cup_xy0=[0.502, 0.002]
[close] e1 t=58 hand_z=0.197 dxy=0.006 stall=0.416
[lift] e3 t=29 cup_z=0.020 hand_z=0.204 stall=0.801
[s1] close-entry e4: hand=[0.5, 0.007, 0.186] cup_gt=[0.495, -0.002]
[lift] e3 t=49 cup_z=0.020 hand_z=0.256 stall=0.800
[lift] e3 t=69 cup_z=0.020 hand_z=0.323 stall=0.801
[close] e1 t=118 hand_z=0.197 dxy=0.016 stall=0.416
[lift] e3 t=89 cup_z=0.020 hand_z=0.338 stall=0.800
[s1] close-entry e5: hand=[0.499, 0.007, 0.183] cup_gt=[0.406, 0.021]
[lift] e3 t=109 cup_z=0.020 hand_z=0.341 stall=0.801
[s1] step=17000 stages=['IDLE', 'CLOSE', 'DESCEND', 'LIFT', 'CLOSE', 'CLOSE', 'IDLE', 'CLOSE'] picks=11 places=6 hand0=[0.344, 0.102, 0.314] cup_xy0=[0.502, 0.002]
[lift] e3 t=129 cup_z=0.020 hand_z=0.346 stall=0.801
[s1] close-entry e2: hand=[0.507, 0.006, 0.192] cup_gt=[0.492, -0.033]
[close] e1 t=178 hand_z=0.197 dxy=0.018 stall=0.416
[lift] e3 t=149 cup_z=0.020 hand_z=0.348 stall=0.801
[lift] e3 t=169 cup_z=0.020 hand_z=0.349 stall=0.801
[lift] e3 t=189 cup_z=0.020 hand_z=0.349 stall=0.801
[close] e1 t=238 hand_z=0.197 dxy=0.018 stall=0.416
[lift] e3 t=209 cup_z=0.020 hand_z=0.349 stall=0.801
[s1] step=17100 stages=['IDLE', 'CLOSE', 'CLOSE', 'LIFT', 'CLOSE', 'CLOSE', 'IDLE', 'FAIL'] picks=11 places=6 hand0=[-0.168, 0.135, 0.963] cup_xy0=[0.502, 0.002]
[lift] e3 t=229 cup_z=0.020 hand_z=0.349 stall=0.801
[lift] e3 t=249 cup_z=0.020 hand_z=0.349 stall=0.800
[close] e2 t=125 hand_z=0.163 dxy=0.053 stall=0.432
[lift] e3 t=269 cup_z=0.020 hand_z=0.350 stall=0.800
[lift] e3 t=289 cup_z=0.020 hand_z=0.350 stall=0.801
[lift] e3 t=309 cup_z=0.020 hand_z=0.350 stall=0.800
[s1] step=17200 stages=['IDLE', 'ALIGN', 'CLOSE', 'LIFT', 'FAIL', 'CLOSE', 'FAIL', 'ALIGN'] picks=11 places=6 hand0=[0.518, -0.097, 0.631] cup_xy0=[0.502, 0.002]
[s1] acquire e0: vision=[0.502, 0.002] gt=[0.5, 0.0]
[close] e2 t=185 hand_z=0.163 dxy=0.054 stall=0.432
[lift] e3 t=329 cup_z=0.020 hand_z=0.350 stall=0.800
[lift] e3 t=349 cup_z=0.020 hand_z=0.350 stall=0.800
[lift] e3 t=369 cup_z=0.020 hand_z=0.350 stall=0.801
[lift] e3 t=389 cup_z=0.020 hand_z=0.350 stall=0.800
[s1] close-entry e1: hand=[0.49, -0.01, 0.192] cup_gt=[0.501, 0.003]
[s1] step=17300 stages=['ALIGN', 'CLOSE', 'FAIL', 'FAIL', 'ALIGN', 'IDLE', 'IDLE', 'DESCEND'] picks=11 places=6 hand0=[0.389, -0.11, 0.87] cup_xy0=[0.502, 0.002]
[s1] close-entry e7: hand=[0.505, -0.004, 0.191] cup_gt=[0.5, 0.0]
[close] e1 t=41 hand_z=0.158 dxy=0.028 stall=0.361
[close] e1 t=101 hand_z=0.157 dxy=0.030 stall=0.363
[s1] step=17400 stages=['ALIGN', 'CLOSE', 'ALIGN', 'ALIGN', 'DESCEND', 'DESCEND', 'IDLE', 'CLOSE'] picks=11 places=6 hand0=[0.222, 0.013, 1.158] cup_xy0=[0.502, 0.002]
[s1] close-entry e5: hand=[0.496, 0.002, 0.182] cup_gt=[0.509, 0.006]
[close] e1 t=161 hand_z=0.158 dxy=0.030 stall=0.368
[s1] close-entry e3: hand=[0.463, 0.008, 0.191] cup_gt=[0.5, 0.0]
[s1] step=17500 stages=['ALIGN', 'CLOSE', 'DESCEND', 'CLOSE', 'DESCEND', 'CLOSE', 'IDLE', 'CLOSE'] picks=11 places=6 hand0=[0.22, -0.015, 1.161] cup_xy0=[0.502, 0.002]
[s1] close-entry e4: hand=[0.5, 0.008, 0.187] cup_gt=[0.541, -0.026]
[close] e1 t=221 hand_z=0.158 dxy=0.030 stall=0.368
[s1] close-entry e2: hand=[0.503, 0.001, 0.191] cup_gt=[0.504, -0.051]
[close] e2 t=53 hand_z=0.175 dxy=0.007 stall=0.386
[s1] step=17600 stages=['ALIGN', 'FAIL', 'CLOSE', 'CLOSE', 'CLOSE', 'CLOSE', 'FAIL', 'FAIL'] picks=11 places=6 hand0=[-0.16, -0.039, 0.55] cup_xy0=[0.502, 0.002]
[close] e2 t=113 hand_z=0.175 dxy=0.005 stall=0.386
[s1] grasp-geom e5: hand-cup_xy=0.026 cup_gt=[0.542, 0.008, 0.077] vision_xy=[0.501, 0.001]
[s1] GRASP (drive stall) envs [5] stall=[0.5]
[lift] e5 t=14 cup_z=0.079 hand_z=0.223 stall=0.501
[s1] LIFTED envs [5] (physical, friction-held)
[close] e2 t=173 hand_z=0.175 dxy=0.005 stall=0.386
[s1] step=17700 stages=['IDLE', 'DESCEND', 'CLOSE', 'CLOSE', 'CLOSE', 'CARRY', 'IDLE', 'IDLE'] picks=12 places=6 hand0=[-0.044, -0.003, 1.16] cup_xy0=[0.502, 0.002]
[close] e2 t=233 hand_z=0.175 dxy=0.005 stall=0.386
[s1] step=17800 stages=['IDLE', 'DESCEND', 'FAIL', 'IDLE', 'FAIL', 'CARRY', 'IDLE', 'ALIGN'] picks=12 places=6 hand0=[0.104, -0.081, 0.949] cup_xy0=[0.502, 0.002]
[s1] close-entry e1: hand=[0.503, 0.007, 0.189] cup_gt=[0.52, 0.024]
[close] e1 t=20 hand_z=0.207 dxy=0.036 stall=0.325
[s1] close-entry e7: hand=[0.458, -0.033, 0.188] cup_gt=[0.515, 0.006]
[close] e1 t=80 hand_z=0.208 dxy=0.051 stall=0.380
[s1] step=17900 stages=['IDLE', 'CLOSE', 'ALIGN', 'DESCEND', 'ALIGN', 'CARRY', 'IDLE', 'CLOSE'] picks=12 places=6 hand0=[-0.343, -0.031, 0.35] cup_xy0=[0.502, 0.002]
[close] e1 t=140 hand_z=0.208 dxy=0.051 stall=0.380
[s1] close-entry e2: hand=[0.506, 0.006, 0.19] cup_gt=[0.496, -0.008]
[close] e1 t=200 hand_z=0.208 dxy=0.051 stall=0.381
[s1] step=18000 stages=['FAIL', 'CLOSE', 'CLOSE', 'DESCEND', 'DESCEND', 'PLACE', 'IDLE', 'CLOSE'] picks=12 places=6 hand0=[0.019, 0.041, 0.939] cup_xy0=[0.502, 0.002]
[close] e2 t=79 hand_z=0.154 dxy=0.113 stall=0.232
[s1] close-entry e3: hand=[0.507, -0.001, 0.192] cup_gt=[0.535, 0.027]
[s1] step=18100 stages=['IDLE', 'FAIL', 'CLOSE', 'CLOSE', 'DESCEND', 'PLACE', 'IDLE', 'CLOSE'] picks=12 places=6 hand0=[0.004, -0.123, 0.289] cup_xy0=[0.502, 0.002]
[close] e2 t=139 hand_z=0.154 dxy=0.120 stall=0.223
[close] e2 t=199 hand_z=0.153 dxy=0.121 stall=0.226
[s1] step=18200 stages=['IDLE', 'DESCEND', 'CLOSE', 'CLOSE', 'DESCEND', 'PLACE', 'IDLE', 'IDLE'] picks=12 places=6 hand0=[-0.403, -0.062, 0.725] cup_xy0=[0.502, 0.002]
[close] e3 t=173 hand_z=0.201 dxy=0.032 stall=0.799
[s1] close-entry e1: hand=[0.504, 0.004, 0.191] cup_gt=[0.502, -0.006]
[close] e1 t=22 hand_z=0.172 dxy=0.007 stall=0.319
[s1] step=18300 stages=['IDLE', 'CLOSE', 'IDLE', 'CLOSE', 'DESCEND', 'FAIL', 'FAIL', 'DESCEND'] picks=12 places=6 hand0=[-0.132, 0.004, 1.135] cup_xy0=[0.502, 0.002]
[close] e1 t=82 hand_z=0.169 dxy=0.008 stall=0.376
[s1] close-entry e7: hand=[0.503, -0.004, 0.187] cup_gt=[0.524, -0.016]
[s1] step=18400 stages=['FAIL', 'CLOSE', 'ALIGN', 'IDLE', 'FAIL', 'IDLE', 'IDLE', 'CLOSE'] picks=12 places=6 hand0=[0.094, -0.01, 0.387] cup_xy0=[0.502, 0.002]
[close] e1 t=142 hand_z=0.169 dxy=0.008 stall=0.376
[close] e1 t=202 hand_z=0.169 dxy=0.008 stall=0.376
[s1] close-entry e5: hand=[0.486, 0.006, 0.191] cup_gt=[0.5, -0.007]
[s1] step=18500 stages=['IDLE', 'CLOSE', 'DESCEND', 'DESCEND', 'IDLE', 'CLOSE', 'IDLE', 'CLOSE'] picks=12 places=6 hand0=[0.342, -0.004, 0.698] cup_xy0=[0.502, 0.002]
[s1] close-entry e3: hand=[0.501, 0.005, 0.188] cup_gt=[0.5, -0.025]
[s1] close-entry e2: hand=[0.5, 0.006, 0.183] cup_gt=[0.503, 0.021]
[close] e2 t=7 hand_z=0.195 dxy=0.014 stall=0.260
[close] e2 t=67 hand_z=0.208 dxy=0.020 stall=0.425
[s1] step=18600 stages=['IDLE', 'IDLE', 'CLOSE', 'CLOSE', 'IDLE', 'CLOSE', 'IDLE', 'CLOSE'] picks=12 places=6 hand0=[-0.053, 0.037, 0.871] cup_xy0=[0.502, 0.002]
[close] e2 t=127 hand_z=0.208 dxy=0.031 stall=0.425
[s1] step=18700 stages=['IDLE', 'DESCEND', 'CLOSE', 'CLOSE', 'DESCEND', 'CLOSE', 'IDLE', 'IDLE'] picks=12 places=6 hand0=[0.367, -0.008, 1.059] cup_xy0=[0.502, 0.002]
[s1] close-entry e4: hand=[0.486, 0.004, 0.191] cup_gt=[0.499, 0.015]
[close] e2 t=187 hand_z=0.208 dxy=0.030 stall=0.425
[s1] close-entry e1: hand=[0.512, 0.016, 0.189] cup_gt=[0.508, 0.032]
[close] e1 t=39 hand_z=0.158 dxy=0.016 stall=0.367
[s1] step=18800 stages=['IDLE', 'CLOSE', 'FAIL', 'FAIL', 'CLOSE', 'IDLE', 'IDLE', 'DESCEND'] picks=12 places=6 hand0=[-0.146, -0.097, 0.278] cup_xy0=[0.502, 0.002]
[close] e1 t=99 hand_z=0.158 dxy=0.007 stall=0.367
[s1] close-entry e7: hand=[0.502, -0.002, 0.188] cup_gt=[0.505, 0.006]
[close] e1 t=159 hand_z=0.158 dxy=0.019 stall=0.367
[s1] step=18900 stages=['IDLE', 'CLOSE', 'ALIGN', 'ALIGN', 'CLOSE', 'IDLE', 'IDLE', 'CLOSE'] picks=12 places=6 hand0=[0.324, -0.038, 1.111] cup_xy0=[0.502, 0.002]
[close] e1 t=219 hand_z=0.158 dxy=0.027 stall=0.367
[s1] close-entry e2: hand=[0.49, 0.002, 0.182] cup_gt=[0.5, 0.0]
[s1] step=19000 stages=['IDLE', 'FAIL', 'CLOSE', 'DESCEND', 'FAIL', 'IDLE', 'FAIL', 'CLOSE'] picks=12 places=6 hand0=[0.207, -0.019, 0.887] cup_xy0=[0.502, 0.002]
[close] e2 t=31 hand_z=0.152 dxy=0.063 stall=0.127
[close] e2 t=91 hand_z=0.151 dxy=0.072 stall=0.102
[s1] close-entry e3: hand=[0.499, -0.005, 0.185] cup_gt=[0.519, 0.056]
[s1] step=19100 stages=['FAIL', 'IDLE', 'CLOSE', 'CLOSE', 'ALIGN', 'FAIL', 'IDLE', 'FAIL'] picks=12 places=6 hand0=[-0.355, 0.077, 0.72] cup_xy0=[0.502, 0.002]
[close] e2 t=151 hand_z=0.151 dxy=0.072 stall=0.102
[s1] close-entry e4: hand=[0.498, -0.0, 0.182] cup_gt=[0.501, 0.004]
[close] e2 t=211 hand_z=0.151 dxy=0.072 stall=0.102
[s1] step=19200 stages=['IDLE', 'ALIGN', 'CLOSE', 'CLOSE', 'CLOSE', 'IDLE', 'IDLE', 'ALIGN'] picks=12 places=6 hand0=[-0.225, -0.036, 0.657] cup_xy0=[0.502, 0.002]
[close] e3 t=170 hand_z=0.162 dxy=0.125 stall=0.797
[s1] close-entry e1: hand=[0.438, -0.128, 0.186] cup_gt=[0.437, -0.138]
[s1] step=19300 stages=['IDLE', 'CLOSE', 'IDLE', 'CLOSE', 'CLOSE', 'IDLE', 'IDLE', 'DESCEND'] picks=12 places=6 hand0=[-0.346, -0.019, 0.919] cup_xy0=[0.502, 0.002]
[close] e1 t=50 hand_z=0.162 dxy=0.018 stall=0.387
[s1] close-entry e7: hand=[0.479, 0.025, 0.187] cup_gt=[0.479, 0.03]
[close] e1 t=110 hand_z=0.162 dxy=0.018 stall=0.387
[s1] step=19400 stages=['IDLE', 'CLOSE', 'DESCEND', 'IDLE', 'CLOSE', 'IDLE', 'FAIL', 'CLOSE'] picks=12 places=6 hand0=[-0.09, -0.049, 0.442] cup_xy0=[0.502, 0.002]
[close] e1 t=170 hand_z=0.162 dxy=0.018 stall=0.387
[s1] close-entry e2: hand=[0.502, 0.005, 0.191] cup_gt=[0.486, 0.057]
[close] e1 t=230 hand_z=0.162 dxy=0.018 stall=0.387
[s1] step=19500 stages=['IDLE', 'CLOSE', 'CLOSE', 'DESCEND', 'ALIGN', 'FAIL', 'IDLE', 'CLOSE'] picks=12 places=6 hand0=[0.123, 0.039, 0.188] cup_xy0=[0.502, 0.002]
[s1] close-entry e3: hand=[0.502, -0.004, 0.191] cup_gt=[0.507, 0.033]
[close] e2 t=94 hand_z=0.165 dxy=0.054 stall=0.799
[s1] step=19600 stages=['IDLE', 'IDLE', 'CLOSE', 'CLOSE', 'DESCEND', 'IDLE', 'IDLE', 'FAIL'] picks=12 places=6 hand0=[0.226, 0.037, 0.234] cup_xy0=[0.502, 0.002]
[close] e2 t=154 hand_z=0.165 dxy=0.054 stall=0.799
[s1] close-entry e4: hand=[0.504, 0.007, 0.191] cup_gt=[0.5, 0.05]
[close] e2 t=214 hand_z=0.165 dxy=0.054 stall=0.799
[s1] step=19700 stages=['IDLE', 'DESCEND', 'CLOSE', 'CLOSE', 'CLOSE', 'IDLE', 'IDLE', 'IDLE'] picks=12 places=6 hand0=[0.159, -0.052, 1.162] cup_xy0=[0.502, 0.002]
[close] e3 t=188 hand_z=0.168 dxy=0.041 stall=0.810
[s1] close-entry e1: hand=[0.463, -0.023, 0.189] cup_gt=[0.5, 0.0]
[close] e1 t=29 hand_z=0.203 dxy=0.045 stall=0.400
[s1] step=19800 stages=['FAIL', 'CLOSE', 'ALIGN', 'FAIL', 'CLOSE', 'IDLE', 'IDLE', 'DESCEND'] picks=12 places=6 hand0=[-0.297, 0.075, 0.489] cup_xy0=[0.502, 0.002]
[close] e1 t=89 hand_z=0.204 dxy=0.051 stall=0.413
[s1] close-entry e7: hand=[0.5, 0.001, 0.184] cup_gt=[0.486, 0.069]
[s1] step=19900 stages=['IDLE', 'CLOSE', 'DESCEND', 'ALIGN', 'FAIL', 'IDLE', 'IDLE', 'CLOSE'] picks=12 places=6 hand0=[-0.106, -0.054, 0.954] cup_xy0=[0.502, 0.002]
[close] e1 t=149 hand_z=0.204 dxy=0.051 stall=0.413
[s1] close-entry e2: hand=[0.502, 0.0, 0.189] cup_gt=[0.507, -0.041]
[close] e1 t=209 hand_z=0.204 dxy=0.051 stall=0.413
[s1] step=20000 stages=['IDLE', 'CLOSE', 'CLOSE', 'DESCEND', 'ALIGN', 'IDLE', 'IDLE', 'CLOSE'] picks=12 places=6 hand0=[-0.437, 0.004, 0.59] cup_xy0=[0.502, 0.002]
[s1] close-entry e3: hand=[0.502, 0.009, 0.19] cup_gt=[0.497, 0.001]
[close] e2 t=66 hand_z=0.162 dxy=0.110 stall=0.800
[s1] close-entry e4: hand=[0.499, 0.008, 0.186] cup_gt=[0.487, -0.004]
[close] e2 t=126 hand_z=0.162 dxy=0.111 stall=0.800
[s1] step=20100 stages=['IDLE', 'IDLE', 'CLOSE', 'CLOSE', 'CLOSE', 'IDLE', 'FAIL', 'CLOSE'] picks=12 places=6 hand0=[-0.414, -0.003, 0.465] cup_xy0=[0.502, 0.002]
[s1] acquire e0: vision=[0.502, 0.007] gt=[0.5, 0.0]
[close] e2 t=186 hand_z=0.162 dxy=0.111 stall=0.800
[s1] step=20200 stages=['ALIGN', 'DESCEND', 'CLOSE', 'CLOSE', 'CLOSE', 'FAIL', 'IDLE', 'IDLE'] picks=12 places=6 hand0=[-0.027, 0.117, 1.059] cup_xy0=[0.502, 0.007]
[close] e3 t=198 hand_z=0.170 dxy=0.006 stall=0.493
[s1] close-entry e1: hand=[0.5, -0.005, 0.187] cup_gt=[0.5, 0.0]
[s1] grasp-geom e3: hand-cup_xy=0.006 cup_gt=[0.49, 0.003, 0.022] vision_xy=[0.501, 0.002]
[s1] GRASP (drive stall) envs [3] stall=[0.493]
[close] e1 t=44 hand_z=0.187 dxy=0.002 stall=0.400
[lift] e3 t=17 cup_z=0.022 hand_z=0.170 stall=0.493
[lift] e3 t=37 cup_z=0.065 hand_z=0.212 stall=0.494
[s1] step=20300 stages=['ALIGN', 'CLOSE', 'IDLE', 'LIFT', 'CLOSE', 'IDLE', 'IDLE', 'DESCEND'] picks=12 places=6 hand0=[-0.175, -0.031, 0.637] cup_xy0=[0.502, 0.007]
[s1] LIFTED envs [3] (physical, friction-held)
[s1] close-entry e7: hand=[0.493, -0.008, 0.191] cup_gt=[0.5, 0.0]
[close] e1 t=104 hand_z=0.187 dxy=0.001 stall=0.400
[close] e1 t=164 hand_z=0.187 dxy=0.001 stall=0.400
[s1] step=20400 stages=['ALIGN', 'CLOSE', 'DESCEND', 'PLACE', 'IDLE', 'IDLE', 'IDLE', 'CLOSE'] picks=13 places=6 hand0=[-0.153, -0.04, 0.524] cup_xy0=[0.502, 0.007]
[close] e1 t=224 hand_z=0.187 dxy=0.001 stall=0.400
[s1] close-entry e2: hand=[0.5, 0.005, 0.184] cup_gt=[0.473, -0.036]
[s1] close-entry e4: hand=[0.47, 0.007, 0.186] cup_gt=[0.5, 0.0]
[s1] step=20500 stages=['ALIGN', 'FAIL', 'CLOSE', 'RELEASE', 'CLOSE', 'IDLE', 'IDLE', 'CLOSE'] picks=13 places=6 hand0=[0.346, 0.005, 0.651] cup_xy0=[0.502, 0.007]
[close] e2 t=52 hand_z=0.196 dxy=0.028 stall=0.800
[s1] PLACED envs [3] (full physical pick-move-place)
[rec] episode 7/40 saved (len=317, env=3)
[close] e2 t=112 hand_z=0.196 dxy=0.025 stall=0.801
[s1] step=20600 stages=['IDLE', 'ALIGN', 'CLOSE', 'IDLE', 'CLOSE', 'IDLE', 'IDLE', 'FAIL'] picks=13 places=7 hand0=[0.134, -0.111, 0.261] cup_xy0=[0.502, 0.007]
[close] e2 t=172 hand_z=0.196 dxy=0.025 stall=0.801
[close] e2 t=232 hand_z=0.196 dxy=0.024 stall=0.800
[s1] step=20700 stages=['IDLE', 'DESCEND', 'CLOSE', 'DESCEND', 'CLOSE', 'ALIGN', 'IDLE', 'ALIGN'] picks=13 places=7 hand0=[0.354, 0.045, 0.583] cup_xy0=[0.502, 0.007]
[s1] close-entry e1: hand=[0.431, 0.049, 0.191] cup_gt=[0.434, 0.036]
[s1] close-entry e3: hand=[0.504, -0.001, 0.191] cup_gt=[0.498, -0.001]
[close] e1 t=32 hand_z=0.170 dxy=0.007 stall=0.404
[s1] step=20800 stages=['IDLE', 'CLOSE', 'IDLE', 'CLOSE', 'IDLE', 'ALIGN', 'FAIL', 'DESCEND'] picks=13 places=7 hand0=[-0.345, -0.04, 0.752] cup_xy0=[0.502, 0.007]
[s1] close-entry e7: hand=[0.497, 0.071, 0.187] cup_gt=[0.51, 0.12]
[close] e1 t=92 hand_z=0.170 dxy=0.006 stall=0.408
[close] e1 t=152 hand_z=0.170 dxy=0.006 stall=0.408
[s1] step=20900 stages=['FAIL', 'CLOSE', 'DESCEND', 'CLOSE', 'DESCEND', 'ALIGN', 'IDLE', 'CLOSE'] picks=13 places=7 hand0=[0.244, -0.087, 1.119] cup_xy0=[0.502, 0.007]
[s1] close-entry e2: hand=[0.506, 0.002, 0.191] cup_gt=[0.5, -0.0]
[close] e1 t=212 hand_z=0.170 dxy=0.006 stall=0.408
[s1] close-entry e4: hand=[0.5, -0.005, 0.186] cup_gt=[0.5, 0.0]
[s1] grasp-geom e3: hand-cup_xy=0.015 cup_gt=[0.495, -0.009, 0.02] vision_xy=[0.501, 0.001]
[s1] GRASP (drive stall) envs [3] stall=[0.483]
[close] e2 t=100 hand_z=0.161 dxy=0.125 stall=0.776
[lift] e3 t=6 cup_z=0.021 hand_z=0.166 stall=0.495
[s1] step=21000 stages=['IDLE', 'FAIL', 'CLOSE', 'LIFT', 'CLOSE', 'ALIGN', 'IDLE', 'CLOSE'] picks=13 places=7 hand0=[0.408, -0.027, 1.062] cup_xy0=[0.502, 0.007]
[lift] e3 t=26 cup_z=0.025 hand_z=0.168 stall=0.497
[lift] e3 t=46 cup_z=0.077 hand_z=0.220 stall=0.498
[s1] LIFTED envs [3] (physical, friction-held)
[close] e2 t=160 hand_z=0.161 dxy=0.128 stall=0.776
[s1] step=21100 stages=['IDLE', 'ALIGN', 'CLOSE', 'PLACE', 'CLOSE', 'IDLE', 'IDLE', 'FAIL'] picks=14 places=7 hand0=[0.008, 0.068, 0.289] cup_xy0=[0.502, 0.007]
[close] e2 t=220 hand_z=0.161 dxy=0.128 stall=0.776
[close] e4 t=235 hand_z=0.222 dxy=0.034 stall=0.379
[s1] step=21200 stages=['IDLE', 'DESCEND', 'FAIL', 'RELEASE', 'FAIL', 'IDLE', 'FAIL', 'ALIGN'] picks=14 places=7 hand0=[0.551, -0.0, 0.894] cup_xy0=[0.502, 0.007]
[s1] PLACED envs [3] (full physical pick-move-place)
[rec] episode 8/40 saved (len=294, env=3)
[s1] close-entry e1: hand=[0.499, -0.002, 0.184] cup_gt=[0.488, -0.007]
[close] e1 t=25 hand_z=0.166 dxy=0.020 stall=0.413
[s1] close-entry e7: hand=[0.502, -0.004, 0.192] cup_gt=[0.497, -0.016]
[close] e1 t=85 hand_z=0.167 dxy=0.020 stall=0.435
[s1] step=21300 stages=['FAIL', 'CLOSE', 'ALIGN', 'IDLE', 'ALIGN', 'IDLE', 'IDLE', 'CLOSE'] picks=14 places=8 hand0=[0.397, -0.113, 0.788] cup_xy0=[0.502, 0.007]
[close] e1 t=145 hand_z=0.167 dxy=0.020 stall=0.435
[s1] step=21400 stages=['IDLE', 'CLOSE', 'ALIGN', 'DESCEND', 'DESCEND', 'FAIL', 'IDLE', 'CLOSE'] picks=14 places=8 hand0=[0.017, 0.088, 1.028] cup_xy0=[0.502, 0.007]
[s1] close-entry e4: hand=[0.505, 0.001, 0.188] cup_gt=[0.522, 0.054]
[close] e1 t=205 hand_z=0.167 dxy=0.020 stall=0.435
[s1] acquire e0: vision=[0.502, 0.002] gt=[0.5, -0.0]
[s1] close-entry e2: hand=[0.547, 0.178, 0.191] cup_gt=[0.556, 0.178]
[close] e2 t=12 hand_z=0.215 dxy=0.019 stall=0.433
[s1] step=21500 stages=['ALIGN', 'FAIL', 'CLOSE', 'DESCEND', 'CLOSE', 'IDLE', 'IDLE', 'CLOSE'] picks=14 places=8 hand0=[-0.378, 0.011, 0.612] cup_xy0=[0.502, 0.002]
[s1] close-entry e3: hand=[0.469, -0.011, 0.188] cup_gt=[0.5, -0.0]
[close] e2 t=72 hand_z=0.229 dxy=0.024 stall=0.478
[close] e2 t=132 hand_z=0.229 dxy=0.024 stall=0.478
[s1] step=21600 stages=['ALIGN', 'DESCEND', 'CLOSE', 'CLOSE', 'CLOSE', 'IDLE', 'IDLE', 'ALIGN'] picks=14 places=8 hand0=[0.498, 0.032, 0.337] cup_xy0=[0.502, 0.002]
[close] e2 t=192 hand_z=0.229 dxy=0.024 stall=0.478
[s1] close-entry e7: hand=[0.479, 0.003, 0.184] cup_gt=[0.512, -0.028]
[s1] step=21700 stages=['ALIGN', 'DESCEND', 'CLOSE', 'CLOSE', 'FAIL', 'IDLE', 'IDLE', 'CLOSE'] picks=14 places=8 hand0=[-0.11, -0.074, 0.864] cup_xy0=[0.502, 0.002]
[s1] grasp-geom e2: hand-cup_xy=0.024 cup_gt=[0.592, 0.161, 0.081] vision_xy=[0.548, 0.171]
[s1] GRASP (drive stall) envs [2] stall=[0.478]
[close] e3 t=216 hand_z=0.198 dxy=0.078 stall=0.799
[lift] e2 t=11 cup_z=0.094 hand_z=0.242 stall=0.479
[s1] close-entry e1: hand=[0.499, -0.002, 0.185] cup_gt=[0.467, -0.005]
[lift] e2 t=31 cup_z=0.157 hand_z=0.305 stall=0.478
[s1] LIFTED envs [2] (physical, friction-held)
[close] e1 t=49 hand_z=0.217 dxy=0.030 stall=0.800
[s1] step=21800 stages=['ALIGN', 'CLOSE', 'PLACE', 'FAIL', 'DESCEND', 'IDLE', 'IDLE', 'CLOSE'] picks=15 places=8 hand0=[-0.16, 0.025, 0.84] cup_xy0=[0.502, 0.002]
[close] e1 t=109 hand_z=0.217 dxy=0.032 stall=0.800
[s1] close-entry e4: hand=[0.5, -0.005, 0.184] cup_gt=[0.497, 0.007]
[close] e1 t=169 hand_z=0.217 dxy=0.033 stall=0.800
[s1] step=21900 stages=['FAIL', 'CLOSE', 'RELEASE', 'ALIGN', 'CLOSE', 'IDLE', 'FAIL', 'CLOSE'] picks=15 places=8 hand0=[0.578, -0.088, 0.702] cup_xy0=[0.502, 0.002]
[s1] PLACED envs [2] (full physical pick-move-place)
[rec] episode 9/40 saved (len=341, env=2)
[close] e1 t=229 hand_z=0.217 dxy=0.033 stall=0.800
[s1] close-entry e3: hand=[0.489, 0.001, 0.184] cup_gt=[0.506, -0.027]
[s1] step=22000 stages=['IDLE', 'FAIL', 'IDLE', 'CLOSE', 'CLOSE', 'IDLE', 'IDLE', 'ALIGN'] picks=15 places=9 hand0=[-0.178, -0.027, 0.635] cup_xy0=[0.502, 0.002]
[close] e3 t=42 hand_z=0.174 dxy=0.112 stall=0.800
[close] e3 t=102 hand_z=0.174 dxy=0.123 stall=0.800
[s1] step=22100 stages=['IDLE', 'ALIGN', 'IDLE', 'CLOSE', 'CLOSE', 'IDLE', 'IDLE', 'DESCEND'] picks=15 places=9 hand0=[0.581, -0.021, 0.506] cup_xy0=[0.502, 0.002]
[close] e3 t=162 hand_z=0.174 dxy=0.124 stall=0.800
[s1] acquire e0: vision=[0.501, 0.002] gt=[0.5, 0.0]
[s1] close-entry e7: hand=[0.504, -0.004, 0.19] cup_gt=[0.526, -0.037]
[close] e3 t=222 hand_z=0.174 dxy=0.124 stall=0.800
[s1] step=22200 stages=['ALIGN', 'DESCEND', 'IDLE', 'CLOSE', 'IDLE', 'IDLE', 'IDLE', 'CLOSE'] picks=15 places=9 hand0=[-0.223, -0.047, 0.691] cup_xy0=[0.501, 0.002]
[close] e7 t=108 hand_z=0.195 dxy=0.069 stall=0.403
[s1] close-entry e1: hand=[0.682, -0.012, 0.183] cup_gt=[0.5, 0.0]
[s1] step=22300 stages=['ALIGN', 'CLOSE', 'FAIL', 'IDLE', 'ALIGN', 'IDLE', 'FAIL', 'CLOSE'] picks=15 places=9 hand0=[-0.436, -0.023, 0.754] cup_xy0=[0.501, 0.002]
[close] e1 t=47 hand_z=0.218 dxy=0.203 stall=0.799
[close] e1 t=107 hand_z=0.221 dxy=0.206 stall=0.799
[s1] step=22400 stages=['ALIGN', 'CLOSE', 'IDLE', 'DESCEND', 'DESCEND', 'IDLE', 'IDLE', 'FAIL'] picks=15 places=9 hand0=[-0.172, 0.034, 0.604] cup_xy0=[0.501, 0.002]
[s1] close-entry e4: hand=[0.457, 0.002, 0.186] cup_gt=[0.5, 0.0]
[close] e1 t=167 hand_z=0.221 dxy=0.206 stall=0.799
[s1] close-entry e3: hand=[0.499, -0.001, 0.182] cup_gt=[0.454, -0.021]
[close] e1 t=227 hand_z=0.221 dxy=0.206 stall=0.799
[s1] step=22500 stages=['ALIGN', 'CLOSE', 'IDLE', 'CLOSE', 'CLOSE', 'FAIL', 'IDLE', 'IDLE'] picks=15 places=9 hand0=[-0.026, 0.049, 1.16] cup_xy0=[0.501, 0.002]
[close] e3 t=91 hand_z=0.201 dxy=0.114 stall=0.800
[s1] step=22600 stages=['FAIL', 'IDLE', 'IDLE', 'CLOSE', 'CLOSE', 'IDLE', 'IDLE', 'DESCEND'] picks=15 places=9 hand0=[-0.018, -0.089, 1.088] cup_xy0=[0.501, 0.002]
[s1] close-entry e7: hand=[0.499, 0.009, 0.185] cup_gt=[0.503, 0.047]
[close] e3 t=151 hand_z=0.201 dxy=0.114 stall=0.800
[close] e3 t=211 hand_z=0.201 dxy=0.114 stall=0.800
[s1] step=22700 stages=['IDLE', 'DESCEND', 'FAIL', 'CLOSE', 'FAIL', 'IDLE', 'IDLE', 'CLOSE'] picks=15 places=9 hand0=[0.007, 0.085, 0.259] cup_xy0=[0.501, 0.002]
[close] e7 t=132 hand_z=0.147 dxy=1.516 stall=-0.051
[s1] close-entry e1: hand=[0.499, 0.008, 0.185] cup_gt=[0.489, -0.022]
[close] e1 t=33 hand_z=0.170 dxy=0.105 stall=0.783
[s1] step=22800 stages=['IDLE', 'CLOSE', 'IDLE', 'IDLE', 'ALIGN', 'IDLE', 'IDLE', 'CLOSE'] picks=15 places=9 hand0=[-0.185, -0.089, 0.962] cup_xy0=[0.501, 0.002]
[close] e1 t=93 hand_z=0.168 dxy=0.169 stall=0.801
[s1] close-entry e4: hand=[0.493, -0.003, 0.19] cup_gt=[0.5, 0.0]
[s1] step=22900 stages=['IDLE', 'CLOSE', 'IDLE', 'DESCEND', 'CLOSE', 'IDLE', 'IDLE', 'FAIL'] picks=15 places=9 hand0=[0.226, 0.132, 0.305] cup_xy0=[0.501, 0.002]
[close] e1 t=153 hand_z=0.168 dxy=0.178 stall=0.801
[s1] close-entry e3: hand=[0.492, -0.014, 0.187] cup_gt=[0.508, 0.019]
[close] e1 t=213 hand_z=0.168 dxy=0.179 stall=0.801
[s1] step=23000 stages=['IDLE', 'CLOSE', 'IDLE', 'CLOSE', 'CLOSE', 'ALIGN', 'FAIL', 'DESCEND'] picks=15 places=9 hand0=[0.339, 0.03, 0.686] cup_xy0=[0.501, 0.002]
[close] e3 t=82 hand_z=0.201 dxy=0.029 stall=0.800
[s1] close-entry e7: hand=[0.504, 0.005, 0.19] cup_gt=[0.502, -0.008]
[close] e3 t=142 hand_z=0.201 dxy=0.030 stall=0.800
[s1] step=23100 stages=['IDLE', 'IDLE', 'IDLE', 'CLOSE', 'CLOSE', 'ALIGN', 'IDLE', 'CLOSE'] picks=15 places=9 hand0=[-0.341, -0.035, 0.384] cup_xy0=[0.501, 0.002]
[close] e3 t=202 hand_z=0.201 dxy=0.031 stall=0.800
[s1] step=23200 stages=['IDLE', 'DESCEND', 'IDLE', 'FAIL', 'ALIGN', 'ALIGN', 'IDLE', 'CLOSE'] picks=15 places=9 hand0=[-0.23, -0.03, 0.576] cup_xy0=[0.501, 0.002]
[close] e7 t=153 hand_z=0.159 dxy=0.038 stall=0.384
[s1] acquire e0: vision=[0.501, 0.002] gt=[0.5, 0.0]
[s1] close-entry e1: hand=[0.47, -0.016, 0.185] cup_gt=[0.504, -0.023]
[close] e1 t=5 hand_z=0.179 dxy=0.033 stall=0.558
[s1] step=23300 stages=['ALIGN', 'CLOSE', 'IDLE', 'IDLE', 'DESCEND', 'ALIGN', 'IDLE', 'CLOSE'] picks=15 places=9 hand0=[-0.205, -0.105, 0.875] cup_xy0=[0.501, 0.002]
[s1] close-entry e4: hand=[0.504, -0.004, 0.189] cup_gt=[0.498, 0.017]
[close] e1 t=65 hand_z=0.169 dxy=0.048 stall=0.801
[close] e1 t=125 hand_z=0.169 dxy=0.048 stall=0.801
[s1] step=23400 stages=['ALIGN', 'CLOSE', 'FAIL', 'DESCEND', 'CLOSE', 'ALIGN', 'IDLE', 'IDLE'] picks=15 places=9 hand0=[-0.118, -0.0, 0.485] cup_xy0=[0.501, 0.002]
[s1] close-entry e3: hand=[0.501, -0.005, 0.186] cup_gt=[0.494, -0.005]
[close] e1 t=185 hand_z=0.169 dxy=0.049 stall=0.801
[s1] step=23500 stages=['ALIGN', 'CLOSE', 'IDLE', 'CLOSE', 'CLOSE', 'ALIGN', 'IDLE', 'DESCEND'] picks=15 places=9 hand0=[-0.379, -0.003, 0.388] cup_xy0=[0.501, 0.002]
[close] e3 t=71 hand_z=0.218 dxy=0.009 stall=0.496
[s1] close-entry e7: hand=[0.504, 0.001, 0.192] cup_gt=[0.445, 0.023]
[close] e3 t=131 hand_z=0.218 dxy=0.009 stall=0.496
[s1] step=23600 stages=['ALIGN', 'IDLE', 'IDLE', 'CLOSE', 'FAIL', 'ALIGN', 'IDLE', 'CLOSE'] picks=15 places=9 hand0=[0.102, 0.021, 0.387] cup_xy0=[0.501, 0.002]
[close] e3 t=191 hand_z=0.218 dxy=0.009 stall=0.496
[s1] close-entry e1: hand=[0.472, 0.007, 0.184] cup_gt=[0.5, -0.0]
[s1] grasp-geom e3: hand-cup_xy=0.009 cup_gt=[0.522, 0.052, 0.067] vision_xy=[0.501, 0.002]
[s1] GRASP (drive stall) envs [3] stall=[0.496]
[close] e1 t=26 hand_z=0.216 dxy=0.033 stall=0.734
[lift] e3 t=10 cup_z=0.068 hand_z=0.219 stall=0.496
[s1] step=23700 stages=['IDLE', 'CLOSE', 'IDLE', 'LIFT', 'ALIGN', 'ALIGN', 'FAIL', 'CLOSE'] picks=15 places=9 hand0=[-0.05, 0.067, 1.142] cup_xy0=[0.501, 0.002]
[lift] e3 t=30 cup_z=0.096 hand_z=0.247 stall=0.498
[s1] LIFTED envs [3] (physical, friction-held)
[close] e1 t=86 hand_z=0.221 dxy=0.047 stall=0.799
[s1] close-entry e4: hand=[0.502, 0.009, 0.187] cup_gt=[0.489, 0.021]
[s1] step=23800 stages=['IDLE', 'CLOSE', 'IDLE', 'CARRY', 'CLOSE', 'FAIL', 'IDLE', 'FAIL'] picks=16 places=9 hand0=[-0.375, -0.028, 0.881] cup_xy0=[0.501, 0.002]
[close] e1 t=146 hand_z=0.221 dxy=0.049 stall=0.799
[close] e1 t=206 hand_z=0.221 dxy=0.049 stall=0.799
[s1] step=23900 stages=['IDLE', 'CLOSE', 'IDLE', 'CARRY', 'CLOSE', 'IDLE', 'IDLE', 'ALIGN'] picks=16 places=9 hand0=[0.407, -0.009, 0.641] cup_xy0=[0.501, 0.002]
[s1] acquire e0: vision=[0.501, 0.002] gt=[0.5, 0.0]
[close] e4 t=143 hand_z=0.207 dxy=0.034 stall=0.403
[close] e4 t=203 hand_z=0.207 dxy=0.034 stall=0.403
[s1] step=24000 stages=['ALIGN', 'IDLE', 'IDLE', 'CARRY', 'CLOSE', 'IDLE', 'IDLE', 'DESCEND'] picks=16 places=9 hand0=[0.501, -0.105, 0.447] cup_xy0=[0.501, 0.002]
[s1] close-entry e7: hand=[0.491, -0.003, 0.192] cup_gt=[0.5, 0.041]
[s1] step=24100 stages=['ALIGN', 'DESCEND', 'FAIL', 'PLACE', 'IDLE', 'IDLE', 'FAIL', 'CLOSE'] picks=16 places=9 hand0=[0.1, -0.029, 0.223] cup_xy0=[0.501, 0.002]
[close] e7 t=33 hand_z=0.193 dxy=0.032 stall=0.301
[s1] close-entry e1: hand=[0.503, 0.004, 0.188] cup_gt=[0.523, -0.044]
[close] e1 t=36 hand_z=0.167 dxy=0.251 stall=0.799
[s1] step=24200 stages=['ALIGN', 'CLOSE', 'IDLE', 'PLACE', 'DESCEND', 'FAIL', 'IDLE', 'CLOSE'] picks=16 places=9 hand0=[0.201, 0.019, 0.876] cup_xy0=[0.501, 0.002]
[close] e1 t=96 hand_z=0.167 dxy=0.337 stall=0.800
[s1] close-entry e4: hand=[0.478, -0.002, 0.182] cup_gt=[0.5, 0.0]
[close] e1 t=156 hand_z=0.167 dxy=0.348 stall=0.800
[s1] step=24300 stages=['ALIGN', 'CLOSE', 'IDLE', 'PLACE', 'CLOSE', 'IDLE', 'IDLE', 'CLOSE'] picks=16 places=9 hand0=[0.133, 0.075, 0.921] cup_xy0=[0.501, 0.002]
[close] e1 t=216 hand_z=0.167 dxy=0.350 stall=0.800
[s1] step=24400 stages=['IDLE', 'FAIL', 'IDLE', 'FAIL', 'CLOSE', 'IDLE', 'IDLE', 'IDLE'] picks=16 places=9 hand0=[-0.248, -0.028, 0.695] cup_xy0=[0.501, 0.002]
[close] e4 t=163 hand_z=0.201 dxy=0.021 stall=0.381
[close] e4 t=223 hand_z=0.201 dxy=0.021 stall=0.381
[s1] step=24500 stages=['IDLE', 'ALIGN', 'FAIL', 'IDLE', 'FAIL', 'IDLE', 'IDLE', 'DESCEND'] picks=16 places=9 hand0=[-0.263, -0.039, 1.03] cup_xy0=[0.501, 0.002]
[s1] close-entry e7: hand=[0.501, -0.004, 0.186] cup_gt=[0.521, -0.02]
[close] e7 t=16 hand_z=0.205 dxy=0.043 stall=0.314
[s1] step=24600 stages=['IDLE', 'DESCEND', 'IDLE', 'DESCEND', 'ALIGN', 'IDLE', 'IDLE', 'CLOSE'] picks=16 places=9 hand0=[-0.102, 0.0, 0.831] cup_xy0=[0.501, 0.002]
[s1] close-entry e3: hand=[0.461, 0.002, 0.192] cup_gt=[0.5, 0.0]
[s1] close-entry e1: hand=[0.505, -0.004, 0.19] cup_gt=[0.497, -0.003]
[close] e1 t=21 hand_z=0.197 dxy=0.022 stall=0.332
[s1] step=24700 stages=['FAIL', 'CLOSE', 'IDLE', 'CLOSE', 'DESCEND', 'IDLE', 'IDLE', 'CLOSE'] picks=16 places=9 hand0=[-0.081, 0.053, 0.157] cup_xy0=[0.501, 0.002]
[close] e1 t=81 hand_z=0.197 dxy=0.028 stall=0.413
[s1] close-entry e4: hand=[0.504, 0.002, 0.189] cup_gt=[0.495, -0.049]
[close] e1 t=141 hand_z=0.196 dxy=0.028 stall=0.413
[s1] step=24800 stages=['IDLE', 'CLOSE', 'IDLE', 'CLOSE', 'CLOSE', 'IDLE', 'FAIL', 'CLOSE'] picks=16 places=9 hand0=[0.304, 0.066, 1.027] cup_xy0=[0.501, 0.002]
[close] e1 t=201 hand_z=0.196 dxy=0.028 stall=0.413
[close] e4 t=156 hand_z=0.181 dxy=0.006 stall=0.430
[s1] step=24900 stages=['IDLE', 'FAIL', 'IDLE', 'FAIL', 'CLOSE', 'FAIL', 'IDLE', 'IDLE'] picks=16 places=9 hand0=[-0.035, 0.075, 1.109] cup_xy0=[0.501, 0.002]
[close] e4 t=216 hand_z=0.181 dxy=0.006 stall=0.430
[s1] step=25000 stages=['IDLE', 'ALIGN', 'IDLE', 'ALIGN', 'FAIL', 'IDLE', 'IDLE', 'DESCEND'] picks=16 places=9 hand0=[0.489, -0.054, 0.72] cup_xy0=[0.501, 0.002]
[s1] close-entry e7: hand=[0.504, -0.002, 0.191] cup_gt=[0.499, 0.04]
[close] e7 t=41 hand_z=0.166 dxy=0.040 stall=0.385
[s1] close-entry e1: hand=[0.494, -0.003, 0.188] cup_gt=[0.5, 0.0]
[s1] step=25100 stages=['FAIL', 'CLOSE', 'IDLE', 'DESCEND', 'ALIGN', 'IDLE', 'IDLE', 'CLOSE'] picks=16 places=9 hand0=[0.18, -0.069, 0.177] cup_xy0=[0.501, 0.002]
[close] e1 t=51 hand_z=0.158 dxy=0.020 stall=0.370
[s1] close-entry e3: hand=[0.497, -0.0, 0.182] cup_gt=[0.464, -0.035]
[s1] close-entry e4: hand=[0.506, 0.0, 0.191] cup_gt=[0.494, -0.01]
[close] e1 t=111 hand_z=0.158 dxy=0.020 stall=0.370
[s1] step=25200 stages=['IDLE', 'CLOSE', 'FAIL', 'CLOSE', 'CLOSE', 'IDLE', 'FAIL', 'CLOSE'] picks=16 places=9 hand0=[-0.287, 0.129, 0.73] cup_xy0=[0.501, 0.002]
[close] e1 t=171 hand_z=0.158 dxy=0.020 stall=0.370
[s1] step=25300 stages=['IDLE', 'CLOSE', 'IDLE', 'CLOSE', 'CLOSE', 'IDLE', 'IDLE', 'FAIL'] picks=16 places=9 hand0=[0.19, 0.03, 0.277] cup_xy0=[0.501, 0.002]
[close] e1 t=231 hand_z=0.158 dxy=0.020 stall=0.370
[close] e3 t=223 hand_z=0.190 dxy=0.053 stall=0.407
[s1] step=25400 stages=['IDLE', 'IDLE', 'IDLE', 'FAIL', 'CLOSE', 'IDLE', 'IDLE', 'IDLE'] picks=16 places=9 hand0=[0.325, 0.122, 0.981] cup_xy0=[0.501, 0.002]
[s1] close-entry e7: hand=[0.413, 0.005, 0.192] cup_gt=[0.406, -0.003]
[close] e7 t=37 hand_z=0.171 dxy=0.034 stall=0.344
[s1] step=25500 stages=['IDLE', 'DESCEND', 'IDLE', 'ALIGN', 'IDLE', 'IDLE', 'IDLE', 'CLOSE'] picks=16 places=9 hand0=[-0.146, 0.058, 0.941] cup_xy0=[0.501, 0.002]
[s1] close-entry e1: hand=[0.503, -0.006, 0.189] cup_gt=[0.493, 0.009]
[close] e1 t=13 hand_z=0.162 dxy=0.025 stall=0.290
[s1] step=25600 stages=['IDLE', 'CLOSE', 'FAIL', 'DESCEND', 'ALIGN', 'FAIL', 'IDLE', 'CLOSE'] picks=16 places=9 hand0=[0.282, 0.019, 0.443] cup_xy0=[0.501, 0.002]
[close] e1 t=73 hand_z=0.155 dxy=0.037 stall=0.269
[s1] close-entry e3: hand=[0.347, -0.12, 0.188] cup_gt=[0.257, -0.199]
[close] e1 t=133 hand_z=0.153 dxy=0.037 stall=0.135
[s1] step=25700 stages=['IDLE', 'CLOSE', 'IDLE', 'CLOSE', 'DESCEND', 'IDLE', 'IDLE', 'CLOSE'] picks=16 places=9 hand0=[-0.271, -0.028, 0.295] cup_xy0=[0.501, 0.002]
[s1] close-entry e4: hand=[0.498, -0.003, 0.184] cup_gt=[0.5, 0.0]
[close] e1 t=193 hand_z=0.148 dxy=0.034 stall=-0.000
[close] e3 t=153 hand_z=0.186 dxy=0.099 stall=0.383
[s1] step=25800 stages=['FAIL', 'FAIL', 'IDLE', 'CLOSE', 'CLOSE', 'IDLE', 'IDLE', 'ALIGN'] picks=16 places=9 hand0=[-0.153, 0.027, 0.179] cup_xy0=[0.501, 0.002]
[close] e3 t=213 hand_z=0.186 dxy=0.099 stall=0.383
[s1] step=25900 stages=['IDLE', 'IDLE', 'IDLE', 'FAIL', 'CLOSE', 'IDLE', 'FAIL', 'DESCEND'] picks=16 places=9 hand0=[-0.191, -0.022, 0.53] cup_xy0=[0.501, 0.002]
[close] e4 t=218 hand_z=0.206 dxy=0.028 stall=0.415
[s1] close-entry e7: hand=[0.498, 0.006, 0.183] cup_gt=[0.5, 0.0]
[close] e7 t=58 hand_z=0.212 dxy=0.016 stall=0.391
[s1] step=26000 stages=['IDLE', 'ALIGN', 'IDLE', 'IDLE', 'FAIL', 'FAIL', 'IDLE', 'CLOSE'] picks=16 places=9 hand0=[0.465, 0.011, 0.287] cup_xy0=[0.501, 0.002]
[close] e7 t=118 hand_z=0.212 dxy=0.016 stall=0.391
[close] e7 t=178 hand_z=0.212 dxy=0.016 stall=0.391
[s1] step=26100 stages=['IDLE', 'DESCEND', 'IDLE', 'DESCEND', 'DESCEND', 'IDLE', 'IDLE', 'CLOSE'] picks=16 places=9 hand0=[-0.076, 0.062, 1.136] cup_xy0=[0.501, 0.002]
[s1] close-entry e1: hand=[0.454, 0.022, 0.183] cup_gt=[0.5, -0.0]
[s1] close-entry e4: hand=[0.469, 0.008, 0.184] cup_gt=[0.5, 0.0]
[close] e1 t=42 hand_z=0.195 dxy=0.088 stall=0.386
[s1] close-entry e3: hand=[0.499, -0.004, 0.184] cup_gt=[0.447, 0.074]
[s1] step=26200 stages=['FAIL', 'CLOSE', 'IDLE', 'CLOSE', 'CLOSE', 'IDLE', 'IDLE', 'FAIL'] picks=16 places=9 hand0=[-0.418, -0.053, 0.784] cup_xy0=[0.501, 0.002]
[close] e1 t=102 hand_z=0.195 dxy=0.090 stall=0.393
[close] e1 t=162 hand_z=0.195 dxy=0.090 stall=0.393
[s1] step=26300 stages=['IDLE', 'CLOSE', 'FAIL', 'CLOSE', 'CLOSE', 'IDLE', 'IDLE', 'DESCEND'] picks=16 places=9 hand0=[0.461, -0.062, 0.41] cup_xy0=[0.501, 0.002]
[close] e1 t=222 hand_z=0.195 dxy=0.090 stall=0.393
[s1] close-entry e7: hand=[0.504, 0.004, 0.192] cup_gt=[0.503, -0.009]
[close] e3 t=239 hand_z=0.166 dxy=0.093 stall=0.390
[s1] step=26400 stages=['IDLE', 'FAIL', 'IDLE', 'CLOSE', 'FAIL', 'IDLE', 'IDLE', 'CLOSE'] picks=16 places=9 hand0=[-0.098, -0.0, 1.146] cup_xy0=[0.501, 0.002]
[close] e7 t=64 hand_z=0.168 dxy=0.030 stall=0.398
[s1] step=26500 stages=['IDLE', 'DESCEND', 'ALIGN', 'ALIGN', 'ALIGN', 'IDLE', 'IDLE', 'CLOSE'] picks=16 places=9 hand0=[0.381, 0.106, 0.296] cup_xy0=[0.501, 0.002]
[close] e7 t=124 hand_z=0.168 dxy=0.030 stall=0.398
[s1] close-entry e1: hand=[0.493, 0.003, 0.182] cup_gt=[0.521, 0.125]
[close] e1 t=18 hand_z=0.197 dxy=0.247 stall=0.356
[s1] step=26600 stages=['IDLE', 'CLOSE', 'ALIGN', 'DESCEND', 'DESCEND', 'IDLE', 'FAIL', 'CLOSE'] picks=16 places=9 hand0=[-0.297, 0.055, 0.31] cup_xy0=[0.501, 0.002]
[s1] close-entry e4: hand=[0.504, 0.005, 0.19] cup_gt=[0.495, -0.021]
[s1] close-entry e3: hand=[0.499, -0.001, 0.187] cup_gt=[0.496, 0.009]
[close] e1 t=78 hand_z=0.202 dxy=0.216 stall=0.405
[close] e1 t=138 hand_z=0.202 dxy=0.216 stall=0.405
[s1] step=26700 stages=['IDLE', 'CLOSE', 'ALIGN', 'CLOSE', 'CLOSE', 'FAIL', 'IDLE', 'IDLE'] picks=16 places=9 hand0=[0.488, -0.077, 0.35] cup_xy0=[0.501, 0.002]
[s1] acquire e0: vision=[0.502, 0.001] gt=[0.5, 0.0]
[close] e1 t=198 hand_z=0.202 dxy=0.216 stall=0.405
[s1] step=26800 stages=['ALIGN', 'CLOSE', 'ALIGN', 'CLOSE', 'CLOSE', 'IDLE', 'IDLE', 'DESCEND'] picks=16 places=9 hand0=[-0.192, -0.018, 1.102] cup_xy0=[0.502, 0.001]
[close] e3 t=202 hand_z=0.146 dxy=0.064 stall=0.093
[s1] close-entry e7: hand=[0.495, 0.03, 0.191] cup_gt=[0.495, 0.047]
[close] e7 t=5 hand_z=0.180 dxy=0.013 stall=0.240
[s1] step=26900 stages=['ALIGN', 'ALIGN', 'IDLE', 'FAIL', 'FAIL', 'IDLE', 'IDLE', 'CLOSE'] picks=16 places=9 hand0=[0.551, -0.009, 0.883] cup_xy0=[0.502, 0.001]
[close] e7 t=65 hand_z=0.159 dxy=0.004 stall=0.387
[close] e7 t=125 hand_z=0.159 dxy=0.004 stall=0.387
[s1] step=27000 stages=['ALIGN', 'DESCEND', 'IDLE', 'ALIGN', 'DESCEND', 'IDLE', 'FAIL', 'CLOSE'] picks=16 places=9 hand0=[-0.247, -0.1, 0.333] cup_xy0=[0.502, 0.001]
[close] e7 t=185 hand_z=0.159 dxy=0.004 stall=0.387
[s1] close-entry e1: hand=[0.501, 0.008, 0.187] cup_gt=[0.517, 0.027]
[s1] close-entry e4: hand=[0.504, -0.0, 0.192] cup_gt=[0.47, -0.032]
[s1] step=27100 stages=['ALIGN', 'CLOSE', 'IDLE', 'ALIGN', 'CLOSE', 'FAIL', 'IDLE', 'CLOSE'] picks=16 places=9 hand0=[-0.05, -0.127, 0.969] cup_xy0=[0.502, 0.001]
[close] e1 t=60 hand_z=0.211 dxy=0.072 stall=0.408
[s1] close-entry e3: hand=[0.447, -0.002, 0.191] cup_gt=[0.5, 0.0]
[close] e1 t=120 hand_z=0.211 dxy=0.073 stall=0.409
[s1] step=27200 stages=['FAIL', 'CLOSE', 'IDLE', 'CLOSE', 'CLOSE', 'IDLE', 'IDLE', 'IDLE'] picks=16 places=9 hand0=[-0.171, 0.025, 0.697] cup_xy0=[0.502, 0.001]
[close] e1 t=180 hand_z=0.211 dxy=0.073 stall=0.409
[close] e1 t=240 hand_z=0.211 dxy=0.073 stall=0.409
[s1] step=27300 stages=['IDLE', 'CLOSE', 'IDLE', 'CLOSE', 'CLOSE', 'IDLE', 'IDLE', 'ALIGN'] picks=16 places=9 hand0=[-0.011, -0.065, 0.391] cup_xy0=[0.502, 0.001]
[s1] acquire e0: vision=[0.503, 0.002] gt=[0.5, 0.0]
[close] e3 t=189 hand_z=0.196 dxy=0.069 stall=0.414
[s1] step=27400 stages=['ALIGN', 'IDLE', 'IDLE', 'CLOSE', 'IDLE', 'IDLE', 'IDLE', 'DESCEND'] picks=16 places=9 hand0=[-0.299, -0.131, 0.861] cup_xy0=[0.503, 0.002]
[s1] close-entry e7: hand=[0.466, 0.012, 0.191] cup_gt=[0.5, -0.005]
[close] e7 t=50 hand_z=0.168 dxy=0.015 stall=0.376
[s1] step=27500 stages=['ALIGN', 'DESCEND', 'IDLE', 'ALIGN', 'DESCEND', 'IDLE', 'IDLE', 'CLOSE'] picks=16 places=9 hand0=[-0.003, -0.015, 0.949] cup_xy0=[0.503, 0.002]
[s1] close-entry e4: hand=[0.504, 0.005, 0.192] cup_gt=[0.5, 0.0]
[close] e4 t=20 hand_z=0.156 dxy=0.024 stall=0.267
[s1] close-entry e1: hand=[0.504, 0.009, 0.192] cup_gt=[0.5, -0.003]
[close] e1 t=60 hand_z=0.173 dxy=0.011 stall=0.380
[s1] step=27600 stages=['ALIGN', 'CLOSE', 'FAIL', 'DESCEND', 'CLOSE', 'IDLE', 'IDLE', 'CLOSE'] picks=16 places=9 hand0=[-0.129, 0.127, 0.377] cup_xy0=[0.503, 0.002]
[s1] close-entry e3: hand=[0.498, -0.002, 0.191] cup_gt=[0.494, -0.046]
[close] e1 t=120 hand_z=0.173 dxy=0.011 stall=0.380
[s1] step=27700 stages=['ALIGN', 'CLOSE', 'IDLE', 'CLOSE', 'CLOSE', 'IDLE', 'FAIL', 'FAIL'] picks=16 places=9 hand0=[-0.28, -0.135, 0.671] cup_xy0=[0.503, 0.002]
[close] e1 t=180 hand_z=0.173 dxy=0.011 stall=0.380
[close] e1 t=240 hand_z=0.173 dxy=0.011 stall=0.380
[s1] step=27800 stages=['FAIL', 'FAIL', 'IDLE', 'CLOSE', 'FAIL', 'FAIL', 'IDLE', 'ALIGN'] picks=16 places=9 hand0=[0.206, 0.012, 0.88] cup_xy0=[0.503, 0.002]
[close] e3 t=223 hand_z=0.172 dxy=0.026 stall=0.396
[s1] step=27900 stages=['IDLE', 'ALIGN', 'IDLE', 'FAIL', 'ALIGN', 'IDLE', 'IDLE', 'DESCEND'] picks=16 places=9 hand0=[-0.186, 0.104, 0.989] cup_xy0=[0.503, 0.002]
[s1] close-entry e4: hand=[0.49, -0.113, 0.183] cup_gt=[0.44, -0.121]
[s1] close-entry e7: hand=[0.501, 0.004, 0.188] cup_gt=[0.505, 0.007]
[close] e4 t=19 hand_z=0.209 dxy=0.080 stall=0.321
[s1] step=28000 stages=['IDLE', 'DESCEND', 'IDLE', 'ALIGN', 'CLOSE', 'IDLE', 'IDLE', 'CLOSE'] picks=16 places=9 hand0=[0.439, -0.046, 1.027] cup_xy0=[0.503, 0.002]
[close] e4 t=79 hand_z=0.216 dxy=0.103 stall=0.410
[s1] close-entry e1: hand=[0.501, -0.01, 0.186] cup_gt=[0.494, 0.006]
[close] e1 t=49 hand_z=0.210 dxy=0.041 stall=0.418
[s1] step=28100 stages=['IDLE', 'CLOSE', 'IDLE', 'DESCEND', 'CLOSE', 'IDLE', 'IDLE', 'CLOSE'] picks=16 places=9 hand0=[-0.384, -0.077, 0.497] cup_xy0=[0.503, 0.002]
[s1] close-entry e3: hand=[0.497, -0.005, 0.184] cup_gt=[0.522, 0.055]
[close] e1 t=109 hand_z=0.210 dxy=0.042 stall=0.418
[s1] grasp-geom e7: hand-cup_xy=0.018 cup_gt=[0.543, -0.065, 0.066] vision_xy=[0.501, 0.002]
[s1] GRASP (drive stall) envs [7] stall=[0.496]
[close] e1 t=169 hand_z=0.210 dxy=0.042 stall=0.418
[lift] e7 t=16 cup_z=0.069 hand_z=0.223 stall=0.497
[s1] step=28200 stages=['IDLE', 'CLOSE', 'IDLE', 'CLOSE', 'FAIL', 'IDLE', 'IDLE', 'LIFT'] picks=16 places=9 hand0=[0.029, 0.03, 0.368] cup_xy0=[0.503, 0.002]
[lift] e7 t=36 cup_z=0.093 hand_z=0.247 stall=0.498
[s1] LIFTED envs [7] (physical, friction-held)
[close] e1 t=229 hand_z=0.210 dxy=0.042 stall=0.418
[s1] step=28300 stages=['IDLE', 'FAIL', 'FAIL', 'CLOSE', 'ALIGN', 'IDLE', 'IDLE', 'PLACE'] picks=17 places=9 hand0=[0.394, -0.05, 0.577] cup_xy0=[0.503, 0.002]
[close] e3 t=212 hand_z=0.210 dxy=0.165 stall=0.394
[s1] close-entry e4: hand=[0.504, 0.006, 0.19] cup_gt=[0.5, 0.003]
[close] e4 t=10 hand_z=0.178 dxy=0.013 stall=0.235
[s1] step=28400 stages=['IDLE', 'ALIGN', 'IDLE', 'FAIL', 'CLOSE', 'IDLE', 'FAIL', 'RELEASE'] picks=17 places=9 hand0=[0.322, -0.06, 0.4] cup_xy0=[0.503, 0.002]
[s1] PLACED envs [7] (full physical pick-move-place)
[rec] episode 10/40 saved (len=307, env=7)
[close] e4 t=70 hand_z=0.163 dxy=0.011 stall=0.407
[close] e4 t=130 hand_z=0.163 dxy=0.011 stall=0.407
[s1] step=28500 stages=['FAIL', 'DESCEND', 'IDLE', 'DESCEND', 'CLOSE', 'FAIL', 'IDLE', 'IDLE'] picks=17 places=10 hand0=[-0.125, -0.014, 1.129] cup_xy0=[0.503, 0.002]
[close] e4 t=190 hand_z=0.163 dxy=0.011 stall=0.407
[s1] close-entry e3: hand=[0.501, -0.002, 0.186] cup_gt=[0.505, -0.048]
[s1] acquire e0: vision=[0.501, 0.002] gt=[0.5, 0.0]
[s1] close-entry e1: hand=[0.483, -0.005, 0.184] cup_gt=[0.509, -0.051]
[s1] step=28600 stages=['ALIGN', 'CLOSE', 'IDLE', 'CLOSE', 'CLOSE', 'IDLE', 'IDLE', 'DESCEND'] picks=17 places=10 hand0=[-0.258, 0.13, 0.575] cup_xy0=[0.501, 0.002]
[close] e1 t=42 hand_z=0.209 dxy=0.131 stall=0.418
[s1] close-entry e7: hand=[0.505, 0.003, 0.191] cup_gt=[0.497, -0.005]
[close] e1 t=102 hand_z=0.209 dxy=0.145 stall=0.418
[s1] step=28700 stages=['ALIGN', 'CLOSE', 'FAIL', 'CLOSE', 'IDLE', 'IDLE', 'IDLE', 'CLOSE'] picks=17 places=10 hand0=[0.367, 0.066, 1.038] cup_xy0=[0.501, 0.002]
[close] e1 t=162 hand_z=0.209 dxy=0.147 stall=0.418
[close] e1 t=222 hand_z=0.209 dxy=0.147 stall=0.418
[s1] step=28800 stages=['ALIGN', 'CLOSE', 'IDLE', 'CLOSE', 'ALIGN', 'IDLE', 'FAIL', 'CLOSE'] picks=17 places=10 hand0=[-0.014, 0.004, 0.403] cup_xy0=[0.501, 0.002]
[close] e7 t=235 hand_z=0.123 dxy=0.253 stall=0.198
[s1] close-entry e4: hand=[0.649, -0.261, 0.192] cup_gt=[0.707, -0.39]
[s1] step=28900 stages=['ALIGN', 'IDLE', 'IDLE', 'ALIGN', 'CLOSE', 'FAIL', 'IDLE', 'FAIL'] picks=17 places=10 hand0=[-0.148, -0.04, 0.179] cup_xy0=[0.501, 0.002]
[close] e4 t=30 hand_z=0.165 dxy=0.122 stall=0.361
[close] e4 t=90 hand_z=0.177 dxy=0.118 stall=0.424
[s1] step=29000 stages=['FAIL', 'DESCEND', 'IDLE', 'DESCEND', 'CLOSE', 'IDLE', 'IDLE', 'ALIGN'] picks=17 places=10 hand0=[-0.143, 0.038, 0.974] cup_xy0=[0.501, 0.002]
[close] e4 t=150 hand_z=0.150 dxy=0.127 stall=0.106
[s1] close-entry e3: hand=[0.504, 0.006, 0.189] cup_gt=[0.505, 0.009]
[s1] close-entry e1: hand=[0.5, 0.007, 0.184] cup_gt=[0.501, -0.035]
[s1] close-entry e7: hand=[0.231, 0.171, 0.191] cup_gt=[0.236, 0.173]
[close] e1 t=43 hand_z=0.174 dxy=0.008 stall=0.395
[s1] step=29100 stages=['IDLE', 'CLOSE', 'IDLE', 'CLOSE', 'CLOSE', 'IDLE', 'IDLE', 'CLOSE'] picks=17 places=10 hand0=[-0.073, -0.067, 0.873] cup_xy0=[0.501, 0.002]
[close] e1 t=103 hand_z=0.174 dxy=0.009 stall=0.394
[s1] step=29200 stages=['IDLE', 'CLOSE', 'IDLE', 'CLOSE', 'IDLE', 'IDLE', 'IDLE', 'CLOSE'] picks=17 places=10 hand0=[0.266, 0.013, 0.415] cup_xy0=[0.501, 0.002]
[close] e1 t=163 hand_z=0.174 dxy=0.009 stall=0.394
[close] e1 t=223 hand_z=0.174 dxy=0.009 stall=0.394
[s1] grasp-geom e3: hand-cup_xy=0.020 cup_gt=[0.53, -0.043, 0.079] vision_xy=[0.501, 0.001]
[s1] GRASP (drive stall) envs [3] stall=[0.491]
[lift] e3 t=14 cup_z=0.080 hand_z=0.223 stall=0.496
[s1] step=29300 stages=['IDLE', 'FAIL', 'IDLE', 'LIFT', 'DESCEND', 'IDLE', 'IDLE', 'CLOSE'] picks=17 places=10 hand0=[-0.07, -0.134, 0.311] cup_xy0=[0.501, 0.002]
[s1] LIFTED envs [3] (physical, friction-held)
[s1] close-entry e4: hand=[0.504, -0.003, 0.191] cup_gt=[0.499, 0.005]
[close] e4 t=10 hand_z=0.166 dxy=0.003 stall=0.473
[s1] step=29400 stages=['IDLE', 'ALIGN', 'FAIL', 'PLACE', 'CLOSE', 'IDLE', 'IDLE', 'IDLE'] picks=18 places=10 hand0=[-0.297, -0.014, 0.281] cup_xy0=[0.501, 0.002]
[close] e4 t=70 hand_z=0.157 dxy=0.091 stall=0.348
[s1] PLACED envs [3] (full physical pick-move-place)
[rec] episode 11/40 saved (len=298, env=3)
[s1] step=29500 stages=['IDLE', 'DESCEND', 'IDLE', 'DONE', 'CLOSE', 'IDLE', 'FAIL', 'ALIGN'] picks=18 places=11 hand0=[0.257, -0.019, 0.365] cup_xy0=[0.501, 0.002]
[close] e4 t=130 hand_z=0.120 dxy=0.135 stall=0.381
[s1] close-entry e1: hand=[0.503, 0.009, 0.191] cup_gt=[0.507, -0.005]
[s1] close-entry e7: hand=[0.502, 0.007, 0.184] cup_gt=[0.502, -0.004]
[s1] acquire e0: vision=[0.501, 0.004] gt=[0.5, 0.0]
[close] e1 t=56 hand_z=0.194 dxy=0.037 stall=0.455
[s1] step=29600 stages=['ALIGN', 'CLOSE', 'IDLE', 'IDLE', 'CLOSE', 'FAIL', 'IDLE', 'CLOSE'] picks=18 places=11 hand0=[0.025, 0.0, 0.378] cup_xy0=[0.501, 0.004]
[close] e1 t=116 hand_z=0.186 dxy=0.041 stall=0.450
[close] e1 t=176 hand_z=0.186 dxy=0.041 stall=0.450
[s1] step=29700 stages=['ALIGN', 'CLOSE', 'IDLE', 'ALIGN', 'IDLE', 'IDLE', 'IDLE', 'CLOSE'] picks=18 places=11 hand0=[-0.151, -0.0, 0.538] cup_xy0=[0.501, 0.004]
[close] e1 t=236 hand_z=0.186 dxy=0.041 stall=0.450
[s1] close-entry e3: hand=[0.464, -0.021, 0.189] cup_gt=[0.495, -0.005]
[s1] step=29800 stages=['ALIGN', 'FAIL', 'IDLE', 'CLOSE', 'ALIGN', 'IDLE', 'IDLE', 'FAIL'] picks=18 places=11 hand0=[0.459, 0.004, 0.321] cup_xy0=[0.501, 0.004]
[close] e3 t=50 hand_z=0.162 dxy=0.052 stall=0.763
[close] e3 t=110 hand_z=0.162 dxy=0.052 stall=0.763
[s1] step=29900 stages=['ALIGN', 'DESCEND', 'IDLE', 'CLOSE', 'DESCEND', 'IDLE', 'FAIL', 'ALIGN'] picks=18 places=11 hand0=[0.591, 0.007, 0.571] cup_xy0=[0.501, 0.004]
[s1] close-entry e4: hand=[0.503, -0.004, 0.191] cup_gt=[0.5, -0.016]
[s1] close-entry e1: hand=[0.48, -0.009, 0.184] cup_gt=[0.5, 0.0]
[close] e1 t=7 hand_z=0.196 dxy=0.029 stall=0.233
[close] e1 t=67 hand_z=0.211 dxy=0.039 stall=0.403
[s1] step=30000 stages=['FAIL', 'CLOSE', 'IDLE', 'CLOSE', 'CLOSE', 'IDLE', 'IDLE', 'DESCEND'] picks=18 places=11 hand0=[-0.195, -0.11, 1.004] cup_xy0=[0.501, 0.004]
[s1] close-entry e7: hand=[0.505, -0.0, 0.189] cup_gt=[0.5, 0.016]
[close] e1 t=127 hand_z=0.211 dxy=0.040 stall=0.404
[s1] step=30100 stages=['IDLE', 'CLOSE', 'FAIL', 'IDLE', 'CLOSE', 'IDLE', 'IDLE', 'CLOSE'] picks=18 places=11 hand0=[-0.062, -0.075, 0.94] cup_xy0=[0.501, 0.004]
[close] e1 t=187 hand_z=0.211 dxy=0.039 stall=0.404
[close] e7 t=169 hand_z=0.168 dxy=0.037 stall=0.412
[s1] step=30200 stages=['IDLE', 'FAIL', 'IDLE', 'DESCEND', 'FAIL', 'IDLE', 'IDLE', 'CLOSE'] picks=18 places=11 hand0=[0.154, -0.084, 1.116] cup_xy0=[0.501, 0.004]
[close] e7 t=229 hand_z=0.168 dxy=0.038 stall=0.412
[s1] step=30300 stages=['IDLE', 'ALIGN', 'IDLE', 'DESCEND', 'ALIGN', 'FAIL', 'IDLE', 'FAIL'] picks=18 places=11 hand0=[-0.399, 0.052, 0.46] cup_xy0=[0.501, 0.004]
[s1] close-entry e3: hand=[0.492, -0.008, 0.184] cup_gt=[0.519, 0.03]
[close] e3 t=38 hand_z=0.223 dxy=0.030 stall=0.799
[s1] close-entry e4: hand=[0.478, 0.016, 0.188] cup_gt=[0.499, 0.0]
[s1] step=30400 stages=['FAIL', 'DESCEND', 'IDLE', 'CLOSE', 'CLOSE', 'IDLE', 'IDLE', 'DESCEND'] picks=18 places=11 hand0=[-0.422, 0.059, 0.763] cup_xy0=[0.501, 0.004]
[s1] close-entry e1: hand=[0.502, -0.003, 0.183] cup_gt=[0.502, 0.041]
[close] e1 t=8 hand_z=0.191 dxy=0.012 stall=0.254
[s1] close-entry e7: hand=[0.496, 0.006, 0.184] cup_gt=[0.484, -0.004]
[close] e1 t=68 hand_z=0.176 dxy=0.010 stall=0.407
[s1] step=30500 stages=['IDLE', 'CLOSE', 'FAIL', 'CLOSE', 'CLOSE', 'IDLE', 'IDLE', 'CLOSE'] picks=18 places=11 hand0=[-0.093, 0.0, 0.839] cup_xy0=[0.501, 0.004]
[close] e1 t=128 hand_z=0.175 dxy=0.010 stall=0.407
[close] e1 t=188 hand_z=0.175 dxy=0.010 stall=0.407
[s1] step=30600 stages=['IDLE', 'CLOSE', 'IDLE', 'FAIL', 'CLOSE', 'IDLE', 'FAIL', 'CLOSE'] picks=18 places=11 hand0=[0.296, -0.012, 0.505] cup_xy0=[0.501, 0.004]
[close] e7 t=200 hand_z=0.166 dxy=0.012 stall=0.334
[s1] step=30700 stages=['IDLE', 'FAIL', 'IDLE', 'ALIGN', 'IDLE', 'FAIL', 'IDLE', 'CLOSE'] picks=18 places=11 hand0=[-0.031, 0.109, 1.114] cup_xy0=[0.501, 0.004]
[s1] step=30800 stages=['IDLE', 'DESCEND', 'IDLE', 'DESCEND', 'DESCEND', 'IDLE', 'IDLE', 'ALIGN'] picks=18 places=11 hand0=[0.498, -0.001, 0.959] cup_xy0=[0.501, 0.004]
[s1] close-entry e3: hand=[0.504, -0.004, 0.192] cup_gt=[0.485, -0.01]
[close] e3 t=39 hand_z=0.167 dxy=0.013 stall=0.491
[s1] close-entry e1: hand=[0.501, -0.002, 0.189] cup_gt=[0.49, 0.012]
[close] e1 t=39 hand_z=0.157 dxy=0.025 stall=0.341
[s1] step=30900 stages=['IDLE', 'CLOSE', 'IDLE', 'CLOSE', 'DESCEND', 'IDLE', 'IDLE', 'DESCEND'] picks=18 places=11 hand0=[0.394, 0.016, 1.074] cup_xy0=[0.501, 0.004]
[s1] close-entry e4: hand=[0.502, -0.003, 0.186] cup_gt=[0.526, -0.04]
[s1] acquire e0: vision=[0.502, 0.002] gt=[0.5, 0.0]
[s1] close-entry e7: hand=[0.487, 0.013, 0.184] cup_gt=[0.501, -0.005]
[close] e1 t=99 hand_z=0.150 dxy=0.031 stall=0.030
[s1] step=31000 stages=['ALIGN', 'CLOSE', 'IDLE', 'CLOSE', 'CLOSE', 'IDLE', 'IDLE', 'CLOSE'] picks=18 places=11 hand0=[0.182, -0.024, 1.169] cup_xy0=[0.502, 0.002]
[close] e1 t=159 hand_z=0.147 dxy=0.029 stall=-0.000
[s1] grasp-geom e3: hand-cup_xy=0.013 cup_gt=[0.469, -0.011, 0.02] vision_xy=[0.501, 0.002]
[s1] GRASP (drive stall) envs [3] stall=[0.491]
[lift] e3 t=18 cup_z=0.022 hand_z=0.167 stall=0.495
[close] e1 t=219 hand_z=0.149 dxy=0.083 stall=0.101
[lift] e3 t=38 cup_z=0.072 hand_z=0.217 stall=0.497
[s1] LIFTED envs [3] (physical, friction-held)
[s1] step=31100 stages=['ALIGN', 'CLOSE', 'IDLE', 'CARRY', 'CLOSE', 'IDLE', 'IDLE', 'CLOSE'] picks=19 places=11 hand0=[0.042, 0.041, 0.276] cup_xy0=[0.502, 0.002]
[close] e4 t=237 hand_z=0.189 dxy=0.116 stall=0.421
[s1] step=31200 stages=['ALIGN', 'IDLE', 'FAIL', 'PLACE', 'FAIL', 'IDLE', 'IDLE', 'FAIL'] picks=19 places=11 hand0=[-0.261, -0.016, 0.266] cup_xy0=[0.502, 0.002]
[s1] step=31300 stages=['ALIGN', 'ALIGN', 'IDLE', 'RELEASE', 'DESCEND', 'IDLE', 'FAIL', 'DESCEND'] picks=19 places=11 hand0=[-0.404, -0.045, 0.842] cup_xy0=[0.502, 0.002]
[s1] PLACED envs [3] (full physical pick-move-place)
[rec] episode 12/40 saved (len=322, env=3)
[s1] step=31400 stages=['IDLE', 'DESCEND', 'IDLE', 'IDLE', 'DESCEND', 'FAIL', 'IDLE', 'DESCEND'] picks=19 places=12 hand0=[-0.226, -0.008, 0.218] cup_xy0=[0.502, 0.002]
[s1] close-entry e4: hand=[0.422, 0.031, 0.191] cup_gt=[0.405, 0.052]
[s1] close-entry e7: hand=[0.501, -0.005, 0.188] cup_gt=[0.501, -0.022]
[s1] close-entry e1: hand=[0.472, 0.018, 0.191] cup_gt=[0.5, -0.003]
[close] e1 t=31 hand_z=0.166 dxy=0.019 stall=0.356
[close] e1 t=91 hand_z=0.165 dxy=0.021 stall=0.363
[s1] step=31500 stages=['IDLE', 'CLOSE', 'IDLE', 'DESCEND', 'CLOSE', 'IDLE', 'IDLE', 'CLOSE'] picks=19 places=12 hand0=[0.385, -0.08, 0.447] cup_xy0=[0.502, 0.002]
[s1] close-entry e3: hand=[0.505, -0.0, 0.191] cup_gt=[0.493, -0.029]
[close] e1 t=151 hand_z=0.165 dxy=0.021 stall=0.364
[s1] step=31600 stages=['IDLE', 'CLOSE', 'FAIL', 'CLOSE', 'CLOSE', 'IDLE', 'IDLE', 'CLOSE'] picks=19 places=12 hand0=[-0.214, 0.118, 0.293] cup_xy0=[0.502, 0.002]
[close] e1 t=211 hand_z=0.165 dxy=0.021 stall=0.364
[close] e3 t=129 hand_z=0.162 dxy=0.048 stall=0.780
[s1] step=31700 stages=['FAIL', 'FAIL', 'IDLE', 'CLOSE', 'FAIL', 'IDLE', 'FAIL', 'FAIL'] picks=19 places=12 hand0=[-0.381, -0.064, 0.515] cup_xy0=[0.502, 0.002]
[close] e3 t=189 hand_z=0.162 dxy=0.050 stall=0.791
[s1] acquire e0: vision=[0.502, 0.001] gt=[0.5, 0.0]
[s1] step=31800 stages=['ALIGN', 'ALIGN', 'IDLE', 'FAIL', 'DESCEND', 'FAIL', 'IDLE', 'DESCEND'] picks=19 places=12 hand0=[0.244, -0.039, 0.157] cup_xy0=[0.502, 0.001]
[s1] close-entry e7: hand=[0.504, 0.003, 0.192] cup_gt=[0.499, 0.047]
[s1] close-entry e4: hand=[0.499, 0.006, 0.183] cup_gt=[0.473, -0.046]
[s1] step=31900 stages=['ALIGN', 'DESCEND', 'IDLE', 'IDLE', 'CLOSE', 'ALIGN', 'IDLE', 'CLOSE'] picks=19 places=12 hand0=[-0.328, 0.023, 0.664] cup_xy0=[0.502, 0.001]
[close] e4 t=43 hand_z=0.202 dxy=0.034 stall=0.393
[s1] close-entry e1: hand=[0.501, 0.008, 0.188] cup_gt=[0.527, 0.047]
[close] e1 t=49 hand_z=0.217 dxy=0.133 stall=0.800
[s1] step=32000 stages=['ALIGN', 'CLOSE', 'IDLE', 'DESCEND', 'CLOSE', 'ALIGN', 'IDLE', 'CLOSE'] picks=19 places=12 hand0=[-0.272, -0.047, 0.936] cup_xy0=[0.502, 0.001]
[s1] close-entry e3: hand=[0.505, -0.001, 0.191] cup_gt=[0.501, -0.027]
[close] e1 t=109 hand_z=0.217 dxy=0.150 stall=0.800
[close] e1 t=169 hand_z=0.217 dxy=0.152 stall=0.800
[s1] step=32100 stages=['ALIGN', 'CLOSE', 'IDLE', 'CLOSE', 'CLOSE', 'ALIGN', 'IDLE', 'CLOSE'] picks=19 places=12 hand0=[-0.297, 0.041, 1.001] cup_xy0=[0.502, 0.001]
[close] e1 t=229 hand_z=0.217 dxy=0.152 stall=0.800
[s1] step=32200 stages=['FAIL', 'FAIL', 'IDLE', 'CLOSE', 'IDLE', 'ALIGN', 'IDLE', 'ALIGN'] picks=19 places=12 hand0=[0.41, 0.134, 0.494] cup_xy0=[0.502, 0.001]
[close] e3 t=197 hand_z=0.162 dxy=0.097 stall=0.792
[s1] step=32300 stages=['IDLE', 'ALIGN', 'FAIL', 'FAIL', 'DESCEND', 'IDLE', 'IDLE', 'DESCEND'] picks=19 places=12 hand0=[0.605, 0.046, 0.648] cup_xy0=[0.502, 0.001]
[s1] close-entry e7: hand=[0.501, 0.008, 0.185] cup_gt=[0.497, -0.002]
[close] e7 t=20 hand_z=0.156 dxy=0.027 stall=0.283
[s1] close-entry e4: hand=[0.502, 0.01, 0.189] cup_gt=[0.497, -0.009]
[s1] close-entry e1: hand=[0.503, 0.004, 0.189] cup_gt=[0.483, -0.044]
[close] e1 t=6 hand_z=0.176 dxy=0.133 stall=0.577
[s1] step=32400 stages=['IDLE', 'CLOSE', 'IDLE', 'ALIGN', 'CLOSE', 'IDLE', 'FAIL', 'CLOSE'] picks=19 places=12 hand0=[0.172, 0.087, 0.958] cup_xy0=[0.502, 0.001]
[close] e1 t=66 hand_z=0.162 dxy=0.435 stall=0.769
[s1] close-entry e3: hand=[0.506, 0.004, 0.192] cup_gt=[0.5, -0.005]
[s1] step=32500 stages=['IDLE', 'CLOSE', 'IDLE', 'CLOSE', 'CLOSE', 'IDLE', 'IDLE', 'CLOSE'] picks=19 places=12 hand0=[0.294, -0.039, 0.916] cup_xy0=[0.502, 0.001]
[close] e1 t=126 hand_z=0.162 dxy=0.477 stall=0.794
[close] e1 t=186 hand_z=0.162 dxy=0.481 stall=0.797
[s1] step=32600 stages=['IDLE', 'CLOSE', 'IDLE', 'CLOSE', 'FAIL', 'FAIL', 'IDLE', 'FAIL'] picks=19 places=12 hand0=[-0.134, 0.088, 0.455] cup_xy0=[0.502, 0.001]
[close] e3 t=147 hand_z=0.162 dxy=0.040 stall=0.780
[close] e3 t=207 hand_z=0.162 dxy=0.041 stall=0.788
[s1] step=32700 stages=['IDLE', 'IDLE', 'IDLE', 'CLOSE', 'ALIGN', 'IDLE', 'IDLE', 'ALIGN'] picks=19 places=12 hand0=[-0.189, 0.016, 1.094] cup_xy0=[0.502, 0.001]
[s1] step=32800 stages=['IDLE', 'DESCEND', 'IDLE', 'IDLE', 'DESCEND', 'IDLE', 'FAIL', 'DESCEND'] picks=19 places=12 hand0=[-0.167, -0.024, 0.71] cup_xy0=[0.502, 0.001]
[s1] close-entry e4: hand=[0.5, 0.009, 0.182] cup_gt=[0.5, 0.0]
[close] e4 t=18 hand_z=0.156 dxy=0.016 stall=0.289
[s1] close-entry e1: hand=[0.506, -0.001, 0.191] cup_gt=[0.506, -0.035]
[s1] close-entry e7: hand=[0.46, -0.024, 0.191] cup_gt=[0.5, 0.0]
[close] e1 t=17 hand_z=0.172 dxy=0.071 stall=0.665
[s1] step=32900 stages=['FAIL', 'CLOSE', 'IDLE', 'DESCEND', 'CLOSE', 'IDLE', 'IDLE', 'CLOSE'] picks=19 places=12 hand0=[-0.234, -0.114, 0.545] cup_xy0=[0.502, 0.001]
[close] e1 t=77 hand_z=0.162 dxy=0.164 stall=0.799
[s1] close-entry e3: hand=[0.503, 0.005, 0.19] cup_gt=[0.485, -0.027]
[close] e1 t=137 hand_z=0.162 dxy=0.175 stall=0.799
[s1] step=33000 stages=['IDLE', 'CLOSE', 'FAIL', 'CLOSE', 'CLOSE', 'FAIL', 'IDLE', 'CLOSE'] picks=19 places=12 hand0=[0.083, 0.007, 0.908] cup_xy0=[0.502, 0.001]
[close] e1 t=197 hand_z=0.162 dxy=0.177 stall=0.799
[s1] step=33100 stages=['IDLE', 'CLOSE', 'IDLE', 'CLOSE', 'FAIL', 'IDLE', 'IDLE', 'CLOSE'] picks=19 places=12 hand0=[0.04, -0.047, 0.332] cup_xy0=[0.502, 0.001]
[close] e3 t=156 hand_z=0.162 dxy=0.048 stall=0.798
[close] e3 t=216 hand_z=0.162 dxy=0.048 stall=0.798
[s1] step=33200 stages=['IDLE', 'IDLE', 'IDLE', 'CLOSE', 'ALIGN', 'IDLE', 'IDLE', 'ALIGN'] picks=19 places=12 hand0=[-0.206, 0.118, 0.907] cup_xy0=[0.502, 0.001]
[s1] close-entry e7: hand=[0.487, 0.006, 0.189] cup_gt=[0.5, 0.0]
[close] e7 t=50 hand_z=0.159 dxy=0.024 stall=0.382
[s1] step=33300 stages=['FAIL', 'DESCEND', 'IDLE', 'IDLE', 'DESCEND', 'IDLE', 'IDLE', 'CLOSE'] picks=19 places=12 hand0=[-0.063, 0.107, 0.381] cup_xy0=[0.502, 0.001]
[s1] close-entry e4: hand=[0.502, 0.003, 0.191] cup_gt=[0.497, 0.008]
[s1] close-entry e1: hand=[0.504, 0.006, 0.191] cup_gt=[0.499, -0.026]
[close] e1 t=31 hand_z=0.162 dxy=0.077 stall=0.751
[s1] step=33400 stages=['IDLE', 'CLOSE', 'FAIL', 'DESCEND', 'CLOSE', 'IDLE', 'IDLE', 'CLOSE'] picks=19 places=12 hand0=[0.436, -0.072, 0.286] cup_xy0=[0.502, 0.001]
[close] e1 t=91 hand_z=0.162 dxy=0.113 stall=0.786
[s1] close-entry e3: hand=[0.505, -0.003, 0.19] cup_gt=[0.482, -0.026]
[close] e1 t=151 hand_z=0.162 dxy=0.118 stall=0.794
[s1] step=33500 stages=['IDLE', 'CLOSE', 'IDLE', 'CLOSE', 'CLOSE', 'IDLE', 'FAIL', 'FAIL'] picks=19 places=12 hand0=[0.416, 0.028, 1.048] cup_xy0=[0.502, 0.001]
[close] e1 t=211 hand_z=0.162 dxy=0.118 stall=0.797
[close] e3 t=166 hand_z=0.162 dxy=0.137 stall=0.777
[s1] step=33600 stages=['IDLE', 'FAIL', 'IDLE', 'CLOSE', 'FAIL', 'IDLE', 'IDLE', 'ALIGN'] picks=19 places=12 hand0=[0.347, 0.002, 0.232] cup_xy0=[0.502, 0.001]
[close] e3 t=226 hand_z=0.162 dxy=0.137 stall=0.777
[s1] step=33700 stages=['IDLE', 'ALIGN', 'IDLE', 'FAIL', 'ALIGN', 'FAIL', 'IDLE', 'DESCEND'] picks=19 places=12 hand0=[-0.33, 0.022, 0.435] cup_xy0=[0.502, 0.001]
[s1] close-entry e7: hand=[0.505, 0.0, 0.19] cup_gt=[0.5, -0.046]
[close] e7 t=34 hand_z=0.178 dxy=0.010 stall=0.376
[s1] close-entry e1: hand=[0.506, 0.001, 0.192] cup_gt=[0.502, -0.019]
[s1] step=33800 stages=['IDLE', 'CLOSE', 'IDLE', 'ALIGN', 'DESCEND', 'IDLE', 'IDLE', 'CLOSE'] picks=19 places=12 hand0=[-0.265, 0.107, 0.955] cup_xy0=[0.502, 0.001]
[s1] close-entry e4: hand=[0.427, -0.043, 0.188] cup_gt=[0.441, -0.06]
[close] e1 t=42 hand_z=0.171 dxy=0.039 stall=0.799
[close] e1 t=102 hand_z=0.168 dxy=0.042 stall=0.799
[s1] step=33900 stages=['IDLE', 'CLOSE', 'IDLE', 'DESCEND', 'CLOSE', 'IDLE', 'IDLE', 'CLOSE'] picks=19 places=12 hand0=[0.208, 0.107, 1.112] cup_xy0=[0.502, 0.001]
[s1] close-entry e3: hand=[0.504, 0.007, 0.191] cup_gt=[0.501, -0.011]
[close] e1 t=162 hand_z=0.168 dxy=0.042 stall=0.799
[s1] step=34000 stages=['FAIL', 'CLOSE', 'IDLE', 'CLOSE', 'CLOSE', 'IDLE', 'IDLE', 'FAIL'] picks=19 places=12 hand0=[0.337, -0.005, 0.627] cup_xy0=[0.502, 0.001]
[close] e1 t=222 hand_z=0.168 dxy=0.042 stall=0.799
[close] e3 t=179 hand_z=0.165 dxy=0.039 stall=0.798
[s1] step=34100 stages=['IDLE', 'FAIL', 'ALIGN', 'CLOSE', 'FAIL', 'FAIL', 'IDLE', 'ALIGN'] picks=19 places=12 hand0=[0.53, 0.124, 0.707] cup_xy0=[0.502, 0.001]
[s1] acquire e0: vision=[0.501, -0.004] gt=[0.5, 0.0]
[close] e3 t=239 hand_z=0.165 dxy=0.039 stall=0.798
[s1] step=34200 stages=['ALIGN', 'DESCEND', 'ALIGN', 'FAIL', 'ALIGN', 'IDLE', 'FAIL', 'DESCEND'] picks=19 places=12 hand0=[0.186, -0.008, 1.074] cup_xy0=[0.501, -0.004]
[s1] close-entry e7: hand=[0.503, 0.002, 0.187] cup_gt=[0.496, -0.006]
[close] e7 t=59 hand_z=0.152 dxy=0.027 stall=0.135
[s1] close-entry e1: hand=[0.506, 0.002, 0.192] cup_gt=[0.5, -0.005]
[s1] step=34300 stages=['ALIGN', 'CLOSE', 'ALIGN', 'DESCEND', 'DESCEND', 'IDLE', 'IDLE', 'CLOSE'] picks=19 places=12 hand0=[0.449, 0.062, 0.344] cup_xy0=[0.501, -0.004]
[close] e1 t=53 hand_z=0.166 dxy=0.015 stall=0.489
[s1] close-entry e3: hand=[0.505, 0.008, 0.192] cup_gt=[0.5, -0.003]
[close] e1 t=113 hand_z=0.166 dxy=0.015 stall=0.489
[s1] step=34400 stages=['ALIGN', 'CLOSE', 'ALIGN', 'CLOSE', 'DESCEND', 'IDLE', 'IDLE', 'CLOSE'] picks=19 places=12 hand0=[-0.323, 0.006, 0.99] cup_xy0=[0.501, -0.004]
[close] e1 t=173 hand_z=0.166 dxy=0.015 stall=0.489
[s1] close-entry e4: hand=[0.508, 0.001, 0.192] cup_gt=[0.53, -0.036]
[close] e1 t=233 hand_z=0.166 dxy=0.015 stall=0.489
[s1] step=34500 stages=['ALIGN', 'CLOSE', 'IDLE', 'CLOSE', 'CLOSE', 'IDLE', 'IDLE', 'FAIL'] picks=19 places=12 hand0=[0.424, 0.137, 0.852] cup_xy0=[0.501, -0.004]
[s1] grasp-geom e1: hand-cup_xy=0.015 cup_gt=[0.474, -0.043, 0.02] vision_xy=[0.501, 0.002]
[s1] GRASP (drive stall) envs [1] stall=[0.489]
[lift] e1 t=12 cup_z=0.020 hand_z=0.166 stall=0.496
[lift] e1 t=32 cup_z=0.040 hand_z=0.182 stall=0.499
[s1] LIFTED envs [1] (physical, friction-held)
[close] e3 t=193 hand_z=0.162 dxy=0.056 stall=0.798
[s1] step=34600 stages=['IDLE', 'PLACE', 'ALIGN', 'CLOSE', 'CLOSE', 'IDLE', 'FAIL', 'ALIGN'] picks=20 places=12 hand0=[-0.217, 0.135, 0.443] cup_xy0=[0.501, -0.004]
[close] e4 t=160 hand_z=0.171 dxy=0.030 stall=0.408
[close] e4 t=220 hand_z=0.171 dxy=0.030 stall=0.408
[s1] step=34700 stages=['IDLE', 'RELEASE', 'ALIGN', 'IDLE', 'CLOSE', 'IDLE', 'IDLE', 'DESCEND'] picks=20 places=12 hand0=[-0.191, 0.025, 0.563] cup_xy0=[0.501, -0.004]
[s1] close-entry e7: hand=[0.499, 0.001, 0.183] cup_gt=[0.5, 0.001]
[s1] PLACED envs [1] (full physical pick-move-place)
[rec] episode 13/40 saved (len=280, env=1)
[close] e7 t=29 hand_z=0.203 dxy=0.023 stall=0.373
[close] e7 t=89 hand_z=0.204 dxy=0.026 stall=0.381
[s1] step=34800 stages=['IDLE', 'IDLE', 'ALIGN', 'DESCEND', 'IDLE', 'FAIL', 'IDLE', 'CLOSE'] picks=20 places=13 hand0=[0.489, 0.11, 0.45] cup_xy0=[0.501, -0.004]
[s1] close-entry e3: hand=[0.504, 0.006, 0.191] cup_gt=[0.503, -0.023]
[close] e3 t=26 hand_z=0.175 dxy=0.032 stall=0.788
[s1] step=34900 stages=['FAIL', 'DESCEND', 'ALIGN', 'CLOSE', 'DESCEND', 'IDLE', 'IDLE', 'CLOSE'] picks=20 places=13 hand0=[-0.252, 0.077, 0.827] cup_xy0=[0.501, -0.004]
[close] e3 t=86 hand_z=0.170 dxy=0.031 stall=0.803
[s1] close-entry e1: hand=[0.502, 0.002, 0.191] cup_gt=[0.49, -0.032]
[s1] close-entry e4: hand=[0.491, 0.004, 0.192] cup_gt=[0.484, -0.013]
[close] e1 t=35 hand_z=0.162 dxy=0.034 stall=0.791
[s1] step=35000 stages=['IDLE', 'CLOSE', 'IDLE', 'CLOSE', 'CLOSE', 'IDLE', 'IDLE', 'FAIL'] picks=20 places=13 hand0=[0.15, 0.035, 0.386] cup_xy0=[0.501, -0.004]
[close] e1 t=95 hand_z=0.162 dxy=0.036 stall=0.794
[close] e1 t=155 hand_z=0.162 dxy=0.035 stall=0.797
[s1] step=35100 stages=['IDLE', 'CLOSE', 'ALIGN', 'FAIL', 'CLOSE', 'IDLE', 'IDLE', 'DESCEND'] picks=20 places=13 hand0=[0.34, 0.007, 0.623] cup_xy0=[0.501, -0.004]
[close] e1 t=215 hand_z=0.162 dxy=0.034 stall=0.797
[s1] close-entry e7: hand=[0.481, 0.009, 0.188] cup_gt=[0.511, -0.017]
[s1] step=35200 stages=['IDLE', 'FAIL', 'ALIGN', 'ALIGN', 'FAIL', 'IDLE', 'IDLE', 'CLOSE'] picks=20 places=13 hand0=[-0.19, -0.059, 0.667] cup_xy0=[0.501, -0.004]
[close] e7 t=55 hand_z=0.221 dxy=0.067 stall=0.388
[close] e7 t=115 hand_z=0.221 dxy=0.076 stall=0.388
[s1] step=35300 stages=['FAIL', 'IDLE', 'ALIGN', 'DESCEND', 'IDLE', 'IDLE', 'FAIL', 'CLOSE'] picks=20 places=13 hand0=[-0.251, -0.09, 0.599] cup_xy0=[0.501, -0.004]
[s1] close-entry e3: hand=[0.505, 0.002, 0.192] cup_gt=[0.504, -0.028]
[close] e3 t=37 hand_z=0.165 dxy=0.070 stall=0.792
[close] e3 t=97 hand_z=0.162 dxy=0.087 stall=0.798
[s1] step=35400 stages=['IDLE', 'DESCEND', 'ALIGN', 'CLOSE', 'DESCEND', 'IDLE', 'IDLE', 'CLOSE'] picks=20 places=13 hand0=[-0.275, -0.048, 0.501] cup_xy0=[0.501, -0.004]
[s1] close-entry e4: hand=[0.502, 0.004, 0.191] cup_gt=[0.499, -0.012]
[s1] close-entry e1: hand=[0.498, 0.003, 0.186] cup_gt=[0.465, -0.067]
[close] e1 t=22 hand_z=0.220 dxy=0.114 stall=0.693
[s1] step=35500 stages=['IDLE', 'CLOSE', 'IDLE', 'CLOSE', 'CLOSE', 'FAIL', 'IDLE', 'ALIGN'] picks=20 places=13 hand0=[-0.105, 0.106, 0.41] cup_xy0=[0.501, -0.004]
[close] e1 t=82 hand_z=0.226 dxy=0.130 stall=0.796
[s1] acquire e0: vision=[0.501, 0.002] gt=[0.5, 0.0]
[close] e1 t=142 hand_z=0.226 dxy=0.132 stall=0.796
[s1] step=35600 stages=['ALIGN', 'CLOSE', 'IDLE', 'FAIL', 'CLOSE', 'IDLE', 'IDLE', 'DESCEND'] picks=20 places=13 hand0=[0.37, -0.106, 0.939] cup_xy0=[0.501, 0.002]
[s1] close-entry e7: hand=[0.505, 0.002, 0.191] cup_gt=[0.497, -0.047]
[close] e1 t=202 hand_z=0.226 dxy=0.132 stall=0.796
[close] e7 t=74 hand_z=0.170 dxy=0.007 stall=0.411
[s1] step=35700 stages=['ALIGN', 'FAIL', 'IDLE', 'DESCEND', 'FAIL', 'IDLE', 'FAIL', 'CLOSE'] picks=20 places=13 hand0=[0.33, 0.003, 0.179] cup_xy0=[0.501, 0.002]
[close] e7 t=134 hand_z=0.170 dxy=0.007 stall=0.411
[s1] close-entry e3: hand=[0.504, 0.006, 0.192] cup_gt=[0.502, -0.016]
[s1] step=35800 stages=['ALIGN', 'ALIGN', 'FAIL', 'CLOSE', 'DESCEND', 'IDLE', 'IDLE', 'CLOSE'] picks=20 places=13 hand0=[0.194, -0.123, 0.26] cup_xy0=[0.501, 0.002]
[close] e3 t=50 hand_z=0.184 dxy=0.008 stall=0.508
[close] e3 t=110 hand_z=0.177 dxy=0.011 stall=0.505
[s1] step=35900 stages=['ALIGN', 'DESCEND', 'ALIGN', 'CLOSE', 'DESCEND', 'FAIL', 'IDLE', 'FAIL'] picks=20 places=13 hand0=[0.233, -0.0, 0.86] cup_xy0=[0.501, 0.002]
[s1] close-entry e4: hand=[0.503, 0.001, 0.191] cup_gt=[0.502, 0.009]
[s1] close-entry e1: hand=[0.498, -0.004, 0.189] cup_gt=[0.503, 0.043]
[close] e1 t=24 hand_z=0.167 dxy=0.144 stall=0.718
[close] e1 t=84 hand_z=0.164 dxy=0.233 stall=0.800
[s1] step=36000 stages=['FAIL', 'CLOSE', 'ALIGN', 'CLOSE', 'CLOSE', 'IDLE', 'IDLE', 'ALIGN'] picks=20 places=13 hand0=[-0.191, 0.054, 0.692] cup_xy0=[0.501, 0.002]
[s1] grasp-geom e3: hand-cup_xy=0.011 cup_gt=[0.51, -0.072, 0.02] vision_xy=[0.501, 0.002]
[s1] GRASP (drive stall) envs [3] stall=[0.505]
[lift] e3 t=9 cup_z=0.020 hand_z=0.178 stall=0.508
[lift] e3 t=29 cup_z=0.030 hand_z=0.187 stall=0.512
[close] e1 t=144 hand_z=0.164 dxy=0.246 stall=0.800
[lift] e3 t=49 cup_z=0.088 hand_z=0.245 stall=0.513
[s1] LIFTED envs [3] (physical, friction-held)
[s1] close-entry e7: hand=[0.501, 0.004, 0.182] cup_gt=[0.496, -0.005]
[s1] step=36100 stages=['IDLE', 'CLOSE', 'ALIGN', 'PLACE', 'CLOSE', 'IDLE', 'IDLE', 'CLOSE'] picks=21 places=13 hand0=[-0.039, -0.026, 0.902] cup_xy0=[0.501, 0.002]
[close] e1 t=204 hand_z=0.164 dxy=0.248 stall=0.800
[close] e7 t=104 hand_z=0.150 dxy=0.038 stall=0.157
[s1] step=36200 stages=['IDLE', 'FAIL', 'ALIGN', 'RELEASE', 'FAIL', 'IDLE', 'IDLE', 'CLOSE'] picks=21 places=13 hand0=[-0.326, 0.054, 0.945] cup_xy0=[0.501, 0.002]
[s1] PLACED envs [3] (full physical pick-move-place)
[rec] episode 14/40 saved (len=278, env=3)
[close] e7 t=164 hand_z=0.149 dxy=0.037 stall=0.167
[close] e7 t=224 hand_z=0.149 dxy=0.038 stall=0.171
[s1] step=36300 stages=['IDLE', 'ALIGN', 'FAIL', 'IDLE', 'ALIGN', 'IDLE', 'IDLE', 'CLOSE'] picks=21 places=14 hand0=[0.381, 0.078, 0.844] cup_xy0=[0.501, 0.002]
[s1] step=36400 stages=['IDLE', 'DESCEND', 'IDLE', 'DESCEND', 'DESCEND', 'IDLE', 'FAIL', 'IDLE'] picks=21 places=14 hand0=[-0.035, 0.004, 0.421] cup_xy0=[0.501, 0.002]
[s1] close-entry e3: hand=[0.505, 0.005, 0.192] cup_gt=[0.498, -0.004]
[s1] close-entry e4: hand=[0.412, -0.259, 0.189] cup_gt=[0.401, -0.302]
[s1] close-entry e1: hand=[0.465, -0.088, 0.186] cup_gt=[0.464, -0.078]
[close] e1 t=27 hand_z=0.153 dxy=0.042 stall=0.227
[s1] step=36500 stages=['IDLE', 'CLOSE', 'IDLE', 'CLOSE', 'CLOSE', 'IDLE', 'ALIGN', 'IDLE'] picks=21 places=14 hand0=[-0.167, -0.118, 0.886] cup_xy0=[0.501, 0.002]
[close] e1 t=87 hand_z=0.130 dxy=0.056 stall=0.220
[close] e1 t=147 hand_z=0.130 dxy=0.056 stall=0.222
[s1] step=36600 stages=['IDLE', 'CLOSE', 'ALIGN', 'CLOSE', 'CLOSE', 'FAIL', 'ALIGN', 'IDLE'] picks=21 places=14 hand0=[-0.175, -0.102, 0.408] cup_xy0=[0.501, 0.002]
[close] e1 t=207 hand_z=0.130 dxy=0.057 stall=0.223
[s1] step=36700 stages=['FAIL', 'FAIL', 'ALIGN', 'FAIL', 'FAIL', 'IDLE', 'ALIGN', 'FAIL'] picks=21 places=14 hand0=[0.555, 0.101, 0.742] cup_xy0=[0.501, 0.002]
[s1] step=36800 stages=['IDLE', 'IDLE', 'ALIGN', 'IDLE', 'IDLE', 'IDLE', 'ALIGN', 'ALIGN'] picks=21 places=14 hand0=[0.364, -0.03, 0.214] cup_xy0=[0.501, 0.002]
[s1] step=36900 stages=['IDLE', 'ALIGN', 'DESCEND', 'ALIGN', 'IDLE', 'IDLE', 'FAIL', 'DESCEND'] picks=21 places=14 hand0=[0.382, -0.105, 0.413] cup_xy0=[0.501, 0.002]
[s1] close-entry e7: hand=[0.499, 0.009, 0.183] cup_gt=[0.439, 0.046]
[close] e7 t=51 hand_z=0.213 dxy=0.075 stall=0.383
[s1] step=37000 stages=['IDLE', 'DESCEND', 'DESCEND', 'DESCEND', 'IDLE', 'IDLE', 'IDLE', 'CLOSE'] picks=21 places=14 hand0=[0.284, -0.02, 1.068] cup_xy0=[0.501, 0.002]
[s1] close-entry e1: hand=[0.48, -0.016, 0.188] cup_gt=[0.505, 0.026]
[close] e1 t=16 hand_z=0.173 dxy=0.123 stall=0.311
[s1] close-entry e3: hand=[0.501, -0.005, 0.183] cup_gt=[0.524, -0.056]
[close] e1 t=76 hand_z=0.169 dxy=0.272 stall=0.398
[s1] step=37100 stages=['IDLE', 'CLOSE', 'DESCEND', 'CLOSE', 'FAIL', 'IDLE', 'IDLE', 'CLOSE'] picks=21 places=14 hand0=[-0.391, -0.081, 0.613] cup_xy0=[0.501, 0.002]
[close] e1 t=136 hand_z=0.169 dxy=0.296 stall=0.398
[close] e1 t=196 hand_z=0.169 dxy=0.299 stall=0.398
[s1] step=37200 stages=['IDLE', 'CLOSE', 'DESCEND', 'CLOSE', 'IDLE', 'IDLE', 'IDLE', 'FAIL'] picks=21 places=14 hand0=[0.361, -0.02, 0.555] cup_xy0=[0.501, 0.002]
[close] e3 t=205 hand_z=0.204 dxy=0.152 stall=0.415
[s1] step=37300 stages=['IDLE', 'FAIL', 'IDLE', 'FAIL', 'IDLE', 'FAIL', 'IDLE', 'DESCEND'] picks=21 places=14 hand0=[0.262, -0.026, 0.39] cup_xy0=[0.501, 0.002]
[s1] close-entry e7: hand=[0.501, 0.006, 0.189] cup_gt=[0.512, 0.024]
[s1] step=37400 stages=['FAIL', 'ALIGN', 'ALIGN', 'ALIGN', 'IDLE', 'IDLE', 'IDLE', 'CLOSE'] picks=21 places=14 hand0=[0.427, 0.132, 0.899] cup_xy0=[0.501, 0.002]
[close] e7 t=43 hand_z=0.215 dxy=0.072 stall=0.401
[close] e7 t=103 hand_z=0.215 dxy=0.075 stall=0.401
[s1] step=37500 stages=['IDLE', 'DESCEND', 'ALIGN', 'DESCEND', 'IDLE', 'IDLE', 'IDLE', 'CLOSE'] picks=21 places=14 hand0=[-0.289, 0.106, 0.892] cup_xy0=[0.501, 0.002]
[s1] close-entry e1: hand=[0.456, 0.002, 0.189] cup_gt=[0.5, 0.0]
[s1] close-entry e3: hand=[0.5, 0.008, 0.183] cup_gt=[0.496, 0.001]
[close] e1 t=28 hand_z=0.195 dxy=0.060 stall=0.377
[s1] step=37600 stages=['IDLE', 'CLOSE', 'ALIGN', 'CLOSE', 'IDLE', 'IDLE', 'FAIL', 'CLOSE'] picks=21 places=14 hand0=[-0.213, 0.078, 0.689] cup_xy0=[0.501, 0.002]
[close] e1 t=88 hand_z=0.196 dxy=0.064 stall=0.389
[close] e1 t=148 hand_z=0.196 dxy=0.064 stall=0.389
[s1] step=37700 stages=['IDLE', 'CLOSE', 'ALIGN', 'CLOSE', 'IDLE', 'FAIL', 'IDLE', 'IDLE'] picks=21 places=14 hand0=[-0.268, 0.08, 0.963] cup_xy0=[0.501, 0.002]
[close] e1 t=208 hand_z=0.196 dxy=0.064 stall=0.389
[s1] step=37800 stages=['FAIL', 'FAIL', 'IDLE', 'FAIL', 'FAIL', 'IDLE', 'IDLE', 'DESCEND'] picks=21 places=14 hand0=[-0.21, -0.101, 0.871] cup_xy0=[0.501, 0.002]
[s1] close-entry e7: hand=[0.5, -0.006, 0.187] cup_gt=[0.501, 0.005]
[s1] step=37900 stages=['IDLE', 'ALIGN', 'IDLE', 'IDLE', 'IDLE', 'IDLE', 'IDLE', 'CLOSE'] picks=21 places=14 hand0=[-0.428, -0.056, 0.564] cup_xy0=[0.501, 0.002]
[close] e7 t=45 hand_z=0.153 dxy=0.076 stall=0.182
[close] e7 t=105 hand_z=0.149 dxy=0.073 stall=0.145
[s1] close-entry e1: hand=[0.493, -0.016, 0.183] cup_gt=[0.501, 0.002]
[s1] step=38000 stages=['IDLE', 'CLOSE', 'IDLE', 'DESCEND', 'IDLE', 'IDLE', 'IDLE', 'CLOSE'] picks=21 places=14 hand0=[-0.267, 0.068, 0.485] cup_xy0=[0.501, 0.002]
[close] e1 t=59 hand_z=0.158 dxy=0.035 stall=0.452
[s1] close-entry e3: hand=[0.474, -0.02, 0.191] cup_gt=[0.498, 0.001]
[close] e1 t=119 hand_z=0.161 dxy=0.048 stall=0.714
[s1] step=38100 stages=['IDLE', 'CLOSE', 'FAIL', 'CLOSE', 'IDLE', 'IDLE', 'IDLE', 'CLOSE'] picks=21 places=14 hand0=[0.181, -0.066, 0.902] cup_xy0=[0.501, 0.002]
[close] e1 t=179 hand_z=0.161 dxy=0.048 stall=0.714
[s1] step=38200 stages=['IDLE', 'CLOSE', 'ALIGN', 'CLOSE', 'FAIL', 'IDLE', 'IDLE', 'IDLE'] picks=21 places=14 hand0=[0.025, -0.055, 1.095] cup_xy0=[0.501, 0.002]
[close] e1 t=239 hand_z=0.161 dxy=0.048 stall=0.714
[close] e3 t=237 hand_z=0.156 dxy=0.047 stall=0.263
[s1] step=38300 stages=['IDLE', 'IDLE', 'ALIGN', 'FAIL', 'IDLE', 'IDLE', 'IDLE', 'DESCEND'] picks=21 places=14 hand0=[-0.287, -0.082, 0.866] cup_xy0=[0.501, 0.002]
[s1] close-entry e7: hand=[0.505, 0.002, 0.191] cup_gt=[0.517, 0.004]
[close] e7 t=16 hand_z=0.174 dxy=0.009 stall=0.472
[close] e7 t=76 hand_z=0.174 dxy=0.010 stall=0.489
[s1] step=38400 stages=['IDLE', 'DESCEND', 'ALIGN', 'IDLE', 'IDLE', 'FAIL', 'IDLE', 'CLOSE'] picks=21 places=14 hand0=[0.172, -0.075, 1.003] cup_xy0=[0.501, 0.002]
[close] e7 t=136 hand_z=0.174 dxy=0.010 stall=0.489
[s1] close-entry e1: hand=[0.499, 0.004, 0.183] cup_gt=[0.498, 0.004]
[s1] step=38500 stages=['FAIL', 'CLOSE', 'ALIGN', 'DESCEND', 'IDLE', 'IDLE', 'IDLE', 'CLOSE'] picks=21 places=14 hand0=[-0.167, -0.007, 1.116] cup_xy0=[0.501, 0.002]
[close] e1 t=35 hand_z=0.203 dxy=0.018 stall=0.383
[s1] close-entry e3: hand=[0.505, 0.005, 0.191] cup_gt=[0.495, -0.04]
[s1] grasp-geom e7: hand-cup_xy=0.010 cup_gt=[0.501, -0.026, 0.02] vision_xy=[0.501, 0.002]
[s1] GRASP (drive stall) envs [7] stall=[0.489]
[close] e1 t=95 hand_z=0.204 dxy=0.019 stall=0.385
[lift] e7 t=15 cup_z=0.023 hand_z=0.176 stall=0.492
[lift] e7 t=35 cup_z=0.072 hand_z=0.226 stall=0.494
[s1] step=38600 stages=['IDLE', 'CLOSE', 'FAIL', 'CLOSE', 'IDLE', 'IDLE', 'IDLE', 'LIFT'] picks=21 places=14 hand0=[0.161, -0.103, 0.359] cup_xy0=[0.501, 0.002]
[s1] LIFTED envs [7] (physical, friction-held)
[close] e1 t=155 hand_z=0.203 dxy=0.018 stall=0.385
[close] e1 t=215 hand_z=0.203 dxy=0.018 stall=0.385
[s1] step=38700 stages=['IDLE', 'CLOSE', 'IDLE', 'CLOSE', 'IDLE', 'ALIGN', 'FAIL', 'CARRY'] picks=22 places=14 hand0=[0.098, 0.047, 1.078] cup_xy0=[0.501, 0.002]
[close] e3 t=215 hand_z=0.179 dxy=0.056 stall=0.422
[s1] step=38800 stages=['IDLE', 'IDLE', 'IDLE', 'FAIL', 'IDLE', 'ALIGN', 'IDLE', 'PLACE'] picks=22 places=14 hand0=[0.018, 0.021, 0.129] cup_xy0=[0.501, 0.002]
[s1] step=38900 stages=['FAIL', 'DESCEND', 'IDLE', 'ALIGN', 'FAIL', 'ALIGN', 'IDLE', 'PLACE'] picks=22 places=14 hand0=[-0.241, -0.123, 0.965] cup_xy0=[0.501, 0.002]
[s1] close-entry e1: hand=[0.49, 0.01, 0.192] cup_gt=[0.515, 0.045]
[close] e1 t=35 hand_z=0.183 dxy=0.012 stall=0.351
[s1] acquire e0: vision=[0.503, 0.005] gt=[0.5, -0.0]
[s1] close-entry e3: hand=[0.505, 0.001, 0.188] cup_gt=[0.5, 0.0]
[close] e1 t=95 hand_z=0.183 dxy=0.013 stall=0.351
[s1] step=39000 stages=['ALIGN', 'CLOSE', 'FAIL', 'CLOSE', 'IDLE', 'ALIGN', 'IDLE', 'PLACE'] picks=22 places=14 hand0=[-0.034, -0.016, 0.407] cup_xy0=[0.503, 0.005]
[close] e1 t=155 hand_z=0.183 dxy=0.013 stall=0.351
[s1] PLACED envs [7] (full physical pick-move-place)
[rec] episode 15/40 saved (len=425, env=7)
[s1] step=39100 stages=['ALIGN', 'CLOSE', 'IDLE', 'CLOSE', 'IDLE', 'IDLE', 'IDLE', 'DONE'] picks=22 places=15 hand0=[0.263, 0.125, 0.35] cup_xy0=[0.503, 0.005]
[close] e1 t=215 hand_z=0.183 dxy=0.013 stall=0.351
[close] e3 t=196 hand_z=0.159 dxy=0.009 stall=0.392
[s1] step=39200 stages=['ALIGN', 'FAIL', 'IDLE', 'CLOSE', 'IDLE', 'IDLE', 'IDLE', 'IDLE'] picks=22 places=15 hand0=[0.065, 0.119, 0.221] cup_xy0=[0.503, 0.005]
[s1] step=39300 stages=['ALIGN', 'ALIGN', 'IDLE', 'IDLE', 'IDLE', 'IDLE', 'IDLE', 'DESCEND'] picks=22 places=15 hand0=[-0.219, -0.126, 0.822] cup_xy0=[0.503, 0.005]
[s1] close-entry e7: hand=[0.506, -0.004, 0.189] cup_gt=[0.531, 0.057]
[close] e7 t=19 hand_z=0.212 dxy=0.133 stall=0.662
[s1] close-entry e1: hand=[0.502, 0.005, 0.187] cup_gt=[0.502, -0.039]
[s1] step=39400 stages=['FAIL', 'CLOSE', 'IDLE', 'DESCEND', 'IDLE', 'FAIL', 'FAIL', 'CLOSE'] picks=22 places=15 hand0=[0.136, -0.053, 1.154] cup_xy0=[0.503, 0.005]
[close] e1 t=38 hand_z=0.173 dxy=0.003 stall=0.328
[close] e1 t=98 hand_z=0.171 dxy=0.003 stall=0.331
[s1] step=39500 stages=['IDLE', 'CLOSE', 'IDLE', 'DESCEND', 'IDLE', 'IDLE', 'IDLE', 'CLOSE'] picks=22 places=15 hand0=[0.351, 0.031, 0.573] cup_xy0=[0.503, 0.005]
[close] e1 t=158 hand_z=0.171 dxy=0.003 stall=0.331
[close] e1 t=218 hand_z=0.171 dxy=0.003 stall=0.331
[s1] step=39600 stages=['IDLE', 'CLOSE', 'IDLE', 'DESCEND', 'FAIL', 'IDLE', 'IDLE', 'FAIL'] picks=22 places=15 hand0=[-0.056, 0.096, 0.215] cup_xy0=[0.503, 0.005]
[s1] close-entry e3: hand=[0.473, 0.129, 0.191] cup_gt=[0.459, 0.175]
[close] e3 t=12 hand_z=0.195 dxy=0.039 stall=0.250
[s1] step=39700 stages=['IDLE', 'IDLE', 'FAIL', 'CLOSE', 'IDLE', 'IDLE', 'IDLE', 'ALIGN'] picks=22 places=15 hand0=[0.563, -0.032, 0.439] cup_xy0=[0.503, 0.005]
[close] e3 t=72 hand_z=0.197 dxy=0.023 stall=0.377
[close] e3 t=132 hand_z=0.197 dxy=0.023 stall=0.377
[s1] step=39800 stages=['IDLE', 'DESCEND', 'IDLE', 'CLOSE', 'IDLE', 'FAIL', 'FAIL', 'DESCEND'] picks=22 places=15 hand0=[0.244, 0.062, 1.12] cup_xy0=[0.503, 0.005]
[s1] close-entry e7: hand=[0.503, 0.009, 0.189] cup_gt=[0.499, -0.003]
[close] e3 t=192 hand_z=0.197 dxy=0.023 stall=0.377
[s1] close-entry e1: hand=[0.504, -0.001, 0.191] cup_gt=[0.469, -0.033]
[close] e1 t=36 hand_z=0.197 dxy=0.104 stall=0.428
[s1] step=39900 stages=['IDLE', 'CLOSE', 'IDLE', 'FAIL', 'IDLE', 'IDLE', 'IDLE', 'CLOSE'] picks=22 places=15 hand0=[0.423, -0.035, 0.25] cup_xy0=[0.503, 0.005]
[close] e1 t=96 hand_z=0.198 dxy=0.108 stall=0.428
[s1] step=40000 stages=['IDLE', 'CLOSE', 'IDLE', 'IDLE', 'FAIL', 'IDLE', 'IDLE', 'CLOSE'] picks=22 places=15 hand0=[0.353, -0.031, 0.551] cup_xy0=[0.503, 0.005]
[close] e1 t=156 hand_z=0.198 dxy=0.108 stall=0.428
[close] e1 t=216 hand_z=0.198 dxy=0.108 stall=0.428
[s1] close-entry e3: hand=[0.498, -0.003, 0.182] cup_gt=[0.469, -0.029]
[s1] step=40100 stages=['FAIL', 'CLOSE', 'IDLE', 'CLOSE', 'IDLE', 'IDLE', 'IDLE', 'FAIL'] picks=22 places=15 hand0=[0.005, 0.091, 1.002] cup_xy0=[0.503, 0.005]
[close] e3 t=46 hand_z=0.168 dxy=0.061 stall=0.419
[close] e3 t=106 hand_z=0.167 dxy=0.061 stall=0.419
[s1] step=40200 stages=['IDLE', 'IDLE', 'IDLE', 'CLOSE', 'IDLE', 'IDLE', 'IDLE', 'DESCEND'] picks=22 places=15 hand0=[-0.022, -0.031, 0.908] cup_xy0=[0.503, 0.005]
[s1] close-entry e7: hand=[0.434, -0.004, 0.192] cup_gt=[0.435, -0.004]
[close] e3 t=166 hand_z=0.167 dxy=0.061 stall=0.419
[s1] step=40300 stages=['IDLE', 'DESCEND', 'IDLE', 'CLOSE', 'IDLE', 'IDLE', 'ALIGN', 'CLOSE'] picks=22 places=15 hand0=[-0.426, -0.039, 0.758] cup_xy0=[0.503, 0.005]
[s1] close-entry e1: hand=[0.491, -0.005, 0.19] cup_gt=[0.5, 0.001]
[close] e1 t=13 hand_z=0.160 dxy=0.023 stall=0.327
[close] e1 t=73 hand_z=0.157 dxy=0.025 stall=0.338
[s1] step=40400 stages=['IDLE', 'CLOSE', 'FAIL', 'IDLE', 'IDLE', 'IDLE', 'ALIGN', 'CLOSE'] picks=22 places=15 hand0=[0.113, 0.093, 0.155] cup_xy0=[0.503, 0.005]
[close] e1 t=133 hand_z=0.157 dxy=0.025 stall=0.338
[close] e1 t=193 hand_z=0.157 dxy=0.025 stall=0.338
[s1] step=40500 stages=['IDLE', 'CLOSE', 'IDLE', 'DESCEND', 'IDLE', 'FAIL', 'ALIGN', 'FAIL'] picks=22 places=15 hand0=[0.147, -0.074, 0.935] cup_xy0=[0.503, 0.005]
[s1] close-entry e3: hand=[0.498, -0.002, 0.184] cup_gt=[0.502, 0.007]
[s1] step=40600 stages=['IDLE', 'FAIL', 'IDLE', 'CLOSE', 'IDLE', 'IDLE', 'ALIGN', 'ALIGN'] picks=22 places=15 hand0=[-0.224, 0.039, 0.241] cup_xy0=[0.503, 0.005]
[s1] acquire e0: vision=[0.501, 0.002] gt=[0.5, 0.0]
[close] e3 t=51 hand_z=0.157 dxy=0.070 stall=0.339
[close] e3 t=111 hand_z=0.152 dxy=0.078 stall=0.084
[s1] close-entry e7: hand=[0.504, 0.004, 0.189] cup_gt=[0.517, -0.043]
[s1] step=40700 stages=['ALIGN', 'DESCEND', 'IDLE', 'CLOSE', 'FAIL', 'IDLE', 'IDLE', 'CLOSE'] picks=22 places=15 hand0=[-0.441, -0.004, 0.732] cup_xy0=[0.501, 0.002]
[close] e3 t=171 hand_z=0.150 dxy=0.084 stall=0.132
[s1] close-entry e1: hand=[0.505, -0.004, 0.191] cup_gt=[0.506, 0.043]
[close] e1 t=22 hand_z=0.176 dxy=0.018 stall=0.374
[s1] step=40800 stages=['ALIGN', 'CLOSE', 'FAIL', 'CLOSE', 'IDLE', 'IDLE', 'IDLE', 'CLOSE'] picks=22 places=15 hand0=[-0.189, 0.062, 1.088] cup_xy0=[0.501, 0.002]
[close] e1 t=82 hand_z=0.174 dxy=0.022 stall=0.416
[s1] step=40900 stages=['ALIGN', 'CLOSE', 'IDLE', 'IDLE', 'IDLE', 'IDLE', 'IDLE', 'CLOSE'] picks=22 places=15 hand0=[-0.144, 0.036, 0.777] cup_xy0=[0.501, 0.002]
[close] e1 t=142 hand_z=0.174 dxy=0.021 stall=0.416
[close] e1 t=202 hand_z=0.174 dxy=0.022 stall=0.416
[s1] step=41000 stages=['ALIGN', 'CLOSE', 'IDLE', 'ALIGN', 'IDLE', 'IDLE', 'FAIL', 'IDLE'] picks=22 places=15 hand0=[0.312, 0.035, 0.801] cup_xy0=[0.501, 0.002]
[s1] step=41100 stages=['IDLE', 'IDLE', 'IDLE', 'DESCEND', 'IDLE', 'IDLE', 'IDLE', 'DESCEND'] picks=22 places=15 hand0=[0.435, -0.049, 0.657] cup_xy0=[0.501, 0.002]
[s1] close-entry e7: hand=[0.503, 0.006, 0.191] cup_gt=[0.509, -0.001]
[s1] close-entry e3: hand=[0.466, 0.011, 0.189] cup_gt=[0.5, -0.0]
[s1] step=41200 stages=['IDLE', 'DESCEND', 'IDLE', 'CLOSE', 'IDLE', 'FAIL', 'IDLE', 'CLOSE'] picks=22 places=15 hand0=[-0.335, 0.036, 0.345] cup_xy0=[0.501, 0.002]
[close] e3 t=23 hand_z=0.196 dxy=0.074 stall=0.335
[s1] close-entry e1: hand=[0.503, 0.0, 0.191] cup_gt=[0.452, 0.003]
[close] e1 t=41 hand_z=0.170 dxy=0.042 stall=0.396
[s1] step=41300 stages=['IDLE', 'CLOSE', 'IDLE', 'CLOSE', 'IDLE', 'IDLE', 'IDLE', 'CLOSE'] picks=22 places=15 hand0=[0.225, -0.015, 0.434] cup_xy0=[0.501, 0.002]
[close] e1 t=101 hand_z=0.170 dxy=0.042 stall=0.396
[close] e1 t=161 hand_z=0.170 dxy=0.042 stall=0.396
[s1] step=41400 stages=['FAIL', 'CLOSE', 'IDLE', 'CLOSE', 'FAIL', 'IDLE', 'FAIL', 'CLOSE'] picks=22 places=15 hand0=[-0.006, -0.099, 0.351] cup_xy0=[0.501, 0.002]
[close] e1 t=221 hand_z=0.170 dxy=0.042 stall=0.396
[s1] step=41500 stages=['IDLE', 'FAIL', 'FAIL', 'IDLE', 'IDLE', 'IDLE', 'IDLE', 'ALIGN'] picks=22 places=15 hand0=[-0.034, -0.078, 0.157] cup_xy0=[0.501, 0.002]
[s1] step=41600 stages=['IDLE', 'IDLE', 'IDLE', 'DESCEND', 'IDLE', 'FAIL', 'IDLE', 'ALIGN'] picks=22 places=15 hand0=[0.049, -0.027, 0.964] cup_xy0=[0.501, 0.002]
[s1] close-entry e3: hand=[0.5, -0.009, 0.189] cup_gt=[0.501, 0.005]
[s1] close-entry e7: hand=[0.388, 0.367, 0.19] cup_gt=[0.339, 0.499]
[close] e3 t=59 hand_z=0.139 dxy=0.073 stall=-0.000
[s1] step=41700 stages=['IDLE', 'DESCEND', 'IDLE', 'CLOSE', 'IDLE', 'IDLE', 'IDLE', 'CLOSE'] picks=22 places=15 hand0=[-0.045, 0.101, 0.225] cup_xy0=[0.501, 0.002]
[s1] close-entry e1: hand=[0.468, 0.001, 0.192] cup_gt=[0.499, -0.02]
[close] e1 t=4 hand_z=0.187 dxy=0.036 stall=0.245
[s1] step=41800 stages=['FAIL', 'CLOSE', 'IDLE', 'CLOSE', 'FAIL', 'IDLE', 'IDLE', 'CLOSE'] picks=22 places=15 hand0=[-0.166, -0.084, 1.013] cup_xy0=[0.501, 0.002]
[close] e1 t=64 hand_z=0.177 dxy=0.038 stall=0.416
[close] e1 t=124 hand_z=0.177 dxy=0.038 stall=0.416
[s1] step=41900 stages=['IDLE', 'CLOSE', 'FAIL', 'FAIL', 'IDLE', 'IDLE', 'IDLE', 'CLOSE'] picks=22 places=15 hand0=[-0.149, -0.01, 0.789] cup_xy0=[0.501, 0.002]
[close] e1 t=184 hand_z=0.177 dxy=0.038 stall=0.416
[s1] step=42000 stages=['IDLE', 'FAIL', 'IDLE', 'IDLE', 'IDLE', 'IDLE', 'IDLE', 'IDLE'] picks=22 places=15 hand0=[-0.368, 0.004, 0.821] cup_xy0=[0.501, 0.002]
[s1] step=42100 stages=['IDLE', 'IDLE', 'IDLE', 'DESCEND', 'IDLE', 'IDLE', 'FAIL', 'DESCEND'] picks=22 places=15 hand0=[0.462, 0.081, 0.337] cup_xy0=[0.501, 0.002]
[s1] close-entry e7: hand=[0.504, 0.007, 0.191] cup_gt=[0.498, 0.017]
[close] e7 t=28 hand_z=0.220 dxy=0.024 stall=0.372
[s1] step=42200 stages=['IDLE', 'DESCEND', 'IDLE', 'DESCEND', 'IDLE', 'IDLE', 'IDLE', 'CLOSE'] picks=22 places=15 hand0=[0.471, 0.0, 1.008] cup_xy0=[0.501, 0.002]
[close] e7 t=88 hand_z=0.222 dxy=0.035 stall=0.390
[s1] close-entry e3: hand=[0.497, 0.001, 0.184] cup_gt=[0.516, 0.123]
[s1] close-entry e1: hand=[0.503, -0.001, 0.191] cup_gt=[0.516, 0.006]
[close] e1 t=3 hand_z=0.185 dxy=0.018 stall=0.247
[s1] step=42300 stages=['IDLE', 'CLOSE', 'IDLE', 'CLOSE', 'IDLE', 'FAIL', 'IDLE', 'CLOSE'] picks=22 places=15 hand0=[-0.169, 0.085, 0.978] cup_xy0=[0.501, 0.002]
[close] e1 t=63 hand_z=0.165 dxy=0.035 stall=0.420
[s1] step=42400 stages=['IDLE', 'CLOSE', 'IDLE', 'CLOSE', 'IDLE', 'IDLE', 'IDLE', 'FAIL'] picks=22 places=15 hand0=[0.363, 0.095, 0.562] cup_xy0=[0.501, 0.002]
[close] e1 t=123 hand_z=0.165 dxy=0.035 stall=0.420
[close] e1 t=183 hand_z=0.165 dxy=0.035 stall=0.420
[s1] step=42500 stages=['FAIL', 'CLOSE', 'IDLE', 'CLOSE', 'FAIL', 'IDLE', 'IDLE', 'ALIGN'] picks=22 places=15 hand0=[0.3, -0.01, 0.516] cup_xy0=[0.501, 0.002]
[s1] step=42600 stages=['IDLE', 'IDLE', 'FAIL', 'IDLE', 'IDLE', 'IDLE', 'IDLE', 'DESCEND'] picks=22 places=15 hand0=[-0.215, 0.019, 0.215] cup_xy0=[0.501, 0.002]
[s1] close-entry e7: hand=[0.506, 0.003, 0.192] cup_gt=[0.509, -0.047]
[close] e7 t=34 hand_z=0.179 dxy=0.011 stall=0.387
[s1] step=42700 stages=['IDLE', 'DESCEND', 'IDLE', 'DESCEND', 'IDLE', 'FAIL', 'IDLE', 'CLOSE'] picks=22 places=15 hand0=[-0.058, -0.021, 0.873] cup_xy0=[0.501, 0.002]
[close] e7 t=94 hand_z=0.179 dxy=0.009 stall=0.385
[close] e7 t=154 hand_z=0.179 dxy=0.009 stall=0.385
[s1] close-entry e1: hand=[0.499, -0.005, 0.182] cup_gt=[0.404, 0.031]
[s1] step=42800 stages=['IDLE', 'CLOSE', 'IDLE', 'DESCEND', 'IDLE', 'IDLE', 'FAIL', 'CLOSE'] picks=22 places=15 hand0=[0.168, 0.055, 0.941] cup_xy0=[0.501, 0.002]
[s1] close-entry e3: hand=[0.499, 0.003, 0.184] cup_gt=[0.532, -0.003]
[close] e1 t=58 hand_z=0.185 dxy=0.122 stall=0.385
[close] e1 t=118 hand_z=0.185 dxy=0.125 stall=0.385
[s1] step=42900 stages=['IDLE', 'CLOSE', 'IDLE', 'CLOSE', 'FAIL', 'IDLE', 'IDLE', 'FAIL'] picks=22 places=15 hand0=[-0.433, -0.033, 0.682] cup_xy0=[0.501, 0.002]
[close] e1 t=178 hand_z=0.185 dxy=0.126 stall=0.385
[s1] step=43000 stages=['IDLE', 'CLOSE', 'IDLE', 'CLOSE', 'IDLE', 'IDLE', 'IDLE', 'ALIGN'] picks=22 places=15 hand0=[0.467, -0.131, 0.58] cup_xy0=[0.501, 0.002]
[close] e1 t=238 hand_z=0.185 dxy=0.126 stall=0.385
[s1] close-entry e7: hand=[0.503, -0.001, 0.192] cup_gt=[0.5, 0.0]
[s1] step=43100 stages=['IDLE', 'IDLE', 'IDLE', 'FAIL', 'IDLE', 'IDLE', 'IDLE', 'CLOSE'] picks=22 places=15 hand0=[-0.049, 0.044, 0.147] cup_xy0=[0.501, 0.002]
[close] e7 t=47 hand_z=0.193 dxy=0.030 stall=0.247
[close] e7 t=107 hand_z=0.193 dxy=0.030 stall=0.247
[s1] step=43200 stages=['FAIL', 'ALIGN', 'IDLE', 'DESCEND', 'IDLE', 'IDLE', 'FAIL', 'CLOSE'] picks=22 places=15 hand0=[0.084, -0.048, 0.134] cup_xy0=[0.501, 0.002]
[close] e7 t=167 hand_z=0.193 dxy=0.030 stall=0.247
[s1] close-entry e3: hand=[0.505, -0.004, 0.19] cup_gt=[0.496, 0.016]
[s1] step=43300 stages=['IDLE', 'DESCEND', 'FAIL', 'CLOSE', 'IDLE', 'IDLE', 'IDLE', 'CLOSE'] picks=22 places=15 hand0=[0.443, -0.091, 0.308] cup_xy0=[0.501, 0.002]
[close] e3 t=42 hand_z=0.159 dxy=0.013 stall=0.380
[s1] close-entry e1: hand=[0.487, -0.164, 0.189] cup_gt=[0.509, -0.208]
[close] e1 t=52 hand_z=0.189 dxy=0.049 stall=0.384
[s1] step=43400 stages=['IDLE', 'CLOSE', 'IDLE', 'CLOSE', 'IDLE', 'FAIL', 'IDLE', 'IDLE'] picks=22 places=15 hand0=[0.374, 0.023, 0.572] cup_xy0=[0.501, 0.002]
[close] e1 t=112 hand_z=0.189 dxy=0.049 stall=0.384
[close] e1 t=172 hand_z=0.189 dxy=0.049 stall=0.384
[s1] step=43500 stages=['IDLE', 'CLOSE', 'IDLE', 'CLOSE', 'IDLE', 'IDLE', 'IDLE', 'ALIGN'] picks=22 places=15 hand0=[-0.126, -0.002, 0.16] cup_xy0=[0.501, 0.002]
[close] e1 t=232 hand_z=0.189 dxy=0.049 stall=0.384
[s1] step=43600 stages=['FAIL', 'FAIL', 'IDLE', 'IDLE', 'FAIL', 'IDLE', 'IDLE', 'DESCEND'] picks=22 places=15 hand0=[-0.168, 0.138, 0.353] cup_xy0=[0.501, 0.002]
[s1] close-entry e7: hand=[0.5, 0.005, 0.187] cup_gt=[0.475, -0.016]
[close] e7 t=36 hand_z=0.197 dxy=0.024 stall=0.380
[s1] step=43700 stages=['IDLE', 'IDLE', 'FAIL', 'DESCEND', 'IDLE', 'IDLE', 'IDLE', 'CLOSE'] picks=22 places=15 hand0=[0.42, 0.05, 1.033] cup_xy0=[0.501, 0.002]
[s1] close-entry e3: hand=[0.499, 0.003, 0.188] cup_gt=[0.486, -0.01]
[close] e3 t=14 hand_z=0.166 dxy=0.006 stall=0.268
[close] e3 t=74 hand_z=0.162 dxy=0.038 stall=0.404
[s1] step=43800 stages=['IDLE', 'ALIGN', 'IDLE', 'CLOSE', 'IDLE', 'IDLE', 'IDLE', 'CLOSE'] picks=22 places=15 hand0=[0.495, -0.127, 0.727] cup_xy0=[0.501, 0.002]
[close] e3 t=134 hand_z=0.162 dxy=0.042 stall=0.404
[s1] step=43900 stages=['IDLE', 'ALIGN', 'IDLE', 'CLOSE', 'IDLE', 'IDLE', 'FAIL', 'FAIL'] picks=22 places=15 hand0=[-0.188, -0.102, 0.265] cup_xy0=[0.501, 0.002]
[close] e3 t=194 hand_z=0.162 dxy=0.043 stall=0.404
[s1] step=44000 stages=['IDLE', 'ALIGN', 'IDLE', 'FAIL', 'IDLE', 'IDLE', 'IDLE', 'ALIGN'] picks=22 places=15 hand0=[-0.178, 0.023, 0.675] cup_xy0=[0.501, 0.002]
[s1] close-entry e7: hand=[0.494, 0.006, 0.191] cup_gt=[0.5, -0.0]
[close] e7 t=22 hand_z=0.155 dxy=0.027 stall=0.276
[s1] step=44100 stages=['IDLE', 'ALIGN', 'IDLE', 'ALIGN', 'IDLE', 'FAIL', 'IDLE', 'CLOSE'] picks=22 places=15 hand0=[-0.293, 0.05, 0.62] cup_xy0=[0.501, 0.002]
[close] e7 t=82 hand_z=0.153 dxy=0.030 stall=0.165
[s1] close-entry e3: hand=[0.48, 0.007, 0.183] cup_gt=[0.516, -0.02]
[s1] step=44200 stages=['IDLE', 'FAIL', 'IDLE', 'CLOSE', 'IDLE', 'IDLE', 'IDLE', 'CLOSE'] picks=22 places=15 hand0=[0.439, 0.098, 0.597] cup_xy0=[0.501, 0.002]
[close] e3 t=46 hand_z=0.222 dxy=0.065 stall=0.392
[close] e3 t=106 hand_z=0.223 dxy=0.071 stall=0.393
[s1] step=44300 stages=['FAIL', 'ALIGN', 'IDLE', 'CLOSE', 'FAIL', 'IDLE', 'IDLE', 'CLOSE'] picks=22 places=15 hand0=[0.445, 0.087, 0.927] cup_xy0=[0.501, 0.002]
[close] e3 t=166 hand_z=0.223 dxy=0.072 stall=0.393
[close] e3 t=226 hand_z=0.223 dxy=0.072 stall=0.393
[s1] step=44400 stages=['IDLE', 'DESCEND', 'FAIL', 'CLOSE', 'IDLE', 'IDLE', 'IDLE', 'IDLE'] picks=22 places=15 hand0=[0.341, 0.001, 0.673] cup_xy0=[0.501, 0.002]
[s1] close-entry e1: hand=[0.504, 0.005, 0.189] cup_gt=[0.514, -0.021]
[close] e1 t=37 hand_z=0.209 dxy=0.016 stall=0.795
[s1] step=44500 stages=['IDLE', 'CLOSE', 'IDLE', 'IDLE', 'IDLE', 'FAIL', 'IDLE', 'DESCEND'] picks=22 places=15 hand0=[0.055, 0.007, 1.075] cup_xy0=[0.501, 0.002]
[close] e1 t=97 hand_z=0.206 dxy=0.033 stall=0.799
[close] e1 t=157 hand_z=0.206 dxy=0.034 stall=0.799
[s1] close-entry e7: hand=[0.504, 0.005, 0.184] cup_gt=[0.52, -0.032]
[s1] step=44600 stages=['IDLE', 'CLOSE', 'IDLE', 'DESCEND', 'IDLE', 'IDLE', 'FAIL', 'CLOSE'] picks=22 places=15 hand0=[0.459, 0.112, 0.607] cup_xy0=[0.501, 0.002]
[s1] close-entry e3: hand=[0.506, 0.002, 0.192] cup_gt=[0.504, -0.048]
[close] e1 t=217 hand_z=0.206 dxy=0.034 stall=0.799
[close] e3 t=61 hand_z=0.175 dxy=0.015 stall=0.397
[s1] step=44700 stages=['FAIL', 'FAIL', 'IDLE', 'CLOSE', 'FAIL', 'IDLE', 'IDLE', 'CLOSE'] picks=22 places=15 hand0=[-0.198, 0.138, 0.911] cup_xy0=[0.501, 0.002]
[close] e3 t=121 hand_z=0.175 dxy=0.015 stall=0.397
[s1] step=44800 stages=['IDLE', 'ALIGN', 'IDLE', 'CLOSE', 'IDLE', 'IDLE', 'IDLE', 'CLOSE'] picks=22 places=15 hand0=[-0.262, -0.0, 1.052] cup_xy0=[0.501, 0.002]
[close] e3 t=181 hand_z=0.175 dxy=0.015 stall=0.397
[s1] close-entry e1: hand=[0.501, 0.008, 0.192] cup_gt=[0.501, -0.025]
[close] e1 t=28 hand_z=0.192 dxy=0.031 stall=0.771
[s1] step=44900 stages=['IDLE', 'CLOSE', 'IDLE', 'FAIL', 'IDLE', 'IDLE', 'IDLE', 'IDLE'] picks=22 places=15 hand0=[-0.404, 0.074, 0.619] cup_xy0=[0.501, 0.002]
[close] e1 t=88 hand_z=0.194 dxy=0.031 stall=0.797
[close] e1 t=148 hand_z=0.194 dxy=0.031 stall=0.797
[s1] step=45000 stages=['IDLE', 'CLOSE', 'IDLE', 'ALIGN', 'IDLE', 'IDLE', 'FAIL', 'DESCEND'] picks=22 places=15 hand0=[-0.198, -0.032, 0.773] cup_xy0=[0.501, 0.002]
[close] e1 t=208 hand_z=0.194 dxy=0.031 stall=0.797
[s1] close-entry e7: hand=[0.501, -0.006, 0.189] cup_gt=[0.493, -0.003]
[s1] close-entry e3: hand=[0.505, 0.007, 0.189] cup_gt=[0.496, -0.004]
[s1] step=45100 stages=['IDLE', 'FAIL', 'FAIL', 'CLOSE', 'IDLE', 'IDLE', 'IDLE', 'CLOSE'] picks=22 places=15 hand0=[0.33, 0.018, 0.735] cup_xy0=[0.501, 0.002]
[close] e3 t=32 hand_z=0.156 dxy=0.053 stall=0.326
[close] e3 t=92 hand_z=0.155 dxy=0.058 stall=0.311
[s1] step=45200 stages=['IDLE', 'ALIGN', 'IDLE', 'CLOSE', 'IDLE', 'FAIL', 'IDLE', 'CLOSE'] picks=22 places=15 hand0=[0.04, -0.077, 0.146] cup_xy0=[0.501, 0.002]
[close] e3 t=152 hand_z=0.153 dxy=0.061 stall=0.210
[close] e3 t=212 hand_z=0.152 dxy=0.061 stall=0.216
[s1] step=45300 stages=['IDLE', 'DESCEND', 'IDLE', 'CLOSE', 'IDLE', 'IDLE', 'IDLE', 'CLOSE'] picks=22 places=15 hand0=[0.045, 0.013, 1.178] cup_xy0=[0.501, 0.002]
[s1] close-entry e1: hand=[0.496, 0.003, 0.186] cup_gt=[0.506, 0.003]
[close] e1 t=8 hand_z=0.194 dxy=0.029 stall=0.546
[s1] step=45400 stages=['FAIL', 'CLOSE', 'IDLE', 'IDLE', 'FAIL', 'IDLE', 'IDLE', 'IDLE'] picks=22 places=15 hand0=[0.259, -0.104, 0.915] cup_xy0=[0.501, 0.002]
[close] e1 t=68 hand_z=0.204 dxy=0.034 stall=0.800
[close] e1 t=128 hand_z=0.204 dxy=0.033 stall=0.800
[s1] step=45500 stages=['IDLE', 'CLOSE', 'FAIL', 'ALIGN', 'IDLE', 'IDLE', 'IDLE', 'ALIGN'] picks=22 places=15 hand0=[0.25, 0.045, 0.448] cup_xy0=[0.501, 0.002]
[close] e1 t=188 hand_z=0.204 dxy=0.033 stall=0.800
[s1] close-entry e3: hand=[0.5, 0.003, 0.182] cup_gt=[0.501, -0.0]
[close] e3 t=3 hand_z=0.185 dxy=0.003 stall=0.245
[s1] step=45600 stages=['IDLE', 'FAIL', 'IDLE', 'CLOSE', 'IDLE', 'IDLE', 'IDLE', 'DESCEND'] picks=22 places=15 hand0=[0.128, -0.048, 0.39] cup_xy0=[0.501, 0.002]
[s1] acquire e0: vision=[0.502, 0.002] gt=[0.5, -0.0]
[s1] close-entry e7: hand=[0.501, -0.007, 0.191] cup_gt=[0.536, -0.018]
[close] e3 t=63 hand_z=0.200 dxy=0.022 stall=0.380
[s1] step=45700 stages=['ALIGN', 'ALIGN', 'IDLE', 'CLOSE', 'IDLE', 'IDLE', 'FAIL', 'CLOSE'] picks=22 places=15 hand0=[0.598, 0.03, 0.66] cup_xy0=[0.502, 0.002]
[close] e3 t=123 hand_z=0.200 dxy=0.022 stall=0.381
[close] e3 t=183 hand_z=0.200 dxy=0.022 stall=0.381
[s1] step=45800 stages=['ALIGN', 'DESCEND', 'IDLE', 'CLOSE', 'FAIL', 'IDLE', 'IDLE', 'CLOSE'] picks=22 places=15 hand0=[0.479, -0.055, 0.909] cup_xy0=[0.502, 0.002]
[close] e7 t=194 hand_z=0.170 dxy=0.100 stall=0.378
[s1] close-entry e1: hand=[0.499, 0.008, 0.182] cup_gt=[0.457, 0.017]
[close] e1 t=47 hand_z=0.198 dxy=0.058 stall=0.801
[s1] step=45900 stages=['ALIGN', 'CLOSE', 'IDLE', 'IDLE', 'IDLE', 'FAIL', 'IDLE', 'FAIL'] picks=22 places=15 hand0=[-0.125, -0.039, 0.167] cup_xy0=[0.502, 0.002]
[close] e1 t=107 hand_z=0.199 dxy=0.059 stall=0.801
[s1] step=46000 stages=['ALIGN', 'CLOSE', 'IDLE', 'DESCEND', 'IDLE', 'IDLE', 'IDLE', 'ALIGN'] picks=22 places=15 hand0=[0.518, 0.128, 0.561] cup_xy0=[0.502, 0.002]
[s1] close-entry e3: hand=[0.471, 0.008, 0.184] cup_gt=[0.5, 0.0]
[close] e1 t=167 hand_z=0.199 dxy=0.059 stall=0.801
[close] e1 t=227 hand_z=0.199 dxy=0.059 stall=0.801
[s1] step=46100 stages=['IDLE', 'FAIL', 'IDLE', 'CLOSE', 'IDLE', 'IDLE', 'FAIL', 'DESCEND'] picks=22 places=15 hand0=[0.369, -0.002, 0.541] cup_xy0=[0.502, 0.002]
[s1] close-entry e7: hand=[0.506, 0.043, 0.185] cup_gt=[0.498, 0.083]
[close] e3 t=131 hand_z=0.213 dxy=0.033 stall=0.374
[close] e3 t=191 hand_z=0.213 dxy=0.033 stall=0.374
[s1] step=46200 stages=['IDLE', 'ALIGN', 'FAIL', 'CLOSE', 'IDLE', 'IDLE', 'IDLE', 'CLOSE'] picks=22 places=15 hand0=[0.309, 0.056, 0.849] cup_xy0=[0.502, 0.002]
[close] e7 t=136 hand_z=0.167 dxy=0.014 stall=0.405
[s1] step=46300 stages=['IDLE', 'DESCEND', 'IDLE', 'FAIL', 'IDLE', 'FAIL', 'IDLE', 'CLOSE'] picks=22 places=15 hand0=[-0.44, -0.012, 0.661] cup_xy0=[0.502, 0.002]
[s1] close-entry e1: hand=[0.49, -0.005, 0.187] cup_gt=[0.499, -0.001]
[close] e1 t=17 hand_z=0.147 dxy=0.036 stall=-0.034
[close] e1 t=77 hand_z=0.123 dxy=0.086 stall=-0.088
[s1] step=46400 stages=['FAIL', 'CLOSE', 'IDLE', 'DESCEND', 'IDLE', 'IDLE', 'IDLE', 'FAIL'] picks=22 places=15 hand0=[-0.019, -0.11, 0.983] cup_xy0=[0.502, 0.002]
[close] e1 t=137 hand_z=0.120 dxy=0.121 stall=0.093
[s1] close-entry e3: hand=[0.505, 0.002, 0.185] cup_gt=[0.497, -0.006]
[close] e1 t=197 hand_z=0.117 dxy=0.130 stall=-0.202
[s1] step=46500 stages=['IDLE', 'CLOSE', 'IDLE', 'CLOSE', 'FAIL', 'IDLE', 'IDLE', 'ALIGN'] picks=22 places=15 hand0=[0.236, 0.094, 0.9] cup_xy0=[0.502, 0.002]
[close] e3 t=101 hand_z=0.158 dxy=0.009 stall=0.337
[s1] step=46600 stages=['IDLE', 'FAIL', 'FAIL', 'CLOSE', 'ALIGN', 'IDLE', 'IDLE', 'DESCEND'] picks=22 places=15 hand0=[-0.087, 0.083, 0.875] cup_xy0=[0.502, 0.002]
[close] e3 t=161 hand_z=0.158 dxy=0.010 stall=0.338
[s1] close-entry e7: hand=[0.503, -0.0, 0.191] cup_gt=[0.506, 0.008]
[close] e3 t=221 hand_z=0.158 dxy=0.010 stall=0.338
[s1] step=46700 stages=['IDLE', 'IDLE', 'IDLE', 'CLOSE', 'ALIGN', 'IDLE', 'IDLE', 'CLOSE'] picks=22 places=15 hand0=[0.247, 0.067, 1.093] cup_xy0=[0.502, 0.002]
[close] e7 t=107 hand_z=0.162 dxy=0.026 stall=0.389
[close] e7 t=167 hand_z=0.162 dxy=0.026 stall=0.389
[s1] step=46800 stages=['FAIL', 'DESCEND', 'IDLE', 'ALIGN', 'ALIGN', 'IDLE', 'FAIL', 'CLOSE'] picks=22 places=15 hand0=[-0.163, 0.057, 1.06] cup_xy0=[0.502, 0.002]
[s1] close-entry e1: hand=[0.523, -0.021, 0.183] cup_gt=[0.474, -0.037]
[close] e1 t=11 hand_z=0.196 dxy=0.089 stall=0.541
[s1] step=46900 stages=['IDLE', 'CLOSE', 'IDLE', 'DESCEND', 'ALIGN', 'IDLE', 'IDLE', 'FAIL'] picks=22 places=15 hand0=[0.377, -0.041, 0.716] cup_xy0=[0.502, 0.002]
[close] e1 t=71 hand_z=0.202 dxy=0.132 stall=0.801
[s1] close-entry e3: hand=[0.501, -0.003, 0.189] cup_gt=[0.505, 0.005]
[close] e1 t=131 hand_z=0.202 dxy=0.136 stall=0.801
[s1] step=47000 stages=['IDLE', 'CLOSE', 'IDLE', 'CLOSE', 'FAIL', 'FAIL', 'IDLE', 'ALIGN'] picks=22 places=15 hand0=[-0.11, -0.061, 1.095] cup_xy0=[0.502, 0.002]
[close] e1 t=191 hand_z=0.202 dxy=0.137 stall=0.801
[close] e3 t=138 hand_z=0.159 dxy=0.043 stall=0.418
[s1] step=47100 stages=['IDLE', 'FAIL', 'ALIGN', 'CLOSE', 'IDLE', 'IDLE', 'IDLE', 'DESCEND'] picks=22 places=15 hand0=[0.197, 0.081, 0.355] cup_xy0=[0.502, 0.002]
[s1] close-entry e7: hand=[0.505, 0.008, 0.19] cup_gt=[0.494, 0.009]
[close] e3 t=198 hand_z=0.159 dxy=0.043 stall=0.418
[s1] step=47200 stages=['IDLE', 'IDLE', 'ALIGN', 'CLOSE', 'IDLE', 'IDLE', 'IDLE', 'CLOSE'] picks=22 places=15 hand0=[0.17, 0.117, 0.977] cup_xy0=[0.502, 0.002]
[close] e7 t=109 hand_z=0.225 dxy=0.011 stall=0.496
[close] e7 t=169 hand_z=0.225 dxy=0.011 stall=0.496
[s1] step=47300 stages=['IDLE', 'DESCEND', 'ALIGN', 'ALIGN', 'IDLE', 'IDLE', 'IDLE', 'CLOSE'] picks=22 places=15 hand0=[-0.136, -0.081, 0.468] cup_xy0=[0.502, 0.002]
[close] e7 t=229 hand_z=0.225 dxy=0.011 stall=0.496
[s1] grasp-geom e7: hand-cup_xy=0.011 cup_gt=[0.525, -0.031, 0.086] vision_xy=[0.502, 0.002]
[s1] GRASP (drive stall) envs [7] stall=[0.496]
[lift] e7 t=8 cup_z=0.087 hand_z=0.226 stall=0.497
[lift] e7 t=28 cup_z=0.103 hand_z=0.241 stall=0.497
[s1] LIFTED envs [7] (physical, friction-held)
[s1] step=47400 stages=['IDLE', 'DESCEND', 'ALIGN', 'DESCEND', 'FAIL', 'FAIL', 'IDLE', 'CARRY'] picks=23 places=15 hand0=[0.116, 0.079, 0.192] cup_xy0=[0.502, 0.002]
[s1] close-entry e1: hand=[0.154, -0.456, 0.19] cup_gt=[0.147, -0.478]
[s1] close-entry e3: hand=[0.522, 0.013, 0.191] cup_gt=[0.509, -0.002]
[close] e1 t=58 hand_z=0.175 dxy=0.027 stall=0.416
[s1] step=47500 stages=['FAIL', 'CLOSE', 'IDLE', 'CLOSE', 'IDLE', 'IDLE', 'FAIL', 'RELEASE'] picks=23 places=15 hand0=[0.474, -0.133, 0.47] cup_xy0=[0.502, 0.002]
[close] e1 t=118 hand_z=0.174 dxy=0.029 stall=0.417
[s1] PLACED envs [7] (full physical pick-move-place)
[rec] episode 16/40 saved (len=297, env=7)
[close] e1 t=178 hand_z=0.174 dxy=0.034 stall=0.416
[s1] step=47600 stages=['IDLE', 'CLOSE', 'IDLE', 'CLOSE', 'IDLE', 'IDLE', 'IDLE', 'DONE'] picks=23 places=16 hand0=[0.208, -0.012, 0.876] cup_xy0=[0.502, 0.002]
[close] e1 t=238 hand_z=0.174 dxy=0.041 stall=0.416
[s1] step=47700 stages=['IDLE', 'FAIL', 'IDLE', 'FAIL', 'IDLE', 'IDLE', 'IDLE', 'IDLE'] picks=23 places=16 hand0=[-0.361, 0.064, 0.551] cup_xy0=[0.502, 0.002]
[s1] step=47800 stages=['IDLE', 'ALIGN', 'FAIL', 'ALIGN', 'IDLE', 'IDLE', 'IDLE', 'DESCEND'] picks=23 places=16 hand0=[0.325, 0.007, 1.065] cup_xy0=[0.502, 0.002]
[s1] close-entry e7: hand=[0.473, -0.022, 0.19] cup_gt=[0.498, -0.001]
[close] e7 t=24 hand_z=0.148 dxy=0.060 stall=0.070
[s1] step=47900 stages=['FAIL', 'DESCEND', 'IDLE', 'DESCEND', 'IDLE', 'IDLE', 'FAIL', 'CLOSE'] picks=23 places=16 hand0=[0.112, 0.001, 1.15] cup_xy0=[0.502, 0.002]
[close] e7 t=84 hand_z=0.146 dxy=0.062 stall=0.003
[s1] close-entry e1: hand=[0.502, 0.008, 0.19] cup_gt=[0.483, 0.025]
[s1] close-entry e3: hand=[0.497, 0.002, 0.191] cup_gt=[0.474, 0.023]
[close] e1 t=51 hand_z=0.159 dxy=0.123 stall=0.400
[s1] step=48000 stages=['IDLE', 'CLOSE', 'IDLE', 'CLOSE', 'IDLE', 'IDLE', 'IDLE', 'CLOSE'] picks=23 places=16 hand0=[0.517, -0.011, 0.95] cup_xy0=[0.502, 0.002]
[close] e1 t=111 hand_z=0.159 dxy=0.150 stall=0.400
[s1] step=48100 stages=['IDLE', 'CLOSE', 'IDLE', 'CLOSE', 'FAIL', 'FAIL', 'IDLE', 'FAIL'] picks=23 places=16 hand0=[-0.25, 0.088, 0.512] cup_xy0=[0.502, 0.002]
[close] e1 t=171 hand_z=0.159 dxy=0.153 stall=0.400
[close] e1 t=231 hand_z=0.159 dxy=0.154 stall=0.400
[s1] step=48200 stages=['IDLE', 'FAIL', 'FAIL', 'CLOSE', 'IDLE', 'IDLE', 'IDLE', 'IDLE'] picks=23 places=16 hand0=[-0.242, -0.119, 0.929] cup_xy0=[0.502, 0.002]
[s1] step=48300 stages=['IDLE', 'ALIGN', 'IDLE', 'IDLE', 'IDLE', 'IDLE', 'IDLE', 'DESCEND'] picks=23 places=16 hand0=[0.052, -0.039, 1.025] cup_xy0=[0.502, 0.002]
[s1] close-entry e7: hand=[0.474, -0.02, 0.192] cup_gt=[0.5, 0.0]
[s1] step=48400 stages=['IDLE', 'DESCEND', 'IDLE', 'IDLE', 'IDLE', 'IDLE', 'IDLE', 'CLOSE'] picks=23 places=16 hand0=[0.098, -0.054, 0.169] cup_xy0=[0.502, 0.002]
[close] e7 t=45 hand_z=0.178 dxy=0.068 stall=0.395
[s1] close-entry e1: hand=[0.5, 0.009, 0.184] cup_gt=[0.5, -0.0]
[close] e1 t=40 hand_z=0.191 dxy=0.012 stall=0.398
[s1] step=48500 stages=['IDLE', 'CLOSE', 'IDLE', 'IDLE', 'FAIL', 'IDLE', 'IDLE', 'CLOSE'] picks=23 places=16 hand0=[0.506, 0.131, 0.749] cup_xy0=[0.502, 0.002]
[close] e1 t=100 hand_z=0.192 dxy=0.013 stall=0.398
[close] e1 t=160 hand_z=0.192 dxy=0.013 stall=0.398
[s1] step=48600 stages=['FAIL', 'CLOSE', 'IDLE', 'FAIL', 'IDLE', 'IDLE', 'FAIL', 'CLOSE'] picks=23 places=16 hand0=[0.536, 0.002, 0.672] cup_xy0=[0.502, 0.002]
[close] e1 t=220 hand_z=0.192 dxy=0.013 stall=0.398
[s1] step=48700 stages=['IDLE', 'FAIL', 'IDLE', 'IDLE', 'IDLE', 'IDLE', 'IDLE', 'IDLE'] picks=23 places=16 hand0=[0.356, -0.064, 1.04] cup_xy0=[0.502, 0.002]
[s1] step=48800 stages=['IDLE', 'ALIGN', 'IDLE', 'IDLE', 'IDLE', 'FAIL', 'IDLE', 'DESCEND'] picks=23 places=16 hand0=[-0.059, 0.131, 0.296] cup_xy0=[0.502, 0.002]
[s1] close-entry e7: hand=[0.502, 0.009, 0.189] cup_gt=[0.501, -0.002]
[close] e7 t=7 hand_z=0.175 dxy=0.007 stall=0.251
[close] e7 t=67 hand_z=0.159 dxy=0.041 stall=0.383
[s1] step=48900 stages=['IDLE', 'DESCEND', 'FAIL', 'IDLE', 'IDLE', 'IDLE', 'IDLE', 'CLOSE'] picks=23 places=16 hand0=[0.394, -0.064, 0.677] cup_xy0=[0.502, 0.002]
[s1] close-entry e1: hand=[0.503, 0.003, 0.191] cup_gt=[0.495, -0.01]
[close] e1 t=57 hand_z=0.158 dxy=0.036 stall=0.387
[s1] step=49000 stages=['IDLE', 'CLOSE', 'IDLE', 'FAIL', 'IDLE', 'IDLE', 'FAIL', 'CLOSE'] picks=23 places=16 hand0=[0.088, 0.0, 0.926] cup_xy0=[0.502, 0.002]
[close] e1 t=117 hand_z=0.158 dxy=0.037 stall=0.387
[close] e1 t=177 hand_z=0.158 dxy=0.037 stall=0.387
[s1] step=49100 stages=['IDLE', 'CLOSE', 'IDLE', 'IDLE', 'IDLE', 'IDLE', 'IDLE', 'FAIL'] picks=23 places=16 hand0=[0.088, 0.0, 0.926] cup_xy0=[0.502, 0.002]
[close] e1 t=237 hand_z=0.158 dxy=0.037 stall=0.387
[s1] step=49200 stages=['IDLE', 'FAIL', 'ALIGN', 'IDLE', 'FAIL', 'FAIL', 'IDLE', 'ALIGN'] picks=23 places=16 hand0=[0.077, 0.0, 0.372] cup_xy0=[0.502, 0.002]
[s1] close-entry e7: hand=[0.516, 0.012, 0.191] cup_gt=[0.507, 0.026]
[s1] step=49300 stages=['FAIL', 'ALIGN', 'ALIGN', 'IDLE', 'IDLE', 'IDLE', 'IDLE', 'CLOSE'] picks=23 places=16 hand0=[0.088, 0.0, 0.926] cup_xy0=[0.502, 0.002]
[close] e7 t=27 hand_z=0.162 dxy=0.007 stall=0.367
[close] e7 t=87 hand_z=0.160 dxy=0.011 stall=0.407
[s1] step=49400 stages=['IDLE', 'DESCEND', 'ALIGN', 'IDLE', 'IDLE', 'IDLE', 'IDLE', 'CLOSE'] picks=23 places=16 hand0=[0.077, 0.0, 0.372] cup_xy0=[0.502, 0.002]
[close] e7 t=147 hand_z=0.160 dxy=0.011 stall=0.407
[s1] close-entry e1: hand=[0.506, 0.008, 0.19] cup_gt=[0.499, -0.004]
[close] e1 t=24 hand_z=0.167 dxy=0.020 stall=0.345
[s1] step=49500 stages=['IDLE', 'CLOSE', 'ALIGN', 'IDLE', 'IDLE', 'IDLE', 'IDLE', 'CLOSE'] picks=23 places=16 hand0=[0.359, 0.0, 0.643] cup_xy0=[0.502, 0.002]
[close] e1 t=84 hand_z=0.165 dxy=0.022 stall=0.394
[s1] step=49600 stages=['IDLE', 'CLOSE', 'IDLE', 'IDLE', 'IDLE', 'IDLE', 'IDLE', 'IDLE'] picks=23 places=16 hand0=[0.077, 0.0, 0.372] cup_xy0=[0.502, 0.002]
[close] e1 t=144 hand_z=0.165 dxy=0.022 stall=0.394
[close] e1 t=204 hand_z=0.165 dxy=0.022 stall=0.394
[s1] step=49700 stages=['FAIL', 'CLOSE', 'IDLE', 'FAIL', 'IDLE', 'IDLE', 'FAIL', 'ALIGN'] picks=23 places=16 hand0=[0.088, 0.0, 0.926] cup_xy0=[0.502, 0.002]
[s1] step=49800 stages=['IDLE', 'IDLE', 'IDLE', 'IDLE', 'IDLE', 'IDLE', 'IDLE', 'DESCEND'] picks=23 places=16 hand0=[0.359, 0.0, 0.643] cup_xy0=[0.502, 0.002]
[s1] close-entry e7: hand=[0.498, -0.003, 0.184] cup_gt=[0.515, -0.027]
[close] e7 t=20 hand_z=0.182 dxy=0.081 stall=0.330
[s1] step=49900 stages=['IDLE', 'DESCEND', 'FAIL', 'IDLE', 'FAIL', 'FAIL', 'IDLE', 'CLOSE'] picks=23 places=16 hand0=[0.359, 0.0, 0.643] cup_xy0=[0.502, 0.002]
[close] e7 t=80 hand_z=0.178 dxy=0.144 stall=0.419
[s1] close-entry e1: hand=[0.499, 0.004, 0.183] cup_gt=[0.478, 0.014]
[close] e1 t=21 hand_z=0.199 dxy=0.035 stall=0.351
[s1] step=50000 stages=['IDLE', 'CLOSE', 'IDLE', 'IDLE', 'IDLE', 'IDLE', 'IDLE', 'CLOSE'] picks=23 places=16 hand0=[0.336, 0.0, 0.538] cup_xy0=[0.502, 0.002]
[close] e1 t=81 hand_z=0.202 dxy=0.036 stall=0.411
[close] e1 t=141 hand_z=0.202 dxy=0.039 stall=0.411
[s1] step=50100 stages=['IDLE', 'CLOSE', 'IDLE', 'IDLE', 'IDLE', 'IDLE', 'IDLE', 'FAIL'] picks=23 places=16 hand0=[-0.194, 0.0, 0.654] cup_xy0=[0.502, 0.002]
[close] e1 t=201 hand_z=0.202 dxy=0.039 stall=0.411
[s1] step=50200 stages=['IDLE', 'CLOSE', 'IDLE', 'IDLE', 'IDLE', 'IDLE', 'IDLE', 'IDLE'] picks=23 places=16 hand0=[-0.029, 0.0, 0.395] cup_xy0=[0.502, 0.002]
[s1] close-entry e7: hand=[0.508, -0.001, 0.191] cup_gt=[0.5, -0.012]
[s1] step=50300 stages=['IDLE', 'IDLE', 'FAIL', 'IDLE', 'FAIL', 'FAIL', 'IDLE', 'CLOSE'] picks=23 places=16 hand0=[-0.076, 0.0, 0.422] cup_xy0=[0.502, 0.002]
[close] e7 t=43 hand_z=0.161 dxy=0.027 stall=0.371
[close] e7 t=103 hand_z=0.160 dxy=0.026 stall=0.371
[s1] step=50400 stages=['FAIL', 'DESCEND', 'IDLE', 'FAIL', 'IDLE', 'IDLE', 'FAIL', 'CLOSE'] picks=23 places=16 hand0=[-0.264, -0.0, 0.44] cup_xy0=[0.502, 0.002]
[s1] close-entry e1: hand=[0.493, 0.01, 0.187] cup_gt=[0.5, -0.0]
[close] e1 t=29 hand_z=0.214 dxy=0.007 stall=0.389
[s1] step=50500 stages=['IDLE', 'CLOSE', 'IDLE', 'IDLE', 'IDLE', 'IDLE', 'IDLE', 'CLOSE'] picks=23 places=16 hand0=[-0.062, -0.0, 0.373] cup_xy0=[0.502, 0.002]
[close] e1 t=89 hand_z=0.216 dxy=0.008 stall=0.410
[close] e1 t=149 hand_z=0.216 dxy=0.008 stall=0.410
[s1] step=50600 stages=['IDLE', 'CLOSE', 'IDLE', 'IDLE', 'IDLE', 'IDLE', 'IDLE', 'IDLE'] picks=23 places=16 hand0=[0.0, -0.324, 0.514] cup_xy0=[0.502, 0.002]
[close] e1 t=209 hand_z=0.216 dxy=0.008 stall=0.410
[s1] step=50700 stages=['IDLE', 'FAIL', 'IDLE', 'IDLE', 'IDLE', 'IDLE', 'IDLE', 'ALIGN'] picks=23 places=16 hand0=[0.0, 0.057, 0.373] cup_xy0=[0.502, 0.002]
[s1] step=50800 stages=['FAIL', 'ALIGN', 'IDLE', 'FAIL', 'IDLE', 'IDLE', 'FAIL', 'DESCEND'] picks=23 places=16 hand0=[-0.353, -0.0, 0.59] cup_xy0=[0.502, 0.002]
[s1] close-entry e7: hand=[0.5, 0.005, 0.189] cup_gt=[0.5, 0.0]
[close] e7 t=9 hand_z=0.172 dxy=0.007 stall=0.283
[close] e7 t=69 hand_z=0.164 dxy=0.014 stall=0.380
[s1] close-entry e1: hand=[0.505, 0.008, 0.191] cup_gt=[0.495, -0.016]
[s1] step=50900 stages=['IDLE', 'CLOSE', 'IDLE', 'IDLE', 'IDLE', 'IDLE', 'IDLE', 'CLOSE'] picks=23 places=16 hand0=[-0.176, 0.0, 0.548] cup_xy0=[0.502, 0.002]
[close] e1 t=42 hand_z=0.160 dxy=0.020 stall=0.378
[close] e1 t=102 hand_z=0.160 dxy=0.020 stall=0.376
[s1] step=51000 stages=['IDLE', 'CLOSE', 'FAIL', 'IDLE', 'FAIL', 'FAIL', 'IDLE', 'CLOSE'] picks=23 places=16 hand0=[-0.043, 0.0, 0.896] cup_xy0=[0.502, 0.002]
[close] e1 t=162 hand_z=0.160 dxy=0.019 stall=0.377
[s1] step=51100 stages=['IDLE', 'CLOSE', 'IDLE', 'IDLE', 'IDLE', 'IDLE', 'IDLE', 'FAIL'] picks=23 places=16 hand0=[0.349, 0.0, 0.724] cup_xy0=[0.502, 0.002]
[close] e1 t=222 hand_z=0.160 dxy=0.019 stall=0.377
[s1] step=51200 stages=['IDLE', 'FAIL', 'IDLE', 'IDLE', 'IDLE', 'IDLE', 'IDLE', 'ALIGN'] picks=23 places=16 hand0=[-0.128, 0.0, 0.829] cup_xy0=[0.502, 0.002]
[s1] step=51300 stages=['IDLE', 'DESCEND', 'IDLE', 'IDLE', 'IDLE', 'IDLE', 'IDLE', 'DESCEND'] picks=23 places=16 hand0=[-0.188, 0.0, 0.587] cup_xy0=[0.502, 0.002]
[s1] close-entry e7: hand=[0.448, -0.114, 0.182] cup_gt=[0.466, -0.138]
[close] e7 t=6 hand_z=0.192 dxy=0.040 stall=0.241
[s1] close-entry e1: hand=[0.488, 0.008, 0.185] cup_gt=[0.498, 0.0]
[s1] step=51400 stages=['IDLE', 'CLOSE', 'IDLE', 'IDLE', 'FAIL', 'IDLE', 'IDLE', 'CLOSE'] picks=23 places=16 hand0=[-0.006, 0.0, 0.912] cup_xy0=[0.502, 0.002]
[close] e1 t=22 hand_z=0.165 dxy=0.043 stall=0.343
[close] e1 t=82 hand_z=0.163 dxy=0.051 stall=0.389
[s1] step=51500 stages=['FAIL', 'CLOSE', 'IDLE', 'FAIL', 'IDLE', 'IDLE', 'FAIL', 'CLOSE'] picks=23 places=16 hand0=[0.142, 0.0, 0.92] cup_xy0=[0.502, 0.002]
[close] e1 t=142 hand_z=0.163 dxy=0.051 stall=0.389
[close] e1 t=202 hand_z=0.163 dxy=0.051 stall=0.389
[s1] step=51600 stages=['IDLE', 'CLOSE', 'IDLE', 'ALIGN', 'IDLE', 'IDLE', 'IDLE', 'FAIL'] picks=23 places=16 hand0=[0.102, 0.0, 0.925] cup_xy0=[0.502, 0.002]
[s1] step=51700 stages=['IDLE', 'FAIL', 'FAIL', 'ALIGN', 'IDLE', 'FAIL', 'IDLE', 'IDLE'] picks=23 places=16 hand0=[-0.152, 0.0, 0.796] cup_xy0=[0.502, 0.002]
[s1] step=51800 stages=['IDLE', 'DESCEND', 'IDLE', 'ALIGN', 'IDLE', 'IDLE', 'IDLE', 'DESCEND'] picks=23 places=16 hand0=[-0.184, 0.0, 0.574] cup_xy0=[0.502, 0.002]
[s1] close-entry e7: hand=[0.502, 0.007, 0.188] cup_gt=[0.522, 0.042]
[s1] close-entry e1: hand=[0.502, 0.009, 0.19] cup_gt=[0.497, -0.008]
[close] e1 t=35 hand_z=0.157 dxy=0.086 stall=0.345
[s1] step=51900 stages=['IDLE', 'CLOSE', 'ALIGN', 'ALIGN', 'IDLE', 'IDLE', 'FAIL', 'CLOSE'] picks=23 places=16 hand0=[-0.184, 0.0, 0.574] cup_xy0=[0.502, 0.002]
[close] e1 t=95 hand_z=0.158 dxy=0.118 stall=0.367
[s1] step=52000 stages=['IDLE', 'CLOSE', 'ALIGN', 'FAIL', 'IDLE', 'IDLE', 'IDLE', 'CLOSE'] picks=23 places=16 hand0=[0.063, 0.0, 0.373] cup_xy0=[0.502, 0.002]
[close] e1 t=155 hand_z=0.158 dxy=0.122 stall=0.368
[close] e1 t=215 hand_z=0.158 dxy=0.123 stall=0.368
[s1] step=52100 stages=['IDLE', 'CLOSE', 'ALIGN', 'IDLE', 'FAIL', 'FAIL', 'IDLE', 'FAIL'] picks=23 places=16 hand0=[-0.181, 0.0, 0.735] cup_xy0=[0.502, 0.002]
[s1] step=52200 stages=['FAIL', 'IDLE', 'ALIGN', 'IDLE', 'IDLE', 'IDLE', 'IDLE', 'IDLE'] picks=23 places=16 hand0=[-0.158, 0.0, 0.511] cup_xy0=[0.502, 0.002]
[s1] step=52300 stages=['IDLE', 'ALIGN', 'FAIL', 'IDLE', 'IDLE', 'IDLE', 'IDLE', 'DESCEND'] picks=23 places=16 hand0=[0.183, 0.0, 0.391] cup_xy0=[0.502, 0.002]
[s1] close-entry e7: hand=[0.504, -0.004, 0.192] cup_gt=[0.506, -0.046]
[close] e7 t=18 hand_z=0.190 dxy=0.026 stall=0.256
[close] e7 t=78 hand_z=0.159 dxy=0.002 stall=0.395
[s1] step=52400 stages=['IDLE', 'DESCEND', 'IDLE', 'IDLE', 'IDLE', 'IDLE', 'IDLE', 'CLOSE'] picks=23 places=16 hand0=[0.316, 0.0, 0.798] cup_xy0=[0.502, 0.002]
[close] e7 t=138 hand_z=0.159 dxy=0.002 stall=0.394
[s1] close-entry e1: hand=[0.47, -0.014, 0.185] cup_gt=[0.5, 0.0]
[close] e1 t=21 hand_z=0.195 dxy=0.068 stall=0.345
[s1] step=52500 stages=['IDLE', 'CLOSE', 'IDLE', 'IDLE', 'IDLE', 'IDLE', 'IDLE', 'CLOSE'] picks=23 places=16 hand0=[0.359, 0.0, 0.657] cup_xy0=[0.502, 0.002]
[close] e1 t=81 hand_z=0.196 dxy=0.078 stall=0.399
[s1] step=52600 stages=['FAIL', 'CLOSE', 'ALIGN', 'IDLE', 'IDLE', 'IDLE', 'FAIL', 'FAIL'] picks=23 places=16 hand0=[-0.128, 0.0, 0.829] cup_xy0=[0.502, 0.002]
[close] e1 t=141 hand_z=0.196 dxy=0.078 stall=0.399
[close] e1 t=201 hand_z=0.196 dxy=0.078 stall=0.399
[s1] step=52700 stages=['IDLE', 'CLOSE', 'ALIGN', 'FAIL', 'IDLE', 'IDLE', 'IDLE', 'DESCEND'] picks=23 places=16 hand0=[0.118, 0.0, 0.374] cup_xy0=[0.502, 0.002]
[s1] close-entry e7: hand=[0.504, 0.005, 0.191] cup_gt=[0.458, 0.027]
[close] e7 t=22 hand_z=0.204 dxy=0.098 stall=0.336
[s1] step=52800 stages=['IDLE', 'IDLE', 'ALIGN', 'IDLE', 'FAIL', 'FAIL', 'IDLE', 'CLOSE'] picks=23 places=16 hand0=[0.345, 0.0, 0.737] cup_xy0=[0.502, 0.002]
[close] e7 t=82 hand_z=0.206 dxy=0.116 stall=0.390
[s1] step=52900 stages=['IDLE', 'ALIGN', 'ALIGN', 'IDLE', 'IDLE', 'IDLE', 'IDLE', 'CLOSE'] picks=23 places=16 hand0=[0.353, 0.0, 0.711] cup_xy0=[0.502, 0.002]
[close] e7 t=142 hand_z=0.206 dxy=0.118 stall=0.390
[s1] close-entry e1: hand=[0.479, 0.007, 0.188] cup_gt=[0.497, -0.006]
[close] e1 t=10 hand_z=0.161 dxy=0.043 stall=0.292
[s1] step=53000 stages=['IDLE', 'CLOSE', 'FAIL', 'IDLE', 'IDLE', 'IDLE', 'IDLE', 'CLOSE'] picks=23 places=16 hand0=[-0.176, 0.0, 0.747] cup_xy0=[0.502, 0.002]
[close] e1 t=70 hand_z=0.157 dxy=0.103 stall=0.335
[close] e1 t=130 hand_z=0.157 dxy=0.113 stall=0.336
[s1] step=53100 stages=['IDLE', 'CLOSE', 'IDLE', 'IDLE', 'IDLE', 'IDLE', 'IDLE', 'IDLE'] picks=23 places=16 hand0=[0.353, 0.0, 0.711] cup_xy0=[0.502, 0.002]
[close] e1 t=190 hand_z=0.157 dxy=0.114 stall=0.336
[s1] step=53200 stages=['IDLE', 'CLOSE', 'IDLE', 'IDLE', 'FAIL', 'FAIL', 'IDLE', 'ALIGN'] picks=23 places=16 hand0=[0.339, 0.0, 0.755] cup_xy0=[0.502, 0.002]
[s1] close-entry e7: hand=[0.49, -0.008, 0.188] cup_gt=[0.501, 0.001]
[close] e7 t=13 hand_z=0.187 dxy=0.013 stall=0.479
[s1] step=53300 stages=['FAIL', 'IDLE', 'IDLE', 'IDLE', 'IDLE', 'IDLE', 'FAIL', 'CLOSE'] picks=23 places=16 hand0=[0.343, 0.0, 0.743] cup_xy0=[0.502, 0.002]
[close] e7 t=73 hand_z=0.170 dxy=0.037 stall=0.799
[close] e7 t=133 hand_z=0.169 dxy=0.038 stall=0.799
[s1] step=53400 stages=['IDLE', 'DESCEND', 'FAIL', 'FAIL', 'IDLE', 'IDLE', 'IDLE', 'CLOSE'] picks=23 places=16 hand0=[-0.34, 0.0, 0.952] cup_xy0=[0.502, 0.002]
[s1] close-entry e1: hand=[0.504, 0.006, 0.19] cup_gt=[0.487, -0.037]
[close] e1 t=6 hand_z=0.184 dxy=0.019 stall=0.240
[s1] step=53500 stages=['IDLE', 'CLOSE', 'IDLE', 'IDLE', 'IDLE', 'IDLE', 'IDLE', 'CLOSE'] picks=23 places=16 hand0=[-0.058, 0.0, 0.888] cup_xy0=[0.502, 0.002]
[close] e1 t=66 hand_z=0.166 dxy=0.042 stall=0.400
[close] e1 t=126 hand_z=0.166 dxy=0.042 stall=0.400
[s1] step=53600 stages=['IDLE', 'CLOSE', 'IDLE', 'IDLE', 'IDLE', 'IDLE', 'IDLE', 'IDLE'] picks=23 places=16 hand0=[0.122, 0.0, 0.923] cup_xy0=[0.502, 0.002]
[close] e1 t=186 hand_z=0.166 dxy=0.042 stall=0.401
[s1] step=53700 stages=['IDLE', 'FAIL', 'IDLE', 'IDLE', 'IDLE', 'IDLE', 'FAIL', 'DESCEND'] picks=23 places=16 hand0=[-0.164, 0.0, 0.523] cup_xy0=[0.502, 0.002]
[s1] close-entry e7: hand=[0.507, -0.001, 0.191] cup_gt=[0.535, -0.005]
[s1] step=53800 stages=['IDLE', 'ALIGN', 'IDLE', 'FAIL', 'IDLE', 'IDLE', 'IDLE', 'CLOSE'] picks=23 places=16 hand0=[-0.01, -0.0, 0.382] cup_xy0=[0.502, 0.002]
[close] e7 t=28 hand_z=0.188 dxy=0.039 stall=0.746
[close] e7 t=88 hand_z=0.188 dxy=0.043 stall=0.799
[s1] step=53900 stages=['IDLE', 'DESCEND', 'IDLE', 'IDLE', 'FAIL', 'FAIL', 'IDLE', 'CLOSE'] picks=23 places=16 hand0=[-0.036, -0.0, 0.376] cup_xy0=[0.502, 0.002]
[close] e7 t=148 hand_z=0.188 dxy=0.043 stall=0.799
[s1] close-entry e1: hand=[0.497, 0.007, 0.183] cup_gt=[0.5, 0.016]
[close] e1 t=47 hand_z=0.206 dxy=0.026 stall=0.387
[s1] step=54000 stages=['IDLE', 'CLOSE', 'IDLE', 'IDLE', 'IDLE', 'IDLE', 'IDLE', 'CLOSE'] picks=23 places=16 hand0=[-0.029, 0.0, 0.395] cup_xy0=[0.502, 0.002]
[close] e1 t=107 hand_z=0.205 dxy=0.071 stall=0.384
[s1] step=54100 stages=['IDLE', 'CLOSE', 'FAIL', 'IDLE', 'IDLE', 'IDLE', 'IDLE', 'IDLE'] picks=23 places=16 hand0=[0.355, 0.0, 0.701] cup_xy0=[0.502, 0.002]
[s1] acquire e0: vision=[0.501, 0.002] gt=[0.5, 0.0]
[close] e1 t=167 hand_z=0.205 dxy=0.077 stall=0.384
[close] e1 t=227 hand_z=0.205 dxy=0.077 stall=0.384
[s1] step=54200 stages=['ALIGN', 'FAIL', 'IDLE', 'IDLE', 'IDLE', 'IDLE', 'IDLE', 'DESCEND'] picks=23 places=16 hand0=[-0.381, -0.0, 1.075] cup_xy0=[0.501, 0.002]
[s1] close-entry e7: hand=[0.456, -0.003, 0.191] cup_gt=[0.455, -0.015]
[close] e7 t=47 hand_z=0.188 dxy=0.002 stall=0.388
[s1] step=54300 stages=['DESCEND', 'IDLE', 'IDLE', 'IDLE', 'IDLE', 'IDLE', 'IDLE', 'CLOSE'] picks=23 places=16 hand0=[-0.302, -0.0, 0.817] cup_xy0=[0.501, 0.002]
[close] e7 t=107 hand_z=0.188 dxy=0.001 stall=0.388
[s1] step=54400 stages=['DESCEND', 'ALIGN', 'IDLE', 'IDLE', 'IDLE', 'IDLE', 'FAIL', 'CLOSE'] picks=23 places=16 hand0=[0.057, -0.0, 0.888] cup_xy0=[0.501, 0.002]
[close] e7 t=167 hand_z=0.188 dxy=0.001 stall=0.388
[close] e7 t=227 hand_z=0.188 dxy=0.001 stall=0.388
[s1] close-entry e1: hand=[0.464, -0.019, 0.189] cup_gt=[0.498, 0.003]
[s1] step=54500 stages=['DESCEND', 'CLOSE', 'IDLE', 'FAIL', 'IDLE', 'IDLE', 'IDLE', 'FAIL'] picks=23 places=16 hand0=[-0.355, -0.0, 0.698] cup_xy0=[0.501, 0.002]
[close] e1 t=49 hand_z=0.156 dxy=0.056 stall=0.316
[close] e1 t=109 hand_z=0.156 dxy=0.056 stall=0.316
[s1] step=54600 stages=['DESCEND', 'CLOSE', 'IDLE', 'IDLE', 'FAIL', 'FAIL', 'IDLE', 'IDLE'] picks=23 places=16 hand0=[-0.095, -0.0, 0.926] cup_xy0=[0.501, 0.002]
[close] e1 t=169 hand_z=0.156 dxy=0.056 stall=0.316
[s1] step=54700 stages=['IDLE', 'CLOSE', 'IDLE', 'IDLE', 'IDLE', 'IDLE', 'IDLE', 'DESCEND'] picks=23 places=16 hand0=[-0.242, -0.0, 0.422] cup_xy0=[0.501, 0.002]
[close] e1 t=229 hand_z=0.156 dxy=0.056 stall=0.316
[s1] close-entry e7: hand=[0.482, -0.007, 0.192] cup_gt=[0.494, 0.009]
[close] e7 t=10 hand_z=0.175 dxy=0.008 stall=0.285
[s1] step=54800 stages=['IDLE', 'IDLE', 'ALIGN', 'IDLE', 'IDLE', 'IDLE', 'IDLE', 'CLOSE'] picks=23 places=16 hand0=[0.241, 0.0, 0.876] cup_xy0=[0.501, 0.002]
[close] e7 t=70 hand_z=0.165 dxy=0.014 stall=0.407
[close] e7 t=130 hand_z=0.165 dxy=0.014 stall=0.407
[s1] step=54900 stages=['IDLE', 'ALIGN', 'ALIGN', 'FAIL', 'IDLE', 'IDLE', 'IDLE', 'CLOSE'] picks=23 places=16 hand0=[-0.176, 0.0, 0.548] cup_xy0=[0.501, 0.002]
[close] e7 t=190 hand_z=0.165 dxy=0.014 stall=0.407
[s1] close-entry e1: hand=[0.504, 0.006, 0.189] cup_gt=[0.506, -0.033]
[s1] step=55000 stages=['FAIL', 'CLOSE', 'ALIGN', 'IDLE', 'FAIL', 'FAIL', 'IDLE', 'CLOSE'] picks=23 places=16 hand0=[0.321, 0.0, 0.508] cup_xy0=[0.501, 0.002]
[close] e1 t=27 hand_z=0.181 dxy=0.019 stall=0.373
[close] e1 t=87 hand_z=0.179 dxy=0.029 stall=0.386
[s1] step=55100 stages=['IDLE', 'CLOSE', 'ALIGN', 'IDLE', 'IDLE', 'IDLE', 'FAIL', 'IDLE'] picks=23 places=16 hand0=[-0.15, 0.0, 0.799] cup_xy0=[0.501, 0.002]
[s1] acquire e0: vision=[0.502, 0.002] gt=[0.5, 0.0]
[close] e1 t=147 hand_z=0.179 dxy=0.029 stall=0.386
[close] e1 t=207 hand_z=0.179 dxy=0.029 stall=0.386
[s1] step=55200 stages=['ALIGN', 'CLOSE', 'FAIL', 'IDLE', 'IDLE', 'IDLE', 'IDLE', 'ALIGN'] picks=23 places=16 hand0=[0.095, 0.0, 0.926] cup_xy0=[0.502, 0.002]
[s1] step=55300 stages=['ALIGN', 'IDLE', 'IDLE', 'IDLE', 'IDLE', 'IDLE', 'IDLE', 'DESCEND'] picks=23 places=16 hand0=[-0.034, -0.0, 0.922] cup_xy0=[0.502, 0.002]
[s1] close-entry e7: hand=[0.454, 0.02, 0.185] cup_gt=[0.5, 0.0]
[close] e7 t=17 hand_z=0.161 dxy=0.059 stall=0.350
[close] e7 t=77 hand_z=0.158 dxy=0.065 stall=0.381
[s1] step=55400 stages=['DESCEND', 'DESCEND', 'IDLE', 'IDLE', 'IDLE', 'IDLE', 'IDLE', 'CLOSE'] picks=23 places=16 hand0=[0.327, 0.0, 0.52] cup_xy0=[0.502, 0.002]
[s1] close-entry e1: hand=[0.497, 0.003, 0.182] cup_gt=[0.5, 0.0]
[close] e1 t=1 hand_z=0.182 dxy=0.005 stall=0.232
[close] e1 t=61 hand_z=0.208 dxy=0.013 stall=0.398
[s1] step=55500 stages=['DESCEND', 'CLOSE', 'IDLE', 'IDLE', 'IDLE', 'IDLE', 'FAIL', 'CLOSE'] picks=23 places=16 hand0=[0.591, 0.0, 0.757] cup_xy0=[0.502, 0.002]
[close] e1 t=121 hand_z=0.208 dxy=0.013 stall=0.398
[s1] step=55600 stages=['DESCEND', 'CLOSE', 'FAIL', 'FAIL', 'IDLE', 'IDLE', 'IDLE', 'FAIL'] picks=23 places=16 hand0=[0.061, -0.0, 0.886] cup_xy0=[0.502, 0.002]
[close] e1 t=181 hand_z=0.208 dxy=0.013 stall=0.398
[close] e1 t=241 hand_z=0.208 dxy=0.013 stall=0.398
[s1] step=55700 stages=['DESCEND', 'FAIL', 'IDLE', 'IDLE', 'FAIL', 'FAIL', 'IDLE', 'ALIGN'] picks=23 places=16 hand0=[-0.589, -0.0, 0.53] cup_xy0=[0.502, 0.002]
[s1] step=55800 stages=['FAIL', 'ALIGN', 'IDLE', 'IDLE', 'IDLE', 'IDLE', 'IDLE', 'DESCEND'] picks=23 places=16 hand0=[0.334, 0.0, 0.532] cup_xy0=[0.502, 0.002]
[s1] close-entry e7: hand=[0.503, 0.008, 0.19] cup_gt=[0.515, 0.011]
[s1] acquire e0: vision=[0.501, 0.002] gt=[0.5, 0.0]
[close] e7 t=36 hand_z=0.218 dxy=0.025 stall=0.500
[s1] close-entry e1: hand=[0.495, -0.004, 0.191] cup_gt=[0.498, 0.003]
[s1] step=55900 stages=['ALIGN', 'CLOSE', 'IDLE', 'IDLE', 'IDLE', 'IDLE', 'IDLE', 'CLOSE'] picks=23 places=16 hand0=[0.122, 0.0, 0.131] cup_xy0=[0.501, 0.002]
[close] e1 t=53 hand_z=0.156 dxy=0.008 stall=0.322
[close] e1 t=113 hand_z=0.156 dxy=0.024 stall=0.314
[s1] step=56000 stages=['DESCEND', 'CLOSE', 'IDLE', 'IDLE', 'IDLE', 'IDLE', 'IDLE', 'CLOSE'] picks=23 places=16 hand0=[0.277, -0.0, 1.024] cup_xy0=[0.501, 0.002]
[close] e1 t=173 hand_z=0.156 dxy=0.033 stall=0.314
[s1] grasp-geom e7: hand-cup_xy=0.026 cup_gt=[0.551, -0.067, 0.056] vision_xy=[0.501, 0.002]
[s1] GRASP (drive stall) envs [7] stall=[0.499]
[lift] e7 t=15 cup_z=0.058 hand_z=0.221 stall=0.502
[close] e1 t=233 hand_z=0.156 dxy=0.034 stall=0.316
[lift] e7 t=35 cup_z=0.078 hand_z=0.242 stall=0.503
[s1] step=56100 stages=['DESCEND', 'CLOSE', 'IDLE', 'IDLE', 'FAIL', 'IDLE', 'IDLE', 'LIFT'] picks=23 places=16 hand0=[0.598, 0.0, 0.582] cup_xy0=[0.501, 0.002]
[s1] LIFTED envs [7] (physical, friction-held)
[s1] step=56200 stages=['DESCEND', 'ALIGN', 'IDLE', 'IDLE', 'IDLE', 'IDLE', 'FAIL', 'PLACE'] picks=24 places=16 hand0=[0.312, 0.0, 0.183] cup_xy0=[0.501, 0.002]
[s1] PLACED envs [7] (full physical pick-move-place)
[rec] episode 17/40 saved (len=312, env=7)
[s1] step=56300 stages=['DESCEND', 'DESCEND', 'FAIL', 'FAIL', 'IDLE', 'IDLE', 'IDLE', 'DONE'] picks=24 places=17 hand0=[0.141, -0.0, 0.486] cup_xy0=[0.501, 0.002]
[s1] close-entry e1: hand=[0.505, 0.004, 0.192] cup_gt=[0.51, 0.05]
[close] e1 t=60 hand_z=0.179 dxy=0.010 stall=0.467
[s1] step=56400 stages=['FAIL', 'CLOSE', 'IDLE', 'IDLE', 'IDLE', 'FAIL', 'IDLE', 'IDLE'] picks=24 places=17 hand0=[0.064, -0.0, 0.884] cup_xy0=[0.501, 0.002]
[s1] acquire e0: vision=[0.501, 0.002] gt=[0.5, 0.0]
[close] e1 t=120 hand_z=0.179 dxy=0.010 stall=0.467
[s1] step=56500 stages=['ALIGN', 'CLOSE', 'IDLE', 'IDLE', 'IDLE', 'IDLE', 'IDLE', 'DESCEND'] picks=24 places=17 hand0=[-0.477, -0.0, 0.311] cup_xy0=[0.501, 0.002]
[s1] close-entry e7: hand=[0.502, 0.005, 0.191] cup_gt=[0.534, -0.02]
[close] e1 t=180 hand_z=0.179 dxy=0.010 stall=0.467
[close] e1 t=240 hand_z=0.179 dxy=0.010 stall=0.467
[s1] grasp-geom e1: hand-cup_xy=0.010 cup_gt=[0.491, 0.072, 0.02] vision_xy=[0.501, 0.002]
[s1] GRASP (drive stall) envs [1] stall=[0.467]
[lift] e1 t=19 cup_z=0.021 hand_z=0.182 stall=0.705
[s1] step=56600 stages=['ALIGN', 'LIFT', 'IDLE', 'IDLE', 'IDLE', 'IDLE', 'FAIL', 'CLOSE'] picks=24 places=17 hand0=[0.164, -0.0, 1.107] cup_xy0=[0.501, 0.002]
[lift] e1 t=39 cup_z=0.020 hand_z=0.228 stall=0.801
[close] e7 t=138 hand_z=0.162 dxy=0.037 stall=0.799
[lift] e1 t=59 cup_z=0.020 hand_z=0.296 stall=0.802
[lift] e1 t=79 cup_z=0.020 hand_z=0.329 stall=0.802
[lift] e1 t=99 cup_z=0.020 hand_z=0.344 stall=0.802
[close] e7 t=198 hand_z=0.162 dxy=0.037 stall=0.799
[lift] e1 t=119 cup_z=0.020 hand_z=0.350 stall=0.802
[s1] step=56700 stages=['ALIGN', 'LIFT', 'IDLE', 'FAIL', 'IDLE', 'IDLE', 'IDLE', 'CLOSE'] picks=24 places=17 hand0=[0.41, 0.0, 0.816] cup_xy0=[0.501, 0.002]
[lift] e1 t=139 cup_z=0.020 hand_z=0.351 stall=0.802
[lift] e1 t=159 cup_z=0.020 hand_z=0.351 stall=0.802
[lift] e1 t=179 cup_z=0.020 hand_z=0.351 stall=0.802
[lift] e1 t=199 cup_z=0.020 hand_z=0.351 stall=0.802
[lift] e1 t=219 cup_z=0.020 hand_z=0.350 stall=0.802
[s1] step=56800 stages=['ALIGN', 'LIFT', 'IDLE', 'IDLE', 'FAIL', 'FAIL', 'IDLE', 'FAIL'] picks=24 places=17 hand0=[0.134, 0.0, 1.166] cup_xy0=[0.501, 0.002]
[lift] e1 t=239 cup_z=0.020 hand_z=0.350 stall=0.802
[lift] e1 t=259 cup_z=0.020 hand_z=0.350 stall=0.802
[lift] e1 t=279 cup_z=0.020 hand_z=0.350 stall=0.802
[lift] e1 t=299 cup_z=0.020 hand_z=0.350 stall=0.802
[lift] e1 t=319 cup_z=0.020 hand_z=0.350 stall=0.802
[s1] step=56900 stages=['IDLE', 'LIFT', 'IDLE', 'IDLE', 'IDLE', 'IDLE', 'IDLE', 'DESCEND'] picks=24 places=17 hand0=[0.365, 0.0, 0.212] cup_xy0=[0.501, 0.002]
[lift] e1 t=339 cup_z=0.020 hand_z=0.350 stall=0.802
[lift] e1 t=359 cup_z=0.020 hand_z=0.350 stall=0.802
[lift] e1 t=379 cup_z=0.020 hand_z=0.350 stall=0.802
[s1] close-entry e7: hand=[0.5, 0.008, 0.185] cup_gt=[0.496, -0.002]
[lift] e1 t=399 cup_z=0.020 hand_z=0.350 stall=0.802
[close] e7 t=33 hand_z=0.160 dxy=0.036 stall=0.801
[s1] step=57000 stages=['IDLE', 'FAIL', 'FAIL', 'IDLE', 'IDLE', 'IDLE', 'IDLE', 'CLOSE'] picks=24 places=17 hand0=[-0.076, -0.0, 0.372] cup_xy0=[0.501, 0.002]
[close] e7 t=93 hand_z=0.157 dxy=0.063 stall=0.356
[s1] acquire e0: vision=[0.501, 0.002] gt=[0.5, -0.0]
[s1] step=57100 stages=['ALIGN', 'ALIGN', 'IDLE', 'IDLE', 'IDLE', 'IDLE', 'IDLE', 'CLOSE'] picks=24 places=17 hand0=[-0.278, -0.0, 0.453] cup_xy0=[0.501, 0.002]
[close] e7 t=153 hand_z=0.137 dxy=0.056 stall=0.427
[close] e7 t=213 hand_z=0.117 dxy=0.061 stall=0.035
[s1] close-entry e1: hand=[0.5, 0.004, 0.187] cup_gt=[0.517, -0.086]
[s1] step=57200 stages=['ALIGN', 'CLOSE', 'IDLE', 'IDLE', 'IDLE', 'IDLE', 'IDLE', 'CLOSE'] picks=24 places=17 hand0=[0.359, 0.0, 0.637] cup_xy0=[0.501, 0.002]
[close] e1 t=60 hand_z=0.218 dxy=0.163 stall=0.799
[close] e1 t=120 hand_z=0.219 dxy=0.155 stall=0.799
[s1] step=57300 stages=['ALIGN', 'CLOSE', 'IDLE', 'IDLE', 'IDLE', 'IDLE', 'FAIL', 'IDLE'] picks=24 places=17 hand0=[0.193, -0.0, 0.622] cup_xy0=[0.501, 0.002]
[close] e1 t=180 hand_z=0.219 dxy=0.155 stall=0.799
[s1] step=57400 stages=['ALIGN', 'CLOSE', 'FAIL', 'FAIL', 'IDLE', 'IDLE', 'IDLE', 'DESCEND'] picks=24 places=17 hand0=[-0.316, 0.0, 0.982] cup_xy0=[0.501, 0.002]
[close] e1 t=240 hand_z=0.219 dxy=0.155 stall=0.799
[s1] close-entry e7: hand=[0.407, 0.037, 0.188] cup_gt=[0.396, 0.042]
[close] e7 t=54 hand_z=0.192 dxy=0.009 stall=0.400
[s1] step=57500 stages=['FAIL', 'IDLE', 'IDLE', 'IDLE', 'FAIL', 'FAIL', 'IDLE', 'CLOSE'] picks=24 places=17 hand0=[-0.24, -0.0, 0.877] cup_xy0=[0.501, 0.002]
[close] e7 t=114 hand_z=0.192 dxy=0.009 stall=0.400
[close] e7 t=174 hand_z=0.192 dxy=0.009 stall=0.400
[s1] step=57600 stages=['IDLE', 'DESCEND', 'IDLE', 'IDLE', 'IDLE', 'IDLE', 'IDLE', 'CLOSE'] picks=24 places=17 hand0=[0.314, 0.0, 0.496] cup_xy0=[0.501, 0.002]
[close] e7 t=234 hand_z=0.192 dxy=0.009 stall=0.400
[s1] step=57700 stages=['IDLE', 'DESCEND', 'IDLE', 'IDLE', 'IDLE', 'IDLE', 'IDLE', 'FAIL'] picks=24 places=17 hand0=[0.337, 0.0, 0.54] cup_xy0=[0.501, 0.002]
[s1] close-entry e1: hand=[0.502, 0.006, 0.188] cup_gt=[0.525, 0.009]
[close] e1 t=53 hand_z=0.164 dxy=0.018 stall=0.487
[s1] step=57800 stages=['IDLE', 'CLOSE', 'IDLE', 'FAIL', 'IDLE', 'IDLE', 'IDLE', 'DESCEND'] picks=24 places=17 hand0=[-0.506, -0.0, 0.348] cup_xy0=[0.501, 0.002]
[close] e1 t=113 hand_z=0.164 dxy=0.018 stall=0.487
[s1] close-entry e7: hand=[0.506, 0.002, 0.191] cup_gt=[0.492, -0.035]
[close] e1 t=173 hand_z=0.164 dxy=0.018 stall=0.487
[s1] step=57900 stages=['IDLE', 'CLOSE', 'IDLE', 'IDLE', 'FAIL', 'FAIL', 'IDLE', 'CLOSE'] picks=24 places=17 hand0=[-0.15, 0.0, 0.184] cup_xy0=[0.501, 0.002]
[close] e1 t=233 hand_z=0.164 dxy=0.018 stall=0.487
[s1] grasp-geom e1: hand-cup_xy=0.018 cup_gt=[0.499, -0.035, 0.02] vision_xy=[0.501, 0.002]
[s1] GRASP (drive stall) envs [1] stall=[0.487]
[lift] e1 t=12 cup_z=0.020 hand_z=0.166 stall=0.487
[lift] e1 t=32 cup_z=0.057 hand_z=0.203 stall=0.489
[s1] step=58000 stages=['IDLE', 'LIFT', 'IDLE', 'IDLE', 'IDLE', 'IDLE', 'FAIL', 'CLOSE'] picks=24 places=17 hand0=[-0.359, -0.0, 0.634] cup_xy0=[0.501, 0.002]
[s1] LIFTED envs [1] (physical, friction-held)
[close] e7 t=147 hand_z=0.171 dxy=0.070 stall=0.402
[close] e7 t=207 hand_z=0.171 dxy=0.070 stall=0.402
[s1] step=58100 stages=['IDLE', 'PLACE', 'FAIL', 'IDLE', 'IDLE', 'IDLE', 'IDLE', 'CLOSE'] picks=25 places=17 hand0=[0.46, 0.0, 0.292] cup_xy0=[0.501, 0.002]
[s1] step=58200 stages=['FAIL', 'RELEASE', 'IDLE', 'IDLE', 'IDLE', 'IDLE', 'IDLE', 'IDLE'] picks=25 places=17 hand0=[-0.417, 0.0, 0.505] cup_xy0=[0.501, 0.002]
[s1] PLACED envs [1] (full physical pick-move-place)
[rec] episode 18/40 saved (len=350, env=1)
[s1] step=58300 stages=['IDLE', 'IDLE', 'IDLE', 'IDLE', 'IDLE', 'IDLE', 'IDLE', 'DESCEND'] picks=25 places=18 hand0=[0.195, -0.0, 0.651] cup_xy0=[0.501, 0.002]
[s1] close-entry e7: hand=[0.504, -0.004, 0.191] cup_gt=[0.475, -0.035]
[close] e7 t=17 hand_z=0.197 dxy=0.089 stall=0.300
[s1] step=58400 stages=['IDLE', 'DESCEND', 'IDLE', 'IDLE', 'IDLE', 'IDLE', 'FAIL', 'CLOSE'] picks=25 places=18 hand0=[-0.416, -0.0, 1.048] cup_xy0=[0.501, 0.002]
[s1] acquire e0: vision=[0.503, 0.002] gt=[0.5, -0.0]
[close] e7 t=77 hand_z=0.199 dxy=0.109 stall=0.420
[s1] close-entry e1: hand=[0.505, -0.005, 0.19] cup_gt=[0.486, -0.048]
[close] e1 t=23 hand_z=0.177 dxy=0.143 stall=0.706
[s1] step=58500 stages=['ALIGN', 'CLOSE', 'IDLE', 'FAIL', 'IDLE', 'IDLE', 'IDLE', 'CLOSE'] picks=25 places=18 hand0=[0.193, -0.0, 0.674] cup_xy0=[0.503, 0.002]
[close] e1 t=83 hand_z=0.176 dxy=0.241 stall=0.799
[s1] step=58600 stages=['ALIGN', 'CLOSE', 'IDLE', 'IDLE', 'FAIL', 'FAIL', 'IDLE', 'CLOSE'] picks=25 places=18 hand0=[0.337, 0.0, 0.759] cup_xy0=[0.503, 0.002]
[close] e1 t=143 hand_z=0.175 dxy=0.254 stall=0.799
[close] e1 t=203 hand_z=0.175 dxy=0.256 stall=0.799
[s1] step=58700 stages=['ALIGN', 'CLOSE', 'IDLE', 'IDLE', 'IDLE', 'IDLE', 'IDLE', 'IDLE'] picks=25 places=18 hand0=[-0.255, -0.0, 0.866] cup_xy0=[0.503, 0.002]
[s1] step=58800 stages=['ALIGN', 'IDLE', 'FAIL', 'IDLE', 'IDLE', 'IDLE', 'IDLE', 'DESCEND'] picks=25 places=18 hand0=[-0.359, -0.0, 0.661] cup_xy0=[0.503, 0.002]
[s1] close-entry e7: hand=[0.503, 0.001, 0.187] cup_gt=[0.509, 0.047]
[close] e7 t=18 hand_z=0.184 dxy=0.014 stall=0.336
[s1] step=58900 stages=['IDLE', 'ALIGN', 'IDLE', 'IDLE', 'IDLE', 'IDLE', 'IDLE', 'CLOSE'] picks=25 places=18 hand0=[0.601, 0.0, 0.615] cup_xy0=[0.503, 0.002]
[close] e7 t=78 hand_z=0.179 dxy=0.014 stall=0.391
[close] e7 t=138 hand_z=0.179 dxy=0.014 stall=0.391
[s1] step=59000 stages=['IDLE', 'DESCEND', 'IDLE', 'IDLE', 'FAIL', 'IDLE', 'IDLE', 'CLOSE'] picks=25 places=18 hand0=[0.239, 0.0, 0.877] cup_xy0=[0.503, 0.002]
[s1] close-entry e1: hand=[0.296, 0.184, 0.192] cup_gt=[0.296, 0.231]
[close] e1 t=38 hand_z=0.173 dxy=0.070 stall=0.801
[close] e1 t=98 hand_z=0.168 dxy=0.135 stall=0.801
[s1] step=59100 stages=['IDLE', 'CLOSE', 'IDLE', 'IDLE', 'IDLE', 'IDLE', 'FAIL', 'FAIL'] picks=25 places=18 hand0=[0.354, 0.0, 0.595] cup_xy0=[0.503, 0.002]
[close] e1 t=158 hand_z=0.168 dxy=0.144 stall=0.801
[s1] step=59200 stages=['FAIL', 'CLOSE', 'FAIL', 'FAIL', 'IDLE', 'IDLE', 'IDLE', 'ALIGN'] picks=25 places=18 hand0=[-0.108, -0.0, 0.925] cup_xy0=[0.503, 0.002]
[close] e1 t=218 hand_z=0.168 dxy=0.146 stall=0.801
[s1] step=59300 stages=['IDLE', 'FAIL', 'IDLE', 'IDLE', 'IDLE', 'FAIL', 'IDLE', 'DESCEND'] picks=25 places=18 hand0=[0.336, -0.0, 0.957] cup_xy0=[0.503, 0.002]
[s1] acquire e0: vision=[0.508, 0.002] gt=[0.5, 0.0]
[s1] close-entry e7: hand=[0.504, -0.005, 0.192] cup_gt=[0.497, 0.003]
[close] e7 t=9 hand_z=0.173 dxy=0.008 stall=0.285
[close] e7 t=69 hand_z=0.159 dxy=0.026 stall=0.387
[s1] step=59400 stages=['ALIGN', 'ALIGN', 'IDLE', 'IDLE', 'IDLE', 'IDLE', 'IDLE', 'CLOSE'] picks=25 places=18 hand0=[0.526, 0.0, 0.921] cup_xy0=[0.508, 0.002]
[close] e7 t=129 hand_z=0.159 dxy=0.026 stall=0.387
[s1] step=59500 stages=['DESCEND', 'DESCEND', 'IDLE', 'IDLE', 'IDLE', 'IDLE', 'FAIL', 'CLOSE'] picks=25 places=18 hand0=[-0.43, 0.0, 0.561] cup_xy0=[0.508, 0.002]
[close] e7 t=189 hand_z=0.159 dxy=0.026 stall=0.387
[s1] step=59600 stages=['DESCEND', 'DESCEND', 'IDLE', 'FAIL', 'IDLE', 'IDLE', 'IDLE', 'FAIL'] picks=25 places=18 hand0=[-0.285, -0.0, 0.46] cup_xy0=[0.508, 0.002]
[s1] close-entry e1: hand=[0.498, 0.004, 0.183] cup_gt=[0.505, -0.262]
[close] e1 t=36 hand_z=0.208 dxy=0.413 stall=0.798
[close] e1 t=96 hand_z=0.210 dxy=0.447 stall=0.798
[s1] step=59700 stages=['DESCEND', 'CLOSE', 'IDLE', 'IDLE', 'FAIL', 'FAIL', 'IDLE', 'IDLE'] picks=25 places=18 hand0=[0.342, 0.0, 0.552] cup_xy0=[0.508, 0.002]
[close] e1 t=156 hand_z=0.210 dxy=0.450 stall=0.798
[s1] step=59800 stages=['DESCEND', 'CLOSE', 'IDLE', 'IDLE', 'IDLE', 'IDLE', 'IDLE', 'ALIGN'] picks=25 places=18 hand0=[0.071, 0.0, 0.372] cup_xy0=[0.508, 0.002]
[close] e1 t=216 hand_z=0.210 dxy=0.450 stall=0.798
[s1] step=59900 stages=['FAIL', 'FAIL', 'FAIL', 'IDLE', 'IDLE', 'IDLE', 'IDLE', 'DESCEND'] picks=25 places=18 hand0=[-0.273, -0.0, 0.85] cup_xy0=[0.508, 0.002]
[s1] close-entry e7: hand=[0.481, 0.001, 0.188] cup_gt=[0.506, -0.0]
[close] e7 t=24 hand_z=0.201 dxy=0.041 stall=0.371
[close] e7 t=84 hand_z=0.203 dxy=0.039 stall=0.413
[s1] step=60000 stages=['IDLE', 'DESCEND', 'ALIGN', 'IDLE', 'IDLE', 'IDLE', 'IDLE', 'CLOSE'] picks=25 places=18 hand0=[0.598, 0.0, 0.719] cup_xy0=[0.508, 0.002]
[s1] acquire e0: vision=[0.502, 0.002] gt=[0.5, 0.0]
[s1] close-entry e1: hand=[0.502, 0.001, 0.19] cup_gt=[0.492, -0.001]
[close] e1 t=16 hand_z=0.156 dxy=0.004 stall=0.253
[s1] step=60100 stages=['ALIGN', 'CLOSE', 'ALIGN', 'IDLE', 'IDLE', 'IDLE', 'IDLE', 'CLOSE'] picks=25 places=18 hand0=[0.109, -0.0, 0.386] cup_xy0=[0.502, 0.002]
[close] e1 t=76 hand_z=0.124 dxy=0.094 stall=-0.048
[close] e1 t=136 hand_z=0.121 dxy=0.136 stall=-0.028
[s1] step=60200 stages=['ALIGN', 'CLOSE', 'ALIGN', 'IDLE', 'IDLE', 'IDLE', 'FAIL', 'FAIL'] picks=25 places=18 hand0=[-0.594, -0.0, 0.557] cup_xy0=[0.502, 0.002]
[close] e1 t=196 hand_z=0.116 dxy=0.142 stall=-0.042
[s1] step=60300 stages=['ALIGN', 'FAIL', 'ALIGN', 'FAIL', 'IDLE', 'IDLE', 'IDLE', 'DESCEND'] picks=25 places=18 hand0=[-0.245, -0.0, 1.015] cup_xy0=[0.502, 0.002]
[s1] close-entry e7: hand=[0.493, -0.007, 0.191] cup_gt=[0.517, 0.063]
[s1] step=60400 stages=['ALIGN', 'IDLE', 'FAIL', 'IDLE', 'FAIL', 'FAIL', 'IDLE', 'CLOSE'] picks=25 places=18 hand0=[-0.212, 0.0, 0.51] cup_xy0=[0.502, 0.002]
[close] e7 t=37 hand_z=0.169 dxy=0.153 stall=0.406
[close] e7 t=97 hand_z=0.168 dxy=0.165 stall=0.406
[s1] step=60500 stages=['IDLE', 'DESCEND', 'IDLE', 'IDLE', 'IDLE', 'IDLE', 'IDLE', 'CLOSE'] picks=25 places=18 hand0=[-0.224, -0.0, 0.356] cup_xy0=[0.502, 0.002]
[close] e7 t=157 hand_z=0.168 dxy=0.167 stall=0.406
[s1] acquire e0: vision=[0.5, 0.003] gt=[0.5, -0.0]
[s1] close-entry e1: hand=[0.497, 0.005, 0.182] cup_gt=[0.5, -0.0]
[close] e1 t=23 hand_z=0.202 dxy=0.009 stall=0.364
[s1] step=60600 stages=['ALIGN', 'CLOSE', 'IDLE', 'IDLE', 'IDLE', 'IDLE', 'IDLE', 'CLOSE'] picks=25 places=18 hand0=[0.369, 0.0, 0.495] cup_xy0=[0.5, 0.003]
[close] e1 t=83 hand_z=0.205 dxy=0.009 stall=0.412
[s1] step=60700 stages=['ALIGN', 'CLOSE', 'IDLE', 'IDLE', 'IDLE', 'IDLE', 'IDLE', 'IDLE'] picks=25 places=18 hand0=[0.31, 0.0, 0.882] cup_xy0=[0.5, 0.003]
[close] e1 t=143 hand_z=0.205 dxy=0.009 stall=0.412
[close] e1 t=203 hand_z=0.205 dxy=0.009 stall=0.412
[s1] step=60800 stages=['ALIGN', 'CLOSE', 'FAIL', 'IDLE', 'FAIL', 'FAIL', 'IDLE', 'DESCEND'] picks=25 places=18 hand0=[0.368, 0.0, 0.909] cup_xy0=[0.5, 0.003]
[s1] close-entry e7: hand=[0.504, 0.005, 0.191] cup_gt=[0.497, 0.026]
[close] e7 t=49 hand_z=0.162 dxy=0.018 stall=0.416
[s1] step=60900 stages=['ALIGN', 'IDLE', 'IDLE', 'IDLE', 'IDLE', 'IDLE', 'FAIL', 'CLOSE'] picks=25 places=18 hand0=[0.322, 0.0, 0.894] cup_xy0=[0.5, 0.003]
[close] e7 t=109 hand_z=0.162 dxy=0.022 stall=0.415
[s1] step=61000 stages=['FAIL', 'DESCEND', 'IDLE', 'FAIL', 'IDLE', 'IDLE', 'IDLE', 'CLOSE'] picks=25 places=18 hand0=[-0.134, -0.0, 0.921] cup_xy0=[0.5, 0.003]
[close] e7 t=169 hand_z=0.162 dxy=0.030 stall=0.415
[s1] close-entry e1: hand=[0.508, 0.003, 0.192] cup_gt=[0.512, -0.045]
[close] e1 t=35 hand_z=0.179 dxy=0.037 stall=0.395
[s1] step=61100 stages=['IDLE', 'CLOSE', 'IDLE', 'IDLE', 'IDLE', 'IDLE', 'IDLE', 'FAIL'] picks=25 places=18 hand0=[-0.594, -0.0, 0.555] cup_xy0=[0.5, 0.003]
[s1] acquire e0: vision=[0.502, 0.002] gt=[0.5, -0.0]
[close] e1 t=95 hand_z=0.178 dxy=0.036 stall=0.396
[close] e1 t=155 hand_z=0.178 dxy=0.036 stall=0.400
[s1] step=61200 stages=['ALIGN', 'CLOSE', 'IDLE', 'IDLE', 'IDLE', 'IDLE', 'IDLE', 'ALIGN'] picks=25 places=18 hand0=[0.138, 0.0, 0.357] cup_xy0=[0.502, 0.002]
[close] e1 t=215 hand_z=0.178 dxy=0.036 stall=0.399
[s1] close-entry e7: hand=[0.504, -0.006, 0.185] cup_gt=[0.5, -0.0]
[s1] step=61300 stages=['ALIGN', 'FAIL', 'IDLE', 'IDLE', 'IDLE', 'IDLE', 'FAIL', 'CLOSE'] picks=25 places=18 hand0=[-0.25, -0.0, 0.763] cup_xy0=[0.502, 0.002]
[close] e7 t=26 hand_z=0.157 dxy=0.015 stall=0.301
[close] e7 t=86 hand_z=0.157 dxy=0.015 stall=0.328
[s1] step=61400 stages=['ALIGN', 'ALIGN', 'IDLE', 'FAIL', 'IDLE', 'IDLE', 'IDLE', 'CLOSE'] picks=25 places=18 hand0=[-0.041, 0.0, 0.401] cup_xy0=[0.502, 0.002]
[close] e7 t=146 hand_z=0.157 dxy=0.015 stall=0.328
[close] e7 t=206 hand_z=0.157 dxy=0.015 stall=0.328
[s1] step=61500 stages=['ALIGN', 'DESCEND', 'FAIL', 'IDLE', 'FAIL', 'FAIL', 'IDLE', 'CLOSE'] picks=25 places=18 hand0=[-0.118, -0.0, 0.972] cup_xy0=[0.502, 0.002]
[s1] close-entry e1: hand=[0.504, 0.004, 0.191] cup_gt=[0.5, -0.0]
[close] e1 t=49 hand_z=0.184 dxy=0.005 stall=0.309
[s1] step=61600 stages=['IDLE', 'CLOSE', 'IDLE', 'IDLE', 'IDLE', 'IDLE', 'IDLE', 'IDLE'] picks=25 places=18 hand0=[0.334, -0.0, 0.909] cup_xy0=[0.502, 0.002]
[close] e1 t=109 hand_z=0.184 dxy=0.005 stall=0.310
[close] e1 t=169 hand_z=0.184 dxy=0.005 stall=0.310
[s1] step=61700 stages=['IDLE', 'CLOSE', 'IDLE', 'IDLE', 'IDLE', 'IDLE', 'IDLE', 'ALIGN'] picks=25 places=18 hand0=[-0.367, -0.0, 0.909] cup_xy0=[0.502, 0.002]
[s1] acquire e0: vision=[0.501, 0.002] gt=[0.5, 0.0]
[close] e1 t=229 hand_z=0.184 dxy=0.005 stall=0.310
[s1] step=61800 stages=['ALIGN', 'FAIL', 'IDLE', 'IDLE', 'IDLE', 'IDLE', 'IDLE', 'DESCEND'] picks=25 places=18 hand0=[-0.199, 0.088, 1.06] cup_xy0=[0.501, 0.002]
[s1] close-entry e7: hand=[0.486, -0.102, 0.19] cup_gt=[0.505, -0.131]
[close] e7 t=55 hand_z=0.158 dxy=0.021 stall=0.363
[s1] step=61900 stages=['ALIGN', 'DESCEND', 'FAIL', 'IDLE', 'IDLE', 'IDLE', 'IDLE', 'CLOSE'] picks=25 places=18 hand0=[0.526, 0.088, 0.423] cup_xy0=[0.501, 0.002]
[close] e7 t=115 hand_z=0.158 dxy=0.022 stall=0.363
[close] e7 t=175 hand_z=0.158 dxy=0.022 stall=0.363
[s1] step=62000 stages=['ALIGN', 'DESCEND', 'IDLE', 'IDLE', 'IDLE', 'IDLE', 'FAIL', 'CLOSE'] picks=25 places=18 hand0=[-0.571, -0.0, 0.826] cup_xy0=[0.501, 0.002]
[close] e7 t=235 hand_z=0.158 dxy=0.022 stall=0.363
[s1] step=62100 stages=['ALIGN', 'DESCEND', 'IDLE', 'FAIL', 'IDLE', 'IDLE', 'IDLE', 'FAIL'] picks=25 places=18 hand0=[-0.54, -0.088, 0.846] cup_xy0=[0.501, 0.002]
[s1] close-entry e1: hand=[0.442, 0.158, 0.184] cup_gt=[0.492, 0.134]
[close] e1 t=23 hand_z=0.179 dxy=0.077 stall=0.318
[s1] step=62200 stages=['IDLE', 'CLOSE', 'IDLE', 'IDLE', 'IDLE', 'FAIL', 'IDLE', 'ALIGN'] picks=25 places=18 hand0=[0.259, 0.107, 0.901] cup_xy0=[0.501, 0.002]
[close] e1 t=83 hand_z=0.179 dxy=0.087 stall=0.416
[close] e1 t=143 hand_z=0.179 dxy=0.088 stall=0.416
[s1] close-entry e7: hand=[0.505, 0.006, 0.19] cup_gt=[0.503, 0.02]
[s1] step=62300 stages=['IDLE', 'CLOSE', 'IDLE', 'IDLE', 'IDLE', 'IDLE', 'IDLE', 'CLOSE'] picks=25 places=18 hand0=[-0.141, -0.107, 1.073] cup_xy0=[0.501, 0.002]
[s1] acquire e0: vision=[0.502, 0.002] gt=[0.5, -0.0]
[close] e1 t=203 hand_z=0.179 dxy=0.088 stall=0.416
[close] e7 t=102 hand_z=0.159 dxy=0.035 stall=0.402
[s1] step=62400 stages=['ALIGN', 'FAIL', 'IDLE', 'IDLE', 'IDLE', 'IDLE', 'IDLE', 'CLOSE'] picks=25 places=18 hand0=[-0.225, 0.107, 0.645] cup_xy0=[0.502, 0.002]
[close] e7 t=162 hand_z=0.159 dxy=0.039 stall=0.402
[s1] step=62500 stages=['ALIGN', 'ALIGN', 'IDLE', 'FAIL', 'IDLE', 'IDLE', 'IDLE', 'CLOSE'] picks=25 places=18 hand0=[0.034, -0.088, 0.153] cup_xy0=[0.502, 0.002]
[close] e7 t=222 hand_z=0.159 dxy=0.039 stall=0.402
[s1] step=62600 stages=['ALIGN', 'DESCEND', 'FAIL', 'IDLE', 'FAIL', 'FAIL', 'IDLE', 'FAIL'] picks=25 places=18 hand0=[0.289, 0.0, 0.397] cup_xy0=[0.502, 0.002]
[s1] close-entry e1: hand=[0.501, 0.003, 0.186] cup_gt=[0.494, -0.043]
[close] e1 t=19 hand_z=0.192 dxy=0.008 stall=0.344
[close] e1 t=79 hand_z=0.178 dxy=0.007 stall=0.396
[s1] step=62700 stages=['ALIGN', 'CLOSE', 'IDLE', 'IDLE', 'IDLE', 'IDLE', 'FAIL', 'DESCEND'] picks=25 places=18 hand0=[-0.102, 0.0, 1.104] cup_xy0=[0.502, 0.002]
[s1] close-entry e7: hand=[0.501, 0.009, 0.19] cup_gt=[0.49, -0.006]
[close] e1 t=139 hand_z=0.178 dxy=0.006 stall=0.396
[s1] step=62800 stages=['IDLE', 'CLOSE', 'IDLE', 'IDLE', 'IDLE', 'IDLE', 'IDLE', 'CLOSE'] picks=25 places=18 hand0=[-0.134, -0.088, 0.365] cup_xy0=[0.502, 0.002]
[close] e1 t=199 hand_z=0.178 dxy=0.006 stall=0.396
[s1] acquire e0: vision=[0.503, 0.002] gt=[0.5, 0.0]
[close] e7 t=135 hand_z=0.162 dxy=0.034 stall=0.411
[s1] step=62900 stages=['ALIGN', 'FAIL', 'IDLE', 'IDLE', 'IDLE', 'IDLE', 'IDLE', 'CLOSE'] picks=25 places=18 hand0=[-0.527, -0.107, 0.828] cup_xy0=[0.503, 0.002]
[close] e7 t=195 hand_z=0.162 dxy=0.034 stall=0.411
[s1] step=63000 stages=['ALIGN', 'ALIGN', 'IDLE', 'IDLE', 'IDLE', 'IDLE', 'IDLE', 'FAIL'] picks=25 places=18 hand0=[-0.243, -0.088, 0.178] cup_xy0=[0.503, 0.002]
[s1] close-entry e1: hand=[0.471, 0.007, 0.185] cup_gt=[0.504, -0.022]
[s1] step=63100 stages=['ALIGN', 'CLOSE', 'IDLE', 'IDLE', 'IDLE', 'IDLE', 'FAIL', 'ALIGN'] picks=25 places=18 hand0=[-0.36, 0.062, 0.793] cup_xy0=[0.503, 0.002]
[close] e1 t=51 hand_z=0.159 dxy=0.211 stall=0.388
[s1] close-entry e7: hand=[0.484, 0.01, 0.184] cup_gt=[0.5, 0.0]
[close] e1 t=111 hand_z=0.159 dxy=0.252 stall=0.388
[s1] step=63200 stages=['ALIGN', 'CLOSE', 'ALIGN', 'FAIL', 'IDLE', 'IDLE', 'IDLE', 'CLOSE'] picks=25 places=18 hand0=[-0.061, -0.107, 1.106] cup_xy0=[0.503, 0.002]
[close] e1 t=171 hand_z=0.159 dxy=0.258 stall=0.388
[close] e1 t=231 hand_z=0.159 dxy=0.259 stall=0.388
[s1] step=63300 stages=['FAIL', 'CLOSE', 'ALIGN', 'IDLE', 'FAIL', 'FAIL', 'IDLE', 'CLOSE'] picks=25 places=18 hand0=[-0.377, 0.076, 0.619] cup_xy0=[0.503, 0.002]
[close] e7 t=207 hand_z=0.214 dxy=0.018 stall=0.388
[s1] step=63400 stages=['IDLE', 'ALIGN', 'ALIGN', 'IDLE', 'IDLE', 'IDLE', 'IDLE', 'FAIL'] picks=25 places=18 hand0=[0.102, -0.062, 0.856] cup_xy0=[0.503, 0.002]
[s1] step=63500 stages=['IDLE', 'DESCEND', 'ALIGN', 'IDLE', 'IDLE', 'IDLE', 'IDLE', 'ALIGN'] picks=25 places=18 hand0=[-0.163, 0.088, 0.927] cup_xy0=[0.503, 0.002]
[s1] acquire e0: vision=[0.501, 0.001] gt=[0.5, 0.0]
[s1] close-entry e1: hand=[0.504, 0.008, 0.19] cup_gt=[0.549, -0.046]
[s1] close-entry e7: hand=[0.505, 0.0, 0.191] cup_gt=[0.509, -0.048]
[close] e1 t=59 hand_z=0.179 dxy=0.360 stall=0.392
[s1] step=63600 stages=['ALIGN', 'CLOSE', 'FAIL', 'IDLE', 'IDLE', 'IDLE', 'IDLE', 'CLOSE'] picks=25 places=18 hand0=[0.198, 0.076, 0.554] cup_xy0=[0.501, 0.001]
[close] e1 t=119 hand_z=0.179 dxy=0.402 stall=0.392
[s1] step=63700 stages=['ALIGN', 'CLOSE', 'ALIGN', 'IDLE', 'FAIL', 'IDLE', 'IDLE', 'CLOSE'] picks=25 places=18 hand0=[0.296, 0.062, 0.421] cup_xy0=[0.501, 0.001]
[close] e1 t=179 hand_z=0.179 dxy=0.408 stall=0.392
[close] e1 t=239 hand_z=0.179 dxy=0.409 stall=0.392
[s1] step=63800 stages=['ALIGN', 'FAIL', 'ALIGN', 'IDLE', 'IDLE', 'IDLE', 'FAIL', 'CLOSE'] picks=25 places=18 hand0=[-0.221, 0.062, 1.142] cup_xy0=[0.501, 0.001]
[s1] step=63900 stages=['ALIGN', 'ALIGN', 'ALIGN', 'FAIL', 'IDLE', 'IDLE', 'IDLE', 'IDLE'] picks=25 places=18 hand0=[0.533, 0.076, 0.861] cup_xy0=[0.501, 0.001]
[s1] step=64000 stages=['IDLE', 'DESCEND', 'ALIGN', 'IDLE', 'IDLE', 'FAIL', 'IDLE', 'DESCEND'] picks=25 places=18 hand0=[0.404, 0.0, 0.995] cup_xy0=[0.501, 0.001]
[s1] close-entry e1: hand=[0.504, -0.001, 0.191] cup_gt=[0.459, -0.031]
[close] e1 t=60 hand_z=0.197 dxy=0.111 stall=0.409
[s1] close-entry e7: hand=[0.501, -0.004, 0.187] cup_gt=[0.504, 0.004]
[s1] step=64100 stages=['IDLE', 'CLOSE', 'FAIL', 'IDLE', 'IDLE', 'IDLE', 'IDLE', 'CLOSE'] picks=25 places=18 hand0=[0.253, -0.076, 0.639] cup_xy0=[0.501, 0.001]
[close] e1 t=120 hand_z=0.197 dxy=0.112 stall=0.409
[close] e1 t=180 hand_z=0.197 dxy=0.113 stall=0.409
[s1] step=64200 stages=['IDLE', 'CLOSE', 'ALIGN', 'IDLE', 'IDLE', 'IDLE', 'FAIL', 'CLOSE'] picks=25 places=18 hand0=[-0.241, 0.0, 0.305] cup_xy0=[0.501, 0.001]
[close] e1 t=240 hand_z=0.197 dxy=0.113 stall=0.409
[s1] step=64300 stages=['FAIL', 'FAIL', 'ALIGN', 'FAIL', 'IDLE', 'IDLE', 'IDLE', 'CLOSE'] picks=25 places=18 hand0=[-0.18, 0.088, 0.377] cup_xy0=[0.501, 0.001]
[close] e7 t=226 hand_z=0.159 dxy=0.039 stall=0.382
[s1] acquire e0: vision=[0.501, 0.001] gt=[0.5, 0.0]
[s1] step=64400 stages=['ALIGN', 'ALIGN', 'ALIGN', 'IDLE', 'FAIL', 'FAIL', 'IDLE', 'IDLE'] picks=25 places=18 hand0=[0.093, 0.076, 0.363] cup_xy0=[0.501, 0.001]
[s1] close-entry e1: hand=[0.494, -0.014, 0.19] cup_gt=[0.499, 0.002]
[close] e1 t=45 hand_z=0.153 dxy=0.031 stall=0.220
[s1] step=64500 stages=['ALIGN', 'CLOSE', 'ALIGN', 'IDLE', 'IDLE', 'IDLE', 'IDLE', 'DESCEND'] picks=25 places=18 hand0=[0.469, 0.0, 0.346] cup_xy0=[0.501, 0.001]
[s1] close-entry e7: hand=[0.528, 0.016, 0.189] cup_gt=[0.507, 0.033]
[close] e1 t=105 hand_z=0.152 dxy=0.046 stall=0.443
[s1] step=64600 stages=['ALIGN', 'CLOSE', 'IDLE', 'IDLE', 'IDLE', 'IDLE', 'IDLE', 'CLOSE'] picks=25 places=18 hand0=[-0.407, -0.0, 0.689] cup_xy0=[0.501, 0.001]
[close] e1 t=165 hand_z=0.123 dxy=0.110 stall=0.451
[close] e1 t=225 hand_z=0.118 dxy=0.116 stall=0.000
[s1] step=64700 stages=['ALIGN', 'FAIL', 'IDLE', 'IDLE', 'IDLE', 'IDLE', 'IDLE', 'CLOSE'] picks=25 places=18 hand0=[-0.05, -0.076, 0.384] cup_xy0=[0.501, 0.001]
[close] e7 t=190 hand_z=0.150 dxy=0.118 stall=0.174
[s1] step=64800 stages=['FAIL', 'IDLE', 'IDLE', 'IDLE', 'IDLE', 'IDLE', 'IDLE', 'FAIL'] picks=25 places=18 hand0=[-0.012, -0.0, 0.938] cup_xy0=[0.501, 0.001]
[s1] step=64900 stages=['IDLE', 'ALIGN', 'FAIL', 'IDLE', 'IDLE', 'IDLE', 'FAIL', 'ALIGN'] picks=25 places=18 hand0=[0.392, -0.088, 0.259] cup_xy0=[0.501, 0.001]
[s1] step=65000 stages=['IDLE', 'DESCEND', 'IDLE', 'FAIL', 'IDLE', 'IDLE', 'IDLE', 'DESCEND'] picks=25 places=18 hand0=[-0.144, -0.0, 0.213] cup_xy0=[0.501, 0.001]
[s1] close-entry e1: hand=[0.693, -0.06, 0.187] cup_gt=[0.723, -0.033]
[close] e1 t=16 hand_z=0.175 dxy=0.054 stall=0.327
[s1] acquire e0: vision=[0.502, 0.002] gt=[0.5, 0.0]
[s1] close-entry e7: hand=[0.482, 0.003, 0.183] cup_gt=[0.5, 0.0]
[close] e1 t=76 hand_z=0.164 dxy=0.110 stall=0.403
[s1] step=65100 stages=['ALIGN', 'CLOSE', 'IDLE', 'IDLE', 'FAIL', 'FAIL', 'IDLE', 'CLOSE'] picks=25 places=18 hand0=[-0.2, 0.088, 0.239] cup_xy0=[0.502, 0.002]
[close] e1 t=136 hand_z=0.164 dxy=0.113 stall=0.403
[s1] step=65200 stages=['ALIGN', 'CLOSE', 'IDLE', 'IDLE', 'IDLE', 'IDLE', 'IDLE', 'CLOSE'] picks=25 places=18 hand0=[0.055, 0.062, 1.142] cup_xy0=[0.502, 0.002]
[close] e1 t=196 hand_z=0.164 dxy=0.113 stall=0.403
[close] e7 t=184 hand_z=0.203 dxy=0.050 stall=0.410
[s1] step=65300 stages=['ALIGN', 'FAIL', 'FAIL', 'IDLE', 'IDLE', 'IDLE', 'IDLE', 'CLOSE'] picks=25 places=18 hand0=[0.282, 0.076, 0.43] cup_xy0=[0.502, 0.002]
[s1] step=65400 stages=['ALIGN', 'ALIGN', 'IDLE', 'FAIL', 'IDLE', 'IDLE', 'IDLE', 'IDLE'] picks=25 places=18 hand0=[-0.496, 0.062, 0.951] cup_xy0=[0.502, 0.002]
[s1] step=65500 stages=['FAIL', 'DESCEND', 'IDLE', 'ALIGN', 'FAIL', 'FAIL', 'IDLE', 'DESCEND'] picks=25 places=18 hand0=[-0.016, 0.062, 0.946] cup_xy0=[0.502, 0.002]
[s1] close-entry e1: hand=[0.505, 0.002, 0.189] cup_gt=[0.493, -0.011]
[close] e1 t=10 hand_z=0.165 dxy=0.002 stall=0.312
[s1] close-entry e7: hand=[0.503, 0.006, 0.19] cup_gt=[0.491, 0.023]
[close] e1 t=70 hand_z=0.158 dxy=0.025 stall=0.386
[s1] step=65600 stages=['IDLE', 'CLOSE', 'IDLE', 'ALIGN', 'IDLE', 'IDLE', 'FAIL', 'CLOSE'] picks=25 places=18 hand0=[0.504, 0.0, 0.933] cup_xy0=[0.502, 0.002]
[close] e1 t=130 hand_z=0.158 dxy=0.026 stall=0.387
[close] e1 t=190 hand_z=0.158 dxy=0.026 stall=0.387
[s1] step=65700 stages=['IDLE', 'CLOSE', 'IDLE', 'ALIGN', 'IDLE', 'IDLE', 'IDLE', 'CLOSE'] picks=25 places=18 hand0=[-0.092, 0.062, 0.19] cup_xy0=[0.502, 0.002]
[close] e7 t=189 hand_z=0.207 dxy=0.043 stall=0.406
[s1] step=65800 stages=['IDLE', 'FAIL', 'IDLE', 'ALIGN', 'IDLE', 'IDLE', 'IDLE', 'CLOSE'] picks=25 places=18 hand0=[-0.148, 0.099, 0.219] cup_xy0=[0.502, 0.002]
[s1] step=65900 stages=['FAIL', 'ALIGN', 'IDLE', 'ALIGN', 'IDLE', 'IDLE', 'IDLE', 'IDLE'] picks=25 places=18 hand0=[0.284, -0.076, 0.432] cup_xy0=[0.502, 0.002]
[s1] step=66000 stages=['IDLE', 'DESCEND', 'FAIL', 'ALIGN', 'IDLE', 'IDLE', 'FAIL', 'DESCEND'] picks=25 places=18 hand0=[-0.287, -0.062, 0.885] cup_xy0=[0.502, 0.002]
[s1] close-entry e7: hand=[0.491, -0.005, 0.192] cup_gt=[0.504, -0.014]
[s1] close-entry e1: hand=[0.505, 0.008, 0.192] cup_gt=[0.5, -0.0]
[close] e1 t=18 hand_z=0.171 dxy=0.016 stall=0.337
[s1] step=66100 stages=['IDLE', 'CLOSE', 'IDLE', 'ALIGN', 'IDLE', 'IDLE', 'IDLE', 'CLOSE'] picks=25 places=18 hand0=[0.316, -0.062, 0.857] cup_xy0=[0.502, 0.002]
[close] e1 t=78 hand_z=0.166 dxy=0.025 stall=0.394
[close] e1 t=138 hand_z=0.166 dxy=0.027 stall=0.396
[s1] step=66200 stages=['IDLE', 'CLOSE', 'IDLE', 'ALIGN', 'FAIL', 'FAIL', 'IDLE', 'CLOSE'] picks=25 places=18 hand0=[0.197, 0.088, 0.721] cup_xy0=[0.502, 0.002]
[close] e1 t=198 hand_z=0.166 dxy=0.027 stall=0.395
[s1] step=66300 stages=['IDLE', 'FAIL', 'IDLE', 'FAIL', 'IDLE', 'IDLE', 'IDLE', 'FAIL'] picks=25 places=18 hand0=[-0.301, -0.0, 1.089] cup_xy0=[0.502, 0.002]
[s1] step=66400 stages=['IDLE', 'IDLE', 'IDLE', 'IDLE', 'IDLE', 'IDLE', 'IDLE', 'DESCEND'] picks=25 places=18 hand0=[0.248, 0.013, 0.236] cup_xy0=[0.502, 0.002]
[s1] acquire e0: vision=[0.501, 0.002] gt=[0.5, -0.0]
[s1] step=66500 stages=['ALIGN', 'ALIGN', 'IDLE', 'IDLE', 'IDLE', 'IDLE', 'IDLE', 'DESCEND'] picks=25 places=18 hand0=[0.322, 0.062, 0.962] cup_xy0=[0.501, 0.002]
[s1] close-entry e7: hand=[0.501, -0.005, 0.185] cup_gt=[0.491, -0.005]
[close] e7 t=32 hand_z=0.217 dxy=0.060 stall=0.377
[close] e7 t=92 hand_z=0.219 dxy=0.067 stall=0.383
[s1] step=66600 stages=['ALIGN', 'ALIGN', 'IDLE', 'IDLE', 'FAIL', 'IDLE', 'IDLE', 'CLOSE'] picks=25 places=18 hand0=[-0.279, -0.0, 1.142] cup_xy0=[0.501, 0.002]
[close] e7 t=152 hand_z=0.219 dxy=0.067 stall=0.383
[s1] step=66700 stages=['ALIGN', 'DESCEND', 'FAIL', 'FAIL', 'IDLE', 'IDLE', 'FAIL', 'CLOSE'] picks=25 places=18 hand0=[-0.45, 0.088, 0.985] cup_xy0=[0.501, 0.002]
[close] e7 t=212 hand_z=0.219 dxy=0.067 stall=0.383
[s1] step=66800 stages=['ALIGN', 'DESCEND', 'IDLE', 'IDLE', 'IDLE', 'IDLE', 'IDLE', 'FAIL'] picks=25 places=18 hand0=[0.033, 0.099, 0.944] cup_xy0=[0.501, 0.002]
[s1] step=66900 stages=['IDLE', 'DESCEND', 'IDLE', 'IDLE', 'IDLE', 'FAIL', 'IDLE', 'ALIGN'] picks=25 places=18 hand0=[-0.14, 0.034, 1.116] cup_xy0=[0.501, 0.002]
[s1] close-entry e7: hand=[0.499, -0.006, 0.19] cup_gt=[0.509, 0.041]
[s1] step=67000 stages=['IDLE', 'DESCEND', 'IDLE', 'IDLE', 'IDLE', 'IDLE', 'IDLE', 'CLOSE'] picks=25 places=18 hand0=[0.378, 0.076, 0.807] cup_xy0=[0.501, 0.002]
[close] e7 t=28 hand_z=0.201 dxy=0.019 stall=0.739
[close] e7 t=88 hand_z=0.188 dxy=0.034 stall=0.798
[s1] step=67100 stages=['IDLE', 'FAIL', 'FAIL', 'IDLE', 'IDLE', 'IDLE', 'FAIL', 'CLOSE'] picks=25 places=18 hand0=[0.395, -0.013, 1.075] cup_xy0=[0.501, 0.002]
[close] e7 t=148 hand_z=0.188 dxy=0.034 stall=0.798
[close] e7 t=208 hand_z=0.188 dxy=0.033 stall=0.798
[s1] step=67200 stages=['FAIL', 'ALIGN', 'ALIGN', 'IDLE', 'IDLE', 'IDLE', 'IDLE', 'CLOSE'] picks=25 places=18 hand0=[-0.575, 0.081, 0.759] cup_xy0=[0.501, 0.002]
[s1] step=67300 stages=['IDLE', 'DESCEND', 'ALIGN', 'IDLE', 'FAIL', 'FAIL', 'IDLE', 'IDLE'] picks=25 places=18 hand0=[0.448, -0.005, 0.628] cup_xy0=[0.501, 0.002]
[s1] close-entry e1: hand=[0.504, 0.008, 0.189] cup_gt=[0.51, -0.036]
[s1] acquire e0: vision=[0.501, 0.001] gt=[0.5, 0.0]
[close] e1 t=48 hand_z=0.185 dxy=0.021 stall=0.389
[s1] step=67400 stages=['ALIGN', 'CLOSE', 'ALIGN', 'FAIL', 'IDLE', 'IDLE', 'IDLE', 'DESCEND'] picks=25 places=18 hand0=[-0.242, -0.062, 0.28] cup_xy0=[0.501, 0.001]
[close] e1 t=108 hand_z=0.185 dxy=0.022 stall=0.390
[s1] close-entry e7: hand=[0.504, -0.004, 0.191] cup_gt=[0.499, -0.003]
[close] e1 t=168 hand_z=0.185 dxy=0.022 stall=0.390
[s1] step=67500 stages=['ALIGN', 'CLOSE', 'ALIGN', 'IDLE', 'IDLE', 'IDLE', 'IDLE', 'CLOSE'] picks=25 places=18 hand0=[-0.328, 0.053, 0.273] cup_xy0=[0.501, 0.001]
[close] e1 t=228 hand_z=0.185 dxy=0.022 stall=0.390
[s1] step=67600 stages=['ALIGN', 'FAIL', 'IDLE', 'IDLE', 'IDLE', 'IDLE', 'IDLE', 'CLOSE'] picks=25 places=18 hand0=[-0.287, 0.062, 0.498] cup_xy0=[0.501, 0.001]
[close] e7 t=136 hand_z=0.221 dxy=0.010 stall=0.491
[close] e7 t=196 hand_z=0.221 dxy=0.010 stall=0.491
[s1] step=67700 stages=['ALIGN', 'ALIGN', 'IDLE', 'IDLE', 'IDLE', 'IDLE', 'IDLE', 'CLOSE'] picks=25 places=18 hand0=[-0.103, -0.087, 0.357] cup_xy0=[0.501, 0.001]
[s1] grasp-geom e7: hand-cup_xy=0.010 cup_gt=[0.524, 0.058, 0.069] vision_xy=[0.501, 0.001]
[s1] GRASP (drive stall) envs [7] stall=[0.491]
[lift] e7 t=15 cup_z=0.071 hand_z=0.223 stall=0.492
[s1] LIFTED envs [7] (physical, friction-held)
[s1] step=67800 stages=['IDLE', 'DESCEND', 'IDLE', 'IDLE', 'IDLE', 'IDLE', 'FAIL', 'CARRY'] picks=26 places=18 hand0=[-0.376, 0.078, 0.829] cup_xy0=[0.501, 0.001]
[s1] close-entry e1: hand=[0.504, 0.001, 0.191] cup_gt=[0.491, -0.047]
[close] e1 t=32 hand_z=0.183 dxy=0.013 stall=0.392
[s1] step=67900 stages=['IDLE', 'CLOSE', 'FAIL', 'IDLE', 'IDLE', 'IDLE', 'IDLE', 'CARRY'] picks=26 places=18 hand0=[0.197, -0.137, 0.902] cup_xy0=[0.501, 0.001]
[s1] acquire e0: vision=[0.503, 0.002] gt=[0.5, 0.0]
[close] e1 t=92 hand_z=0.182 dxy=0.015 stall=0.400
[close] e1 t=152 hand_z=0.183 dxy=0.015 stall=0.400
[s1] step=68000 stages=['ALIGN', 'CLOSE', 'IDLE', 'IDLE', 'FAIL', 'FAIL', 'IDLE', 'CARRY'] picks=26 places=18 hand0=[-0.183, 0.021, 0.516] cup_xy0=[0.503, 0.002]
[close] e1 t=212 hand_z=0.183 dxy=0.015 stall=0.400
[s1] step=68100 stages=['ALIGN', 'FAIL', 'IDLE', 'FAIL', 'IDLE', 'IDLE', 'IDLE', 'CARRY'] picks=26 places=18 hand0=[0.518, -0.021, 0.389] cup_xy0=[0.503, 0.002]
[s1] step=68200 stages=['ALIGN', 'ALIGN', 'IDLE', 'IDLE', 'IDLE', 'IDLE', 'IDLE', 'PLACE'] picks=26 places=18 hand0=[0.492, -0.013, 0.315] cup_xy0=[0.503, 0.002]
[s1] close-entry e1: hand=[0.503, 0.007, 0.186] cup_gt=[0.493, -0.005]
[close] e1 t=4 hand_z=0.176 dxy=0.008 stall=0.249
[s1] step=68300 stages=['ALIGN', 'CLOSE', 'FAIL', 'IDLE', 'IDLE', 'IDLE', 'IDLE', 'PLACE'] picks=26 places=18 hand0=[-0.511, -0.046, 0.381] cup_xy0=[0.503, 0.002]
[close] e1 t=64 hand_z=0.157 dxy=0.021 stall=0.356
[close] e1 t=124 hand_z=0.157 dxy=0.022 stall=0.357
[s1] step=68400 stages=['IDLE', 'CLOSE', 'IDLE', 'IDLE', 'FAIL', 'FAIL', 'IDLE', 'PLACE'] picks=26 places=18 hand0=[0.553, -0.068, 0.607] cup_xy0=[0.503, 0.002]
[s1] acquire e0: vision=[0.501, 0.002] gt=[0.5, -0.0]
[close] e1 t=184 hand_z=0.157 dxy=0.022 stall=0.357
[s1] step=68500 stages=['ALIGN', 'CLOSE', 'IDLE', 'FAIL', 'IDLE', 'IDLE', 'FAIL', 'IDLE'] picks=26 places=18 hand0=[0.318, -0.073, 0.24] cup_xy0=[0.501, 0.002]
[s1] step=68600 stages=['ALIGN', 'IDLE', 'IDLE', 'IDLE', 'IDLE', 'IDLE', 'IDLE', 'DESCEND'] picks=26 places=18 hand0=[0.309, -0.073, 0.812] cup_xy0=[0.501, 0.002]
[s1] close-entry e7: hand=[0.505, -0.002, 0.191] cup_gt=[0.501, -0.002]
[close] e7 t=12 hand_z=0.167 dxy=0.007 stall=0.254
[close] e7 t=72 hand_z=0.160 dxy=0.005 stall=0.381
[s1] step=68700 stages=['ALIGN', 'ALIGN', 'IDLE', 'IDLE', 'IDLE', 'IDLE', 'IDLE', 'CLOSE'] picks=26 places=18 hand0=[-0.32, 0.115, 0.627] cup_xy0=[0.501, 0.002]
[close] e7 t=132 hand_z=0.160 dxy=0.005 stall=0.381
[s1] close-entry e1: hand=[0.498, -0.002, 0.183] cup_gt=[0.5, 0.0]
[s1] step=68800 stages=['ALIGN', 'CLOSE', 'IDLE', 'IDLE', 'IDLE', 'IDLE', 'IDLE', 'CLOSE'] picks=26 places=18 hand0=[0.419, 0.086, 0.652] cup_xy0=[0.501, 0.002]
[close] e1 t=36 hand_z=0.203 dxy=0.025 stall=0.416
[close] e1 t=96 hand_z=0.203 dxy=0.026 stall=0.417
[s1] step=68900 stages=['FAIL', 'CLOSE', 'IDLE', 'IDLE', 'IDLE', 'IDLE', 'FAIL', 'FAIL'] picks=26 places=18 hand0=[-0.207, 0.062, 0.531] cup_xy0=[0.501, 0.002]
[close] e1 t=156 hand_z=0.203 dxy=0.026 stall=0.417
[close] e1 t=216 hand_z=0.203 dxy=0.026 stall=0.417
[s1] step=69000 stages=['IDLE', 'CLOSE', 'FAIL', 'IDLE', 'IDLE', 'IDLE', 'IDLE', 'IDLE'] picks=26 places=18 hand0=[-0.048, -0.076, 0.178] cup_xy0=[0.501, 0.002]
[s1] step=69100 stages=['IDLE', 'IDLE', 'IDLE', 'IDLE', 'FAIL', 'FAIL', 'IDLE', 'IDLE'] picks=26 places=18 hand0=[-0.115, 0.127, 0.279] cup_xy0=[0.501, 0.002]
[s1] step=69200 stages=['IDLE', 'DESCEND', 'IDLE', 'FAIL', 'IDLE', 'IDLE', 'IDLE', 'IDLE'] picks=26 places=18 hand0=[0.508, -0.053, 0.642] cup_xy0=[0.501, 0.002]
[s1] close-entry e1: hand=[0.468, 0.016, 0.184] cup_gt=[0.5, 0.0]
[close] e1 t=6 hand_z=0.196 dxy=0.026 stall=0.242
[close] e1 t=66 hand_z=0.218 dxy=0.060 stall=0.407
[s1] step=69300 stages=['IDLE', 'CLOSE', 'IDLE', 'IDLE', 'IDLE', 'IDLE', 'IDLE', 'IDLE'] picks=26 places=18 hand0=[0.237, -0.041, 0.301] cup_xy0=[0.501, 0.002]
[close] e1 t=126 hand_z=0.218 dxy=0.062 stall=0.408
[s1] step=69400 stages=['IDLE', 'CLOSE', 'FAIL', 'IDLE', 'IDLE', 'IDLE', 'IDLE', 'IDLE'] picks=26 places=18 hand0=[-0.313, -0.088, 0.823] cup_xy0=[0.501, 0.002]
[close] e1 t=186 hand_z=0.218 dxy=0.062 stall=0.407
[s1] step=69500 stages=['IDLE', 'FAIL', 'IDLE', 'IDLE', 'FAIL', 'IDLE', 'IDLE', 'IDLE'] picks=26 places=18 hand0=[-0.126, 0.013, 0.393] cup_xy0=[0.501, 0.002]
[s1] step=69600 stages=['FAIL', 'ALIGN', 'IDLE', 'FAIL', 'IDLE', 'IDLE', 'FAIL', 'FAIL'] picks=26 places=18 hand0=[-0.446, -0.005, 0.604] cup_xy0=[0.501, 0.002]
[s1] close-entry e1: hand=[0.504, 0.004, 0.189] cup_gt=[0.495, -0.022]
[s1] step=69700 stages=['IDLE', 'CLOSE', 'IDLE', 'IDLE', 'IDLE', 'IDLE', 'IDLE', 'IDLE'] picks=26 places=18 hand0=[-0.032, 0.0, 0.171] cup_xy0=[0.501, 0.002]
[close] e1 t=32 hand_z=0.166 dxy=0.007 stall=0.407
[close] e1 t=92 hand_z=0.165 dxy=0.008 stall=0.425
[s1] step=69800 stages=['IDLE', 'CLOSE', 'IDLE', 'IDLE', 'IDLE', 'FAIL', 'IDLE', 'IDLE'] picks=26 places=18 hand0=[0.227, -0.053, 1.075] cup_xy0=[0.501, 0.002]
[close] e1 t=152 hand_z=0.165 dxy=0.008 stall=0.425
[close] e1 t=212 hand_z=0.165 dxy=0.008 stall=0.425
[s1] step=69900 stages=['IDLE', 'CLOSE', 'ALIGN', 'IDLE', 'IDLE', 'IDLE', 'IDLE', 'IDLE'] picks=26 places=18 hand0=[-0.244, 0.105, 0.393] cup_xy0=[0.501, 0.002]
[s1] step=70000 stages=['IDLE', 'IDLE', 'ALIGN', 'IDLE', 'IDLE', 'IDLE', 'FAIL', 'FAIL'] picks=26 places=18 hand0=[0.217, -0.013, 0.138] cup_xy0=[0.501, 0.002]
[s1] step=70100 stages=['IDLE', 'DESCEND', 'ALIGN', 'IDLE', 'IDLE', 'IDLE', 'IDLE', 'IDLE'] picks=26 places=18 hand0=[0.537, -0.005, 0.376] cup_xy0=[0.501, 0.002]
[s1] acquire e0: vision=[0.501, 0.002] gt=[0.5, 0.0]
[s1] close-entry e1: hand=[0.506, -0.004, 0.192] cup_gt=[0.497, -0.016]
[close] e1 t=50 hand_z=0.161 dxy=0.010 stall=0.376
[s1] step=70200 stages=['ALIGN', 'CLOSE', 'ALIGN', 'IDLE', 'FAIL', 'FAIL', 'IDLE', 'IDLE'] picks=26 places=18 hand0=[0.07, 0.041, 0.353] cup_xy0=[0.501, 0.002]
[close] e1 t=110 hand_z=0.161 dxy=0.010 stall=0.376
[s1] step=70300 stages=['ALIGN', 'CLOSE', 'FAIL', 'FAIL', 'IDLE', 'ALIGN', 'IDLE', 'IDLE'] picks=26 places=18 hand0=[-0.302, -0.034, 0.818] cup_xy0=[0.501, 0.002]
[close] e1 t=170 hand_z=0.160 dxy=0.010 stall=0.380
[close] e1 t=230 hand_z=0.160 dxy=0.009 stall=0.380
[s1] step=70400 stages=['ALIGN', 'FAIL', 'IDLE', 'IDLE', 'IDLE', 'ALIGN', 'IDLE', 'IDLE'] picks=26 places=18 hand0=[0.152, 0.088, 0.48] cup_xy0=[0.501, 0.002]
[s1] step=70500 stages=['ALIGN', 'IDLE', 'IDLE', 'IDLE', 'IDLE', 'ALIGN', 'IDLE', 'IDLE'] picks=26 places=18 hand0=[0.001, -0.034, 0.96] cup_xy0=[0.501, 0.002]
[s1] step=70600 stages=['IDLE', 'ALIGN', 'IDLE', 'IDLE', 'IDLE', 'ALIGN', 'IDLE', 'IDLE'] picks=26 places=18 hand0=[-0.439, 0.073, 0.988] cup_xy0=[0.501, 0.002]
[s1] acquire e0: vision=[0.502, 0.002] gt=[0.5, 0.0]
[s1] close-entry e1: hand=[0.503, 0.006, 0.188] cup_gt=[0.513, -0.039]
[close] e1 t=3 hand_z=0.191 dxy=0.045 stall=0.243
[s1] step=70700 stages=['ALIGN', 'CLOSE', 'IDLE', 'IDLE', 'IDLE', 'IDLE', 'FAIL', 'FAIL'] picks=26 places=18 hand0=[-0.047, -0.01, 0.903] cup_xy0=[0.502, 0.002]
[close] e1 t=63 hand_z=0.194 dxy=0.025 stall=0.396
[close] e1 t=123 hand_z=0.194 dxy=0.025 stall=0.396
[s1] step=70800 stages=['ALIGN', 'CLOSE', 'IDLE', 'IDLE', 'IDLE', 'IDLE', 'IDLE', 'IDLE'] picks=26 places=18 hand0=[-0.403, 0.122, 0.887] cup_xy0=[0.502, 0.002]
[close] e1 t=183 hand_z=0.194 dxy=0.025 stall=0.396
[s1] step=70900 stages=['ALIGN', 'CLOSE', 'IDLE', 'IDLE', 'FAIL', 'IDLE', 'IDLE', 'IDLE'] picks=26 places=18 hand0=[-0.299, 0.031, 0.922] cup_xy0=[0.502, 0.002]
[s1] step=71000 stages=['ALIGN', 'IDLE', 'FAIL', 'FAIL', 'IDLE', 'FAIL', 'IDLE', 'IDLE'] picks=26 places=18 hand0=[-0.024, -0.087, 0.237] cup_xy0=[0.502, 0.002]
[s1] step=71100 stages=['FAIL', 'DESCEND', 'IDLE', 'IDLE', 'IDLE', 'IDLE', 'IDLE', 'FAIL'] picks=26 places=18 hand0=[0.0, -0.017, 0.165] cup_xy0=[0.502, 0.002]
[s1] close-entry e1: hand=[0.501, -0.0, 0.191] cup_gt=[0.513, -0.024]
[s1] acquire e0: vision=[0.501, 0.001] gt=[0.5, 0.0]
[s1] step=71200 stages=['ALIGN', 'CLOSE', 'IDLE', 'IDLE', 'IDLE', 'IDLE', 'IDLE', 'IDLE'] picks=26 places=18 hand0=[0.254, -0.089, 0.289] cup_xy0=[0.501, 0.001]
[close] e1 t=34 hand_z=0.206 dxy=0.048 stall=0.392
[close] e1 t=94 hand_z=0.207 dxy=0.048 stall=0.416
[s1] step=71300 stages=['ALIGN', 'CLOSE', 'IDLE', 'IDLE', 'FAIL', 'IDLE', 'IDLE', 'IDLE'] picks=26 places=18 hand0=[-0.09, -0.003, 0.46] cup_xy0=[0.501, 0.001]
[close] e1 t=154 hand_z=0.207 dxy=0.049 stall=0.416
[close] e1 t=214 hand_z=0.207 dxy=0.049 stall=0.416
[s1] step=71400 stages=['ALIGN', 'CLOSE', 'FAIL', 'FAIL', 'IDLE', 'FAIL', 'FAIL', 'IDLE'] picks=26 places=18 hand0=[-0.098, -0.062, 1.128] cup_xy0=[0.501, 0.001]
[s1] step=71500 stages=['ALIGN', 'IDLE', 'IDLE', 'IDLE', 'IDLE', 'IDLE', 'IDLE', 'IDLE'] picks=26 places=18 hand0=[0.065, 0.009, 0.439] cup_xy0=[0.501, 0.001]
[s1] step=71600 stages=['FAIL', 'DESCEND', 'IDLE', 'IDLE', 'IDLE', 'IDLE', 'IDLE', 'IDLE'] picks=26 places=18 hand0=[0.302, -0.073, 0.863] cup_xy0=[0.501, 0.001]
[s1] close-entry e1: hand=[0.505, 0.005, 0.19] cup_gt=[0.499, -0.042]
[close] e1 t=42 hand_z=0.164 dxy=0.014 stall=0.359
[s1] step=71700 stages=['IDLE', 'CLOSE', 'IDLE', 'IDLE', 'IDLE', 'IDLE', 'IDLE', 'IDLE'] picks=26 places=18 hand0=[0.433, 0.01, 0.528] cup_xy0=[0.501, 0.001]
[close] e1 t=102 hand_z=0.162 dxy=0.014 stall=0.365
[s1] step=71800 stages=['IDLE', 'CLOSE', 'IDLE', 'IDLE', 'IDLE', 'IDLE', 'FAIL', 'FAIL'] picks=26 places=18 hand0=[-0.435, 0.017, 0.307] cup_xy0=[0.501, 0.001]
[close] e1 t=162 hand_z=0.162 dxy=0.014 stall=0.365
[close] e1 t=222 hand_z=0.162 dxy=0.014 stall=0.365
[s1] step=71900 stages=['IDLE', 'FAIL', 'IDLE', 'IDLE', 'IDLE', 'IDLE', 'IDLE', 'IDLE'] picks=26 places=18 hand0=[-0.256, -0.053, 0.807] cup_xy0=[0.501, 0.001]
[s1] step=72000 stages=['FAIL', 'ALIGN', 'IDLE', 'IDLE', 'FAIL', 'IDLE', 'IDLE', 'IDLE'] picks=26 places=18 hand0=[0.256, -0.003, 0.45] cup_xy0=[0.501, 0.001]
[s1] acquire e0: vision=[0.502, 0.002] gt=[0.5, 0.0]
[s1] step=72100 stages=['ALIGN', 'DESCEND', 'FAIL', 'FAIL', 'IDLE', 'FAIL', 'IDLE', 'IDLE'] picks=26 places=18 hand0=[0.146, 0.089, 0.939] cup_xy0=[0.502, 0.002]
[s1] close-entry e1: hand=[0.501, 0.008, 0.183] cup_gt=[0.497, -0.002]
[close] e1 t=44 hand_z=0.157 dxy=0.041 stall=0.358
[s1] step=72200 stages=['ALIGN', 'CLOSE', 'IDLE', 'IDLE', 'IDLE', 'IDLE', 'IDLE', 'IDLE'] picks=26 places=18 hand0=[0.246, 0.027, 0.312] cup_xy0=[0.502, 0.002]
[close] e1 t=104 hand_z=0.157 dxy=0.041 stall=0.358
[close] e1 t=164 hand_z=0.157 dxy=0.041 stall=0.358
[s1] step=72300 stages=['ALIGN', 'CLOSE', 'IDLE', 'IDLE', 'IDLE', 'IDLE', 'IDLE', 'IDLE'] picks=26 places=18 hand0=[-0.431, 0.012, 0.777] cup_xy0=[0.502, 0.002]
[close] e1 t=224 hand_z=0.157 dxy=0.041 stall=0.357
[s1] step=72400 stages=['ALIGN', 'FAIL', 'IDLE', 'IDLE', 'IDLE', 'IDLE', 'IDLE', 'IDLE'] picks=26 places=18 hand0=[0.326, -0.135, 0.968] cup_xy0=[0.502, 0.002]
[s1] step=72500 stages=['IDLE', 'IDLE', 'IDLE', 'FAIL', 'IDLE', 'IDLE', 'FAIL', 'FAIL'] picks=26 places=18 hand0=[0.313, -0.115, 0.939] cup_xy0=[0.502, 0.002]
[s1] step=72600 stages=['IDLE', 'ALIGN', 'IDLE', 'IDLE', 'IDLE', 'IDLE', 'IDLE', 'IDLE'] picks=26 places=18 hand0=[-0.521, 0.086, 0.891] cup_xy0=[0.502, 0.002]
[s1] step=72700 stages=['IDLE', 'DESCEND', 'IDLE', 'IDLE', 'FAIL', 'IDLE', 'IDLE', 'IDLE'] picks=26 places=18 hand0=[0.166, 0.082, 0.781] cup_xy0=[0.502, 0.002]
[s1] close-entry e1: hand=[0.464, -0.017, 0.186] cup_gt=[0.487, 0.03]
[close] e1 t=18 hand_z=0.205 dxy=0.071 stall=0.306
[close] e1 t=78 hand_z=0.208 dxy=0.076 stall=0.390
[s1] step=72800 stages=['FAIL', 'CLOSE', 'FAIL', 'IDLE', 'IDLE', 'FAIL', 'IDLE', 'IDLE'] picks=26 places=18 hand0=[0.434, -0.004, 0.769] cup_xy0=[0.502, 0.002]
[close] e1 t=138 hand_z=0.208 dxy=0.076 stall=0.390
[close] e1 t=198 hand_z=0.208 dxy=0.075 stall=0.390
[s1] step=72900 stages=['IDLE', 'CLOSE', 'IDLE', 'IDLE', 'IDLE', 'IDLE', 'IDLE', 'FAIL'] picks=26 places=18 hand0=[0.437, -0.013, 0.557] cup_xy0=[0.502, 0.002]
[s1] step=73000 stages=['IDLE', 'FAIL', 'IDLE', 'IDLE', 'IDLE', 'IDLE', 'IDLE', 'IDLE'] picks=26 places=18 hand0=[-0.079, 0.08, 1.142] cup_xy0=[0.502, 0.002]
[s1] step=73100 stages=['IDLE', 'ALIGN', 'IDLE', 'IDLE', 'FAIL', 'IDLE', 'IDLE', 'IDLE'] picks=26 places=18 hand0=[0.44, 0.107, 0.552] cup_xy0=[0.502, 0.002]
[s1] close-entry e1: hand=[0.468, 0.004, 0.19] cup_gt=[0.5, 0.0]
[close] e1 t=53 hand_z=0.157 dxy=0.050 stall=0.331
[s1] step=73200 stages=['FAIL', 'CLOSE', 'FAIL', 'FAIL', 'IDLE', 'FAIL', 'FAIL', 'IDLE'] picks=26 places=18 hand0=[0.444, 0.04, 0.822] cup_xy0=[0.502, 0.002]
[s1] acquire e0: vision=[0.505, 0.002] gt=[0.5, 0.0]
[close] e1 t=113 hand_z=0.157 dxy=0.050 stall=0.331
[s1] step=73300 stages=['ALIGN', 'CLOSE', 'IDLE', 'IDLE', 'IDLE', 'IDLE', 'IDLE', 'IDLE'] picks=26 places=18 hand0=[-0.197, 0.052, 0.721] cup_xy0=[0.505, 0.002]
[close] e1 t=173 hand_z=0.157 dxy=0.050 stall=0.331
[close] e1 t=233 hand_z=0.157 dxy=0.050 stall=0.331
[s1] step=73400 stages=['ALIGN', 'FAIL', 'IDLE', 'IDLE', 'IDLE', 'IDLE', 'IDLE', 'IDLE'] picks=26 places=18 hand0=[0.041, -0.029, 0.894] cup_xy0=[0.505, 0.002]
[s1] step=73500 stages=['ALIGN', 'ALIGN', 'IDLE', 'IDLE', 'IDLE', 'IDLE', 'IDLE', 'IDLE'] picks=26 places=18 hand0=[-0.084, 0.06, 0.288] cup_xy0=[0.505, 0.002]
[s1] step=73600 stages=['ALIGN', 'DESCEND', 'IDLE', 'IDLE', 'IDLE', 'IDLE', 'FAIL', 'FAIL'] picks=26 places=18 hand0=[0.228, 0.093, 0.261] cup_xy0=[0.505, 0.002]
[s1] close-entry e1: hand=[0.502, 0.004, 0.187] cup_gt=[0.498, -0.044]
[close] e1 t=5 hand_z=0.191 dxy=0.042 stall=0.255
[close] e1 t=65 hand_z=0.185 dxy=0.017 stall=0.412
[s1] step=73700 stages=['IDLE', 'CLOSE', 'IDLE', 'IDLE', 'IDLE', 'IDLE', 'IDLE', 'IDLE'] picks=26 places=18 hand0=[0.468, -0.093, 0.749] cup_xy0=[0.505, 0.002]
[close] e1 t=125 hand_z=0.185 dxy=0.017 stall=0.412
[close] e1 t=185 hand_z=0.185 dxy=0.017 stall=0.412
[s1] step=73800 stages=['IDLE', 'CLOSE', 'IDLE', 'IDLE', 'FAIL', 'IDLE', 'IDLE', 'IDLE'] picks=26 places=18 hand0=[-0.503, 0.13, 0.772] cup_xy0=[0.505, 0.002]
[s1] step=73900 stages=['IDLE', 'FAIL', 'FAIL', 'FAIL', 'IDLE', 'FAIL', 'IDLE', 'IDLE'] picks=26 places=18 hand0=[0.161, -0.102, 0.443] cup_xy0=[0.505, 0.002]
[s1] step=74000 stages=['FAIL', 'DESCEND', 'IDLE', 'IDLE', 'IDLE', 'IDLE', 'IDLE', 'IDLE'] picks=26 places=18 hand0=[-0.057, 0.065, 0.136] cup_xy0=[0.505, 0.002]
[s1] close-entry e1: hand=[0.503, 0.005, 0.191] cup_gt=[0.502, -0.003]
[close] e1 t=21 hand_z=0.187 dxy=0.015 stall=0.216
[s1] step=74100 stages=['IDLE', 'CLOSE', 'IDLE', 'IDLE', 'IDLE', 'IDLE', 'IDLE', 'IDLE'] picks=26 places=18 hand0=[-0.338, -0.005, 0.632] cup_xy0=[0.505, 0.002]
[s1] acquire e0: vision=[0.502, 0.002] gt=[0.5, 0.0]
[close] e1 t=81 hand_z=0.189 dxy=0.013 stall=0.276
[s1] step=74200 stages=['ALIGN', 'CLOSE', 'IDLE', 'IDLE', 'FAIL', 'IDLE', 'IDLE', 'IDLE'] picks=26 places=18 hand0=[-0.286, -0.04, 0.166] cup_xy0=[0.502, 0.002]
[close] e1 t=141 hand_z=0.189 dxy=0.013 stall=0.276
[close] e1 t=201 hand_z=0.189 dxy=0.013 stall=0.276
[s1] step=74300 stages=['ALIGN', 'CLOSE', 'FAIL', 'FAIL', 'IDLE', 'FAIL', 'FAIL', 'FAIL'] picks=26 places=18 hand0=[-0.223, 0.015, 1.148] cup_xy0=[0.502, 0.002]
[s1] step=74400 stages=['ALIGN', 'IDLE', 'IDLE', 'IDLE', 'IDLE', 'IDLE', 'IDLE', 'IDLE'] picks=26 places=18 hand0=[0.433, 0.097, 0.769] cup_xy0=[0.502, 0.002]
[s1] step=74500 stages=['ALIGN', 'DESCEND', 'IDLE', 'IDLE', 'IDLE', 'IDLE', 'IDLE', 'IDLE'] picks=26 places=18 hand0=[-0.405, 0.0, 0.795] cup_xy0=[0.502, 0.002]
[s1] close-entry e1: hand=[0.484, 0.022, 0.191] cup_gt=[0.47, 0.005]
[close] e1 t=24 hand_z=0.191 dxy=0.062 stall=0.359
[s1] step=74600 stages=['IDLE', 'CLOSE', 'IDLE', 'IDLE', 'IDLE', 'IDLE', 'IDLE', 'IDLE'] picks=26 places=18 hand0=[0.114, 0.0, 0.299] cup_xy0=[0.502, 0.002]
[close] e1 t=84 hand_z=0.187 dxy=0.104 stall=0.406
[close] e1 t=144 hand_z=0.187 dxy=0.107 stall=0.406
[s1] step=74700 stages=['IDLE', 'CLOSE', 'IDLE', 'IDLE', 'IDLE', 'IDLE', 'FAIL', 'FAIL'] picks=26 places=18 hand0=[-0.047, 0.037, 1.174] cup_xy0=[0.502, 0.002]
[close] e1 t=204 hand_z=0.187 dxy=0.108 stall=0.406
[s1] step=74800 stages=['IDLE', 'FAIL', 'IDLE', 'IDLE', 'IDLE', 'IDLE', 'IDLE', 'IDLE'] picks=26 places=18 hand0=[0.151, -0.062, 0.499] cup_xy0=[0.502, 0.002]
[s1] step=74900 stages=['FAIL', 'ALIGN', 'IDLE', 'IDLE', 'FAIL', 'IDLE', 'IDLE', 'IDLE'] picks=26 places=18 hand0=[-0.485, -0.0, 0.934] cup_xy0=[0.502, 0.002]
[s1] step=75000 stages=['IDLE', 'DESCEND', 'FAIL', 'FAIL', 'IDLE', 'FAIL', 'IDLE', 'IDLE'] picks=26 places=18 hand0=[-0.173, 0.094, 1.099] cup_xy0=[0.502, 0.002]
[s1] close-entry e1: hand=[0.504, 0.002, 0.191] cup_gt=[0.509, 0.049]
[close] e1 t=27 hand_z=0.181 dxy=0.009 stall=0.455
[s1] step=75100 stages=['IDLE', 'CLOSE', 'IDLE', 'IDLE', 'IDLE', 'IDLE', 'IDLE', 'IDLE'] picks=26 places=18 hand0=[0.407, -0.04, 1.059] cup_xy0=[0.502, 0.002]
[close] e1 t=87 hand_z=0.181 dxy=0.008 stall=0.495
[close] e1 t=147 hand_z=0.181 dxy=0.008 stall=0.495
[s1] step=75200 stages=['IDLE', 'CLOSE', 'IDLE', 'IDLE', 'IDLE', 'IDLE', 'IDLE', 'IDLE'] picks=26 places=18 hand0=[0.261, -0.099, 0.996] cup_xy0=[0.502, 0.002]
[close] e1 t=207 hand_z=0.181 dxy=0.008 stall=0.495
[s1] grasp-geom e1: hand-cup_xy=0.008 cup_gt=[0.493, 0.066, 0.02] vision_xy=[0.502, 0.002]
[s1] GRASP (drive stall) envs [1] stall=[0.495]
[lift] e1 t=6 cup_z=0.020 hand_z=0.182 stall=0.477
[lift] e1 t=26 cup_z=0.020 hand_z=0.194 stall=0.801
[s1] step=75300 stages=['FAIL', 'LIFT', 'IDLE', 'IDLE', 'IDLE', 'IDLE', 'IDLE', 'IDLE'] picks=26 places=18 hand0=[-0.347, 0.094, 0.931] cup_xy0=[0.502, 0.002]
[s1] acquire e0: vision=[0.502, 0.002] gt=[0.5, 0.0]
[lift] e1 t=46 cup_z=0.020 hand_z=0.254 stall=0.801
[lift] e1 t=66 cup_z=0.020 hand_z=0.309 stall=0.801
[lift] e1 t=86 cup_z=0.020 hand_z=0.336 stall=0.801
[lift] e1 t=106 cup_z=0.020 hand_z=0.345 stall=0.801
[lift] e1 t=126 cup_z=0.020 hand_z=0.348 stall=0.801
[s1] step=75400 stages=['ALIGN', 'LIFT', 'IDLE', 'IDLE', 'IDLE', 'IDLE', 'FAIL', 'FAIL'] picks=26 places=18 hand0=[0.376, -0.005, 0.382] cup_xy0=[0.502, 0.002]
[lift] e1 t=146 cup_z=0.020 hand_z=0.350 stall=0.801
[lift] e1 t=166 cup_z=0.020 hand_z=0.350 stall=0.801
[lift] e1 t=186 cup_z=0.020 hand_z=0.350 stall=0.801
[lift] e1 t=206 cup_z=0.020 hand_z=0.350 stall=0.801
[lift] e1 t=226 cup_z=0.020 hand_z=0.350 stall=0.801
[s1] step=75500 stages=['ALIGN', 'LIFT', 'IDLE', 'IDLE', 'IDLE', 'IDLE', 'IDLE', 'IDLE'] picks=26 places=18 hand0=[0.083, -0.113, 0.993] cup_xy0=[0.502, 0.002]
[lift] e1 t=246 cup_z=0.020 hand_z=0.350 stall=0.801
[lift] e1 t=266 cup_z=0.020 hand_z=0.350 stall=0.801
[lift] e1 t=286 cup_z=0.020 hand_z=0.350 stall=0.801
[lift] e1 t=306 cup_z=0.020 hand_z=0.350 stall=0.801
[lift] e1 t=326 cup_z=0.020 hand_z=0.350 stall=0.801
[s1] step=75600 stages=['ALIGN', 'LIFT', 'IDLE', 'IDLE', 'FAIL', 'IDLE', 'IDLE', 'IDLE'] picks=26 places=18 hand0=[0.198, 0.034, 0.211] cup_xy0=[0.502, 0.002]
[lift] e1 t=346 cup_z=0.020 hand_z=0.350 stall=0.801
[lift] e1 t=366 cup_z=0.020 hand_z=0.350 stall=0.801
[lift] e1 t=386 cup_z=0.020 hand_z=0.350 stall=0.801
[s1] step=75700 stages=['ALIGN', 'FAIL', 'FAIL', 'FAIL', 'IDLE', 'FAIL', 'IDLE', 'IDLE'] picks=26 places=18 hand0=[-0.101, 0.0, 0.826] cup_xy0=[0.502, 0.002]
[s1] step=75800 stages=['IDLE', 'ALIGN', 'IDLE', 'IDLE', 'IDLE', 'IDLE', 'IDLE', 'FAIL'] picks=26 places=18 hand0=[0.259, -0.0, 0.814] cup_xy0=[0.502, 0.002]
[s1] step=75900 stages=['IDLE', 'DESCEND', 'ALIGN', 'ALIGN', 'IDLE', 'IDLE', 'IDLE', 'IDLE'] picks=26 places=18 hand0=[-0.47, -0.122, 0.407] cup_xy0=[0.502, 0.002]
[s1] acquire e0: vision=[0.501, 0.002] gt=[0.5, -0.0]
[s1] close-entry e1: hand=[0.501, -0.003, 0.185] cup_gt=[0.53, -0.034]
[close] e1 t=19 hand_z=0.154 dxy=0.093 stall=0.223
[s1] step=76000 stages=['ALIGN', 'CLOSE', 'ALIGN', 'ALIGN', 'FAIL', 'IDLE', 'IDLE', 'IDLE'] picks=26 places=18 hand0=[-0.084, -0.011, 0.911] cup_xy0=[0.501, 0.002]
[close] e1 t=79 hand_z=0.149 dxy=0.109 stall=0.095
[close] e1 t=139 hand_z=0.161 dxy=0.111 stall=0.759
[s1] step=76100 stages=['ALIGN', 'CLOSE', 'DESCEND', 'ALIGN', 'IDLE', 'FAIL', 'FAIL', 'IDLE'] picks=26 places=18 hand0=[-0.387, 0.026, 0.58] cup_xy0=[0.501, 0.002]
[close] e1 t=199 hand_z=0.148 dxy=0.105 stall=0.063
[s1] step=76200 stages=['ALIGN', 'FAIL', 'DESCEND', 'ALIGN', 'IDLE', 'IDLE', 'IDLE', 'IDLE'] picks=26 places=18 hand0=[-0.09, 0.12, 1.068] cup_xy0=[0.501, 0.002]
[s1] step=76300 stages=['ALIGN', 'ALIGN', 'DESCEND', 'IDLE', 'IDLE', 'IDLE', 'IDLE', 'IDLE'] picks=26 places=18 hand0=[0.048, -0.113, 0.218] cup_xy0=[0.501, 0.002]
[s1] close-entry e1: hand=[0.496, 0.005, 0.182] cup_gt=[0.517, 0.047]
[s1] step=76400 stages=['IDLE', 'CLOSE', 'DESCEND', 'IDLE', 'IDLE', 'IDLE', 'IDLE', 'IDLE'] picks=26 places=18 hand0=[0.281, 0.113, 0.356] cup_xy0=[0.501, 0.002]
[close] e1 t=46 hand_z=0.207 dxy=0.132 stall=0.396
[s1] acquire e0: vision=[0.501, 0.003] gt=[0.5, 0.0]
[close] e1 t=106 hand_z=0.208 dxy=0.144 stall=0.398
[s1] step=76500 stages=['ALIGN', 'CLOSE', 'IDLE', 'IDLE', 'IDLE', 'IDLE', 'FAIL', 'FAIL'] picks=26 places=18 hand0=[0.353, -0.073, 0.238] cup_xy0=[0.501, 0.003]
[close] e1 t=166 hand_z=0.208 dxy=0.146 stall=0.398
[s1] step=76600 stages=['ALIGN', 'CLOSE', 'IDLE', 'FAIL', 'IDLE', 'ALIGN', 'IDLE', 'IDLE'] picks=26 places=18 hand0=[0.058, -0.113, 0.182] cup_xy0=[0.501, 0.003]
[close] e1 t=226 hand_z=0.208 dxy=0.146 stall=0.398
[s1] step=76700 stages=['ALIGN', 'IDLE', 'IDLE', 'IDLE', 'FAIL', 'ALIGN', 'IDLE', 'IDLE'] picks=26 places=18 hand0=[-0.294, 0.047, 0.957] cup_xy0=[0.501, 0.003]
[s1] step=76800 stages=['ALIGN', 'DESCEND', 'FAIL', 'IDLE', 'IDLE', 'ALIGN', 'IDLE', 'IDLE'] picks=26 places=18 hand0=[-0.363, -0.086, 0.705] cup_xy0=[0.501, 0.003]
[s1] close-entry e1: hand=[0.5, -0.003, 0.186] cup_gt=[0.506, -0.047]
[close] e1 t=21 hand_z=0.169 dxy=0.070 stall=0.346
[s1] step=76900 stages=['FAIL', 'CLOSE', 'IDLE', 'IDLE', 'IDLE', 'ALIGN', 'IDLE', 'IDLE'] picks=26 places=18 hand0=[-0.171, -0.013, 0.594] cup_xy0=[0.501, 0.003]
[close] e1 t=81 hand_z=0.163 dxy=0.089 stall=0.399
[close] e1 t=141 hand_z=0.163 dxy=0.089 stall=0.399
[s1] step=77000 stages=['IDLE', 'CLOSE', 'IDLE', 'IDLE', 'IDLE', 'FAIL', 'IDLE', 'IDLE'] picks=26 places=18 hand0=[-0.595, 0.065, 0.672] cup_xy0=[0.501, 0.003]
[close] e1 t=201 hand_z=0.163 dxy=0.089 stall=0.399
[s1] step=77100 stages=['IDLE', 'FAIL', 'IDLE', 'IDLE', 'FAIL', 'IDLE', 'IDLE', 'IDLE'] picks=26 places=18 hand0=[0.052, 0.12, 0.314] cup_xy0=[0.501, 0.003]
[s1] step=77200 stages=['IDLE', 'ALIGN', 'FAIL', 'IDLE', 'IDLE', 'IDLE', 'FAIL', 'FAIL'] picks=26 places=18 hand0=[-0.598, -0.0, 0.58] cup_xy0=[0.501, 0.003]
[s1] acquire e0: vision=[0.501, 0.002] gt=[0.5, 0.0]
[s1] step=77300 stages=['ALIGN', 'DESCEND', 'IDLE', 'FAIL', 'IDLE', 'IDLE', 'IDLE', 'IDLE'] picks=26 places=18 hand0=[-0.302, -0.094, 0.829] cup_xy0=[0.501, 0.002]
[s1] close-entry e1: hand=[0.501, 0.009, 0.19] cup_gt=[0.491, 0.021]
[close] e1 t=36 hand_z=0.160 dxy=0.012 stall=0.416
[close] e1 t=96 hand_z=0.159 dxy=0.010 stall=0.414
[s1] step=77400 stages=['ALIGN', 'CLOSE', 'IDLE', 'IDLE', 'IDLE', 'IDLE', 'IDLE', 'IDLE'] picks=26 places=18 hand0=[0.446, -0.115, 0.488] cup_xy0=[0.501, 0.002]
[close] e1 t=156 hand_z=0.159 dxy=0.010 stall=0.414
[s1] step=77500 stages=['ALIGN', 'CLOSE', 'ALIGN', 'IDLE', 'IDLE', 'IDLE', 'IDLE', 'IDLE'] picks=26 places=18 hand0=[-0.246, 0.04, 0.438] cup_xy0=[0.501, 0.002]
[close] e1 t=216 hand_z=0.159 dxy=0.010 stall=0.414
[s1] step=77600 stages=['ALIGN', 'FAIL', 'ALIGN', 'IDLE', 'IDLE', 'IDLE', 'FAIL', 'FAIL'] picks=26 places=18 hand0=[-0.253, 0.093, 0.41] cup_xy0=[0.501, 0.002]
[s1] step=77700 stages=['IDLE', 'ALIGN', 'ALIGN', 'FAIL', 'IDLE', 'FAIL', 'IDLE', 'IDLE'] picks=26 places=18 hand0=[0.042, 0.009, 0.368] cup_xy0=[0.501, 0.002]
[s1] acquire e0: vision=[0.508, 0.001] gt=[0.5, -0.0]
[s1] step=77800 stages=['ALIGN', 'DESCEND', 'ALIGN', 'IDLE', 'FAIL', 'IDLE', 'IDLE', 'IDLE'] picks=26 places=18 hand0=[0.072, 0.046, 1.171] cup_xy0=[0.508, 0.001]
[s1] step=77900 stages=['ALIGN', 'DESCEND', 'IDLE', 'IDLE', 'IDLE', 'IDLE', 'IDLE', 'IDLE'] picks=26 places=18 hand0=[-0.218, -0.132, 0.361] cup_xy0=[0.508, 0.001]
[s1] close-entry e1: hand=[0.483, -0.002, 0.183] cup_gt=[0.477, -0.004]
[close] e1 t=36 hand_z=0.202 dxy=0.078 stall=0.425
[close] e1 t=96 hand_z=0.203 dxy=0.098 stall=0.434
[s1] step=78000 stages=['ALIGN', 'CLOSE', 'IDLE', 'IDLE', 'IDLE', 'IDLE', 'IDLE', 'IDLE'] picks=26 places=18 hand0=[0.593, -0.04, 0.771] cup_xy0=[0.508, 0.001]
[close] e1 t=156 hand_z=0.203 dxy=0.101 stall=0.434
[s1] step=78100 stages=['ALIGN', 'CLOSE', 'IDLE', 'IDLE', 'IDLE', 'FAIL', 'IDLE', 'IDLE'] picks=26 places=18 hand0=[0.103, 0.064, 0.935] cup_xy0=[0.508, 0.001]
[close] e1 t=216 hand_z=0.203 dxy=0.101 stall=0.434
[s1] step=78200 stages=['FAIL', 'FAIL', 'FAIL', 'IDLE', 'IDLE', 'IDLE', 'IDLE', 'IDLE'] picks=26 places=18 hand0=[-0.021, -0.105, 0.314] cup_xy0=[0.508, 0.001]
[s1] step=78300 stages=['IDLE', 'ALIGN', 'IDLE', 'IDLE', 'IDLE', 'IDLE', 'FAIL', 'FAIL'] picks=26 places=18 hand0=[-0.17, 0.134, 0.924] cup_xy0=[0.508, 0.001]
[s1] step=78400 stages=['IDLE', 'DESCEND', 'IDLE', 'FAIL', 'IDLE', 'IDLE', 'IDLE', 'IDLE'] picks=26 places=18 hand0=[-0.337, 0.012, 0.185] cup_xy0=[0.508, 0.001]
[s1] close-entry e1: hand=[0.471, -0.025, 0.192] cup_gt=[0.5, 0.001]
[close] e1 t=56 hand_z=0.176 dxy=0.043 stall=0.398
[s1] step=78500 stages=['IDLE', 'CLOSE', 'ALIGN', 'IDLE', 'FAIL', 'IDLE', 'IDLE', 'IDLE'] picks=26 places=18 hand0=[-0.373, -0.072, 0.96] cup_xy0=[0.508, 0.001]
[close] e1 t=116 hand_z=0.176 dxy=0.043 stall=0.398
[close] e1 t=176 hand_z=0.176 dxy=0.043 stall=0.398
[s1] step=78600 stages=['IDLE', 'CLOSE', 'ALIGN', 'IDLE', 'IDLE', 'IDLE', 'IDLE', 'IDLE'] picks=26 places=18 hand0=[-0.416, 0.121, 0.341] cup_xy0=[0.508, 0.001]
[close] e1 t=236 hand_z=0.176 dxy=0.043 stall=0.398
[s1] step=78700 stages=['IDLE', 'FAIL', 'ALIGN', 'IDLE', 'IDLE', 'IDLE', 'IDLE', 'FAIL'] picks=26 places=18 hand0=[-0.423, -0.086, 0.37] cup_xy0=[0.508, 0.001]
[s1] acquire e0: vision=[0.489, -0.002] gt=[0.5, 0.0]
[s1] step=78800 stages=['ALIGN', 'ALIGN', 'ALIGN', 'IDLE', 'IDLE', 'FAIL', 'IDLE', 'IDLE'] picks=26 places=18 hand0=[-0.385, -0.01, 0.421] cup_xy0=[0.489, -0.002]
[s1] step=78900 stages=['ALIGN', 'DESCEND', 'FAIL', 'IDLE', 'FAIL', 'IDLE', 'IDLE', 'IDLE'] picks=26 places=18 hand0=[-0.174, -0.063, 0.28] cup_xy0=[0.489, -0.002]
[s1] close-entry e1: hand=[0.484, 0.01, 0.184] cup_gt=[0.474, 0.01]
[close] e1 t=14 hand_z=0.214 dxy=0.003 stall=0.471
[s1] step=79000 stages=['ALIGN', 'CLOSE', 'ALIGN', 'IDLE', 'IDLE', 'IDLE', 'FAIL', 'IDLE'] picks=26 places=18 hand0=[0.348, -0.132, 0.593] cup_xy0=[0.489, -0.002]
[close] e1 t=74 hand_z=0.228 dxy=0.011 stall=0.492
[close] e1 t=134 hand_z=0.228 dxy=0.011 stall=0.492
[s1] step=79100 stages=['ALIGN', 'CLOSE', 'ALIGN', 'FAIL', 'IDLE', 'IDLE', 'IDLE', 'IDLE'] picks=26 places=18 hand0=[-0.165, 0.104, 0.822] cup_xy0=[0.489, -0.002]
[close] e1 t=194 hand_z=0.228 dxy=0.011 stall=0.492
[s1] grasp-geom e1: hand-cup_xy=0.011 cup_gt=[0.519, -0.025, 0.082] vision_xy=[0.486, 0.008]
[s1] GRASP (drive stall) envs [1] stall=[0.492]
[lift] e1 t=13 cup_z=0.082 hand_z=0.229 stall=0.493
[s1] step=79200 stages=['IDLE', 'LIFT', 'ALIGN', 'IDLE', 'IDLE', 'IDLE', 'IDLE', 'IDLE'] picks=26 places=18 hand0=[-0.006, -0.027, 0.255] cup_xy0=[0.489, -0.002]
[s1] acquire e0: vision=[0.5, 0.001] gt=[0.5, 0.0]
[s1] LIFTED envs [1] (physical, friction-held)
[s1] step=79300 stages=['ALIGN', 'CARRY', 'ALIGN', 'IDLE', 'IDLE', 'IDLE', 'IDLE', 'IDLE'] picks=27 places=18 hand0=[-0.255, 0.084, 1.01] cup_xy0=[0.5, 0.001]
[s1] step=79400 stages=['ALIGN', 'PLACE', 'DESCEND', 'IDLE', 'IDLE', 'IDLE', 'FAIL', 'FAIL'] picks=27 places=18 hand0=[-0.284, 0.013, 0.16] cup_xy0=[0.5, 0.001]
[s1] step=79500 stages=['ALIGN', 'PLACE', 'DESCEND', 'FAIL', 'IDLE', 'FAIL', 'IDLE', 'IDLE'] picks=27 places=18 hand0=[-0.31, 0.008, 0.533] cup_xy0=[0.5, 0.001]
[s1] step=79600 stages=['ALIGN', 'RELEASE', 'DESCEND', 'IDLE', 'FAIL', 'IDLE', 'IDLE', 'IDLE'] picks=27 places=18 hand0=[-0.279, 0.017, 0.824] cup_xy0=[0.5, 0.001]
[s1] PLACED envs [1] (full physical pick-move-place)
[rec] episode 19/40 saved (len=413, env=1)
[s1] step=79700 stages=['IDLE', 'IDLE', 'DESCEND', 'IDLE', 'IDLE', 'IDLE', 'IDLE', 'IDLE'] picks=27 places=19 hand0=[-0.348, 0.001, 1.104] cup_xy0=[0.5, 0.001]
[s1] step=79800 stages=['IDLE', 'DESCEND', 'FAIL', 'IDLE', 'IDLE', 'IDLE', 'IDLE', 'IDLE'] picks=27 places=19 hand0=[0.073, -0.0, 0.446] cup_xy0=[0.5, 0.001]
[s1] step=79900 stages=['IDLE', 'DESCEND', 'IDLE', 'IDLE', 'IDLE', 'FAIL', 'IDLE', 'IDLE'] picks=27 places=19 hand0=[-0.518, -0.091, 0.54] cup_xy0=[0.5, 0.001]
[s1] close-entry e1: hand=[0.485, -0.012, 0.188] cup_gt=[0.527, 0.003]
[close] e1 t=8 hand_z=0.170 dxy=0.059 stall=0.559
[close] e1 t=68 hand_z=0.162 dxy=0.065 stall=0.781
[s1] step=80000 stages=['FAIL', 'CLOSE', 'IDLE', 'IDLE', 'IDLE', 'IDLE', 'IDLE', 'IDLE'] picks=27 places=19 hand0=[-0.268, 0.055, 0.904] cup_xy0=[0.5, 0.001]
[close] e1 t=128 hand_z=0.162 dxy=0.065 stall=0.781
[close] e1 t=188 hand_z=0.162 dxy=0.065 stall=0.781
[s1] step=80100 stages=['IDLE', 'CLOSE', 'IDLE', 'IDLE', 'IDLE', 'IDLE', 'FAIL', 'FAIL'] picks=27 places=19 hand0=[-0.108, 0.077, 1.131] cup_xy0=[0.5, 0.001]
[s1] step=80200 stages=['IDLE', 'FAIL', 'IDLE', 'FAIL', 'IDLE', 'IDLE', 'IDLE', 'IDLE'] picks=27 places=19 hand0=[-0.479, 0.1, 0.676] cup_xy0=[0.5, 0.001]
[s1] acquire e0: vision=[0.501, 0.002] gt=[0.5, 0.0]
[s1] step=80300 stages=['ALIGN', 'ALIGN', 'IDLE', 'IDLE', 'IDLE', 'IDLE', 'IDLE', 'IDLE'] picks=27 places=19 hand0=[0.41, -0.097, 0.361] cup_xy0=[0.501, 0.002]
[s1] step=80400 stages=['ALIGN', 'DESCEND', 'IDLE', 'IDLE', 'IDLE', 'IDLE', 'IDLE', 'IDLE'] picks=27 places=19 hand0=[-0.011, -0.009, 0.895] cup_xy0=[0.501, 0.002]
[s1] close-entry e1: hand=[0.498, 0.009, 0.182] cup_gt=[0.47, -0.019]
[close] e1 t=60 hand_z=0.184 dxy=0.072 stall=0.799
[s1] step=80500 stages=['ALIGN', 'CLOSE', 'FAIL', 'IDLE', 'IDLE', 'IDLE', 'IDLE', 'FAIL'] picks=27 places=19 hand0=[-0.109, -0.012, 0.158] cup_xy0=[0.501, 0.002]
[close] e1 t=120 hand_z=0.184 dxy=0.079 stall=0.799
[close] e1 t=180 hand_z=0.184 dxy=0.080 stall=0.799
[s1] step=80600 stages=['ALIGN', 'CLOSE', 'IDLE', 'FAIL', 'IDLE', 'FAIL', 'IDLE', 'IDLE'] picks=27 places=19 hand0=[-0.166, 0.086, 0.387] cup_xy0=[0.501, 0.002]
[close] e1 t=240 hand_z=0.184 dxy=0.080 stall=0.799
[s1] step=80700 stages=['IDLE', 'FAIL', 'IDLE', 'IDLE', 'FAIL', 'IDLE', 'IDLE', 'IDLE'] picks=27 places=19 hand0=[0.274, -0.001, 0.819] cup_xy0=[0.501, 0.002]
[s1] step=80800 stages=['IDLE', 'DESCEND', 'IDLE', 'IDLE', 'IDLE', 'IDLE', 'FAIL', 'IDLE'] picks=27 places=19 hand0=[0.406, -0.04, 0.833] cup_xy0=[0.501, 0.002]
[s1] close-entry e1: hand=[0.491, 0.003, 0.185] cup_gt=[0.502, -0.021]
[close] e1 t=3 hand_z=0.185 dxy=0.021 stall=0.633
[s1] step=80900 stages=['IDLE', 'CLOSE', 'IDLE', 'IDLE', 'IDLE', 'IDLE', 'IDLE', 'IDLE'] picks=27 places=19 hand0=[-0.063, -0.069, 0.177] cup_xy0=[0.501, 0.002]
[close] e1 t=63 hand_z=0.171 dxy=0.091 stall=0.799
[close] e1 t=123 hand_z=0.171 dxy=0.097 stall=0.799
[s1] step=81000 stages=['IDLE', 'CLOSE', 'IDLE', 'IDLE', 'IDLE', 'FAIL', 'IDLE', 'IDLE'] picks=27 places=19 hand0=[0.287, 0.061, 0.905] cup_xy0=[0.501, 0.002]
[close] e1 t=183 hand_z=0.171 dxy=0.098 stall=0.799
[s1] step=81100 stages=['IDLE', 'CLOSE', 'IDLE', 'IDLE', 'IDLE', 'IDLE', 'IDLE', 'ALIGN'] picks=27 places=19 hand0=[0.381, -0.04, 1.077] cup_xy0=[0.501, 0.002]
[s1] step=81200 stages=['IDLE', 'IDLE', 'FAIL', 'IDLE', 'IDLE', 'IDLE', 'FAIL', 'ALIGN'] picks=27 places=19 hand0=[-0.188, 0.041, 0.707] cup_xy0=[0.501, 0.002]
[s1] step=81300 stages=['IDLE', 'DESCEND', 'IDLE', 'FAIL', 'IDLE', 'IDLE', 'IDLE', 'ALIGN'] picks=27 places=19 hand0=[0.409, -0.086, 0.548] cup_xy0=[0.501, 0.002]
[s1] close-entry e1: hand=[0.498, 0.006, 0.183] cup_gt=[0.494, -0.02]
[close] e1 t=1 hand_z=0.183 dxy=0.026 stall=0.589
[s1] step=81400 stages=['FAIL', 'CLOSE', 'IDLE', 'IDLE', 'FAIL', 'IDLE', 'IDLE', 'ALIGN'] picks=27 places=19 hand0=[-0.318, 0.132, 1.008] cup_xy0=[0.501, 0.002]
[close] e1 t=61 hand_z=0.175 dxy=0.012 stall=0.493
[close] e1 t=121 hand_z=0.175 dxy=0.012 stall=0.494
[s1] step=81500 stages=['IDLE', 'CLOSE', 'IDLE', 'IDLE', 'IDLE', 'IDLE', 'IDLE', 'FAIL'] picks=27 places=19 hand0=[-0.009, -0.028, 0.403] cup_xy0=[0.501, 0.002]
[close] e1 t=181 hand_z=0.175 dxy=0.012 stall=0.493
[close] e1 t=241 hand_z=0.175 dxy=0.012 stall=0.494
[s1] step=81600 stages=['IDLE', 'CLOSE', 'FAIL', 'IDLE', 'IDLE', 'IDLE', 'IDLE', 'IDLE'] picks=27 places=19 hand0=[-0.128, -0.026, 0.376] cup_xy0=[0.501, 0.002]
[s1] grasp-geom e1: hand-cup_xy=0.012 cup_gt=[0.478, -0.055, 0.02] vision_xy=[0.501, 0.002]
[s1] GRASP (drive stall) envs [1] stall=[0.494]
[lift] e1 t=20 cup_z=0.024 hand_z=0.176 stall=0.497
[lift] e1 t=40 cup_z=0.075 hand_z=0.228 stall=0.498
[s1] LIFTED envs [1] (physical, friction-held)
[s1] step=81700 stages=['IDLE', 'PLACE', 'IDLE', 'IDLE', 'IDLE', 'FAIL', 'IDLE', 'IDLE'] picks=28 places=19 hand0=[0.015, -0.046, 0.933] cup_xy0=[0.501, 0.002]
[s1] step=81800 stages=['IDLE', 'RELEASE', 'IDLE', 'IDLE', 'FAIL', 'IDLE', 'IDLE', 'IDLE'] picks=28 places=19 hand0=[-0.176, 0.03, 0.741] cup_xy0=[0.501, 0.002]
[s1] PLACED envs [1] (full physical pick-move-place)
[rec] episode 20/40 saved (len=297, env=1)
[s1] acquire e0: vision=[0.501, 0.002] gt=[0.5, 0.0]
[s1] step=81900 stages=['ALIGN', 'IDLE', 'ALIGN', 'IDLE', 'IDLE', 'IDLE', 'FAIL', 'FAIL'] picks=28 places=20 hand0=[0.251, 0.13, 1.053] cup_xy0=[0.501, 0.002]
[s1] step=82000 stages=['ALIGN', 'ALIGN', 'ALIGN', 'FAIL', 'IDLE', 'IDLE', 'IDLE', 'IDLE'] picks=28 places=20 hand0=[0.071, 0.118, 0.248] cup_xy0=[0.501, 0.002]
[s1] step=82100 stages=['ALIGN', 'DESCEND', 'ALIGN', 'IDLE', 'IDLE', 'IDLE', 'IDLE', 'IDLE'] picks=28 places=20 hand0=[-0.216, 0.099, 0.89] cup_xy0=[0.501, 0.002]
[s1] close-entry e1: hand=[0.5, -0.002, 0.183] cup_gt=[0.54, 0.019]
[close] e1 t=43 hand_z=0.199 dxy=0.182 stall=0.800
[s1] step=82200 stages=['DESCEND', 'CLOSE', 'ALIGN', 'IDLE', 'IDLE', 'IDLE', 'IDLE', 'IDLE'] picks=28 places=20 hand0=[0.501, 0.002, 0.343] cup_xy0=[0.501, 0.002]
[close] e1 t=103 hand_z=0.200 dxy=0.223 stall=0.800
[s1] step=82300 stages=['DESCEND', 'CLOSE', 'IDLE', 'IDLE', 'IDLE', 'IDLE', 'FAIL', 'IDLE'] picks=28 places=20 hand0=[-0.058, 0.002, 1.05] cup_xy0=[0.501, 0.002]
[close] e1 t=163 hand_z=0.200 dxy=0.228 stall=0.800
[close] e1 t=223 hand_z=0.200 dxy=0.229 stall=0.800
[s1] step=82400 stages=['DESCEND', 'FAIL', 'ALIGN', 'FAIL', 'IDLE', 'FAIL', 'IDLE', 'IDLE'] picks=28 places=20 hand0=[-0.201, -0.033, 0.172] cup_xy0=[0.501, 0.002]
[s1] step=82500 stages=['DESCEND', 'ALIGN', 'ALIGN', 'IDLE', 'FAIL', 'IDLE', 'IDLE', 'IDLE'] picks=28 places=20 hand0=[-0.292, -0.062, 0.998] cup_xy0=[0.501, 0.002]
[s1] step=82600 stages=['DESCEND', 'DESCEND', 'ALIGN', 'IDLE', 'IDLE', 'IDLE', 'IDLE', 'FAIL'] picks=28 places=20 hand0=[-0.523, -0.037, 0.935] cup_xy0=[0.501, 0.002]
[s1] close-entry e1: hand=[0.501, 0.006, 0.188] cup_gt=[0.499, -0.026]
[close] e1 t=8 hand_z=0.196 dxy=0.024 stall=0.594
[close] e1 t=68 hand_z=0.201 dxy=0.018 stall=0.802
[s1] step=82700 stages=['IDLE', 'CLOSE', 'ALIGN', 'IDLE', 'IDLE', 'IDLE', 'IDLE', 'IDLE'] picks=28 places=20 hand0=[-0.333, -0.062, 0.749] cup_xy0=[0.501, 0.002]
[close] e1 t=128 hand_z=0.201 dxy=0.021 stall=0.802
[close] e1 t=188 hand_z=0.201 dxy=0.021 stall=0.802
[s1] step=82800 stages=['IDLE', 'CLOSE', 'IDLE', 'IDLE', 'IDLE', 'FAIL', 'IDLE', 'IDLE'] picks=28 places=20 hand0=[0.593, -0.009, 0.79] cup_xy0=[0.501, 0.002]
[s1] step=82900 stages=['IDLE', 'FAIL', 'IDLE', 'IDLE', 'IDLE', 'IDLE', 'IDLE', 'IDLE'] picks=28 places=20 hand0=[0.213, -0.077, 1.079] cup_xy0=[0.501, 0.002]
[s1] step=83000 stages=['FAIL', 'ALIGN', 'IDLE', 'IDLE', 'IDLE', 'IDLE', 'FAIL', 'FAIL'] picks=28 places=20 hand0=[-0.402, -0.01, 0.229] cup_xy0=[0.501, 0.002]
[s1] step=83100 stages=['IDLE', 'DESCEND', 'ALIGN', 'FAIL', 'IDLE', 'IDLE', 'IDLE', 'IDLE'] picks=28 places=20 hand0=[0.419, -0.021, 0.24] cup_xy0=[0.501, 0.002]
[s1] close-entry e1: hand=[0.505, 0.008, 0.19] cup_gt=[0.519, -0.025]
[s1] acquire e0: vision=[0.501, 0.002] gt=[0.5, 0.0]
[close] e1 t=53 hand_z=0.223 dxy=0.052 stall=0.800
[s1] step=83200 stages=['ALIGN', 'CLOSE', 'ALIGN', 'IDLE', 'FAIL', 'IDLE', 'IDLE', 'IDLE'] picks=28 places=20 hand0=[0.162, 0.063, 1.097] cup_xy0=[0.501, 0.002]
[close] e1 t=113 hand_z=0.224 dxy=0.060 stall=0.800
[close] e1 t=173 hand_z=0.225 dxy=0.060 stall=0.800
[s1] step=83300 stages=['ALIGN', 'CLOSE', 'ALIGN', 'IDLE', 'IDLE', 'IDLE', 'IDLE', 'IDLE'] picks=28 places=20 hand0=[0.547, 0.094, 0.493] cup_xy0=[0.501, 0.002]
[close] e1 t=233 hand_z=0.225 dxy=0.060 stall=0.800
[s1] step=83400 stages=['ALIGN', 'FAIL', 'ALIGN', 'IDLE', 'IDLE', 'IDLE', 'IDLE', 'IDLE'] picks=28 places=20 hand0=[-0.265, -0.016, 0.798] cup_xy0=[0.501, 0.002]
[s1] step=83500 stages=['ALIGN', 'ALIGN', 'IDLE', 'FAIL', 'IDLE', 'FAIL', 'IDLE', 'IDLE'] picks=28 places=20 hand0=[0.169, 0.051, 0.841] cup_xy0=[0.501, 0.002]
[s1] step=83600 stages=['IDLE', 'DESCEND', 'IDLE', 'IDLE', 'FAIL', 'IDLE', 'IDLE', 'IDLE'] picks=28 places=20 hand0=[-0.052, -0.058, 0.366] cup_xy0=[0.501, 0.002]
[s1] close-entry e1: hand=[0.502, -0.004, 0.186] cup_gt=[0.496, 0.004]
[close] e1 t=31 hand_z=0.140 dxy=0.299 stall=-0.311
[close] e1 t=91 hand_z=0.119 dxy=0.472 stall=0.309
[s1] step=83700 stages=['IDLE', 'CLOSE', 'IDLE', 'IDLE', 'IDLE', 'IDLE', 'FAIL', 'FAIL'] picks=28 places=20 hand0=[0.105, -0.099, 1.03] cup_xy0=[0.501, 0.002]
[close] e1 t=151 hand_z=0.116 dxy=0.501 stall=-0.013
[s1] step=83800 stages=['IDLE', 'CLOSE', 'FAIL', 'IDLE', 'IDLE', 'IDLE', 'IDLE', 'IDLE'] picks=28 places=20 hand0=[0.075, -0.121, 0.933] cup_xy0=[0.501, 0.002]
[close] e1 t=211 hand_z=0.116 dxy=0.505 stall=-0.008
[s1] step=83900 stages=['FAIL', 'FAIL', 'IDLE', 'IDLE', 'IDLE', 'FAIL', 'IDLE', 'IDLE'] picks=28 places=20 hand0=[-0.163, 0.013, 0.569] cup_xy0=[0.501, 0.002]
[s1] step=84000 stages=['IDLE', 'ALIGN', 'IDLE', 'IDLE', 'IDLE', 'IDLE', 'IDLE', 'IDLE'] picks=28 places=20 hand0=[-0.13, 0.105, 0.179] cup_xy0=[0.501, 0.002]
[s1] step=84100 stages=['IDLE', 'DESCEND', 'IDLE', 'IDLE', 'IDLE', 'IDLE', 'FAIL', 'IDLE'] picks=28 places=20 hand0=[-0.272, 0.016, 0.445] cup_xy0=[0.501, 0.002]
[s1] close-entry e1: hand=[0.437, 0.03, 0.182] cup_gt=[0.439, 0.033]
[close] e1 t=20 hand_z=0.212 dxy=0.014 stall=0.469
[close] e1 t=80 hand_z=0.219 dxy=0.017 stall=0.495
[s1] step=84200 stages=['IDLE', 'CLOSE', 'FAIL', 'FAIL', 'IDLE', 'IDLE', 'IDLE', 'IDLE'] picks=28 places=20 hand0=[0.076, 0.025, 0.386] cup_xy0=[0.501, 0.002]
[close] e1 t=140 hand_z=0.219 dxy=0.017 stall=0.495
[close] e1 t=200 hand_z=0.219 dxy=0.017 stall=0.495
[s1] step=84300 stages=['FAIL', 'CLOSE', 'IDLE', 'IDLE', 'FAIL', 'IDLE', 'IDLE', 'IDLE'] picks=28 places=20 hand0=[-0.39, 0.029, 0.667] cup_xy0=[0.501, 0.002]
[s1] grasp-geom e1: hand-cup_xy=0.017 cup_gt=[0.48, 0.035, 0.067] vision_xy=[0.44, 0.033]
[s1] GRASP (drive stall) envs [1] stall=[0.495]
[lift] e1 t=19 cup_z=0.069 hand_z=0.222 stall=0.497
[s1] LIFTED envs [1] (physical, friction-held)
[s1] acquire e0: vision=[0.479, 0.006] gt=[0.5, 0.0]
[s1] step=84400 stages=['ALIGN', 'CARRY', 'IDLE', 'IDLE', 'IDLE', 'IDLE', 'IDLE', 'FAIL'] picks=29 places=20 hand0=[0.417, 0.014, 0.477] cup_xy0=[0.479, 0.006]
[s1] step=84500 stages=['ALIGN', 'RELEASE', 'IDLE', 'IDLE', 'IDLE', 'IDLE', 'IDLE', 'IDLE'] picks=29 places=20 hand0=[-0.36, -0.069, 0.395] cup_xy0=[0.479, 0.006]
[s1] PLACED envs [1] (full physical pick-move-place)
[rec] episode 21/40 saved (len=289, env=1)
[s1] step=84600 stages=['ALIGN', 'DONE', 'IDLE', 'IDLE', 'IDLE', 'FAIL', 'IDLE', 'IDLE'] picks=29 places=21 hand0=[-0.157, -0.04, 0.396] cup_xy0=[0.479, 0.006]
[s1] step=84700 stages=['ALIGN', 'ALIGN', 'IDLE', 'IDLE', 'FAIL', 'IDLE', 'IDLE', 'IDLE'] picks=29 places=21 hand0=[-0.351, -0.05, 0.539] cup_xy0=[0.479, 0.006]
[s1] close-entry e1: hand=[0.499, -0.006, 0.184] cup_gt=[0.519, -0.002]
[close] e1 t=34 hand_z=0.212 dxy=0.029 stall=0.792
[s1] step=84800 stages=['ALIGN', 'CLOSE', 'IDLE', 'IDLE', 'IDLE', 'IDLE', 'FAIL', 'FAIL'] picks=29 places=21 hand0=[-0.186, -0.039, 0.889] cup_xy0=[0.479, 0.006]
[close] e1 t=94 hand_z=0.215 dxy=0.022 stall=0.798
[close] e1 t=154 hand_z=0.215 dxy=0.023 stall=0.798
[s1] step=84900 stages=['IDLE', 'CLOSE', 'FAIL', 'FAIL', 'IDLE', 'IDLE', 'IDLE', 'IDLE'] picks=29 places=21 hand0=[-0.357, -0.042, 0.933] cup_xy0=[0.479, 0.006]
[close] e1 t=214 hand_z=0.215 dxy=0.023 stall=0.798
[s1] step=85000 stages=['IDLE', 'FAIL', 'IDLE', 'IDLE', 'IDLE', 'IDLE', 'IDLE', 'IDLE'] picks=29 places=21 hand0=[-0.198, -0.038, 1.126] cup_xy0=[0.479, 0.006]
[s1] acquire e0: vision=[0.501, 0.005] gt=[0.5, 0.0]
[s1] step=85100 stages=['ALIGN', 'ALIGN', 'IDLE', 'IDLE', 'IDLE', 'IDLE', 'IDLE', 'IDLE'] picks=29 places=21 hand0=[0.014, -0.061, 1.162] cup_xy0=[0.501, 0.005]
[s1] step=85200 stages=['ALIGN', 'DESCEND', 'IDLE', 'IDLE', 'IDLE', 'IDLE', 'FAIL', 'IDLE'] picks=29 places=21 hand0=[0.223, 0.028, 0.412] cup_xy0=[0.501, 0.005]
[s1] close-entry e1: hand=[0.499, -0.004, 0.185] cup_gt=[0.51, -0.046]
[close] e1 t=15 hand_z=0.167 dxy=0.067 stall=0.641
[s1] step=85300 stages=['ALIGN', 'CLOSE', 'FAIL', 'FAIL', 'IDLE', 'FAIL', 'IDLE', 'IDLE'] picks=29 places=21 hand0=[0.157, -0.036, 0.134] cup_xy0=[0.501, 0.005]
[close] e1 t=75 hand_z=0.161 dxy=0.098 stall=0.724
[close] e1 t=135 hand_z=0.161 dxy=0.099 stall=0.724
[s1] step=85400 stages=['ALIGN', 'CLOSE', 'IDLE', 'IDLE', 'FAIL', 'IDLE', 'IDLE', 'IDLE'] picks=29 places=21 hand0=[-0.306, 0.024, 0.486] cup_xy0=[0.501, 0.005]
[close] e1 t=195 hand_z=0.161 dxy=0.099 stall=0.724
[s1] step=85500 stages=['FAIL', 'FAIL', 'IDLE', 'IDLE', 'IDLE', 'IDLE', 'IDLE', 'FAIL'] picks=29 places=21 hand0=[0.596, -0.054, 0.666] cup_xy0=[0.501, 0.005]
[s1] step=85600 stages=['IDLE', 'IDLE', 'IDLE', 'IDLE', 'IDLE', 'IDLE', 'IDLE', 'IDLE'] picks=29 places=21 hand0=[0.427, -0.034, 0.755] cup_xy0=[0.501, 0.005]
[s1] close-entry e1: hand=[0.507, -0.001, 0.191] cup_gt=[0.499, -0.01]
[s1] step=85700 stages=['IDLE', 'CLOSE', 'IDLE', 'IDLE', 'IDLE', 'FAIL', 'IDLE', 'IDLE'] picks=29 places=21 hand0=[0.27, -0.004, 0.776] cup_xy0=[0.501, 0.005]
[close] e1 t=42 hand_z=0.158 dxy=0.009 stall=0.375
[s1] acquire e0: vision=[0.501, 0.001] gt=[0.5, 0.0]
[close] e1 t=102 hand_z=0.158 dxy=0.010 stall=0.375
[s1] step=85800 stages=['ALIGN', 'CLOSE', 'IDLE', 'IDLE', 'IDLE', 'IDLE', 'IDLE', 'IDLE'] picks=29 places=21 hand0=[0.341, 0.052, 0.61] cup_xy0=[0.501, 0.001]
[close] e1 t=162 hand_z=0.158 dxy=0.010 stall=0.375
[s1] step=85900 stages=['ALIGN', 'CLOSE', 'IDLE', 'IDLE', 'IDLE', 'IDLE', 'FAIL', 'IDLE'] picks=29 places=21 hand0=[-0.367, -0.046, 0.68] cup_xy0=[0.501, 0.001]
[close] e1 t=222 hand_z=0.158 dxy=0.010 stall=0.375
[s1] step=86000 stages=['ALIGN', 'FAIL', 'FAIL', 'FAIL', 'IDLE', 'IDLE', 'IDLE', 'IDLE'] picks=29 places=21 hand0=[0.28, 0.09, 0.447] cup_xy0=[0.501, 0.001]
[s1] step=86100 stages=['ALIGN', 'ALIGN', 'IDLE', 'IDLE', 'FAIL', 'IDLE', 'IDLE', 'IDLE'] picks=29 places=21 hand0=[0.095, 0.032, 0.441] cup_xy0=[0.501, 0.001]
[s1] step=86200 stages=['FAIL', 'DESCEND', 'IDLE', 'IDLE', 'IDLE', 'IDLE', 'IDLE', 'FAIL'] picks=29 places=21 hand0=[0.083, -0.108, 0.279] cup_xy0=[0.501, 0.001]
[s1] close-entry e1: hand=[0.504, 0.007, 0.191] cup_gt=[0.5, 0.0]
[close] e1 t=49 hand_z=0.166 dxy=0.016 stall=0.389
[s1] step=86300 stages=['IDLE', 'CLOSE', 'IDLE', 'IDLE', 'IDLE', 'IDLE', 'IDLE', 'IDLE'] picks=29 places=21 hand0=[-0.552, 0.007, 0.427] cup_xy0=[0.501, 0.001]
[close] e1 t=109 hand_z=0.166 dxy=0.016 stall=0.388
[s1] acquire e0: vision=[0.503, 0.012] gt=[0.5, 0.0]
[close] e1 t=169 hand_z=0.166 dxy=0.016 stall=0.388
[s1] step=86400 stages=['ALIGN', 'CLOSE', 'ALIGN', 'IDLE', 'IDLE', 'FAIL', 'IDLE', 'IDLE'] picks=29 places=21 hand0=[0.298, 0.05, 0.313] cup_xy0=[0.503, 0.012]
[close] e1 t=229 hand_z=0.166 dxy=0.016 stall=0.388
[s1] step=86500 stages=['ALIGN', 'FAIL', 'ALIGN', 'IDLE', 'FAIL', 'IDLE', 'IDLE', 'IDLE'] picks=29 places=21 hand0=[0.088, 0.089, 0.968] cup_xy0=[0.503, 0.012]
[s1] step=86600 stages=['ALIGN', 'IDLE', 'ALIGN', 'IDLE', 'IDLE', 'IDLE', 'FAIL', 'FAIL'] picks=29 places=21 hand0=[0.172, 0.055, 0.209] cup_xy0=[0.503, 0.012]
[s1] step=86700 stages=['ALIGN', 'ALIGN', 'ALIGN', 'FAIL', 'IDLE', 'IDLE', 'IDLE', 'IDLE'] picks=29 places=21 hand0=[0.315, 0.104, 0.396] cup_xy0=[0.503, 0.012]
[s1] step=86800 stages=['FAIL', 'ALIGN', 'IDLE', 'IDLE', 'IDLE', 'IDLE', 'IDLE', 'IDLE'] picks=29 places=21 hand0=[0.488, -0.076, 0.776] cup_xy0=[0.503, 0.012]
[s1] step=86900 stages=['IDLE', 'ALIGN', 'IDLE', 'IDLE', 'IDLE', 'IDLE', 'IDLE', 'IDLE'] picks=29 places=21 hand0=[0.004, 0.024, 0.163] cup_xy0=[0.503, 0.012]
[s1] step=87000 stages=['IDLE', 'ALIGN', 'IDLE', 'IDLE', 'IDLE', 'IDLE', 'FAIL', 'IDLE'] picks=29 places=21 hand0=[0.16, -0.037, 1.002] cup_xy0=[0.503, 0.012]
[s1] step=87100 stages=['IDLE', 'IDLE', 'FAIL', 'FAIL', 'IDLE', 'FAIL', 'IDLE', 'IDLE'] picks=29 places=21 hand0=[-0.309, -0.077, 0.896] cup_xy0=[0.503, 0.012]
[s1] step=87200 stages=['IDLE', 'DESCEND', 'IDLE', 'IDLE', 'FAIL', 'IDLE', 'IDLE', 'IDLE'] picks=29 places=21 hand0=[-0.296, -0.138, 0.306] cup_xy0=[0.503, 0.012]
[s1] close-entry e1: hand=[0.504, -0.006, 0.19] cup_gt=[0.501, -0.021]
[close] e1 t=34 hand_z=0.160 dxy=0.022 stall=0.372
[s1] step=87300 stages=['IDLE', 'CLOSE', 'IDLE', 'IDLE', 'IDLE', 'IDLE', 'IDLE', 'FAIL'] picks=29 places=21 hand0=[-0.393, -0.073, 0.323] cup_xy0=[0.503, 0.012]
[close] e1 t=94 hand_z=0.159 dxy=0.022 stall=0.373
[s1] step=87400 stages=['IDLE', 'CLOSE', 'IDLE', 'IDLE', 'IDLE', 'IDLE', 'IDLE', 'IDLE'] picks=29 places=21 hand0=[0.41, -0.096, 0.308] cup_xy0=[0.503, 0.012]
[close] e1 t=154 hand_z=0.159 dxy=0.022 stall=0.373
[close] e1 t=214 hand_z=0.159 dxy=0.022 stall=0.373
[s1] step=87500 stages=['FAIL', 'CLOSE', 'IDLE', 'IDLE', 'IDLE', 'FAIL', 'IDLE', 'IDLE'] picks=29 places=21 hand0=[-0.409, 0.033, 0.962] cup_xy0=[0.503, 0.012]
[s1] step=87600 stages=['IDLE', 'IDLE', 'IDLE', 'IDLE', 'FAIL', 'IDLE', 'IDLE', 'IDLE'] picks=29 places=21 hand0=[0.456, 0.037, 0.639] cup_xy0=[0.503, 0.012]
[s1] step=87700 stages=['IDLE', 'DESCEND', 'IDLE', 'IDLE', 'IDLE', 'IDLE', 'FAIL', 'FAIL'] picks=29 places=21 hand0=[0.359, -0.096, 0.565] cup_xy0=[0.503, 0.012]
[s1] close-entry e1: hand=[0.502, 0.009, 0.191] cup_gt=[0.494, -0.007]
[close] e1 t=43 hand_z=0.164 dxy=0.025 stall=0.415
[s1] step=87800 stages=['IDLE', 'CLOSE', 'FAIL', 'FAIL', 'IDLE', 'IDLE', 'IDLE', 'IDLE'] picks=29 places=21 hand0=[0.262, -0.063, 0.265] cup_xy0=[0.503, 0.012]
[close] e1 t=103 hand_z=0.163 dxy=0.025 stall=0.415
[close] e1 t=163 hand_z=0.163 dxy=0.025 stall=0.415
[s1] step=87900 stages=['FAIL', 'CLOSE', 'IDLE', 'IDLE', 'IDLE', 'IDLE', 'IDLE', 'IDLE'] picks=29 places=21 hand0=[-0.144, 0.017, 0.134] cup_xy0=[0.503, 0.012]
[close] e1 t=223 hand_z=0.163 dxy=0.025 stall=0.415
[s1] step=88000 stages=['IDLE', 'FAIL', 'IDLE', 'IDLE', 'IDLE', 'ALIGN', 'IDLE', 'IDLE'] picks=29 places=21 hand0=[-0.133, -0.026, 0.924] cup_xy0=[0.503, 0.012]
[s1] step=88100 stages=['IDLE', 'ALIGN', 'IDLE', 'IDLE', 'IDLE', 'ALIGN', 'FAIL', 'IDLE'] picks=29 places=21 hand0=[0.603, -0.034, 0.716] cup_xy0=[0.503, 0.012]
[s1] step=88200 stages=['IDLE', 'DESCEND', 'FAIL', 'FAIL', 'IDLE', 'ALIGN', 'IDLE', 'IDLE'] picks=29 places=21 hand0=[0.396, -0.081, 0.529] cup_xy0=[0.503, 0.012]
[s1] close-entry e1: hand=[0.504, 0.008, 0.189] cup_gt=[0.503, 0.011]
[close] e1 t=48 hand_z=0.216 dxy=0.015 stall=0.499
[s1] step=88300 stages=['IDLE', 'CLOSE', 'IDLE', 'IDLE', 'FAIL', 'ALIGN', 'IDLE', 'IDLE'] picks=29 places=21 hand0=[0.194, -0.12, 0.818] cup_xy0=[0.503, 0.012]
[close] e1 t=108 hand_z=0.216 dxy=0.015 stall=0.499
[close] e1 t=168 hand_z=0.216 dxy=0.015 stall=0.499
[s1] step=88400 stages=['IDLE', 'CLOSE', 'ALIGN', 'IDLE', 'IDLE', 'FAIL', 'IDLE', 'FAIL'] picks=29 places=21 hand0=[0.312, -0.007, 0.762] cup_xy0=[0.503, 0.012]
[close] e1 t=228 hand_z=0.216 dxy=0.015 stall=0.499
[s1] grasp-geom e1: hand-cup_xy=0.015 cup_gt=[0.525, -0.043, 0.068] vision_xy=[0.502, 0.002]
[s1] GRASP (drive stall) envs [1] stall=[0.499]
[lift] e1 t=7 cup_z=0.068 hand_z=0.217 stall=0.499
[lift] e1 t=27 cup_z=0.085 hand_z=0.233 stall=0.501
[s1] LIFTED envs [1] (physical, friction-held)
[s1] step=88500 stages=['IDLE', 'CARRY', 'ALIGN', 'IDLE', 'IDLE', 'IDLE', 'IDLE', 'IDLE'] picks=30 places=21 hand0=[-0.155, -0.127, 0.935] cup_xy0=[0.503, 0.012]
[s1] step=88600 stages=['FAIL', 'RELEASE', 'ALIGN', 'IDLE', 'IDLE', 'IDLE', 'IDLE', 'IDLE'] picks=30 places=21 hand0=[0.473, 0.09, 0.483] cup_xy0=[0.503, 0.012]
[s1] PLACED envs [1] (full physical pick-move-place)
[rec] episode 22/40 saved (len=295, env=1)
[s1] step=88700 stages=['IDLE', 'DONE', 'ALIGN', 'IDLE', 'IDLE', 'IDLE', 'IDLE', 'IDLE'] picks=30 places=22 hand0=[0.352, 0.086, 0.56] cup_xy0=[0.503, 0.012]
[s1] step=88800 stages=['IDLE', 'IDLE', 'IDLE', 'IDLE', 'IDLE', 'FAIL', 'FAIL', 'IDLE'] picks=30 places=22 hand0=[0.047, 0.064, 0.381] cup_xy0=[0.503, 0.012]
[s1] step=88900 stages=['IDLE', 'ALIGN', 'IDLE', 'FAIL', 'IDLE', 'IDLE', 'IDLE', 'IDLE'] picks=30 places=22 hand0=[-0.174, -0.03, 0.673] cup_xy0=[0.503, 0.012]
[s1] close-entry e1: hand=[0.473, -0.022, 0.191] cup_gt=[0.497, -0.002]
[close] e1 t=23 hand_z=0.145 dxy=0.072 stall=-0.120
[s1] step=89000 stages=['IDLE', 'CLOSE', 'IDLE', 'IDLE', 'FAIL', 'IDLE', 'IDLE', 'IDLE'] picks=30 places=22 hand0=[-0.295, 0.125, 0.452] cup_xy0=[0.503, 0.012]
[close] e1 t=83 hand_z=0.141 dxy=0.087 stall=-0.061
[close] e1 t=143 hand_z=0.143 dxy=0.079 stall=-0.099
[s1] step=89100 stages=['IDLE', 'CLOSE', 'FAIL', 'IDLE', 'IDLE', 'IDLE', 'IDLE', 'FAIL'] picks=30 places=22 hand0=[0.588, -0.071, 0.585] cup_xy0=[0.503, 0.012]
[close] e1 t=203 hand_z=0.143 dxy=0.079 stall=-0.064
[s1] step=89200 stages=['IDLE', 'FAIL', 'IDLE', 'IDLE', 'IDLE', 'IDLE', 'IDLE', 'IDLE'] picks=30 places=22 hand0=[-0.506, -0.012, 0.967] cup_xy0=[0.503, 0.012]
[s1] step=89300 stages=['FAIL', 'IDLE', 'IDLE', 'IDLE', 'IDLE', 'IDLE', 'IDLE', 'IDLE'] picks=30 places=22 hand0=[-0.196, -0.024, 0.199] cup_xy0=[0.503, 0.012]
[s1] step=89400 stages=['IDLE', 'DESCEND', 'IDLE', 'IDLE', 'FAIL', 'IDLE', 'IDLE', 'IDLE'] picks=30 places=22 hand0=[-0.265, -0.082, 0.47] cup_xy0=[0.503, 0.012]
[s1] acquire e0: vision=[0.503, 0.002] gt=[0.5, 0.0]
[s1] close-entry e1: hand=[0.479, -0.001, 0.189] cup_gt=[0.497, -0.01]
[s1] step=89500 stages=['ALIGN', 'CLOSE', 'FAIL', 'IDLE', 'IDLE', 'FAIL', 'FAIL', 'FAIL'] picks=30 places=22 hand0=[-0.343, -0.127, 0.671] cup_xy0=[0.503, 0.002]
[close] e1 t=51 hand_z=0.165 dxy=0.033 stall=0.402
[close] e1 t=111 hand_z=0.165 dxy=0.038 stall=0.402
[s1] step=89600 stages=['ALIGN', 'CLOSE', 'IDLE', 'FAIL', 'IDLE', 'IDLE', 'IDLE', 'IDLE'] picks=30 places=22 hand0=[0.428, -0.04, 0.765] cup_xy0=[0.503, 0.002]
[close] e1 t=171 hand_z=0.165 dxy=0.038 stall=0.402
[close] e1 t=231 hand_z=0.165 dxy=0.038 stall=0.402
[s1] step=89700 stages=['ALIGN', 'CLOSE', 'IDLE', 'IDLE', 'IDLE', 'IDLE', 'IDLE', 'IDLE'] picks=30 places=22 hand0=[-0.184, -0.095, 0.375] cup_xy0=[0.503, 0.002]
[s1] step=89800 stages=['ALIGN', 'IDLE', 'ALIGN', 'IDLE', 'IDLE', 'IDLE', 'IDLE', 'IDLE'] picks=30 places=22 hand0=[0.283, -0.107, 0.215] cup_xy0=[0.503, 0.002]
[s1] step=89900 stages=['FAIL', 'DESCEND', 'ALIGN', 'IDLE', 'IDLE', 'IDLE', 'FAIL', 'IDLE'] picks=30 places=22 hand0=[-0.464, 0.138, 0.751] cup_xy0=[0.503, 0.002]
[s1] close-entry e1: hand=[0.502, -0.004, 0.189] cup_gt=[0.495, 0.016]
[s1] ======== RESULT: 30 physical picks, 22 physical pick-move-places ========
2026-07-31T05:35:05Z [6,404ms] [Warning] [isaaclab.envs.manager_based_env] Seed not set for the environment. The environment creation may not be deterministic.
2026-07-31T05:35:07Z [8,016ms] [Warning] [omni.fabric.plugin] getAttributeCount called on non-existent path /World/envs/env_7/Robot/Robotiq_2F_85_edit/Robotiq_2F_85/right_outer_knuckle/visuals/Defeatured_2F_85_PAD_OPEN_Finger1step_01
2026-07-31T05:35:07Z [8,016ms] [Warning] [omni.fabric.plugin] getTypes called on non-existent path /World/envs/env_7/Robot/Robotiq_2F_85_edit/Robotiq_2F_85/right_outer_knuckle/visuals/Defeatured_2F_85_PAD_OPEN_Finger1step_01
2026-07-31T05:35:08Z [9,632ms] [Warning] [carb] Client gpu.foundation.plugin has acquired [gpu::unstable::IMemoryBudgetManagerFactory v0.1] 100 times. Consider accessing this interface with carb::getCachedInterface() (Performance warning)
2026-07-31T06:38:54Z [3,835,825ms] [Error] [omni.syntheticdata.plugin] OgnSdOnNewFrame : frames [212675|30, 212675|30] discarded
