Loading user config located at: '/home/oedeh/.venv/isaacsim5/lib/python3.11/site-packages/isaacsim/kit/data/Kit/Isaac-Sim/5.1/user.config.json'
[Info] [carb] Logging to file: /home/oedeh/.venv/isaacsim5/lib/python3.11/site-packages/isaacsim/kit/logs/Kit/Isaac-Sim/5.1/kit_20260730_221611.log
2026-07-31T03:16:11Z [4ms] [Warning] [omni.ext.plugin] [ext: isaaclab_newton] Extensions config 'extension.toml' doesn't exist '/home/oedeh/IsaacLab/source/isaaclab_newton' or '/home/oedeh/IsaacLab/source/isaaclab_newton/config'
2026-07-31T03:16:11Z [4ms] [Warning] [omni.ext.plugin] [ext: isaaclab_physx] Extensions config 'extension.toml' doesn't exist '/home/oedeh/IsaacLab/source/isaaclab_physx' or '/home/oedeh/IsaacLab/source/isaaclab_physx/config'
2026-07-31T03:16:11Z [4ms] [Warning] [omni.ext.plugin] [ext: isaaclab_ppisp] Extensions config 'extension.toml' doesn't exist '/home/oedeh/IsaacLab/source/isaaclab_ppisp' or '/home/oedeh/IsaacLab/source/isaaclab_ppisp/config'

|---------------------------------------------------------------------------------------------|
| Driver Version: 580.173.02    | Graphics API: Vulkan
|=============================================================================================|
| GPU | Name                             | Active | LDA | GPU Memory | Vendor-ID | LUID       |
|     |                                  |        |     |            | Device-ID | UUID       |
|     |                                  |        |     |            | Bus-ID    |            |
|---------------------------------------------------------------------------------------------|
| 0   | NVIDIA GeForce RTX 5090          | Yes: 0 |     | 32607   MB | 10de      | 0          |
|     |                                  |        |     |            | 2b85      | d9b11bde.. |
|     |                                  |        |     |            | 2         |            |
|=============================================================================================|
| OS: 24.04.4 LTS (Noble Numbat) ubuntu, Version: 24.04.4, Kernel: 6.17.0-22-generic
| XServer Vendor: The X.Org Foundation, XServer Version: 12101011 (1.21.1.11)
| Processor: Intel(R) Core(TM) Ultra 9 285K
| Cores: 24 | Logical Cores: 24
|---------------------------------------------------------------------------------------------|
| Total Memory (MB): 31668 | Free Memory: 25931
| Total Page/Swap (MB): 8191 | Free Page/Swap: 6461
|---------------------------------------------------------------------------------------------|
2026-07-31T03:16:12Z [749ms] [Warning] [gpu.foundation.plugin] CPU performance profile is set to powersave. This profile sets the CPU to the lowest frequency reducing performance.
2026-07-31T03:16:12Z [757ms] [Warning] [gpu.foundation.plugin] PCIe link width current (8) and maximum (16) for device 0 don't match.
2026-07-31T03:16:13Z [2,405ms] [Warning] [omni.log] Source: omni.hydra was already registered.
2026-07-31T03:16:13Z [2,489ms] [Warning] [carb] Acquiring non optional plugin interface which is not listed as dependency: [omni::physx::IPhysxBenchmarks v1.0] (plugin: <default plugin>), by client: omni.physics.physx.plugin. Add it to CARB_PLUGIN_IMPL_DEPS() macro of a client.
2026-07-31T03:16:13Z [2,605ms] [Warning] [omni.isaac.dynamic_control] omni.isaac.dynamic_control is deprecated as of Isaac Sim 4.5. No action is needed from end-users.
2026-07-31T03:16:15Z [3,865ms] [Warning] [pxr.Semantics] pxr.Semantics is deprecated - please use Semantics instead
2026-07-31T03:16:15Z [3,925ms] [Warning] [omni.graph.core.plugin] Found duplicate of category 'Replicator' - was 'Annotators', adding 'Fabric Reader'
2026-07-31T03:16:15Z [3,925ms] [Warning] [omni.graph.core.plugin] Category 'Replicator' not accepted on node type 'omni.replicator.core.FabricReader' in extension 'omni.replicator.core'
2026-07-31T03:16:15Z [3,926ms] [Warning] [omni.replicator.core.scripts.extension] No material configuration file, adding configuration to material settings directly.
2026-07-31T03:16:17Z [6,298ms] [Warning] [omni.fabric.plugin] Warning: attribute viewportHandle not found for bucket id 7

[INFO][AppLauncher]: Using device: cuda:0
[INFO][AppLauncher]: Loading experience file: /home/oedeh/IsaacLab/apps/isaaclab.python.headless.rendering.kit

[36m======================================================================================[0m
[36m[1m[INFO][IsaacLab]: Logging to file: /tmp/isaaclab/logs/isaaclab_2026-07-30_22-16-18.log[0m
[36m======================================================================================[0m

[33m22:16:18 [simulation_context.py] WARNING: The `enable_external_forces_every_iteration` parameter in the PhysxCfg is set to False. If you are experiencing noisy velocities, consider enabling this flag. You may need to slightly increase the number of velocity iterations (setting it to 1 or 2 rather than 0), together with this flag, to improve the accuracy of velocity updates.[0m
[INFO]: Base environment:
	Environment device    : cuda:0
	Environment seed      : None
	Physics step-size     : 0.008333333333333333
	Rendering step-size   : 0.008333333333333333
	Environment step-size : 0.016666666666666666
[33m22:16:18 [manager_based_env.py] WARNING: The render interval (1) is smaller than the decimation (2). Multiple render calls will happen for each environment step. If this is not intended, set the render interval to be equal to the decimation.[0m
[INFO]: Time taken for scene creation : 1.070240 seconds
[INFO]: Scene manager:  <class InteractiveScene>
	Number of environments: 8
	Environment spacing   : 2.5
	Source prim name      : /World/envs/env_0
	Global prim paths     : []
	Replicate physics     : True
[INFO]: Starting the simulation. This may take a few seconds. Please wait...
[INFO]: Time taken for simulation start : 1.385003 seconds
[INFO] Event Manager:  <EventManager> contains 1 active terms.
+-------------------------------------+
| Active Event Terms in Mode: 'reset' |
+--------+----------------------------+
| Index  | Name                       |
+--------+----------------------------+
|   0    | reset_scene_to_default     |
+--------+----------------------------+

[INFO] Recorder Manager:  <RecorderManager> contains 0 active terms.
+---------------------+
| Active Recorder Terms |
+-----------+---------+
|   Index   | Name    |
+-----------+---------+
+-----------+---------+

[INFO] Action Manager:  <ActionManager> contains 2 active terms.
+----------------------------------+
|  Active Action Terms (shape: 8)  |
+--------+-----------+-------------+
| Index  | Name      |   Dimension |
+--------+-----------+-------------+
|   0    | arm       |           7 |
|   1    | gripper   |           1 |
+--------+-----------+-------------+

[INFO] Observation Manager: <ObservationManager> contains 1 groups.
+-----------------------------------------------------+
| Active Observation Terms in Group: 'policy' (shape: (13,)) |
+--------------+-----------------------+--------------+
|    Index     | Name                  |    Shape     |
+--------------+-----------------------+--------------+
|      0       | joint_pos             |    (13,)     |
+--------------+-----------------------+--------------+

[s1] boot hand z-axis (world): [0.713, -0.0, -0.702]
[s1] tool-down enforced (tilt was 45.4 deg)
[s1] hand jac row: 7 (cos=1.00; -1 conv would be 7)
[s1] free-close t=30 finger_joint=0.798
[s1] free-close t=60 finger_joint=0.798
[s1] free-close t=90 finger_joint=0.798
[s1] free-close t=120 finger_joint=0.798
[s1] free-close t=150 finger_joint=0.798
[s1] free-close t=180 finger_joint=0.798
[s1] free-close t=210 finger_joint=0.798
[s1] free-close t=240 finger_joint=0.798
[s1] free-close t=270 finger_joint=0.798
[s1] free-close t=300 finger_joint=0.798
[s1] free-air close settled at 0.798 (current grasp band 0.2-0.70)
[rec] resuming after 27 existing episodes
[s1] acquire e0: vision=[0.502, 0.002] gt=[0.5, 0.0]
[s1] step=0 stages=['ALIGN', 'ALIGN', 'ALIGN', 'ALIGN', 'ALIGN', 'ALIGN', 'ALIGN', 'ALIGN'] picks=0 places=0 hand0=[0.39, -0.001, 0.457] cup_xy0=[0.502, 0.002]
[s1] close-entry e5: hand=[0.495, 0.001, 0.184] cup_gt=[0.505, 0.001]
[s1] close-entry e1: hand=[0.496, 0.002, 0.183] cup_gt=[0.51, 0.003]
[s1] close-entry e0: hand=[0.497, 0.002, 0.185] cup_gt=[0.512, 0.003]
[s1] close-entry e2: hand=[0.496, 0.001, 0.184] cup_gt=[0.509, 0.002]
[s1] close-entry e3: hand=[0.496, 0.001, 0.184] cup_gt=[0.508, 0.001]
[s1] close-entry e4: hand=[0.496, 0.001, 0.183] cup_gt=[0.508, 0.001]
[s1] close-entry e6: hand=[0.494, 0.001, 0.184] cup_gt=[0.504, 0.001]
[s1] close-entry e7: hand=[0.494, 0.002, 0.184] cup_gt=[0.509, 0.001]
[s1] step=100 stages=['CLOSE', 'CLOSE', 'CLOSE', 'CLOSE', 'CLOSE', 'CLOSE', 'CLOSE', 'CLOSE'] picks=0 places=0 hand0=[0.515, -0.009, 0.218] cup_xy0=[0.502, 0.002]
[close] e0 t=56 hand_z=0.220 dxy=0.044 stall=0.800
[close] e0 t=116 hand_z=0.221 dxy=0.047 stall=0.800
[s1] step=200 stages=['CLOSE', 'CLOSE', 'CLOSE', 'CLOSE', 'CLOSE', 'CLOSE', 'CLOSE', 'CLOSE'] picks=0 places=0 hand0=[0.517, -0.011, 0.221] cup_xy0=[0.502, 0.002]
[close] e0 t=176 hand_z=0.221 dxy=0.048 stall=0.800
[close] e0 t=236 hand_z=0.221 dxy=0.048 stall=0.800
[s1] step=300 stages=['CLOSE', 'CLOSE', 'CLOSE', 'CLOSE', 'CLOSE', 'CLOSE', 'CLOSE', 'CLOSE'] picks=0 places=0 hand0=[0.517, -0.011, 0.221] cup_xy0=[0.502, 0.002]
[s1] acquire e0: vision=[0.57, 0.083] gt=[0.566, 0.079]
[s1] step=400 stages=['ALIGN', 'ALIGN', 'ALIGN', 'ALIGN', 'ALIGN', 'ALIGN', 'ALIGN', 'ALIGN'] picks=0 places=0 hand0=[0.334, 0.032, 0.548] cup_xy0=[0.57, 0.083]
[s1] step=500 stages=['DESCEND', 'DESCEND', 'DESCEND', 'ALIGN', 'DESCEND', 'DESCEND', 'DESCEND', 'DESCEND'] picks=0 places=0 hand0=[0.489, -0.135, 0.166] cup_xy0=[0.57, 0.083]
[s1] close-entry e1: hand=[0.452, -0.052, 0.184] cup_gt=[0.379, -0.055]
[s1] close-entry e7: hand=[0.563, -0.02, 0.189] cup_gt=[0.561, -0.03]
[close] e1 t=17 hand_z=0.202 dxy=0.126 stall=0.653
[s1] close-entry e0: hand=[0.567, 0.089, 0.186] cup_gt=[0.615, 0.102]
[s1] close-entry e2: hand=[0.423, -0.053, 0.192] cup_gt=[0.426, -0.057]
[s1] close-entry e5: hand=[0.522, 0.027, 0.187] cup_gt=[0.541, 0.091]
[s1] close-entry e3: hand=[0.579, 0.006, 0.182] cup_gt=[0.587, 0.048]
[s1] close-entry e6: hand=[0.422, 0.034, 0.183] cup_gt=[0.408, 0.034]
[close] e0 t=50 hand_z=0.162 dxy=0.075 stall=0.795
[s1] step=600 stages=['CLOSE', 'CLOSE', 'CLOSE', 'CLOSE', 'DESCEND', 'CLOSE', 'CLOSE', 'CLOSE'] picks=0 places=0 hand0=[0.56, 0.05, 0.162] cup_xy0=[0.57, 0.083]
[s1] close-entry e4: hand=[0.501, -0.041, 0.191] cup_gt=[0.574, -0.076]
[close] e0 t=110 hand_z=0.162 dxy=0.076 stall=0.795
[s1] step=700 stages=['CLOSE', 'CLOSE', 'CLOSE', 'CLOSE', 'CLOSE', 'CLOSE', 'CLOSE', 'CLOSE'] picks=0 places=0 hand0=[0.56, 0.049, 0.162] cup_xy0=[0.57, 0.083]
[close] e0 t=170 hand_z=0.162 dxy=0.076 stall=0.795
[close] e0 t=230 hand_z=0.162 dxy=0.076 stall=0.795
[s1] step=800 stages=['FAIL', 'FAIL', 'CLOSE', 'CLOSE', 'CLOSE', 'CLOSE', 'CLOSE', 'FAIL'] picks=0 places=0 hand0=[0.56, 0.049, 0.162] cup_xy0=[0.57, 0.083]
[s1] grasp-geom e2: hand-cup_xy=0.007 cup_gt=[0.435, -0.091, 0.028] vision_xy=[0.419, -0.058]
[s1] GRASP (drive stall) envs [2] stall=[0.473]
[lift] e2 t=17 cup_z=0.028 hand_z=0.202 stall=0.546
[close] e4 t=195 hand_z=0.169 dxy=0.101 stall=0.797
[lift] e2 t=37 cup_z=0.028 hand_z=0.215 stall=0.781
[lift] e2 t=57 cup_z=0.020 hand_z=0.269 stall=0.801
[lift] e2 t=77 cup_z=0.020 hand_z=0.305 stall=0.801
[s1] acquire e0: vision=[0.548, -0.048] gt=[0.544, -0.048]
[lift] e2 t=97 cup_z=0.020 hand_z=0.345 stall=0.801
[s1] step=900 stages=['ALIGN', 'ALIGN', 'LIFT', 'IDLE', 'FAIL', 'IDLE', 'IDLE', 'ALIGN'] picks=0 places=0 hand0=[0.356, 0.001, 0.588] cup_xy0=[0.548, -0.048]
[lift] e2 t=117 cup_z=0.020 hand_z=0.348 stall=0.801
[lift] e2 t=137 cup_z=0.020 hand_z=0.351 stall=0.800
[lift] e2 t=157 cup_z=0.020 hand_z=0.352 stall=0.801
[lift] e2 t=177 cup_z=0.020 hand_z=0.352 stall=0.801
[lift] e2 t=197 cup_z=0.020 hand_z=0.351 stall=0.801
[s1] step=1000 stages=['DESCEND', 'DESCEND', 'LIFT', 'DESCEND', 'ALIGN', 'DESCEND', 'DESCEND', 'DESCEND'] picks=0 places=0 hand0=[0.549, -0.046, 0.214] cup_xy0=[0.548, -0.048]
[s1] close-entry e7: hand=[0.55, -0.05, 0.182] cup_gt=[0.551, -0.049]
[s1] close-entry e0: hand=[0.548, -0.046, 0.191] cup_gt=[0.545, -0.049]
[close] e0 t=15 hand_z=0.149 dxy=0.015 stall=0.056
[lift] e2 t=217 cup_z=0.020 hand_z=0.351 stall=0.801
[lift] e2 t=237 cup_z=0.020 hand_z=0.350 stall=0.801
[lift] e2 t=257 cup_z=0.020 hand_z=0.349 stall=0.801
[s1] close-entry e6: hand=[0.471, 0.068, 0.182] cup_gt=[0.465, 0.067]
[close] e0 t=75 hand_z=0.172 dxy=0.031 stall=0.531
[lift] e2 t=277 cup_z=0.020 hand_z=0.349 stall=0.801
[s1] close-entry e5: hand=[0.469, -0.075, 0.189] cup_gt=[0.457, -0.076]
[s1] close-entry e3: hand=[0.437, -0.058, 0.186] cup_gt=[0.422, -0.055]
[lift] e2 t=297 cup_z=0.020 hand_z=0.350 stall=0.801
[s1] step=1100 stages=['CLOSE', 'DESCEND', 'LIFT', 'CLOSE', 'DESCEND', 'CLOSE', 'CLOSE', 'CLOSE'] picks=0 places=0 hand0=[0.539, -0.003, 0.163] cup_xy0=[0.548, -0.048]
[lift] e2 t=317 cup_z=0.020 hand_z=0.350 stall=0.801
[close] e0 t=135 hand_z=0.161 dxy=0.049 stall=0.524
[lift] e2 t=337 cup_z=0.020 hand_z=0.350 stall=0.800
[s1] close-entry e4: hand=[0.427, 0.024, 0.183] cup_gt=[0.427, 0.025]
[lift] e2 t=357 cup_z=0.020 hand_z=0.350 stall=0.801
[lift] e2 t=377 cup_z=0.020 hand_z=0.350 stall=0.801
[close] e0 t=195 hand_z=0.161 dxy=0.049 stall=0.524
[lift] e2 t=397 cup_z=0.020 hand_z=0.350 stall=0.801
[s1] step=1200 stages=['CLOSE', 'DESCEND', 'LIFT', 'CLOSE', 'CLOSE', 'CLOSE', 'CLOSE', 'CLOSE'] picks=0 places=0 hand0=[0.537, -0.001, 0.161] cup_xy0=[0.548, -0.048]
[s1] close-entry e1: hand=[0.533, -0.033, 0.183] cup_gt=[0.531, -0.029]
[s1] grasp-geom e0: hand-cup_xy=0.049 cup_gt=[0.542, -0.05, 0.02] vision_xy=[0.548, -0.048]
[s1] GRASP (drive stall) envs [0] stall=[0.524]
[close] e1 t=27 hand_z=0.201 dxy=0.003 stall=0.636
[lift] e0 t=14 cup_z=0.028 hand_z=0.161 stall=0.510
[lift] e0 t=34 cup_z=0.020 hand_z=0.186 stall=0.503
[lift] e0 t=54 cup_z=0.020 hand_z=0.266 stall=0.502
[s1] step=1300 stages=['LIFT', 'CLOSE', 'ALIGN', 'CLOSE', 'CLOSE', 'CLOSE', 'CLOSE', 'FAIL'] picks=0 places=0 hand0=[0.553, -0.03, 0.266] cup_xy0=[0.548, -0.048]
[s1] grasp-geom e6: hand-cup_xy=0.003 cup_gt=[0.471, 0.112, 0.044] vision_xy=[0.476, 0.07]
[s1] GRASP (drive stall) envs [6] stall=[0.504]
[close] e1 t=87 hand_z=0.203 dxy=0.005 stall=0.801
[lift] e0 t=74 cup_z=0.020 hand_z=0.332 stall=0.501
[s1] grasp-geom e3: hand-cup_xy=0.009 cup_gt=[0.443, -0.076, 0.058] vision_xy=[0.435, -0.064]
[s1] GRASP (drive stall) envs [3] stall=[0.472]
[s1] LIFTED envs [6] (physical, friction-held)
[lift] e0 t=94 cup_z=0.020 hand_z=0.356 stall=0.502
[lift] e0 t=114 cup_z=0.020 hand_z=0.355 stall=0.501
[s1] LIFTED envs [3] (physical, friction-held)
[close] e1 t=147 hand_z=0.203 dxy=0.005 stall=0.801
[lift] e0 t=134 cup_z=0.020 hand_z=0.350 stall=0.502
[s1] grasp-geom e4: hand-cup_xy=0.007 cup_gt=[0.385, 0.078, 0.026] vision_xy=[0.43, 0.028]
[s1] GRASP (drive stall) envs [4] stall=[0.478]
[lift] e0 t=154 cup_z=0.020 hand_z=0.348 stall=0.501
[s1] step=1400 stages=['LIFT', 'CLOSE', 'DESCEND', 'CARRY', 'LIFT', 'IDLE', 'PLACE', 'DESCEND'] picks=2 places=0 hand0=[0.548, -0.041, 0.348] cup_xy0=[0.548, -0.048]
[lift] e0 t=174 cup_z=0.020 hand_z=0.347 stall=0.502
[s1] LIFTED envs [4] (physical, friction-held)
[close] e1 t=207 hand_z=0.203 dxy=0.005 stall=0.801
[lift] e0 t=194 cup_z=0.020 hand_z=0.349 stall=0.503
[lift] e0 t=214 cup_z=0.020 hand_z=0.351 stall=0.502
[lift] e0 t=234 cup_z=0.020 hand_z=0.352 stall=0.502
[s1] close-entry e7: hand=[0.463, -0.053, 0.191] cup_gt=[0.476, -0.053]
[close] e7 t=19 hand_z=0.178 dxy=0.025 stall=0.315
[lift] e0 t=254 cup_z=0.020 hand_z=0.352 stall=0.502
[s1] step=1500 stages=['LIFT', 'FAIL', 'DESCEND', 'PLACE', 'CARRY', 'DESCEND', 'RELEASE', 'CLOSE'] picks=3 places=0 hand0=[0.549, -0.044, 0.352] cup_xy0=[0.548, -0.048]
[lift] e0 t=274 cup_z=0.020 hand_z=0.350 stall=0.501
[lift] e0 t=294 cup_z=0.020 hand_z=0.349 stall=0.501
[close] e7 t=79 hand_z=0.176 dxy=0.028 stall=0.409
[lift] e0 t=314 cup_z=0.020 hand_z=0.349 stall=0.502
[s1] PLACED envs [6] (full physical pick-move-place)
[rec] episode 28/60 saved (len=325, env=6)
[s1] close-entry e5: hand=[0.519, 0.006, 0.188] cup_gt=[0.523, -0.037]
[s1] close-entry e2: hand=[0.497, 0.078, 0.188] cup_gt=[0.524, 0.053]
[lift] e0 t=334 cup_z=0.020 hand_z=0.350 stall=0.502
[lift] e0 t=354 cup_z=0.020 hand_z=0.350 stall=0.502
[s1] step=1600 stages=['LIFT', 'ALIGN', 'CLOSE', 'RELEASE', 'RELEASE', 'CLOSE', 'DONE', 'CLOSE'] picks=3 places=1 hand0=[0.548, -0.047, 0.35] cup_xy0=[0.548, -0.048]
[close] e2 t=41 hand_z=0.217 dxy=0.033 stall=0.800
[lift] e0 t=374 cup_z=0.020 hand_z=0.351 stall=0.502
[lift] e0 t=394 cup_z=0.020 hand_z=0.351 stall=0.501
[s1] PLACED envs [4] (full physical pick-move-place)
[rec] episode 29/60 saved (len=342, env=4)
[s1] PLACED envs [3] (full physical pick-move-place)
[rec] episode 30/60 saved (len=366, env=3)
[s1] close-entry e1: hand=[0.501, -0.069, 0.184] cup_gt=[0.49, -0.074]
[close] e1 t=4 hand_z=0.176 dxy=0.012 stall=0.468
[s1] step=1700 stages=['FAIL', 'CLOSE', 'CLOSE', 'DONE', 'DONE', 'CLOSE', 'DESCEND', 'CLOSE'] picks=3 places=3 hand0=[0.546, -0.062, 0.347] cup_xy0=[0.548, -0.048]
[close] e1 t=64 hand_z=0.164 dxy=0.014 stall=0.495
[s1] acquire e0: vision=[0.447, -0.041] gt=[0.448, -0.041]
[close] e1 t=124 hand_z=0.164 dxy=0.014 stall=0.495
[s1] step=1800 stages=['DESCEND', 'CLOSE', 'CLOSE', 'IDLE', 'ALIGN', 'CLOSE', 'DESCEND', 'IDLE'] picks=3 places=3 hand0=[0.448, -0.054, 0.342] cup_xy0=[0.447, -0.041]
[s1] close-entry e6: hand=[0.376, -0.057, 0.19] cup_gt=[0.402, -0.069]
[s1] close-entry e0: hand=[0.444, -0.04, 0.182] cup_gt=[0.448, -0.047]
[close] e0 t=7 hand_z=0.191 dxy=0.015 stall=0.248
[s1] step=1900 stages=['CLOSE', 'CLOSE', 'IDLE', 'DESCEND', 'DESCEND', 'IDLE', 'CLOSE', 'DESCEND'] picks=3 places=3 hand0=[0.459, 0.016, 0.203] cup_xy0=[0.447, -0.041]
[s1] grasp-geom e1: hand-cup_xy=0.014 cup_gt=[0.475, -0.074, 0.022] vision_xy=[0.498, -0.075]
[s1] GRASP (drive stall) envs [1] stall=[0.495]
[close] e0 t=67 hand_z=0.203 dxy=0.026 stall=0.437
[lift] e1 t=3 cup_z=0.022 hand_z=0.165 stall=0.496
[lift] e1 t=23 cup_z=0.030 hand_z=0.170 stall=0.497
[s1] close-entry e4: hand=[0.504, -0.067, 0.184] cup_gt=[0.539, -0.052]
[s1] close-entry e7: hand=[0.48, -0.053, 0.186] cup_gt=[0.502, -0.119]
[lift] e1 t=43 cup_z=0.088 hand_z=0.229 stall=0.497
[s1] LIFTED envs [1] (physical, friction-held)
[s1] close-entry e3: hand=[0.555, 0.031, 0.188] cup_gt=[0.544, 0.005]
[close] e0 t=127 hand_z=0.203 dxy=0.027 stall=0.436
[s1] step=2000 stages=['CLOSE', 'PLACE', 'ALIGN', 'CLOSE', 'CLOSE', 'DESCEND', 'CLOSE', 'CLOSE'] picks=4 places=3 hand0=[0.459, 0.02, 0.203] cup_xy0=[0.447, -0.041]
[s1] close-entry e5: hand=[0.534, 0.071, 0.192] cup_gt=[0.558, 0.099]
[close] e0 t=187 hand_z=0.203 dxy=0.027 stall=0.436
[s1] close-entry e2: hand=[0.581, 0.075, 0.192] cup_gt=[0.57, 0.061]
[close] e2 t=36 hand_z=0.162 dxy=0.051 stall=0.785
[s1] step=2100 stages=['FAIL', 'RELEASE', 'CLOSE', 'CLOSE', 'CLOSE', 'CLOSE', 'FAIL', 'CLOSE'] picks=4 places=3 hand0=[0.459, 0.02, 0.203] cup_xy0=[0.447, -0.041]
[s1] PLACED envs [1] (full physical pick-move-place)
[rec] episode 31/60 saved (len=270, env=1)
[close] e2 t=96 hand_z=0.162 dxy=0.062 stall=0.792
[s1] acquire e0: vision=[0.473, -0.077] gt=[0.474, -0.075]
[s1] step=2200 stages=['ALIGN', 'IDLE', 'CLOSE', 'CLOSE', 'FAIL', 'CLOSE', 'ALIGN', 'FAIL'] picks=4 places=4 hand0=[0.36, -0.032, 0.526] cup_xy0=[0.473, -0.077]
[close] e2 t=156 hand_z=0.162 dxy=0.064 stall=0.792
[s1] close-entry e6: hand=[0.449, 0.044, 0.188] cup_gt=[0.445, 0.025]
[close] e2 t=216 hand_z=0.162 dxy=0.064 stall=0.792
[s1] step=2300 stages=['ALIGN', 'ALIGN', 'CLOSE', 'IDLE', 'IDLE', 'FAIL', 'CLOSE', 'ALIGN'] picks=4 places=4 hand0=[0.468, -0.103, 0.354] cup_xy0=[0.473, -0.077]
[close] e6 t=63 hand_z=0.139 dxy=0.266 stall=0.054
[s1] close-entry e0: hand=[0.467, -0.081, 0.183] cup_gt=[0.469, -0.071]
[s1] close-entry e7: hand=[0.582, -0.003, 0.192] cup_gt=[0.571, -0.004]
[close] e0 t=36 hand_z=0.157 dxy=0.044 stall=0.341
[s1] step=2400 stages=['CLOSE', 'DESCEND', 'IDLE', 'DESCEND', 'DESCEND', 'ALIGN', 'CLOSE', 'CLOSE'] picks=4 places=4 hand0=[0.448, -0.027, 0.157] cup_xy0=[0.473, -0.077]
[s1] close-entry e1: hand=[0.428, -0.042, 0.189] cup_gt=[0.461, -0.077]
[close] e0 t=96 hand_z=0.156 dxy=0.047 stall=0.332
[s1] close-entry e3: hand=[0.395, 0.019, 0.191] cup_gt=[0.385, -0.019]
[s1] close-entry e4: hand=[0.506, 0.056, 0.191] cup_gt=[0.515, 0.08]
[s1] close-entry e5: hand=[0.478, 0.029, 0.191] cup_gt=[0.478, 0.028]
[s1] step=2500 stages=['CLOSE', 'CLOSE', 'IDLE', 'CLOSE', 'CLOSE', 'CLOSE', 'CLOSE', 'CLOSE'] picks=4 places=4 hand0=[0.448, -0.022, 0.156] cup_xy0=[0.473, -0.077]
[close] e0 t=156 hand_z=0.156 dxy=0.047 stall=0.332
[close] e0 t=216 hand_z=0.156 dxy=0.047 stall=0.332
[s1] step=2600 stages=['CLOSE', 'CLOSE', 'IDLE', 'CLOSE', 'CLOSE', 'CLOSE', 'IDLE', 'CLOSE'] picks=4 places=4 hand0=[0.448, -0.022, 0.156] cup_xy0=[0.473, -0.077]
[close] e1 t=210 hand_z=0.171 dxy=0.382 stall=0.799
[s1] acquire e0: vision=[0.438, -0.003] gt=[0.439, -0.004]
[close] e3 t=227 hand_z=0.176 dxy=0.306 stall=0.800
[s1] step=2700 stages=['ALIGN', 'FAIL', 'FAIL', 'CLOSE', 'CLOSE', 'CLOSE', 'ALIGN', 'IDLE'] picks=4 places=4 hand0=[0.343, 0.004, 0.541] cup_xy0=[0.438, -0.003]
[s1] step=2800 stages=['DESCEND', 'ALIGN', 'DESCEND', 'IDLE', 'IDLE', 'IDLE', 'ALIGN', 'ALIGN'] picks=4 places=4 hand0=[0.433, 0.001, 0.224] cup_xy0=[0.438, -0.003]
[s1] close-entry e0: hand=[0.439, -0.009, 0.191] cup_gt=[0.439, -0.004]
[close] e0 t=5 hand_z=0.180 dxy=0.007 stall=0.263
[s1] close-entry e2: hand=[0.441, 0.018, 0.189] cup_gt=[0.439, 0.032]
[close] e0 t=65 hand_z=0.162 dxy=0.017 stall=0.395
[s1] step=2900 stages=['CLOSE', 'DESCEND', 'CLOSE', 'DESCEND', 'IDLE', 'DESCEND', 'DESCEND', 'DESCEND'] picks=4 places=4 hand0=[0.422, -0.009, 0.162] cup_xy0=[0.438, -0.003]
[s1] close-entry e1: hand=[0.543, 0.08, 0.191] cup_gt=[0.545, 0.121]
[close] e0 t=125 hand_z=0.162 dxy=0.017 stall=0.395
[s1] close-entry e5: hand=[0.572, 0.065, 0.191] cup_gt=[0.563, 0.071]
[s1] close-entry e3: hand=[0.583, -0.02, 0.191] cup_gt=[0.616, 0.019]
[close] e0 t=185 hand_z=0.162 dxy=0.017 stall=0.395
[s1] step=3000 stages=['CLOSE', 'CLOSE', 'CLOSE', 'CLOSE', 'IDLE', 'CLOSE', 'DESCEND', 'DESCEND'] picks=4 places=4 hand0=[0.422, -0.009, 0.162] cup_xy0=[0.438, -0.003]
[s1] close-entry e7: hand=[0.525, -0.056, 0.191] cup_gt=[0.559, -0.068]
[close] e1 t=149 hand_z=0.164 dxy=0.020 stall=0.493
[s1] step=3100 stages=['FAIL', 'CLOSE', 'FAIL', 'CLOSE', 'FAIL', 'CLOSE', 'DESCEND', 'CLOSE'] picks=4 places=4 hand0=[0.421, -0.01, 0.161] cup_xy0=[0.438, -0.003]
[close] e1 t=209 hand_z=0.164 dxy=0.020 stall=0.493
[s1] acquire e0: vision=[0.492, -0.009] gt=[0.491, -0.01]
[s1] grasp-geom e1: hand-cup_xy=0.020 cup_gt=[0.481, 0.206, 0.024] vision_xy=[0.542, 0.077]
[s1] GRASP (drive stall) envs [1] stall=[0.493]
[lift] e1 t=8 cup_z=0.027 hand_z=0.167 stall=0.493
[close] e3 t=224 hand_z=0.240 dxy=0.187 stall=0.801
[lift] e1 t=28 cup_z=0.067 hand_z=0.208 stall=0.494
[s1] LIFTED envs [1] (physical, friction-held)
[s1] step=3200 stages=['DESCEND', 'CARRY', 'IDLE', 'FAIL', 'DESCEND', 'FAIL', 'DESCEND', 'CLOSE'] picks=5 places=4 hand0=[0.475, -0.03, 0.309] cup_xy0=[0.492, -0.009]
[s1] close-entry e4: hand=[0.51, -0.022, 0.186] cup_gt=[0.502, -0.01]
[close] e4 t=27 hand_z=0.156 dxy=0.030 stall=0.279
[s1] close-entry e0: hand=[0.492, -0.016, 0.187] cup_gt=[0.485, -0.001]
[close] e0 t=16 hand_z=0.161 dxy=0.052 stall=0.345
[s1] step=3300 stages=['CLOSE', 'PLACE', 'IDLE', 'IDLE', 'CLOSE', 'IDLE', 'IDLE', 'FAIL'] picks=5 places=4 hand0=[0.469, 0.024, 0.161] cup_xy0=[0.492, -0.009]
[close] e0 t=76 hand_z=0.159 dxy=0.053 stall=0.392
[s1] step=3400 stages=['CLOSE', 'RELEASE', 'IDLE', 'DESCEND', 'CLOSE', 'IDLE', 'ALIGN', 'IDLE'] picks=5 places=4 hand0=[0.465, 0.036, 0.159] cup_xy0=[0.492, -0.009]
[s1] close-entry e3: hand=[0.476, -0.007, 0.192] cup_gt=[0.46, 0.012]
[close] e0 t=136 hand_z=0.159 dxy=0.053 stall=0.392
[s1] PLACED envs [1] (full physical pick-move-place)
[rec] episode 32/60 saved (len=320, env=1)
[close] e0 t=196 hand_z=0.159 dxy=0.053 stall=0.392
[s1] step=3500 stages=['CLOSE', 'IDLE', 'IDLE', 'CLOSE', 'FAIL', 'IDLE', 'ALIGN', 'IDLE'] picks=5 places=5 hand0=[0.465, 0.036, 0.159] cup_xy0=[0.492, -0.009]
[close] e3 t=133 hand_z=0.153 dxy=0.139 stall=0.145
[close] e3 t=193 hand_z=0.152 dxy=0.141 stall=0.139
[s1] step=3600 stages=['IDLE', 'DESCEND', 'IDLE', 'CLOSE', 'ALIGN', 'FAIL', 'DESCEND', 'IDLE'] picks=5 places=5 hand0=[0.327, 0.005, 0.178] cup_xy0=[0.492, -0.009]
[s1] acquire e0: vision=[0.482, 0.021] gt=[0.481, 0.019]
[s1] close-entry e1: hand=[0.467, -0.02, 0.192] cup_gt=[0.455, 0.008]
[close] e1 t=8 hand_z=0.184 dxy=0.033 stall=0.632
[s1] close-entry e4: hand=[0.554, -0.06, 0.191] cup_gt=[0.548, -0.061]
[s1] step=3700 stages=['DESCEND', 'CLOSE', 'IDLE', 'FAIL', 'CLOSE', 'DESCEND', 'DESCEND', 'ALIGN'] picks=5 places=5 hand0=[0.43, -0.023, 0.246] cup_xy0=[0.482, 0.021]
[close] e1 t=68 hand_z=0.164 dxy=0.021 stall=0.800
[s1] close-entry e5: hand=[0.435, -0.054, 0.192] cup_gt=[0.481, -0.052]
[s1] close-entry e0: hand=[0.481, 0.015, 0.187] cup_gt=[0.481, 0.019]
[s1] close-entry e7: hand=[0.442, -0.05, 0.189] cup_gt=[0.447, -0.042]
[close] e0 t=7 hand_z=0.191 dxy=0.012 stall=0.245
[s1] step=3800 stages=['CLOSE', 'CLOSE', 'FAIL', 'ALIGN', 'CLOSE', 'CLOSE', 'DESCEND', 'CLOSE'] picks=5 places=5 hand0=[0.486, 0.048, 0.199] cup_xy0=[0.482, 0.021]
[close] e0 t=67 hand_z=0.201 dxy=0.014 stall=0.384
[close] e0 t=127 hand_z=0.200 dxy=0.016 stall=0.385
[s1] step=3900 stages=['CLOSE', 'FAIL', 'IDLE', 'DESCEND', 'CLOSE', 'CLOSE', 'DESCEND', 'CLOSE'] picks=5 places=5 hand0=[0.485, 0.057, 0.2] cup_xy0=[0.482, 0.021]
[close] e0 t=187 hand_z=0.199 dxy=0.020 stall=0.386
[s1] step=4000 stages=['CLOSE', 'IDLE', 'IDLE', 'DESCEND', 'IDLE', 'FAIL', 'FAIL', 'CLOSE'] picks=5 places=5 hand0=[0.484, 0.058, 0.199] cup_xy0=[0.482, 0.021]
[s1] step=4100 stages=['IDLE', 'DESCEND', 'IDLE', 'DESCEND', 'DESCEND', 'ALIGN', 'IDLE', 'IDLE'] picks=5 places=5 hand0=[0.34, 0.016, 0.309] cup_xy0=[0.482, 0.021]
[s1] acquire e0: vision=[0.54, 0.059] gt=[0.537, 0.056]
[s1] close-entry e4: hand=[0.462, -0.05, 0.188] cup_gt=[0.458, -0.045]
[s1] close-entry e1: hand=[0.486, 0.049, 0.184] cup_gt=[0.528, 0.037]
[close] e1 t=34 hand_z=0.215 dxy=0.026 stall=0.796
[s1] step=4200 stages=['DESCEND', 'CLOSE', 'FAIL', 'DESCEND', 'CLOSE', 'DESCEND', 'ALIGN', 'DESCEND'] picks=5 places=5 hand0=[0.53, -0.003, 0.298] cup_xy0=[0.54, 0.059]
[s1] close-entry e7: hand=[0.501, 0.063, 0.184] cup_gt=[0.513, 0.049]
[s1] close-entry e0: hand=[0.541, 0.064, 0.19] cup_gt=[0.518, 0.076]
[close] e0 t=4 hand_z=0.191 dxy=0.031 stall=0.250
[s1] step=4300 stages=['CLOSE', 'CLOSE', 'IDLE', 'FAIL', 'CLOSE', 'DESCEND', 'DESCEND', 'CLOSE'] picks=5 places=5 hand0=[0.538, -0.021, 0.191] cup_xy0=[0.54, 0.059]
[s1] close-entry e5: hand=[0.504, -0.012, 0.188] cup_gt=[0.532, 0.017]
[close] e0 t=64 hand_z=0.191 dxy=0.065 stall=0.422
[close] e0 t=124 hand_z=0.192 dxy=0.066 stall=0.422
[s1] step=4400 stages=['CLOSE', 'CLOSE', 'IDLE', 'IDLE', 'FAIL', 'CLOSE', 'DESCEND', 'CLOSE'] picks=5 places=5 hand0=[0.538, -0.025, 0.192] cup_xy0=[0.54, 0.059]
[close] e0 t=184 hand_z=0.192 dxy=0.067 stall=0.422
[close] e5 t=190 hand_z=0.121 dxy=0.174 stall=-0.032
[s1] step=4500 stages=['FAIL', 'IDLE', 'IDLE', 'DESCEND', 'ALIGN', 'CLOSE', 'DESCEND', 'FAIL'] picks=5 places=5 hand0=[0.538, -0.025, 0.192] cup_xy0=[0.54, 0.059]
[s1] close-entry e3: hand=[0.467, 0.063, 0.187] cup_gt=[0.468, 0.057]
[close] e3 t=31 hand_z=0.156 dxy=0.060 stall=0.298
[s1] close-entry e1: hand=[0.494, 0.03, 0.192] cup_gt=[0.507, 0.033]
[s1] step=4600 stages=['IDLE', 'CLOSE', 'IDLE', 'CLOSE', 'DESCEND', 'FAIL', 'DESCEND', 'ALIGN'] picks=5 places=5 hand0=[0.416, -0.007, 0.372] cup_xy0=[0.54, 0.059]
[s1] acquire e0: vision=[0.424, 0.064] gt=[0.441, 0.063]
[close] e1 t=21 hand_z=0.147 dxy=0.056 stall=0.024
[s1] close-entry e4: hand=[0.429, -0.082, 0.186] cup_gt=[0.434, -0.075]
[close] e1 t=81 hand_z=0.122 dxy=0.096 stall=0.253
[s1] close-entry e7: hand=[0.523, 0.056, 0.192] cup_gt=[0.512, 0.04]
[s1] step=4700 stages=['DESCEND', 'CLOSE', 'IDLE', 'CLOSE', 'CLOSE', 'DESCEND', 'FAIL', 'CLOSE'] picks=5 places=5 hand0=[0.224, 0.244, 0.183] cup_xy0=[0.424, 0.064]
[close] e1 t=141 hand_z=0.126 dxy=0.136 stall=0.137
[s1] close-entry e5: hand=[0.47, -0.01, 0.187] cup_gt=[0.471, -0.004]
[close] e1 t=201 hand_z=0.140 dxy=0.261 stall=0.204
[s1] step=4800 stages=['DESCEND', 'CLOSE', 'IDLE', 'FAIL', 'CLOSE', 'CLOSE', 'IDLE', 'CLOSE'] picks=5 places=5 hand0=[0.392, -0.094, 0.202] cup_xy0=[0.424, 0.064]
[s1] close-entry e0: hand=[0.421, 0.07, 0.191] cup_gt=[0.441, 0.063]
[close] e0 t=27 hand_z=0.177 dxy=0.057 stall=0.361
[s1] step=4900 stages=['CLOSE', 'FAIL', 'FAIL', 'ALIGN', 'FAIL', 'CLOSE', 'ALIGN', 'CLOSE'] picks=5 places=5 hand0=[0.401, 0.11, 0.176] cup_xy0=[0.424, 0.064]
[close] e0 t=87 hand_z=0.176 dxy=0.062 stall=0.403
[close] e0 t=147 hand_z=0.176 dxy=0.062 stall=0.403
[s1] step=5000 stages=['CLOSE', 'DESCEND', 'IDLE', 'DESCEND', 'ALIGN', 'CLOSE', 'ALIGN', 'IDLE'] picks=5 places=5 hand0=[0.401, 0.11, 0.176] cup_xy0=[0.424, 0.064]
[s1] close-entry e3: hand=[0.445, 0.058, 0.183] cup_gt=[0.448, 0.062]
[close] e0 t=207 hand_z=0.176 dxy=0.062 stall=0.403
[s1] close-entry e1: hand=[0.446, -0.036, 0.183] cup_gt=[0.5, -0.024]
[close] e1 t=31 hand_z=0.207 dxy=0.046 stall=0.364
[s1] step=5100 stages=['FAIL', 'CLOSE', 'IDLE', 'CLOSE', 'DESCEND', 'ALIGN', 'ALIGN', 'DESCEND'] picks=5 places=5 hand0=[0.401, 0.111, 0.175] cup_xy0=[0.424, 0.064]
[s1] close-entry e4: hand=[0.567, 0.008, 0.183] cup_gt=[0.558, 0.058]
[s1] close-entry e7: hand=[0.493, -0.003, 0.185] cup_gt=[0.519, -0.026]
[close] e1 t=91 hand_z=0.208 dxy=0.045 stall=0.405
[s1] acquire e0: vision=[0.577, 0.014] gt=[0.572, 0.012]
[s1] step=5200 stages=['ALIGN', 'CLOSE', 'IDLE', 'CLOSE', 'CLOSE', 'DESCEND', 'ALIGN', 'CLOSE'] picks=5 places=5 hand0=[0.491, -0.02, 0.455] cup_xy0=[0.577, 0.014]
[close] e1 t=151 hand_z=0.209 dxy=0.045 stall=0.405
[s1] close-entry e5: hand=[0.488, 0.043, 0.191] cup_gt=[0.485, 0.093]
[close] e1 t=211 hand_z=0.209 dxy=0.045 stall=0.405
[s1] close-entry e0: hand=[0.574, 0.009, 0.183] cup_gt=[0.577, -0.004]
[s1] step=5300 stages=['CLOSE', 'CLOSE', 'FAIL', 'FAIL', 'CLOSE', 'CLOSE', 'IDLE', 'CLOSE'] picks=5 places=5 hand0=[0.586, 0.038, 0.201] cup_xy0=[0.577, 0.014]
[close] e0 t=49 hand_z=0.209 dxy=0.027 stall=0.415
[close] e0 t=109 hand_z=0.208 dxy=0.030 stall=0.416
[s1] step=5400 stages=['CLOSE', 'ALIGN', 'IDLE', 'ALIGN', 'FAIL', 'CLOSE', 'IDLE', 'FAIL'] picks=5 places=5 hand0=[0.59, 0.085, 0.208] cup_xy0=[0.577, 0.014]
[close] e0 t=169 hand_z=0.208 dxy=0.030 stall=0.416
[s1] close-entry e3: hand=[0.537, -0.006, 0.184] cup_gt=[0.535, -0.008]
[s1] step=5500 stages=['CLOSE', 'DESCEND', 'IDLE', 'CLOSE', 'IDLE', 'FAIL', 'ALIGN', 'ALIGN'] picks=5 places=5 hand0=[0.59, 0.085, 0.208] cup_xy0=[0.577, 0.014]
[close] e0 t=229 hand_z=0.208 dxy=0.030 stall=0.416
[s1] close-entry e1: hand=[0.561, -0.052, 0.189] cup_gt=[0.553, -0.049]
[close] e1 t=47 hand_z=0.169 dxy=0.019 stall=0.305
[s1] close-entry e7: hand=[0.53, 0.091, 0.189] cup_gt=[0.551, 0.075]
[s1] step=5600 stages=['IDLE', 'CLOSE', 'IDLE', 'CLOSE', 'DESCEND', 'ALIGN', 'ALIGN', 'CLOSE'] picks=5 places=5 hand0=[0.546, 0.04, 0.195] cup_xy0=[0.577, 0.014]
[s1] close-entry e4: hand=[0.454, -0.044, 0.188] cup_gt=[0.432, -0.067]
[s1] acquire e0: vision=[0.456, -0.017] gt=[0.456, -0.018]
[close] e1 t=107 hand_z=0.169 dxy=0.019 stall=0.304
[s1] close-entry e5: hand=[0.538, 0.029, 0.182] cup_gt=[0.548, 0.046]
[close] e1 t=167 hand_z=0.169 dxy=0.019 stall=0.304
[s1] step=5700 stages=['DESCEND', 'CLOSE', 'IDLE', 'CLOSE', 'CLOSE', 'CLOSE', 'ALIGN', 'CLOSE'] picks=5 places=5 hand0=[0.439, 0.057, 0.308] cup_xy0=[0.456, -0.017]
[close] e1 t=227 hand_z=0.169 dxy=0.019 stall=0.304
[s1] close-entry e0: hand=[0.456, -0.01, 0.188] cup_gt=[0.455, -0.019]
[s1] step=5800 stages=['CLOSE', 'FAIL', 'IDLE', 'IDLE', 'CLOSE', 'CLOSE', 'ALIGN', 'CLOSE'] picks=5 places=5 hand0=[0.441, -0.049, 0.157] cup_xy0=[0.456, -0.017]
[close] e0 t=53 hand_z=0.158 dxy=0.029 stall=0.346
[close] e0 t=113 hand_z=0.158 dxy=0.030 stall=0.346
[s1] step=5900 stages=['CLOSE', 'ALIGN', 'IDLE', 'DESCEND', 'FAIL', 'CLOSE', 'FAIL', 'IDLE'] picks=5 places=5 hand0=[0.442, -0.05, 0.158] cup_xy0=[0.456, -0.017]
[close] e0 t=173 hand_z=0.158 dxy=0.030 stall=0.346
[s1] close-entry e3: hand=[0.51, -0.006, 0.191] cup_gt=[0.504, -0.01]
[close] e0 t=233 hand_z=0.158 dxy=0.030 stall=0.346
[s1] step=6000 stages=['CLOSE', 'DESCEND', 'FAIL', 'CLOSE', 'DESCEND', 'IDLE', 'ALIGN', 'ALIGN'] picks=5 places=5 hand0=[0.442, -0.05, 0.158] cup_xy0=[0.456, -0.017]
[s1] close-entry e1: hand=[0.504, -0.002, 0.186] cup_gt=[0.481, -0.001]
[close] e1 t=55 hand_z=0.216 dxy=0.020 stall=0.801
[s1] step=6100 stages=['IDLE', 'CLOSE', 'IDLE', 'CLOSE', 'DESCEND', 'DESCEND', 'ALIGN', 'DESCEND'] picks=5 places=5 hand0=[0.379, -0.096, 0.393] cup_xy0=[0.456, -0.017]
[s1] close-entry e5: hand=[0.552, 0.0, 0.191] cup_gt=[0.556, -0.009]
[s1] close-entry e4: hand=[0.475, 0.043, 0.183] cup_gt=[0.527, 0.007]
[s1] close-entry e7: hand=[0.423, 0.065, 0.182] cup_gt=[0.425, 0.072]
[close] e1 t=115 hand_z=0.216 dxy=0.021 stall=0.801
[s1] acquire e0: vision=[0.461, -0.059] gt=[0.461, -0.058]
[close] e1 t=175 hand_z=0.216 dxy=0.021 stall=0.801
[s1] step=6200 stages=['DESCEND', 'CLOSE', 'IDLE', 'FAIL', 'CLOSE', 'CLOSE', 'ALIGN', 'CLOSE'] picks=5 places=5 hand0=[0.467, 0.027, 0.33] cup_xy0=[0.461, -0.059]
[close] e1 t=235 hand_z=0.216 dxy=0.021 stall=0.801
[close] e4 t=194 hand_z=0.208 dxy=0.036 stall=0.396
[s1] step=6300 stages=['DESCEND', 'FAIL', 'IDLE', 'IDLE', 'CLOSE', 'CLOSE', 'ALIGN', 'CLOSE'] picks=5 places=5 hand0=[0.464, -0.057, 0.192] cup_xy0=[0.461, -0.059]
[s1] close-entry e0: hand=[0.463, -0.06, 0.19] cup_gt=[0.461, -0.058]
[close] e0 t=60 hand_z=0.177 dxy=0.010 stall=0.381
[s1] step=6400 stages=['CLOSE', 'ALIGN', 'IDLE', 'DESCEND', 'FAIL', 'FAIL', 'IDLE', 'FAIL'] picks=5 places=5 hand0=[0.449, -0.101, 0.176] cup_xy0=[0.461, -0.059]
[close] e0 t=120 hand_z=0.176 dxy=0.011 stall=0.381
[s1] close-entry e3: hand=[0.499, 0.061, 0.185] cup_gt=[0.535, 0.052]
[close] e0 t=180 hand_z=0.176 dxy=0.011 stall=0.381
[s1] step=6500 stages=['CLOSE', 'DESCEND', 'IDLE', 'CLOSE', 'DESCEND', 'IDLE', 'ALIGN', 'ALIGN'] picks=5 places=5 hand0=[0.449, -0.101, 0.176] cup_xy0=[0.461, -0.059]
[s1] close-entry e1: hand=[0.547, -0.074, 0.189] cup_gt=[0.567, -0.044]
[close] e0 t=240 hand_z=0.176 dxy=0.011 stall=0.381
[s1] close-entry e4: hand=[0.493, 0.089, 0.191] cup_gt=[0.485, 0.067]
[s1] close-entry e7: hand=[0.554, 0.035, 0.185] cup_gt=[0.554, 0.027]
[close] e1 t=73 hand_z=0.184 dxy=0.190 stall=0.799
[s1] step=6600 stages=['FAIL', 'CLOSE', 'IDLE', 'CLOSE', 'CLOSE', 'IDLE', 'ALIGN', 'CLOSE'] picks=5 places=5 hand0=[0.447, -0.102, 0.174] cup_xy0=[0.461, -0.059]
[s1] acquire e0: vision=[0.482, -0.038] gt=[0.482, -0.039]
[close] e1 t=133 hand_z=0.184 dxy=0.206 stall=0.799
[s1] step=6700 stages=['DESCEND', 'CLOSE', 'FAIL', 'CLOSE', 'CLOSE', 'IDLE', 'ALIGN', 'CLOSE'] picks=5 places=5 hand0=[0.447, -0.026, 0.245] cup_xy0=[0.482, -0.038]
[close] e1 t=193 hand_z=0.184 dxy=0.208 stall=0.799
[s1] close-entry e0: hand=[0.481, -0.043, 0.183] cup_gt=[0.482, -0.039]
[close] e0 t=32 hand_z=0.186 dxy=0.005 stall=0.365
[s1] step=6800 stages=['CLOSE', 'FAIL', 'IDLE', 'ALIGN', 'FAIL', 'ALIGN', 'ALIGN', 'CLOSE'] picks=5 places=5 hand0=[0.485, -0.005, 0.188] cup_xy0=[0.482, -0.038]
[close] e0 t=92 hand_z=0.187 dxy=0.003 stall=0.399
[close] e0 t=152 hand_z=0.187 dxy=0.003 stall=0.399
[s1] step=6900 stages=['CLOSE', 'ALIGN', 'IDLE', 'DESCEND', 'ALIGN', 'DESCEND', 'FAIL', 'IDLE'] picks=5 places=5 hand0=[0.485, -0.003, 0.187] cup_xy0=[0.482, -0.038]
[s1] close-entry e3: hand=[0.4, 0.023, 0.191] cup_gt=[0.397, 0.01]
[s1] close-entry e5: hand=[0.466, -0.037, 0.184] cup_gt=[0.516, -0.036]
[close] e0 t=212 hand_z=0.187 dxy=0.003 stall=0.400
[s1] step=7000 stages=['FAIL', 'DESCEND', 'IDLE', 'CLOSE', 'DESCEND', 'CLOSE', 'ALIGN', 'DESCEND'] picks=5 places=5 hand0=[0.483, -0.001, 0.186] cup_xy0=[0.482, -0.038]
[s1] close-entry e1: hand=[0.536, 0.013, 0.189] cup_gt=[0.541, -0.021]
[close] e1 t=9 hand_z=0.203 dxy=0.018 stall=0.637
[s1] close-entry e4: hand=[0.518, 0.044, 0.188] cup_gt=[0.477, 0.02]
[s1] close-entry e7: hand=[0.538, 0.005, 0.183] cup_gt=[0.51, -0.007]
[close] e1 t=69 hand_z=0.212 dxy=0.017 stall=0.801
[s1] acquire e0: vision=[0.306, 0.022] gt=[0.297, 0.017]
[s1] step=7100 stages=['ALIGN', 'CLOSE', 'FAIL', 'CLOSE', 'CLOSE', 'CLOSE', 'ALIGN', 'CLOSE'] picks=5 places=5 hand0=[0.264, 0.094, 0.535] cup_xy0=[0.306, 0.022]
[close] e1 t=129 hand_z=0.212 dxy=0.020 stall=0.801
[s1] close-entry e0: hand=[0.302, 0.029, 0.184] cup_gt=[0.309, 0.08]
[close] e0 t=21 hand_z=0.194 dxy=0.079 stall=0.696
[s1] step=7200 stages=['CLOSE', 'CLOSE', 'IDLE', 'FAIL', 'CLOSE', 'FAIL', 'DESCEND', 'CLOSE'] picks=5 places=5 hand0=[0.315, 0.031, 0.194] cup_xy0=[0.306, 0.022]
[close] e0 t=81 hand_z=0.194 dxy=0.106 stall=0.798
[s1] step=7300 stages=['CLOSE', 'FAIL', 'IDLE', 'ALIGN', 'FAIL', 'ALIGN', 'DESCEND', 'FAIL'] picks=5 places=5 hand0=[0.316, 0.031, 0.194] cup_xy0=[0.306, 0.022]
[close] e0 t=141 hand_z=0.194 dxy=0.109 stall=0.798
[close] e0 t=201 hand_z=0.194 dxy=0.110 stall=0.798
[s1] close-entry e5: hand=[0.476, 0.069, 0.192] cup_gt=[0.471, 0.08]
[s1] step=7400 stages=['CLOSE', 'ALIGN', 'IDLE', 'ALIGN', 'ALIGN', 'CLOSE', 'DESCEND', 'ALIGN'] picks=5 places=5 hand0=[0.316, 0.031, 0.194] cup_xy0=[0.306, 0.022]
[close] e5 t=45 hand_z=0.158 dxy=0.059 stall=0.352
[s1] close-entry e1: hand=[0.511, 0.077, 0.183] cup_gt=[0.506, 0.074]
[close] e1 t=24 hand_z=0.198 dxy=0.006 stall=0.483
[s1] step=7500 stages=['IDLE', 'CLOSE', 'IDLE', 'DESCEND', 'DESCEND', 'CLOSE', 'DESCEND', 'ALIGN'] picks=5 places=5 hand0=[0.383, 0.123, 0.514] cup_xy0=[0.306, 0.022]
[s1] acquire e0: vision=[0.565, -0.007] gt=[0.561, -0.008]
[close] e1 t=84 hand_z=0.201 dxy=0.010 stall=0.491
[s1] step=7600 stages=['ALIGN', 'CLOSE', 'IDLE', 'DESCEND', 'DESCEND', 'CLOSE', 'FAIL', 'DESCEND'] picks=5 places=5 hand0=[0.557, 0.051, 0.339] cup_xy0=[0.565, -0.007]
[close] e1 t=144 hand_z=0.201 dxy=0.010 stall=0.491
[s1] close-entry e4: hand=[0.409, 0.001, 0.19] cup_gt=[0.426, 0.012]
[close] e1 t=204 hand_z=0.201 dxy=0.010 stall=0.491
[s1] step=7700 stages=['DESCEND', 'CLOSE', 'IDLE', 'DESCEND', 'CLOSE', 'IDLE', 'ALIGN', 'DESCEND'] picks=5 places=5 hand0=[0.571, -0.013, 0.198] cup_xy0=[0.565, -0.007]
[s1] grasp-geom e1: hand-cup_xy=0.010 cup_gt=[0.514, 0.137, 0.044] vision_xy=[0.515, 0.07]
[s1] GRASP (drive stall) envs [1] stall=[0.491]
[lift] e1 t=3 cup_z=0.044 hand_z=0.201 stall=0.491
[close] e4 t=117 hand_z=0.173 dxy=0.089 stall=0.406
[lift] e1 t=23 cup_z=0.059 hand_z=0.215 stall=0.493
[s1] close-entry e0: hand=[0.564, -0.014, 0.187] cup_gt=[0.585, -0.013]
[s1] LIFTED envs [1] (physical, friction-held)
[s1] close-entry e7: hand=[0.52, -0.103, 0.192] cup_gt=[0.533, -0.1]
[close] e0 t=53 hand_z=0.160 dxy=0.017 stall=0.495
[s1] step=7800 stages=['CLOSE', 'CARRY', 'FAIL', 'DESCEND', 'CLOSE', 'DESCEND', 'ALIGN', 'CLOSE'] picks=6 places=5 hand0=[0.548, 0.027, 0.16] cup_xy0=[0.565, -0.007]
[close] e0 t=113 hand_z=0.160 dxy=0.017 stall=0.495
[s1] close-entry e5: hand=[0.496, -0.012, 0.183] cup_gt=[0.49, -0.02]
[s1] step=7900 stages=['CLOSE', 'CARRY', 'IDLE', 'IDLE', 'FAIL', 'CLOSE', 'ALIGN', 'CLOSE'] picks=6 places=5 hand0=[0.548, 0.027, 0.16] cup_xy0=[0.565, -0.007]
[close] e0 t=173 hand_z=0.160 dxy=0.017 stall=0.495
[close] e0 t=233 hand_z=0.160 dxy=0.017 stall=0.495
[s1] grasp-geom e0: hand-cup_xy=0.017 cup_gt=[0.564, 0.032, 0.02] vision_xy=[0.565, -0.007]
[s1] GRASP (drive stall) envs [0] stall=[0.495]
[lift] e0 t=12 cup_z=0.020 hand_z=0.162 stall=0.494
[s1] step=8000 stages=['LIFT', 'CARRY', 'IDLE', 'DESCEND', 'ALIGN', 'CLOSE', 'ALIGN', 'CLOSE'] picks=6 places=5 hand0=[0.532, 0.038, 0.162] cup_xy0=[0.565, -0.007]
[lift] e0 t=32 cup_z=0.063 hand_z=0.205 stall=0.496
[s1] LIFTED envs [0] (physical, friction-held)
[close] e5 t=166 hand_z=0.161 dxy=0.046 stall=0.401
[s1] close-entry e3: hand=[0.485, -0.049, 0.187] cup_gt=[0.482, -0.051]
[close] e3 t=29 hand_z=0.202 dxy=0.041 stall=0.384
[s1] step=8100 stages=['PLACE', 'CARRY', 'IDLE', 'CLOSE', 'DESCEND', 'CLOSE', 'FAIL', 'IDLE'] picks=7 places=5 hand0=[0.526, -0.246, 0.24] cup_xy0=[0.565, -0.007]
[s1] close-entry e4: hand=[0.434, 0.035, 0.185] cup_gt=[0.467, 0.03]
[close] e3 t=89 hand_z=0.203 dxy=0.046 stall=0.402
[s1] step=8200 stages=['DONE', 'FAIL', 'FAIL', 'CLOSE', 'CLOSE', 'IDLE', 'IDLE', 'DESCEND'] picks=7 places=5 hand0=[0.589, -0.086, 0.16] cup_xy0=[0.565, -0.007]
[close] e3 t=149 hand_z=0.203 dxy=0.046 stall=0.402
[s1] close-entry e7: hand=[0.422, 0.04, 0.19] cup_gt=[0.419, 0.025]
[close] e3 t=209 hand_z=0.203 dxy=0.046 stall=0.402
[s1] step=8300 stages=['IDLE', 'IDLE', 'IDLE', 'CLOSE', 'CLOSE', 'DESCEND', 'IDLE', 'CLOSE'] picks=7 places=5 hand0=[0.32, -0.033, 0.546] cup_xy0=[0.565, -0.007]
[s1] acquire e0: vision=[0.452, 0.064] gt=[0.453, 0.06]
[s1] close-entry e5: hand=[0.555, 0.022, 0.186] cup_gt=[0.551, 0.009]
[close] e4 t=217 hand_z=0.168 dxy=0.046 stall=0.398
[close] e5 t=69 hand_z=0.157 dxy=0.023 stall=0.362
[s1] step=8400 stages=['DESCEND', 'DESCEND', 'IDLE', 'IDLE', 'FAIL', 'CLOSE', 'ALIGN', 'CLOSE'] picks=7 places=5 hand0=[0.443, 0.04, 0.248] cup_xy0=[0.452, 0.064]
[s1] close-entry e1: hand=[0.465, 0.02, 0.182] cup_gt=[0.511, 0.047]
[s1] close-entry e0: hand=[0.456, 0.063, 0.191] cup_gt=[0.452, 0.06]
[close] e0 t=29 hand_z=0.173 dxy=0.006 stall=0.493
[s1] step=8500 stages=['CLOSE', 'CLOSE', 'IDLE', 'DESCEND', 'ALIGN', 'CLOSE', 'ALIGN', 'CLOSE'] picks=7 places=5 hand0=[0.448, 0.062, 0.173] cup_xy0=[0.452, 0.064]
[close] e0 t=89 hand_z=0.173 dxy=0.008 stall=0.497
[s1] close-entry e3: hand=[0.472, 0.009, 0.184] cup_gt=[0.485, -0.059]
[close] e0 t=149 hand_z=0.173 dxy=0.008 stall=0.497
[s1] step=8600 stages=['CLOSE', 'CLOSE', 'IDLE', 'CLOSE', 'DESCEND', 'FAIL', 'ALIGN', 'IDLE'] picks=7 places=5 hand0=[0.448, 0.061, 0.173] cup_xy0=[0.452, 0.064]
[s1] close-entry e4: hand=[0.575, 0.001, 0.187] cup_gt=[0.594, 0.041]
[close] e0 t=209 hand_z=0.173 dxy=0.008 stall=0.497
[s1] grasp-geom e0: hand-cup_xy=0.008 cup_gt=[0.449, 0.069, 0.021] vision_xy=[0.452, 0.064]
[s1] GRASP (drive stall) envs [0] stall=[0.497]
[lift] e0 t=8 cup_z=0.021 hand_z=0.173 stall=0.497
[close] e3 t=126 hand_z=0.185 dxy=0.113 stall=0.400
[lift] e0 t=28 cup_z=0.032 hand_z=0.177 stall=0.495
[s1] step=8700 stages=['LIFT', 'FAIL', 'IDLE', 'CLOSE', 'CLOSE', 'ALIGN', 'ALIGN', 'DESCEND'] picks=7 places=5 hand0=[0.402, 0.055, 0.177] cup_xy0=[0.452, 0.064]
[lift] e0 t=48 cup_z=0.080 hand_z=0.225 stall=0.496
[s1] LIFTED envs [0] (physical, friction-held)
[close] e3 t=186 hand_z=0.185 dxy=0.112 stall=0.400
[s1] close-entry e7: hand=[0.492, -0.079, 0.192] cup_gt=[0.536, -0.049]
[s1] step=8800 stages=['CARRY', 'ALIGN', 'IDLE', 'CLOSE', 'CLOSE', 'DESCEND', 'FAIL', 'CLOSE'] picks=8 places=5 hand0=[0.455, -0.004, 0.334] cup_xy0=[0.452, 0.064]
[close] e4 t=204 hand_z=0.213 dxy=0.135 stall=0.425
[close] e7 t=98 hand_z=0.165 dxy=0.064 stall=0.409
[s1] close-entry e1: hand=[0.573, -0.07, 0.191] cup_gt=[0.63, -0.018]
[s1] step=8900 stages=['RELEASE', 'CLOSE', 'FAIL', 'IDLE', 'FAIL', 'DESCEND', 'ALIGN', 'CLOSE'] picks=8 places=5 hand0=[0.45, -0.111, 0.184] cup_xy0=[0.452, 0.064]
[s1] close-entry e5: hand=[0.431, 0.066, 0.191] cup_gt=[0.436, 0.059]
[close] e1 t=52 hand_z=0.204 dxy=0.191 stall=0.418
[s1] PLACED envs [0] (full physical pick-move-place)
[rec] episode 33/60 saved (len=330, env=0)
[close] e1 t=112 hand_z=0.205 dxy=0.200 stall=0.418
[s1] step=9000 stages=['DONE', 'CLOSE', 'IDLE', 'DESCEND', 'DESCEND', 'CLOSE', 'ALIGN', 'CLOSE'] picks=8 places=6 hand0=[0.436, -0.137, 0.164] cup_xy0=[0.452, 0.064]
[close] e1 t=172 hand_z=0.205 dxy=0.201 stall=0.418
[s1] close-entry e3: hand=[0.574, 0.078, 0.189] cup_gt=[0.777, 0.304]
[s1] close-entry e4: hand=[0.457, -0.006, 0.186] cup_gt=[0.449, -0.047]
[s1] acquire e0: vision=[0.517, -0.078] gt=[0.515, -0.077]
[s1] step=9100 stages=['ALIGN', 'CLOSE', 'IDLE', 'CLOSE', 'CLOSE', 'CLOSE', 'ALIGN', 'IDLE'] picks=8 places=6 hand0=[0.41, 0.066, 0.426] cup_xy0=[0.517, -0.078]
[close] e1 t=232 hand_z=0.205 dxy=0.201 stall=0.418
[close] e3 t=119 hand_z=0.193 dxy=0.631 stall=0.396
[s1] step=9200 stages=['ALIGN', 'IDLE', 'IDLE', 'CLOSE', 'CLOSE', 'FAIL', 'ALIGN', 'DESCEND'] picks=8 places=6 hand0=[0.514, 0.027, 0.353] cup_xy0=[0.517, -0.078]
[close] e3 t=179 hand_z=0.193 dxy=0.636 stall=0.396
[close] e3 t=239 hand_z=0.193 dxy=0.637 stall=0.396
[s1] step=9300 stages=['ALIGN', 'DESCEND', 'IDLE', 'CLOSE', 'CLOSE', 'ALIGN', 'FAIL', 'DESCEND'] picks=8 places=6 hand0=[0.515, 0.015, 0.351] cup_xy0=[0.517, -0.078]
[s1] close-entry e7: hand=[0.465, -0.064, 0.184] cup_gt=[0.49, -0.068]
[close] e7 t=27 hand_z=0.182 dxy=0.028 stall=0.356
[s1] close-entry e1: hand=[0.509, -0.024, 0.187] cup_gt=[0.506, -0.021]
[s1] close-entry e5: hand=[0.564, 0.025, 0.185] cup_gt=[0.563, 0.017]
[s1] step=9400 stages=['ALIGN', 'CLOSE', 'IDLE', 'IDLE', 'IDLE', 'CLOSE', 'IDLE', 'CLOSE'] picks=8 places=6 hand0=[0.514, 0.015, 0.348] cup_xy0=[0.517, -0.078]
[close] e1 t=51 hand_z=0.146 dxy=0.061 stall=0.214
[close] e1 t=111 hand_z=0.145 dxy=0.061 stall=0.199
[s1] step=9500 stages=['FAIL', 'CLOSE', 'IDLE', 'DESCEND', 'DESCEND', 'CLOSE', 'ALIGN', 'CLOSE'] picks=8 places=6 hand0=[0.515, 0.014, 0.352] cup_xy0=[0.517, -0.078]
[s1] close-entry e3: hand=[0.53, 0.06, 0.185] cup_gt=[0.51, 0.045]
[close] e1 t=171 hand_z=0.144 dxy=0.061 stall=0.193
[s1] close-entry e4: hand=[0.439, -0.053, 0.182] cup_gt=[0.436, -0.043]
[close] e1 t=231 hand_z=0.144 dxy=0.061 stall=0.194
[s1] step=9600 stages=['IDLE', 'CLOSE', 'FAIL', 'CLOSE', 'CLOSE', 'CLOSE', 'ALIGN', 'FAIL'] picks=8 places=6 hand0=[0.404, 0.019, 0.202] cup_xy0=[0.517, -0.078]
[s1] acquire e0: vision=[0.25, 0.271] gt=[0.26, 0.284]
[close] e3 t=148 hand_z=0.215 dxy=0.084 stall=0.433
[s1] step=9700 stages=['DESCEND', 'IDLE', 'IDLE', 'CLOSE', 'CLOSE', 'IDLE', 'ALIGN', 'ALIGN'] picks=8 places=6 hand0=[0.224, 0.29, 0.308] cup_xy0=[0.25, 0.271]
[close] e3 t=208 hand_z=0.215 dxy=0.085 stall=0.433
[s1] close-entry e0: hand=[0.245, 0.272, 0.187] cup_gt=[0.268, 0.311]
[close] e0 t=24 hand_z=0.200 dxy=0.052 stall=0.355
[s1] step=9800 stages=['CLOSE', 'ALIGN', 'IDLE', 'FAIL', 'FAIL', 'DESCEND', 'ALIGN', 'DESCEND'] picks=8 places=6 hand0=[0.291, 0.245, 0.201] cup_xy0=[0.25, 0.271]
[s1] close-entry e7: hand=[0.495, 0.065, 0.185] cup_gt=[0.495, 0.119]
[s1] close-entry e5: hand=[0.555, -0.061, 0.185] cup_gt=[0.537, -0.073]
[close] e0 t=84 hand_z=0.201 dxy=0.088 stall=0.429
[close] e0 t=144 hand_z=0.201 dxy=0.139 stall=0.429
[s1] step=9900 stages=['CLOSE', 'DESCEND', 'IDLE', 'ALIGN', 'ALIGN', 'CLOSE', 'DESCEND', 'CLOSE'] picks=8 places=6 hand0=[0.343, 0.165, 0.201] cup_xy0=[0.25, 0.271]
[s1] close-entry e1: hand=[0.433, 0.016, 0.191] cup_gt=[0.452, 0.032]
[close] e0 t=204 hand_z=0.201 dxy=0.161 stall=0.429
[s1] step=10000 stages=['FAIL', 'CLOSE', 'FAIL', 'DESCEND', 'DESCEND', 'CLOSE', 'DESCEND', 'CLOSE'] picks=8 places=6 hand0=[0.355, 0.138, 0.201] cup_xy0=[0.25, 0.271]
[s1] close-entry e6: hand=[0.441, -0.061, 0.19] cup_gt=[0.449, -0.034]
[s1] close-entry e3: hand=[0.497, -0.049, 0.188] cup_gt=[0.541, -0.068]
[close] e1 t=119 hand_z=0.161 dxy=0.040 stall=0.418
[close] e1 t=179 hand_z=0.161 dxy=0.040 stall=0.418
[s1] acquire e0: vision=[0.423, -0.071] gt=[0.425, -0.07]
[s1] step=10100 stages=['ALIGN', 'CLOSE', 'IDLE', 'CLOSE', 'DESCEND', 'FAIL', 'CLOSE', 'FAIL'] picks=8 places=6 hand0=[0.379, 0.006, 0.502] cup_xy0=[0.423, -0.071]
[close] e1 t=239 hand_z=0.161 dxy=0.040 stall=0.418
[close] e3 t=193 hand_z=0.208 dxy=0.056 stall=0.401
[s1] step=10200 stages=['DESCEND', 'FAIL', 'IDLE', 'CLOSE', 'DESCEND', 'ALIGN', 'CLOSE', 'ALIGN'] picks=8 places=6 hand0=[0.425, -0.054, 0.187] cup_xy0=[0.423, -0.071]
[s1] close-entry e0: hand=[0.424, -0.071, 0.191] cup_gt=[0.425, -0.069]
[close] e0 t=40 hand_z=0.180 dxy=0.003 stall=0.440
[s1] step=10300 stages=['CLOSE', 'ALIGN', 'IDLE', 'FAIL', 'DESCEND', 'DESCEND', 'FAIL', 'DESCEND'] picks=8 places=6 hand0=[0.415, -0.026, 0.172] cup_xy0=[0.423, -0.071]
[s1] close-entry e7: hand=[0.556, 0.002, 0.184] cup_gt=[0.498, -0.035]
[close] e0 t=100 hand_z=0.172 dxy=0.004 stall=0.437
[s1] close-entry e4: hand=[0.513, 0.037, 0.188] cup_gt=[0.457, -0.134]
[close] e0 t=160 hand_z=0.172 dxy=0.004 stall=0.437
[s1] step=10400 stages=['CLOSE', 'DESCEND', 'IDLE', 'ALIGN', 'CLOSE', 'DESCEND', 'ALIGN', 'CLOSE'] picks=8 places=6 hand0=[0.416, -0.025, 0.172] cup_xy0=[0.423, -0.071]
[s1] close-entry e5: hand=[0.425, 0.022, 0.189] cup_gt=[0.45, 0.069]
[close] e0 t=220 hand_z=0.172 dxy=0.004 stall=0.437
[s1] close-entry e1: hand=[0.412, 0.005, 0.192] cup_gt=[0.43, -0.012]
[s1] close-entry e3: hand=[0.545, 0.049, 0.182] cup_gt=[0.542, 0.045]
[close] e1 t=57 hand_z=0.179 dxy=0.014 stall=0.377
[s1] step=10500 stages=['FAIL', 'CLOSE', 'IDLE', 'CLOSE', 'CLOSE', 'CLOSE', 'DESCEND', 'CLOSE'] picks=8 places=6 hand0=[0.415, -0.022, 0.171] cup_xy0=[0.423, -0.071]
[s1] acquire e0: vision=[0.515, -0.028] gt=[0.512, -0.028]
[close] e1 t=117 hand_z=0.179 dxy=0.014 stall=0.382
[s1] step=10600 stages=['ALIGN', 'CLOSE', 'IDLE', 'CLOSE', 'FAIL', 'CLOSE', 'DESCEND', 'FAIL'] picks=8 places=6 hand0=[0.508, -0.052, 0.335] cup_xy0=[0.515, -0.028]
[close] e1 t=177 hand_z=0.179 dxy=0.014 stall=0.382
[s1] close-entry e6: hand=[0.493, -0.018, 0.184] cup_gt=[0.505, 0.036]
[close] e1 t=237 hand_z=0.179 dxy=0.013 stall=0.382
[s1] step=10700 stages=['DESCEND', 'FAIL', 'FAIL', 'FAIL', 'ALIGN', 'FAIL', 'CLOSE', 'DESCEND'] picks=8 places=6 hand0=[0.512, -0.03, 0.325] cup_xy0=[0.515, -0.028]
[s1] close-entry e7: hand=[0.42, 0.083, 0.191] cup_gt=[0.419, 0.069]
[close] e6 t=105 hand_z=0.171 dxy=0.304 stall=0.799
[close] e6 t=165 hand_z=0.171 dxy=0.313 stall=0.799
[s1] step=10800 stages=['DESCEND', 'IDLE', 'IDLE', 'ALIGN', 'DESCEND', 'ALIGN', 'CLOSE', 'CLOSE'] picks=8 places=6 hand0=[0.158, 0.233, 0.156] cup_xy0=[0.515, -0.028]
[s1] close-entry e4: hand=[0.44, 0.017, 0.192] cup_gt=[0.441, 0.013]
[close] e4 t=40 hand_z=0.187 dxy=0.005 stall=0.388
[s1] close-entry e5: hand=[0.506, -0.027, 0.189] cup_gt=[0.502, -0.043]
[s1] step=10900 stages=['DESCEND', 'ALIGN', 'IDLE', 'DESCEND', 'CLOSE', 'CLOSE', 'FAIL', 'CLOSE'] picks=8 places=6 hand0=[0.278, 0.181, 0.395] cup_xy0=[0.515, -0.028]
[close] e4 t=100 hand_z=0.187 dxy=0.005 stall=0.388
[s1] close-entry e3: hand=[0.562, 0.024, 0.185] cup_gt=[0.523, 0.011]
[close] e3 t=58 hand_z=0.196 dxy=0.058 stall=0.424
[s1] step=11000 stages=['DESCEND', 'DESCEND', 'IDLE', 'CLOSE', 'CLOSE', 'CLOSE', 'ALIGN', 'FAIL'] picks=8 places=6 hand0=[0.469, 0.133, 0.292] cup_xy0=[0.515, -0.028]
[close] e3 t=118 hand_z=0.196 dxy=0.058 stall=0.424
[s1] close-entry e0: hand=[0.515, -0.031, 0.191] cup_gt=[0.498, -0.053]
[close] e0 t=26 hand_z=0.161 dxy=0.037 stall=0.361
[s1] step=11100 stages=['CLOSE', 'DESCEND', 'IDLE', 'CLOSE', 'FAIL', 'CLOSE', 'DESCEND', 'ALIGN'] picks=8 places=6 hand0=[0.495, -0.046, 0.161] cup_xy0=[0.515, -0.028]
[s1] close-entry e6: hand=[0.512, -0.034, 0.186] cup_gt=[0.509, -0.016]
[close] e0 t=86 hand_z=0.159 dxy=0.041 stall=0.391
[s1] step=11200 stages=['CLOSE', 'DESCEND', 'IDLE', 'FAIL', 'ALIGN', 'ALIGN', 'CLOSE', 'DESCEND'] picks=8 places=6 hand0=[0.493, -0.046, 0.159] cup_xy0=[0.515, -0.028]
[close] e0 t=146 hand_z=0.159 dxy=0.041 stall=0.391
[s1] close-entry e7: hand=[0.442, 0.025, 0.188] cup_gt=[0.457, 0.032]
[close] e0 t=206 hand_z=0.159 dxy=0.041 stall=0.391
[s1] step=11300 stages=['CLOSE', 'DESCEND', 'IDLE', 'ALIGN', 'DESCEND', 'DESCEND', 'CLOSE', 'CLOSE'] picks=8 places=6 hand0=[0.493, -0.046, 0.159] cup_xy0=[0.515, -0.028]
[s1] close-entry e4: hand=[0.414, -0.108, 0.191] cup_gt=[0.433, -0.13]
[s1] close-entry e5: hand=[0.522, 0.02, 0.189] cup_gt=[0.544, -0.001]
[close] e4 t=4 hand_z=0.187 dxy=0.025 stall=0.241
[s1] close-entry e3: hand=[0.483, -0.025, 0.189] cup_gt=[0.514, -0.021]
[close] e3 t=17 hand_z=0.158 dxy=0.058 stall=0.289
[s1] step=11400 stages=['IDLE', 'IDLE', 'IDLE', 'CLOSE', 'CLOSE', 'CLOSE', 'FAIL', 'CLOSE'] picks=8 places=6 hand0=[0.297, -0.025, 0.167] cup_xy0=[0.515, -0.028]
[close] e3 t=77 hand_z=0.159 dxy=0.059 stall=0.344
[s1] acquire e0: vision=[0.514, 0.045] gt=[0.522, 0.04]
[s1] step=11500 stages=['ALIGN', 'DESCEND', 'IDLE', 'CLOSE', 'CLOSE', 'CLOSE', 'ALIGN', 'CLOSE'] picks=8 places=6 hand0=[0.507, 0.085, 0.316] cup_xy0=[0.514, 0.045]
[close] e3 t=137 hand_z=0.159 dxy=0.059 stall=0.344
[s1] close-entry e1: hand=[0.459, -0.039, 0.19] cup_gt=[0.457, -0.037]
[s1] close-entry e6: hand=[0.557, -0.05, 0.19] cup_gt=[0.59, -0.015]
[close] e1 t=18 hand_z=0.165 dxy=0.014 stall=0.306
[s1] step=11600 stages=['DESCEND', 'CLOSE', 'IDLE', 'CLOSE', 'FAIL', 'FAIL', 'CLOSE', 'IDLE'] picks=8 places=6 hand0=[0.482, -0.081, 0.25] cup_xy0=[0.514, 0.045]
[close] e1 t=78 hand_z=0.160 dxy=0.019 stall=0.389
[close] e1 t=138 hand_z=0.160 dxy=0.019 stall=0.389
[s1] step=11700 stages=['DESCEND', 'CLOSE', 'IDLE', 'IDLE', 'ALIGN', 'ALIGN', 'CLOSE', 'DESCEND'] picks=8 places=6 hand0=[0.006, -0.309, 0.198] cup_xy0=[0.514, 0.045]
[s1] close-entry e7: hand=[0.465, 0.057, 0.189] cup_gt=[0.462, 0.04]
[close] e1 t=198 hand_z=0.160 dxy=0.019 stall=0.389
[s1] close-entry e4: hand=[0.442, -0.067, 0.192] cup_gt=[0.448, -0.049]
[s1] step=11800 stages=['DESCEND', 'CLOSE', 'FAIL', 'DESCEND', 'CLOSE', 'DESCEND', 'CLOSE', 'CLOSE'] picks=8 places=6 hand0=[0.317, -0.22, 0.257] cup_xy0=[0.514, 0.045]
[close] e4 t=35 hand_z=0.196 dxy=0.045 stall=0.389
[s1] close-entry e3: hand=[0.459, -0.046, 0.192] cup_gt=[0.458, -0.05]
[close] e3 t=5 hand_z=0.188 dxy=0.003 stall=0.239
[s1] close-entry e5: hand=[0.408, -0.038, 0.187] cup_gt=[0.435, -0.006]
[s1] step=11900 stages=['DESCEND', 'ALIGN', 'IDLE', 'CLOSE', 'CLOSE', 'CLOSE', 'IDLE', 'CLOSE'] picks=8 places=6 hand0=[0.552, 0.046, 0.186] cup_xy0=[0.514, 0.045]
[close] e3 t=65 hand_z=0.183 dxy=0.005 stall=0.414
[s1] close-entry e1: hand=[0.419, 0.133, 0.191] cup_gt=[0.394, 0.244]
[close] e1 t=7 hand_z=0.187 dxy=0.111 stall=0.246
[s1] step=12000 stages=['FAIL', 'CLOSE', 'IDLE', 'CLOSE', 'CLOSE', 'CLOSE', 'DESCEND', 'FAIL'] picks=8 places=6 hand0=[0.53, 0.067, 0.181] cup_xy0=[0.514, 0.045]
[close] e1 t=67 hand_z=0.184 dxy=0.108 stall=0.378
[s1] acquire e0: vision=[0.466, -0.007] gt=[0.466, -0.008]
[s1] close-entry e6: hand=[0.446, 0.023, 0.192] cup_gt=[0.45, -0.005]
[s1] step=12100 stages=['ALIGN', 'CLOSE', 'IDLE', 'CLOSE', 'IDLE', 'CLOSE', 'CLOSE', 'DESCEND'] picks=8 places=6 hand0=[0.308, 0.13, 0.514] cup_xy0=[0.466, -0.007]
[close] e1 t=127 hand_z=0.184 dxy=0.108 stall=0.378
[s1] close-entry e7: hand=[0.451, 0.047, 0.184] cup_gt=[0.488, 0.049]
[close] e1 t=187 hand_z=0.184 dxy=0.109 stall=0.378
[s1] step=12200 stages=['DESCEND', 'CLOSE', 'IDLE', 'IDLE', 'DESCEND', 'IDLE', 'CLOSE', 'CLOSE'] picks=8 places=6 hand0=[0.47, 0.028, 0.232] cup_xy0=[0.466, -0.007]
[s1] close-entry e0: hand=[0.467, -0.004, 0.192] cup_gt=[0.45, -0.037]
[close] e0 t=12 hand_z=0.186 dxy=0.027 stall=0.291
[s1] close-entry e4: hand=[0.504, 0.038, 0.188] cup_gt=[0.537, 0.061]
[close] e0 t=72 hand_z=0.176 dxy=0.029 stall=0.401
[s1] step=12300 stages=['CLOSE', 'IDLE', 'IDLE', 'DESCEND', 'CLOSE', 'ALIGN', 'CLOSE', 'CLOSE'] picks=8 places=6 hand0=[0.461, -0.031, 0.176] cup_xy0=[0.466, -0.007]
[close] e0 t=132 hand_z=0.176 dxy=0.032 stall=0.401
[s1] close-entry e3: hand=[0.471, -0.05, 0.192] cup_gt=[0.482, -0.025]
[s1] step=12400 stages=['CLOSE', 'ALIGN', 'IDLE', 'CLOSE', 'CLOSE', 'DESCEND', 'IDLE', 'FAIL'] picks=8 places=6 hand0=[0.46, -0.031, 0.176] cup_xy0=[0.466, -0.007]
[close] e0 t=192 hand_z=0.176 dxy=0.032 stall=0.401
[close] e3 t=91 hand_z=0.162 dxy=0.043 stall=0.405
[s1] step=12500 stages=['FAIL', 'DESCEND', 'FAIL', 'CLOSE', 'FAIL', 'DESCEND', 'ALIGN', 'ALIGN'] picks=8 places=6 hand0=[0.459, -0.031, 0.175] cup_xy0=[0.466, -0.007]
[close] e3 t=151 hand_z=0.162 dxy=0.044 stall=0.405
[s1] close-entry e1: hand=[0.498, -0.022, 0.184] cup_gt=[0.541, -0.038]
[s1] acquire e0: vision=[0.515, -0.029] gt=[0.512, -0.029]
[close] e1 t=54 hand_z=0.157 dxy=0.082 stall=0.364
[s1] step=12600 stages=['ALIGN', 'CLOSE', 'IDLE', 'CLOSE', 'ALIGN', 'DESCEND', 'DESCEND', 'DESCEND'] picks=8 places=6 hand0=[0.498, -0.022, 0.445] cup_xy0=[0.515, -0.029]
[s1] close-entry e7: hand=[0.459, 0.069, 0.183] cup_gt=[0.446, 0.061]
[s1] close-entry e6: hand=[0.484, 0.011, 0.183] cup_gt=[0.513, 0.04]
[close] e1 t=114 hand_z=0.158 dxy=0.083 stall=0.364
[s1] close-entry e0: hand=[0.514, -0.035, 0.191] cup_gt=[0.505, -0.051]
[s1] close-entry e4: hand=[0.524, -0.075, 0.19] cup_gt=[0.521, -0.075]
[s1] step=12700 stages=['CLOSE', 'CLOSE', 'IDLE', 'IDLE', 'CLOSE', 'DESCEND', 'CLOSE', 'CLOSE'] picks=8 places=6 hand0=[0.485, -0.102, 0.158] cup_xy0=[0.515, -0.029]
[close] e0 t=56 hand_z=0.158 dxy=0.013 stall=0.359
[close] e0 t=116 hand_z=0.158 dxy=0.012 stall=0.360
[s1] step=12800 stages=['CLOSE', 'FAIL', 'IDLE', 'ALIGN', 'CLOSE', 'FAIL', 'CLOSE', 'CLOSE'] picks=8 places=6 hand0=[0.484, -0.108, 0.158] cup_xy0=[0.515, -0.029]
[close] e0 t=176 hand_z=0.158 dxy=0.012 stall=0.361
[close] e0 t=236 hand_z=0.158 dxy=0.012 stall=0.361
[s1] step=12900 stages=['CLOSE', 'IDLE', 'FAIL', 'DESCEND', 'CLOSE', 'IDLE', 'FAIL', 'FAIL'] picks=8 places=6 hand0=[0.484, -0.11, 0.158] cup_xy0=[0.515, -0.029]
[s1] close-entry e3: hand=[0.432, 0.082, 0.191] cup_gt=[0.443, 0.075]
[close] e3 t=46 hand_z=0.196 dxy=0.015 stall=0.380
[s1] step=13000 stages=['IDLE', 'DESCEND', 'IDLE', 'CLOSE', 'IDLE', 'DESCEND', 'IDLE', 'ALIGN'] picks=8 places=6 hand0=[0.347, 0.053, 0.439] cup_xy0=[0.515, -0.029]
[s1] close-entry e5: hand=[0.579, -0.031, 0.184] cup_gt=[0.575, -0.039]
[s1] close-entry e1: hand=[0.339, 0.172, 0.188] cup_gt=[0.31, 0.203]
[close] e1 t=14 hand_z=0.178 dxy=0.032 stall=0.293
[s1] acquire e0: vision=[0.573, 0.045] gt=[0.569, 0.041]
[close] e1 t=74 hand_z=0.174 dxy=0.043 stall=0.403
[s1] step=13100 stages=['DESCEND', 'CLOSE', 'IDLE', 'CLOSE', 'ALIGN', 'CLOSE', 'DESCEND', 'DESCEND'] picks=8 places=6 hand0=[0.544, 0.108, 0.292] cup_xy0=[0.573, 0.045]
[s1] close-entry e7: hand=[0.54, -0.055, 0.188] cup_gt=[0.54, -0.043]
[close] e1 t=134 hand_z=0.174 dxy=0.048 stall=0.403
[s1] close-entry e0: hand=[0.574, 0.039, 0.185] cup_gt=[0.616, -0.012]
[s1] close-entry e6: hand=[0.463, 0.022, 0.192] cup_gt=[0.463, 0.007]
[close] e0 t=52 hand_z=0.205 dxy=0.173 stall=0.418
[s1] step=13200 stages=['CLOSE', 'CLOSE', 'IDLE', 'FAIL', 'ALIGN', 'CLOSE', 'CLOSE', 'CLOSE'] picks=8 places=6 hand0=[0.57, 0.116, 0.205] cup_xy0=[0.573, 0.045]
[s1] close-entry e4: hand=[0.518, -0.065, 0.19] cup_gt=[0.524, -0.072]
[close] e0 t=112 hand_z=0.206 dxy=0.183 stall=0.418
[s1] step=13300 stages=['CLOSE', 'FAIL', 'IDLE', 'ALIGN', 'CLOSE', 'FAIL', 'CLOSE', 'CLOSE'] picks=8 places=6 hand0=[0.569, 0.118, 0.206] cup_xy0=[0.573, 0.045]
[close] e0 t=172 hand_z=0.206 dxy=0.184 stall=0.418
[close] e0 t=232 hand_z=0.206 dxy=0.184 stall=0.418
[s1] step=13400 stages=['FAIL', 'ALIGN', 'IDLE', 'DESCEND', 'CLOSE', 'ALIGN', 'FAIL', 'FAIL'] picks=8 places=6 hand0=[0.569, 0.118, 0.205] cup_xy0=[0.573, 0.045]
[s1] close-entry e3: hand=[0.471, 0.047, 0.191] cup_gt=[0.487, 0.053]
[close] e3 t=5 hand_z=0.184 dxy=0.022 stall=0.265
[s1] close-entry e5: hand=[0.432, -0.05, 0.192] cup_gt=[0.433, -0.06]
[s1] acquire e0: vision=[0.497, -0.082] gt=[0.495, -0.08]
[close] e3 t=65 hand_z=0.173 dxy=0.044 stall=0.409
[s1] step=13500 stages=['ALIGN', 'DESCEND', 'IDLE', 'CLOSE', 'FAIL', 'CLOSE', 'IDLE', 'IDLE'] picks=8 places=6 hand0=[0.347, 0.012, 0.555] cup_xy0=[0.497, -0.082]
[s1] close-entry e1: hand=[0.436, -0.075, 0.188] cup_gt=[0.461, -0.033]
[close] e1 t=20 hand_z=0.214 dxy=0.035 stall=0.320
[s1] close-entry e6: hand=[0.558, 0.004, 0.192] cup_gt=[0.59, 0.032]
[s1] step=13600 stages=['DESCEND', 'CLOSE', 'FAIL', 'CLOSE', 'IDLE', 'CLOSE', 'CLOSE', 'IDLE'] picks=8 places=6 hand0=[0.478, -0.159, 0.254] cup_xy0=[0.497, -0.082]
[s1] close-entry e0: hand=[0.496, -0.088, 0.187] cup_gt=[0.494, -0.081]
[close] e0 t=1 hand_z=0.187 dxy=0.007 stall=0.222
[close] e0 t=61 hand_z=0.157 dxy=0.016 stall=0.317
[s1] close-entry e4: hand=[0.458, 0.014, 0.185] cup_gt=[0.459, 0.008]
[s1] step=13700 stages=['CLOSE', 'CLOSE', 'IDLE', 'FAIL', 'CLOSE', 'CLOSE', 'CLOSE', 'IDLE'] picks=8 places=6 hand0=[0.484, -0.073, 0.157] cup_xy0=[0.497, -0.082]
[close] e0 t=121 hand_z=0.157 dxy=0.016 stall=0.317
[close] e0 t=181 hand_z=0.157 dxy=0.016 stall=0.317
[s1] step=13800 stages=['CLOSE', 'FAIL', 'IDLE', 'ALIGN', 'CLOSE', 'IDLE', 'CLOSE', 'FAIL'] picks=8 places=6 hand0=[0.484, -0.073, 0.157] cup_xy0=[0.497, -0.082]
[close] e0 t=241 hand_z=0.157 dxy=0.016 stall=0.317
[s1] step=13900 stages=['FAIL', 'ALIGN', 'IDLE', 'DESCEND', 'CLOSE', 'DESCEND', 'IDLE', 'DESCEND'] picks=8 places=6 hand0=[0.484, -0.068, 0.153] cup_xy0=[0.497, -0.082]
[s1] close-entry e3: hand=[0.535, 0.029, 0.189] cup_gt=[0.528, 0.007]
[close] e3 t=2 hand_z=0.187 dxy=0.021 stall=0.209
[s1] close-entry e5: hand=[0.427, -0.049, 0.191] cup_gt=[0.425, -0.039]
[s1] acquire e0: vision=[0.451, -0.072] gt=[0.472, -0.083]
[s1] close-entry e7: hand=[0.452, 0.038, 0.182] cup_gt=[0.502, 0.038]
[close] e3 t=62 hand_z=0.165 dxy=0.008 stall=0.370
[s1] step=14000 stages=['ALIGN', 'DESCEND', 'IDLE', 'CLOSE', 'IDLE', 'CLOSE', 'DESCEND', 'CLOSE'] picks=8 places=6 hand0=[0.423, -0.179, 0.36] cup_xy0=[0.451, -0.072]
[s1] close-entry e1: hand=[0.442, -0.066, 0.182] cup_gt=[0.446, -0.07]
[close] e1 t=40 hand_z=0.197 dxy=0.018 stall=0.378
[s1] close-entry e6: hand=[0.442, -0.068, 0.191] cup_gt=[0.44, -0.066]
[s1] close-entry e0: hand=[0.446, -0.071, 0.184] cup_gt=[0.472, -0.083]
[close] e0 t=13 hand_z=0.197 dxy=0.040 stall=0.307
[s1] step=14100 stages=['CLOSE', 'CLOSE', 'IDLE', 'CLOSE', 'ALIGN', 'CLOSE', 'CLOSE', 'CLOSE'] picks=8 places=6 hand0=[0.46, -0.035, 0.197] cup_xy0=[0.451, -0.072]
[close] e0 t=73 hand_z=0.201 dxy=0.061 stall=0.437
[s1] step=14200 stages=['CLOSE', 'CLOSE', 'IDLE', 'FAIL', 'DESCEND', 'FAIL', 'CLOSE', 'CLOSE'] picks=8 places=6 hand0=[0.466, -0.003, 0.201] cup_xy0=[0.451, -0.072]
[s1] close-entry e4: hand=[0.468, 0.068, 0.188] cup_gt=[0.467, 0.053]
[close] e0 t=133 hand_z=0.201 dxy=0.061 stall=0.437
[close] e0 t=193 hand_z=0.201 dxy=0.061 stall=0.437
[s1] step=14300 stages=['CLOSE', 'FAIL', 'FAIL', 'ALIGN', 'CLOSE', 'IDLE', 'CLOSE', 'IDLE'] picks=8 places=6 hand0=[0.466, -0.003, 0.201] cup_xy0=[0.451, -0.072]
[close] e4 t=126 hand_z=0.160 dxy=0.054 stall=0.394
[s1] close-entry e7: hand=[0.527, 0.052, 0.191] cup_gt=[0.527, 0.064]
[s1] close-entry e3: hand=[0.497, -0.065, 0.183] cup_gt=[0.5, -0.051]
[close] e3 t=6 hand_z=0.197 dxy=0.016 stall=0.237
[s1] step=14400 stages=['IDLE', 'DESCEND', 'IDLE', 'CLOSE', 'CLOSE', 'DESCEND', 'IDLE', 'CLOSE'] picks=8 places=6 hand0=[0.369, 0.014, 0.239] cup_xy0=[0.451, -0.072]
[s1] acquire e0: vision=[0.497, -0.045] gt=[0.495, -0.044]
[s1] close-entry e5: hand=[0.436, -0.012, 0.191] cup_gt=[0.462, -0.013]
[close] e3 t=66 hand_z=0.218 dxy=0.040 stall=0.404
[s1] close-entry e1: hand=[0.468, 0.077, 0.183] cup_gt=[0.458, 0.088]
[s1] step=14500 stages=['DESCEND', 'CLOSE', 'IDLE', 'CLOSE', 'FAIL', 'CLOSE', 'DESCEND', 'CLOSE'] picks=8 places=6 hand0=[0.486, -0.081, 0.186] cup_xy0=[0.497, -0.045]
[s1] close-entry e6: hand=[0.49, 0.05, 0.186] cup_gt=[0.5, 0.001]
[close] e1 t=32 hand_z=0.206 dxy=0.021 stall=0.389
[s1] close-entry e0: hand=[0.494, -0.051, 0.185] cup_gt=[0.499, -0.034]
[close] e0 t=52 hand_z=0.222 dxy=0.051 stall=0.405
[s1] step=14600 stages=['CLOSE', 'CLOSE', 'IDLE', 'CLOSE', 'ALIGN', 'CLOSE', 'CLOSE', 'CLOSE'] picks=8 places=6 hand0=[0.507, -0.117, 0.223] cup_xy0=[0.497, -0.045]
[close] e0 t=112 hand_z=0.223 dxy=0.053 stall=0.405
[close] e0 t=172 hand_z=0.223 dxy=0.053 stall=0.405
[s1] step=14700 stages=['CLOSE', 'CLOSE', 'FAIL', 'IDLE', 'DESCEND', 'FAIL', 'CLOSE', 'IDLE'] picks=8 places=6 hand0=[0.506, -0.118, 0.223] cup_xy0=[0.497, -0.045]
[s1] close-entry e4: hand=[0.416, 0.004, 0.191] cup_gt=[0.448, -0.015]
[close] e0 t=232 hand_z=0.223 dxy=0.053 stall=0.405
[s1] step=14800 stages=['FAIL', 'IDLE', 'IDLE', 'DESCEND', 'CLOSE', 'ALIGN', 'FAIL', 'DESCEND'] picks=8 places=6 hand0=[0.507, -0.117, 0.223] cup_xy0=[0.497, -0.045]
[close] e4 t=109 hand_z=0.172 dxy=0.023 stall=0.399
[s1] close-entry e7: hand=[0.498, -0.045, 0.182] cup_gt=[0.493, -0.035]
[s1] acquire e0: vision=[0.465, 0.04] gt=[0.465, 0.036]
[close] e4 t=169 hand_z=0.172 dxy=0.023 stall=0.399
[s1] close-entry e3: hand=[0.451, 0.044, 0.184] cup_gt=[0.441, 0.058]
[s1] close-entry e5: hand=[0.49, -0.066, 0.188] cup_gt=[0.482, -0.072]
[s1] step=14900 stages=['ALIGN', 'DESCEND', 'IDLE', 'CLOSE', 'CLOSE', 'CLOSE', 'ALIGN', 'CLOSE'] picks=8 places=6 hand0=[0.473, 0.049, 0.357] cup_xy0=[0.465, 0.04]
[close] e3 t=58 hand_z=0.158 dxy=0.014 stall=0.351
[s1] close-entry e1: hand=[0.476, 0.034, 0.191] cup_gt=[0.474, 0.025]
[close] e1 t=33 hand_z=0.185 dxy=0.003 stall=0.388
[s1] step=15000 stages=['DESCEND', 'CLOSE', 'IDLE', 'CLOSE', 'FAIL', 'CLOSE', 'DESCEND', 'CLOSE'] picks=8 places=6 hand0=[0.464, -0.021, 0.189] cup_xy0=[0.465, 0.04]
[s1] close-entry e0: hand=[0.47, 0.034, 0.191] cup_gt=[0.468, 0.059]
[close] e0 t=21 hand_z=0.187 dxy=0.027 stall=0.215
[s1] close-entry e6: hand=[0.482, 0.024, 0.191] cup_gt=[0.503, -0.009]
[s1] step=15100 stages=['CLOSE', 'CLOSE', 'IDLE', 'CLOSE', 'ALIGN', 'CLOSE', 'CLOSE', 'FAIL'] picks=8 places=6 hand0=[0.448, 0.025, 0.165] cup_xy0=[0.465, 0.04]
[close] e0 t=81 hand_z=0.164 dxy=0.021 stall=0.432
[close] e0 t=141 hand_z=0.164 dxy=0.022 stall=0.432
[s1] step=15200 stages=['CLOSE', 'CLOSE', 'IDLE', 'IDLE', 'DESCEND', 'FAIL', 'CLOSE', 'ALIGN'] picks=8 places=6 hand0=[0.447, 0.022, 0.164] cup_xy0=[0.465, 0.04]
[close] e0 t=201 hand_z=0.164 dxy=0.022 stall=0.432
[close] e6 t=240 hand_z=0.197 dxy=0.071 stall=0.416
[s1] step=15300 stages=['FAIL', 'IDLE', 'IDLE', 'DESCEND', 'DESCEND', 'DESCEND', 'CLOSE', 'DESCEND'] picks=8 places=6 hand0=[0.446, 0.021, 0.163] cup_xy0=[0.465, 0.04]
[s1] close-entry e3: hand=[0.535, 0.022, 0.191] cup_gt=[0.557, 0.028]
[close] e3 t=8 hand_z=0.178 dxy=0.025 stall=0.263
[s1] close-entry e5: hand=[0.466, 0.073, 0.192] cup_gt=[0.465, 0.057]
[s1] close-entry e7: hand=[0.498, 0.018, 0.187] cup_gt=[0.519, 0.054]
[s1] step=15400 stages=['IDLE', 'DESCEND', 'FAIL', 'CLOSE', 'DESCEND', 'CLOSE', 'IDLE', 'CLOSE'] picks=8 places=6 hand0=[0.38, -0.054, 0.449] cup_xy0=[0.465, 0.04]
[s1] acquire e0: vision=[0.439, -0.002] gt=[0.486, 0.027]
[close] e3 t=68 hand_z=0.163 dxy=0.048 stall=0.417
[s1] close-entry e1: hand=[0.538, -0.046, 0.187] cup_gt=[0.566, -0.043]
[close] e1 t=51 hand_z=0.203 dxy=0.100 stall=0.401
[s1] step=15500 stages=['ALIGN', 'CLOSE', 'IDLE', 'CLOSE', 'DESCEND', 'CLOSE', 'DESCEND', 'CLOSE'] picks=8 places=6 hand0=[0.443, -0.011, 0.359] cup_xy0=[0.439, -0.002]
[s1] close-entry e6: hand=[0.537, 0.001, 0.186] cup_gt=[0.535, -0.0]
[close] e1 t=111 hand_z=0.203 dxy=0.111 stall=0.401
[s1] close-entry e0: hand=[0.443, 0.004, 0.19] cup_gt=[0.486, 0.035]
[close] e0 t=30 hand_z=0.163 dxy=0.061 stall=0.383
[s1] step=15600 stages=['CLOSE', 'CLOSE', 'IDLE', 'FAIL', 'FAIL', 'CLOSE', 'CLOSE', 'CLOSE'] picks=8 places=6 hand0=[0.43, 0.056, 0.163] cup_xy0=[0.439, -0.002]
[close] e0 t=90 hand_z=0.162 dxy=0.080 stall=0.419
[s1] step=15700 stages=['CLOSE', 'FAIL', 'IDLE', 'ALIGN', 'ALIGN', 'ALIGN', 'CLOSE', 'IDLE'] picks=8 places=6 hand0=[0.43, 0.06, 0.162] cup_xy0=[0.439, -0.002]
[close] e0 t=150 hand_z=0.162 dxy=0.083 stall=0.419
[close] e0 t=210 hand_z=0.162 dxy=0.083 stall=0.419
[s1] step=15800 stages=['CLOSE', 'ALIGN', 'FAIL', 'DESCEND', 'DESCEND', 'DESCEND', 'FAIL', 'DESCEND'] picks=8 places=6 hand0=[0.43, 0.06, 0.162] cup_xy0=[0.439, -0.002]
[s1] close-entry e3: hand=[0.465, -0.004, 0.185] cup_gt=[0.466, 0.002]
[s1] close-entry e4: hand=[0.501, 0.068, 0.188] cup_gt=[0.512, 0.114]
[close] e3 t=9 hand_z=0.188 dxy=0.003 stall=0.267
[s1] close-entry e7: hand=[0.424, -0.083, 0.182] cup_gt=[0.427, -0.076]
[s1] close-entry e5: hand=[0.354, 0.063, 0.187] cup_gt=[0.369, 0.045]
[close] e3 t=69 hand_z=0.193 dxy=0.007 stall=0.379
[s1] step=15900 stages=['IDLE', 'DESCEND', 'IDLE', 'CLOSE', 'CLOSE', 'CLOSE', 'ALIGN', 'CLOSE'] picks=8 places=6 hand0=[0.382, 0.092, 0.378] cup_xy0=[0.439, -0.002]
[s1] acquire e0: vision=[0.532, -0.047] gt=[0.529, -0.046]
[close] e3 t=129 hand_z=0.193 dxy=0.007 stall=0.379
[s1] step=16000 stages=['ALIGN', 'DESCEND', 'IDLE', 'CLOSE', 'CLOSE', 'CLOSE', 'DESCEND', 'CLOSE'] picks=8 places=6 hand0=[0.493, -0.166, 0.347] cup_xy0=[0.532, -0.047]
[close] e3 t=189 hand_z=0.193 dxy=0.007 stall=0.379
[close] e5 t=186 hand_z=0.170 dxy=0.057 stall=0.397
[s1] close-entry e1: hand=[0.552, 0.058, 0.182] cup_gt=[0.578, 0.019]
[s1] step=16100 stages=['DESCEND', 'CLOSE', 'IDLE', 'FAIL', 'FAIL', 'CLOSE', 'DESCEND', 'FAIL'] picks=8 places=6 hand0=[0.271, 0.351, 0.205] cup_xy0=[0.532, -0.047]
[close] e1 t=50 hand_z=0.226 dxy=0.098 stall=0.801
[close] e1 t=110 hand_z=0.227 dxy=0.107 stall=0.801
[s1] step=16200 stages=['DESCEND', 'CLOSE', 'IDLE', 'ALIGN', 'IDLE', 'IDLE', 'DESCEND', 'IDLE'] picks=8 places=6 hand0=[-0.151, 0.289, 0.256] cup_xy0=[0.532, -0.047]
[s1] close-entry e6: hand=[0.512, -0.001, 0.192] cup_gt=[0.507, -0.005]
[close] e1 t=170 hand_z=0.227 dxy=0.108 stall=0.801
[s1] close-entry e7: hand=[0.444, -0.008, 0.191] cup_gt=[0.443, -0.016]
[s1] step=16300 stages=['DESCEND', 'CLOSE', 'IDLE', 'DESCEND', 'DESCEND', 'ALIGN', 'CLOSE', 'CLOSE'] picks=8 places=6 hand0=[0.179, 0.211, 0.373] cup_xy0=[0.532, -0.047]
[s1] close-entry e3: hand=[0.445, 0.029, 0.191] cup_gt=[0.449, 0.017]
[close] e1 t=230 hand_z=0.227 dxy=0.108 stall=0.801
[s1] close-entry e4: hand=[0.442, 0.045, 0.19] cup_gt=[0.442, 0.056]
[close] e3 t=65 hand_z=0.169 dxy=0.008 stall=0.386
[s1] step=16400 stages=['DESCEND', 'IDLE', 'IDLE', 'CLOSE', 'CLOSE', 'DESCEND', 'CLOSE', 'CLOSE'] picks=8 places=6 hand0=[0.508, -0.146, 0.222] cup_xy0=[0.532, -0.047]
[s1] close-entry e5: hand=[0.479, 0.081, 0.192] cup_gt=[0.545, 0.078]
[close] e3 t=125 hand_z=0.169 dxy=0.008 stall=0.386
[s1] close-entry e0: hand=[0.535, -0.046, 0.191] cup_gt=[0.52, -0.026]
[close] e0 t=51 hand_z=0.177 dxy=0.008 stall=0.413
[s1] step=16500 stages=['CLOSE', 'DESCEND', 'FAIL', 'CLOSE', 'CLOSE', 'CLOSE', 'FAIL', 'CLOSE'] picks=8 places=6 hand0=[0.528, 0.007, 0.177] cup_xy0=[0.532, -0.047]
[close] e0 t=111 hand_z=0.177 dxy=0.008 stall=0.412
[s1] close-entry e1: hand=[0.539, 0.059, 0.19] cup_gt=[0.54, 0.014]
[s1] step=16600 stages=['CLOSE', 'CLOSE', 'IDLE', 'FAIL', 'FAIL', 'CLOSE', 'ALIGN', 'IDLE'] picks=8 places=6 hand0=[0.528, 0.009, 0.177] cup_xy0=[0.532, -0.047]
[close] e0 t=171 hand_z=0.177 dxy=0.008 stall=0.412
[close] e0 t=231 hand_z=0.177 dxy=0.008 stall=0.412
[s1] step=16700 stages=['FAIL', 'CLOSE', 'IDLE', 'DESCEND', 'IDLE', 'FAIL', 'DESCEND', 'ALIGN'] picks=8 places=6 hand0=[0.527, 0.01, 0.176] cup_xy0=[0.532, -0.047]
[s1] close-entry e6: hand=[0.536, -0.006, 0.182] cup_gt=[0.54, -0.007]
[close] e1 t=166 hand_z=0.162 dxy=0.128 stall=0.802
[s1] close-entry e3: hand=[0.484, 0.059, 0.191] cup_gt=[0.492, 0.016]
[s1] acquire e0: vision=[0.598, -0.035] gt=[0.593, -0.035]
[close] e1 t=226 hand_z=0.162 dxy=0.128 stall=0.802
[s1] step=16800 stages=['ALIGN', 'CLOSE', 'IDLE', 'CLOSE', 'DESCEND', 'DESCEND', 'CLOSE', 'DESCEND'] picks=8 places=6 hand0=[0.335, 0.006, 0.628] cup_xy0=[0.598, -0.035]
[s1] close-entry e4: hand=[0.442, 0.004, 0.188] cup_gt=[0.442, 0.003]
[s1] close-entry e7: hand=[0.586, 0.451, 0.191] cup_gt=[0.562, 0.728]
[close] e3 t=103 hand_z=0.160 dxy=0.040 stall=0.433
[s1] step=16900 stages=['DESCEND', 'IDLE', 'IDLE', 'CLOSE', 'CLOSE', 'DESCEND', 'CLOSE', 'CLOSE'] picks=8 places=6 hand0=[0.583, 0.043, 0.247] cup_xy0=[0.598, -0.035]
[s1] close-entry e5: hand=[0.491, 0.061, 0.19] cup_gt=[0.51, 0.083]
[close] e3 t=163 hand_z=0.160 dxy=0.039 stall=0.433
[s1] close-entry e0: hand=[0.596, -0.042, 0.188] cup_gt=[0.639, -0.052]
[close] e0 t=51 hand_z=0.229 dxy=0.085 stall=0.401
[s1] step=17000 stages=['CLOSE', 'ALIGN', 'IDLE', 'FAIL', 'CLOSE', 'CLOSE', 'FAIL', 'CLOSE'] picks=8 places=6 hand0=[0.609, 0.029, 0.23] cup_xy0=[0.598, -0.035]
[close] e0 t=111 hand_z=0.230 dxy=0.087 stall=0.401
[close] e0 t=171 hand_z=0.230 dxy=0.087 stall=0.401
[s1] step=17100 stages=['CLOSE', 'DESCEND', 'IDLE', 'ALIGN', 'FAIL', 'CLOSE', 'ALIGN', 'FAIL'] picks=8 places=6 hand0=[0.609, 0.03, 0.23] cup_xy0=[0.598, -0.035]
[s1] close-entry e1: hand=[0.475, -0.056, 0.186] cup_gt=[0.51, -0.081]
[close] e0 t=231 hand_z=0.230 dxy=0.088 stall=0.401
[s1] close-entry e3: hand=[0.524, 0.036, 0.184] cup_gt=[0.524, 0.037]
[s1] step=17200 stages=['FAIL', 'CLOSE', 'FAIL', 'CLOSE', 'IDLE', 'FAIL', 'DESCEND', 'IDLE'] picks=8 places=6 hand0=[0.609, 0.028, 0.228] cup_xy0=[0.598, -0.035]
[s1] close-entry e6: hand=[0.553, -0.013, 0.191] cup_gt=[0.574, -0.005]
[close] e1 t=92 hand_z=0.147 dxy=0.049 stall=0.151
[s1] acquire e0: vision=[0.523, -0.06] gt=[0.52, -0.06]
[close] e1 t=152 hand_z=0.147 dxy=0.051 stall=0.184
[s1] step=17300 stages=['ALIGN', 'CLOSE', 'IDLE', 'CLOSE', 'DESCEND', 'ALIGN', 'CLOSE', 'ALIGN'] picks=8 places=6 hand0=[0.427, -0.023, 0.483] cup_xy0=[0.523, -0.06]
[close] e1 t=212 hand_z=0.147 dxy=0.051 stall=0.184
[s1] close-entry e4: hand=[0.441, -0.079, 0.184] cup_gt=[0.48, -0.069]
[s1] close-entry e5: hand=[0.558, -0.002, 0.186] cup_gt=[0.577, 0.037]
[s1] close-entry e0: hand=[0.526, -0.065, 0.188] cup_gt=[0.516, -0.057]
[s1] close-entry e7: hand=[0.555, 0.052, 0.19] cup_gt=[0.546, 0.062]
[close] e0 t=20 hand_z=0.158 dxy=0.011 stall=0.336
[s1] step=17400 stages=['CLOSE', 'FAIL', 'IDLE', 'CLOSE', 'CLOSE', 'CLOSE', 'CLOSE', 'CLOSE'] picks=8 places=6 hand0=[0.512, -0.022, 0.158] cup_xy0=[0.523, -0.06]
[close] e0 t=80 hand_z=0.158 dxy=0.013 stall=0.361
[s1] step=17500 stages=['CLOSE', 'ALIGN', 'IDLE', 'IDLE', 'CLOSE', 'CLOSE', 'FAIL', 'CLOSE'] picks=8 places=6 hand0=[0.512, -0.017, 0.158] cup_xy0=[0.523, -0.06]
[close] e0 t=140 hand_z=0.158 dxy=0.013 stall=0.361
[close] e0 t=200 hand_z=0.158 dxy=0.013 stall=0.361
[s1] step=17600 stages=['CLOSE', 'DESCEND', 'FAIL', 'ALIGN', 'CLOSE', 'CLOSE', 'DESCEND', 'CLOSE'] picks=8 places=6 hand0=[0.512, -0.017, 0.158] cup_xy0=[0.523, -0.06]
[s1] close-entry e6: hand=[0.511, -0.032, 0.186] cup_gt=[0.507, -0.042]
[s1] close-entry e1: hand=[0.429, 0.031, 0.186] cup_gt=[0.431, 0.023]
[close] e1 t=13 hand_z=0.175 dxy=0.021 stall=0.285
[s1] step=17700 stages=['IDLE', 'CLOSE', 'IDLE', 'DESCEND', 'IDLE', 'IDLE', 'CLOSE', 'IDLE'] picks=8 places=6 hand0=[0.349, -0.036, 0.205] cup_xy0=[0.523, -0.06]
[s1] acquire e0: vision=[0.376, -0.416] gt=[0.388, -0.43]
[close] e1 t=73 hand_z=0.172 dxy=0.031 stall=0.431
[s1] step=17800 stages=['ALIGN', 'CLOSE', 'IDLE', 'DESCEND', 'ALIGN', 'ALIGN', 'CLOSE', 'DESCEND'] picks=8 places=6 hand0=[0.106, -0.471, 0.371] cup_xy0=[0.376, -0.416]
[close] e1 t=133 hand_z=0.172 dxy=0.031 stall=0.431
[s1] close-entry e7: hand=[0.504, -0.028, 0.19] cup_gt=[0.54, -0.035]
[close] e1 t=193 hand_z=0.172 dxy=0.031 stall=0.432
[s1] close-entry e4: hand=[0.476, 0.016, 0.191] cup_gt=[0.525, 0.04]
[s1] step=17900 stages=['DESCEND', 'CLOSE', 'IDLE', 'DESCEND', 'CLOSE', 'DESCEND', 'CLOSE', 'CLOSE'] picks=8 places=6 hand0=[0.408, -0.399, 0.221] cup_xy0=[0.376, -0.416]
[s1] close-entry e0: hand=[0.373, -0.418, 0.184] cup_gt=[0.431, -0.441]
[s1] close-entry e5: hand=[0.479, 0.008, 0.192] cup_gt=[0.489, 0.027]
[close] e0 t=22 hand_z=0.217 dxy=0.076 stall=0.370
[close] e0 t=82 hand_z=0.223 dxy=0.084 stall=0.393
[s1] step=18000 stages=['CLOSE', 'IDLE', 'IDLE', 'DESCEND', 'CLOSE', 'CLOSE', 'IDLE', 'CLOSE'] picks=8 places=6 hand0=[0.348, -0.452, 0.223] cup_xy0=[0.376, -0.416]
[close] e0 t=142 hand_z=0.223 dxy=0.084 stall=0.393
[s1] step=18100 stages=['CLOSE', 'ALIGN', 'IDLE', 'FAIL', 'CLOSE', 'CLOSE', 'ALIGN', 'CLOSE'] picks=8 places=6 hand0=[0.348, -0.452, 0.223] cup_xy0=[0.376, -0.416]
[close] e0 t=202 hand_z=0.223 dxy=0.084 stall=0.393
[s1] step=18200 stages=['FAIL', 'DESCEND', 'IDLE', 'IDLE', 'IDLE', 'FAIL', 'DESCEND', 'IDLE'] picks=8 places=6 hand0=[0.348, -0.454, 0.224] cup_xy0=[0.376, -0.416]
[s1] close-entry e1: hand=[0.554, 0.054, 0.183] cup_gt=[0.478, 0.169]
[s1] close-entry e6: hand=[0.566, 0.045, 0.184] cup_gt=[0.513, 0.082]
[close] e1 t=34 hand_z=0.193 dxy=0.150 stall=0.416
[s1] acquire e0: vision=[0.476, 0.015] gt=[0.477, 0.012]
[close] e1 t=94 hand_z=0.193 dxy=0.166 stall=0.412
[s1] step=18300 stages=['ALIGN', 'CLOSE', 'FAIL', 'IDLE', 'ALIGN', 'ALIGN', 'CLOSE', 'DESCEND'] picks=8 places=6 hand0=[0.487, -0.054, 0.374] cup_xy0=[0.476, 0.015]
[close] e1 t=154 hand_z=0.193 dxy=0.168 stall=0.412
[s1] close-entry e7: hand=[0.482, -0.066, 0.188] cup_gt=[0.471, -0.079]
[s1] close-entry e4: hand=[0.557, 0.047, 0.183] cup_gt=[0.532, -0.008]
[s1] step=18400 stages=['DESCEND', 'CLOSE', 'IDLE', 'IDLE', 'CLOSE', 'DESCEND', 'CLOSE', 'CLOSE'] picks=8 places=6 hand0=[0.479, 0.034, 0.225] cup_xy0=[0.476, 0.015]
[close] e1 t=214 hand_z=0.193 dxy=0.169 stall=0.412
[s1] close-entry e0: hand=[0.478, 0.02, 0.19] cup_gt=[0.477, 0.007]
[s1] close-entry e5: hand=[0.5, 0.012, 0.184] cup_gt=[0.505, 0.004]
[close] e0 t=58 hand_z=0.164 dxy=0.036 stall=0.391
[s1] step=18500 stages=['CLOSE', 'FAIL', 'IDLE', 'IDLE', 'CLOSE', 'CLOSE', 'FAIL', 'CLOSE'] picks=8 places=6 hand0=[0.46, -0.018, 0.164] cup_xy0=[0.476, 0.015]
[close] e0 t=118 hand_z=0.164 dxy=0.036 stall=0.391
[close] e0 t=178 hand_z=0.164 dxy=0.036 stall=0.391
[s1] step=18600 stages=['CLOSE', 'DESCEND', 'IDLE', 'IDLE', 'CLOSE', 'CLOSE', 'ALIGN', 'CLOSE'] picks=8 places=6 hand0=[0.46, -0.018, 0.164] cup_xy0=[0.476, 0.015]
[close] e0 t=238 hand_z=0.164 dxy=0.036 stall=0.391
[s1] close-entry e1: hand=[0.45, -0.003, 0.188] cup_gt=[0.449, -0.019]
[s1] step=18700 stages=['FAIL', 'CLOSE', 'FAIL', 'IDLE', 'IDLE', 'FAIL', 'DESCEND', 'IDLE'] picks=8 places=6 hand0=[0.458, -0.018, 0.163] cup_xy0=[0.476, 0.015]
[close] e1 t=36 hand_z=0.199 dxy=0.029 stall=0.412
[close] e1 t=96 hand_z=0.199 dxy=0.032 stall=0.412
[s1] acquire e0: vision=[0.538, -0.014] gt=[0.535, -0.014]
[s1] step=18800 stages=['ALIGN', 'CLOSE', 'IDLE', 'FAIL', 'DESCEND', 'ALIGN', 'DESCEND', 'DESCEND'] picks=8 places=6 hand0=[0.433, -0.029, 0.412] cup_xy0=[0.538, -0.014]
[close] e1 t=156 hand_z=0.199 dxy=0.032 stall=0.412
[s1] close-entry e7: hand=[0.448, 0.068, 0.187] cup_gt=[0.437, 0.056]
[s1] close-entry e4: hand=[0.452, 0.083, 0.192] cup_gt=[0.451, 0.08]
[close] e1 t=216 hand_z=0.199 dxy=0.032 stall=0.412
[s1] step=18900 stages=['DESCEND', 'CLOSE', 'IDLE', 'IDLE', 'CLOSE', 'DESCEND', 'DESCEND', 'CLOSE'] picks=8 places=6 hand0=[0.53, 0.085, 0.246] cup_xy0=[0.538, -0.014]
[s1] close-entry e0: hand=[0.538, -0.017, 0.191] cup_gt=[0.535, -0.014]
[close] e0 t=44 hand_z=0.159 dxy=0.019 stall=0.387
[s1] step=19000 stages=['CLOSE', 'IDLE', 'IDLE', 'IDLE', 'CLOSE', 'DESCEND', 'DESCEND', 'CLOSE'] picks=8 places=6 hand0=[0.522, -0.039, 0.159] cup_xy0=[0.538, -0.014]
[close] e0 t=104 hand_z=0.159 dxy=0.019 stall=0.387
[close] e0 t=164 hand_z=0.159 dxy=0.019 stall=0.387
[s1] close-entry e5: hand=[0.486, -0.072, 0.187] cup_gt=[0.498, -0.117]
[s1] step=19100 stages=['CLOSE', 'DESCEND', 'IDLE', 'IDLE', 'CLOSE', 'CLOSE', 'FAIL', 'FAIL'] picks=8 places=6 hand0=[0.522, -0.039, 0.159] cup_xy0=[0.538, -0.014]
[close] e0 t=224 hand_z=0.159 dxy=0.019 stall=0.387
[s1] close-entry e1: hand=[0.534, -0.068, 0.183] cup_gt=[0.541, -0.055]
[close] e1 t=57 hand_z=0.155 dxy=0.043 stall=0.723
[s1] step=19200 stages=['FAIL', 'CLOSE', 'IDLE', 'FAIL', 'IDLE', 'CLOSE', 'IDLE', 'ALIGN'] picks=8 places=6 hand0=[0.519, -0.045, 0.153] cup_xy0=[0.538, -0.014]
[s1] acquire e0: vision=[0.555, -0.077] gt=[0.552, -0.076]
[close] e1 t=117 hand_z=0.127 dxy=0.074 stall=0.402
[s1] step=19300 stages=['ALIGN', 'CLOSE', 'IDLE', 'IDLE', 'DESCEND', 'CLOSE', 'DESCEND', 'DESCEND'] picks=8 places=6 hand0=[0.501, -0.025, 0.393] cup_xy0=[0.555, -0.077]
[close] e1 t=177 hand_z=0.122 dxy=0.082 stall=-0.000
[s1] close-entry e4: hand=[0.563, 0.009, 0.187] cup_gt=[0.574, 0.013]
[s1] close-entry e6: hand=[0.438, 0.061, 0.185] cup_gt=[0.448, 0.063]
[close] e1 t=237 hand_z=0.121 dxy=0.080 stall=0.361
[s1] step=19400 stages=['DESCEND', 'FAIL', 'FAIL', 'IDLE', 'CLOSE', 'IDLE', 'CLOSE', 'DESCEND'] picks=8 places=6 hand0=[0.548, -0.078, 0.18] cup_xy0=[0.555, -0.077]
[s1] close-entry e0: hand=[0.554, -0.085, 0.19] cup_gt=[0.537, -0.087]
[close] e0 t=31 hand_z=0.204 dxy=0.009 stall=0.688
[close] e0 t=91 hand_z=0.202 dxy=0.007 stall=0.801
[s1] step=19500 stages=['CLOSE', 'IDLE', 'IDLE', 'IDLE', 'CLOSE', 'DESCEND', 'CLOSE', 'DESCEND'] picks=8 places=6 hand0=[0.575, -0.046, 0.202] cup_xy0=[0.555, -0.077]
[s1] close-entry e5: hand=[0.556, 0.017, 0.19] cup_gt=[0.592, -0.035]
[close] e0 t=151 hand_z=0.202 dxy=0.007 stall=0.801
[s1] close-entry e7: hand=[0.516, -0.025, 0.186] cup_gt=[0.546, -0.018]
[s1] step=19600 stages=['CLOSE', 'DESCEND', 'IDLE', 'IDLE', 'FAIL', 'CLOSE', 'CLOSE', 'CLOSE'] picks=8 places=6 hand0=[0.575, -0.046, 0.202] cup_xy0=[0.555, -0.077]
[close] e0 t=211 hand_z=0.202 dxy=0.007 stall=0.801
[s1] close-entry e1: hand=[0.584, -0.28, 0.192] cup_gt=[0.543, -0.395]
[close] e1 t=37 hand_z=0.157 dxy=0.236 stall=0.355
[s1] step=19700 stages=['FAIL', 'CLOSE', 'IDLE', 'IDLE', 'ALIGN', 'CLOSE', 'IDLE', 'CLOSE'] picks=8 places=6 hand0=[0.574, -0.047, 0.201] cup_xy0=[0.555, -0.077]
[close] e1 t=97 hand_z=0.158 dxy=0.265 stall=0.361
[s1] acquire e0: vision=[0.504, -0.079] gt=[0.549, -0.076]
[close] e1 t=157 hand_z=0.158 dxy=0.269 stall=0.361
[s1] step=19800 stages=['ALIGN', 'CLOSE', 'IDLE', 'IDLE', 'DESCEND', 'FAIL', 'DESCEND', 'CLOSE'] picks=8 places=6 hand0=[0.491, -0.083, 0.332] cup_xy0=[0.504, -0.079]
[s1] close-entry e4: hand=[0.508, 0.051, 0.188] cup_gt=[0.488, 0.066]
[close] e1 t=217 hand_z=0.158 dxy=0.269 stall=0.361
[s1] step=19900 stages=['DESCEND', 'FAIL', 'IDLE', 'FAIL', 'CLOSE', 'ALIGN', 'DESCEND', 'IDLE'] picks=8 places=6 hand0=[0.411, -0.15, 0.167] cup_xy0=[0.504, -0.079]
[close] e4 t=115 hand_z=0.205 dxy=0.064 stall=0.418
[s1] close-entry e0: hand=[0.505, -0.079, 0.191] cup_gt=[0.549, -0.076]
[s1] close-entry e6: hand=[0.523, 0.013, 0.184] cup_gt=[0.546, 0.053]
[s1] close-entry e5: hand=[0.566, -0.03, 0.191] cup_gt=[0.567, -0.012]
[close] e0 t=20 hand_z=0.168 dxy=0.060 stall=0.683
[s1] step=20000 stages=['CLOSE', 'ALIGN', 'IDLE', 'IDLE', 'CLOSE', 'CLOSE', 'CLOSE', 'DESCEND'] picks=8 places=6 hand0=[0.497, -0.032, 0.163] cup_xy0=[0.504, -0.079]
[s1] close-entry e7: hand=[0.449, 0.041, 0.185] cup_gt=[0.451, 0.032]
[close] e0 t=80 hand_z=0.162 dxy=0.071 stall=0.800
[close] e0 t=140 hand_z=0.162 dxy=0.072 stall=0.800
[s1] step=20100 stages=['CLOSE', 'DESCEND', 'FAIL', 'IDLE', 'FAIL', 'CLOSE', 'CLOSE', 'CLOSE'] picks=8 places=6 hand0=[0.496, -0.026, 0.162] cup_xy0=[0.504, -0.079]
[s1] close-entry e1: hand=[0.533, 0.052, 0.184] cup_gt=[0.529, 0.04]
[close] e0 t=200 hand_z=0.162 dxy=0.072 stall=0.800
[s1] step=20200 stages=['CLOSE', 'CLOSE', 'IDLE', 'IDLE', 'ALIGN', 'CLOSE', 'CLOSE', 'CLOSE'] picks=8 places=6 hand0=[0.496, -0.026, 0.162] cup_xy0=[0.504, -0.079]
[close] e1 t=119 hand_z=0.158 dxy=0.013 stall=0.376
[s1] close-entry e4: hand=[0.485, 0.002, 0.186] cup_gt=[0.505, -0.046]
[close] e1 t=179 hand_z=0.158 dxy=0.013 stall=0.376
[s1] step=20300 stages=['IDLE', 'CLOSE', 'IDLE', 'IDLE', 'CLOSE', 'IDLE', 'IDLE', 'FAIL'] picks=8 places=6 hand0=[0.346, 0.001, 0.514] cup_xy0=[0.504, -0.079]
[close] e1 t=239 hand_z=0.158 dxy=0.013 stall=0.376
[close] e4 t=124 hand_z=0.181 dxy=0.058 stall=0.434
[s1] step=20400 stages=['IDLE', 'FAIL', 'IDLE', 'IDLE', 'CLOSE', 'ALIGN', 'DESCEND', 'ALIGN'] picks=8 places=6 hand0=[0.39, -0.003, 0.458] cup_xy0=[0.504, -0.079]
[s1] close-entry e6: hand=[0.549, 0.043, 0.184] cup_gt=[0.523, 0.047]
[close] e4 t=184 hand_z=0.181 dxy=0.058 stall=0.434
[s1] step=20500 stages=['IDLE', 'DESCEND', 'FAIL', 'IDLE', 'CLOSE', 'DESCEND', 'CLOSE', 'DESCEND'] picks=8 places=6 hand0=[0.39, -0.001, 0.457] cup_xy0=[0.504, -0.079]
[s1] close-entry e7: hand=[0.574, 0.067, 0.182] cup_gt=[0.546, 0.076]
[close] e6 t=98 hand_z=0.141 dxy=0.077 stall=0.201
[s1] close-entry e1: hand=[0.479, -0.048, 0.19] cup_gt=[0.483, -0.057]
[close] e1 t=22 hand_z=0.166 dxy=0.076 stall=0.359
[s1] step=20600 stages=['FAIL', 'CLOSE', 'IDLE', 'FAIL', 'IDLE', 'DESCEND', 'CLOSE', 'CLOSE'] picks=8 places=6 hand0=[0.389, -0.001, 0.457] cup_xy0=[0.504, -0.079]
[s1] close-entry e5: hand=[0.509, -0.025, 0.191] cup_gt=[0.524, -0.018]
[s1] acquire e0: vision=[0.401, -0.074] gt=[0.434, -0.072]
[close] e1 t=82 hand_z=0.162 dxy=0.087 stall=0.387
[close] e1 t=142 hand_z=0.162 dxy=0.087 stall=0.387
[s1] step=20700 stages=['DESCEND', 'CLOSE', 'IDLE', 'IDLE', 'DESCEND', 'CLOSE', 'FAIL', 'CLOSE'] picks=8 places=6 hand0=[0.378, -0.015, 0.245] cup_xy0=[0.401, -0.074]
[s1] close-entry e4: hand=[0.552, 0.043, 0.188] cup_gt=[0.609, -0.005]
[close] e1 t=202 hand_z=0.162 dxy=0.087 stall=0.387
[s1] close-entry e0: hand=[0.4, -0.078, 0.187] cup_gt=[0.434, -0.072]
[s1] step=20800 stages=['CLOSE', 'FAIL', 'IDLE', 'IDLE', 'CLOSE', 'CLOSE', 'ALIGN', 'FAIL'] picks=8 places=6 hand0=[0.398, 0.007, 0.174] cup_xy0=[0.401, -0.074]
[close] e0 t=51 hand_z=0.174 dxy=0.100 stall=0.798
[close] e0 t=111 hand_z=0.173 dxy=0.108 stall=0.798
[s1] step=20900 stages=['CLOSE', 'IDLE', 'IDLE', 'IDLE', 'CLOSE', 'FAIL', 'DESCEND', 'DESCEND'] picks=8 places=6 hand0=[0.396, 0.029, 0.173] cup_xy0=[0.401, -0.074]
[close] e0 t=171 hand_z=0.173 dxy=0.108 stall=0.798
[s1] close-entry e7: hand=[0.356, 0.008, 0.191] cup_gt=[0.284, 0.007]
[s1] close-entry e1: hand=[0.522, 0.085, 0.192] cup_gt=[0.519, 0.08]
[close] e0 t=231 hand_z=0.173 dxy=0.108 stall=0.798
[s1] step=21000 stages=['CLOSE', 'CLOSE', 'IDLE', 'FAIL', 'FAIL', 'IDLE', 'DESCEND', 'CLOSE'] picks=8 places=6 hand0=[0.396, 0.029, 0.173] cup_xy0=[0.401, -0.074]
[close] e1 t=69 hand_z=0.169 dxy=0.013 stall=0.356
[s1] acquire e0: vision=[0.511, 0.042] gt=[0.509, 0.038]
[s1] step=21100 stages=['ALIGN', 'CLOSE', 'IDLE', 'IDLE', 'ALIGN', 'IDLE', 'DESCEND', 'CLOSE'] picks=8 places=6 hand0=[0.379, 0.013, 0.587] cup_xy0=[0.511, 0.042]
[close] e1 t=129 hand_z=0.169 dxy=0.013 stall=0.356
[close] e1 t=189 hand_z=0.169 dxy=0.013 stall=0.356
[s1] step=21200 stages=['DESCEND', 'CLOSE', 'FAIL', 'IDLE', 'ALIGN', 'IDLE', 'DESCEND', 'CLOSE'] picks=8 places=6 hand0=[0.503, -0.076, 0.206] cup_xy0=[0.511, 0.042]
[s1] close-entry e0: hand=[0.512, 0.043, 0.184] cup_gt=[0.484, 0.1]
[s1] close-entry e6: hand=[0.52, -0.014, 0.184] cup_gt=[0.537, -0.011]
[s1] close-entry e4: hand=[0.533, 0.046, 0.184] cup_gt=[0.565, 0.079]
[close] e0 t=58 hand_z=0.177 dxy=0.282 stall=0.801
[s1] step=21300 stages=['CLOSE', 'IDLE', 'IDLE', 'IDLE', 'CLOSE', 'ALIGN', 'CLOSE', 'IDLE'] picks=8 places=6 hand0=[0.469, 0.165, 0.177] cup_xy0=[0.511, 0.042]
[close] e0 t=118 hand_z=0.177 dxy=0.323 stall=0.801
[s1] close-entry e5: hand=[0.389, 0.045, 0.189] cup_gt=[0.44, 0.058]
[s1] step=21400 stages=['CLOSE', 'DESCEND', 'IDLE', 'IDLE', 'CLOSE', 'CLOSE', 'CLOSE', 'ALIGN'] picks=8 places=6 hand0=[0.467, 0.169, 0.177] cup_xy0=[0.511, 0.042]
[close] e0 t=178 hand_z=0.177 dxy=0.329 stall=0.801
[close] e0 t=238 hand_z=0.177 dxy=0.329 stall=0.801
[s1] close-entry e1: hand=[0.47, 0.022, 0.19] cup_gt=[0.47, 0.009]
[s1] step=21500 stages=['FAIL', 'CLOSE', 'IDLE', 'IDLE', 'FAIL', 'CLOSE', 'FAIL', 'DESCEND'] picks=8 places=6 hand0=[0.467, 0.169, 0.176] cup_xy0=[0.511, 0.042]
[s1] close-entry e7: hand=[0.44, 0.035, 0.182] cup_gt=[0.475, 0.06]
[close] e1 t=48 hand_z=0.164 dxy=0.014 stall=0.374
[close] e1 t=108 hand_z=0.164 dxy=0.014 stall=0.374
[s1] step=21600 stages=['IDLE', 'CLOSE', 'IDLE', 'IDLE', 'IDLE', 'CLOSE', 'ALIGN', 'CLOSE'] picks=8 places=6 hand0=[0.347, 0.028, 0.559] cup_xy0=[0.511, 0.042]
[s1] acquire e0: vision=[0.537, -0.046] gt=[0.535, -0.046]
[close] e1 t=168 hand_z=0.164 dxy=0.014 stall=0.374
[s1] step=21700 stages=['DESCEND', 'CLOSE', 'IDLE', 'FAIL', 'DESCEND', 'IDLE', 'DESCEND', 'CLOSE'] picks=8 places=6 hand0=[0.508, 0.101, 0.265] cup_xy0=[0.537, -0.046]
[s1] close-entry e4: hand=[0.559, -0.036, 0.187] cup_gt=[0.545, -0.085]
[close] e1 t=228 hand_z=0.164 dxy=0.014 stall=0.374
[s1] close-entry e6: hand=[0.468, 0.061, 0.192] cup_gt=[0.466, 0.056]
[s1] close-entry e0: hand=[0.534, -0.045, 0.183] cup_gt=[0.526, -0.044]
[close] e0 t=32 hand_z=0.222 dxy=0.010 stall=0.493
[s1] close-entry e5: hand=[0.425, 0.04, 0.191] cup_gt=[0.429, 0.031]
[s1] step=21800 stages=['CLOSE', 'IDLE', 'IDLE', 'IDLE', 'CLOSE', 'CLOSE', 'CLOSE', 'FAIL'] picks=8 places=6 hand0=[0.56, -0.02, 0.224] cup_xy0=[0.537, -0.046]
[close] e0 t=92 hand_z=0.225 dxy=0.011 stall=0.494
[close] e0 t=152 hand_z=0.225 dxy=0.011 stall=0.494
[s1] step=21900 stages=['CLOSE', 'IDLE', 'FAIL', 'IDLE', 'CLOSE', 'CLOSE', 'CLOSE', 'DESCEND'] picks=8 places=6 hand0=[0.56, -0.019, 0.225] cup_xy0=[0.537, -0.046]
[s1] close-entry e7: hand=[0.494, -0.015, 0.186] cup_gt=[0.482, -0.068]
[close] e0 t=212 hand_z=0.225 dxy=0.011 stall=0.494
[s1] grasp-geom e0: hand-cup_xy=0.011 cup_gt=[0.565, -0.009, 0.076] vision_xy=[0.537, -0.046]
[s1] GRASP (drive stall) envs [0] stall=[0.494]
[lift] e0 t=11 cup_z=0.080 hand_z=0.229 stall=0.494
[s1] step=22000 stages=['LIFT', 'IDLE', 'IDLE', 'IDLE', 'FAIL', 'CLOSE', 'FAIL', 'CLOSE'] picks=8 places=6 hand0=[0.547, -0.019, 0.229] cup_xy0=[0.537, -0.046]
[close] e5 t=232 hand_z=0.157 dxy=0.026 stall=0.330
[lift] e0 t=31 cup_z=0.118 hand_z=0.267 stall=0.494
[s1] LIFTED envs [0] (physical, friction-held)
[close] e7 t=126 hand_z=0.170 dxy=0.109 stall=0.415
[s1] step=22100 stages=['PLACE', 'FAIL', 'IDLE', 'FAIL', 'ALIGN', 'IDLE', 'ALIGN', 'CLOSE'] picks=9 places=6 hand0=[0.531, -0.247, 0.201] cup_xy0=[0.537, -0.046]
[close] e7 t=186 hand_z=0.170 dxy=0.114 stall=0.415
[s1] close-entry e4: hand=[0.439, -0.058, 0.182] cup_gt=[0.495, -0.022]
[s1] PLACED envs [0] (full physical pick-move-place)
[rec] episode 34/60 saved (len=294, env=0)
[close] e4 t=7 hand_z=0.191 dxy=0.053 stall=0.265
[s1] step=22200 stages=['DONE', 'ALIGN', 'IDLE', 'IDLE', 'CLOSE', 'ALIGN', 'DESCEND', 'FAIL'] picks=9 places=7 hand0=[0.552, -0.194, 0.203] cup_xy0=[0.537, -0.046]
[s1] close-entry e6: hand=[0.463, 0.07, 0.183] cup_gt=[0.466, 0.059]
[close] e4 t=67 hand_z=0.202 dxy=0.054 stall=0.410
[s1] close-entry e1: hand=[0.57, -0.002, 0.189] cup_gt=[0.582, 0.007]
[s1] close-entry e5: hand=[0.537, 0.022, 0.185] cup_gt=[0.555, 0.059]
[s1] step=22300 stages=['IDLE', 'CLOSE', 'FAIL', 'IDLE', 'CLOSE', 'CLOSE', 'CLOSE', 'ALIGN'] picks=9 places=7 hand0=[0.323, 0.061, 0.496] cup_xy0=[0.537, -0.046]
[close] e1 t=35 hand_z=0.232 dxy=0.025 stall=0.435
[s1] acquire e0: vision=[0.475, 0.076] gt=[0.474, 0.071]
[close] e1 t=95 hand_z=0.235 dxy=0.032 stall=0.429
[s1] close-entry e7: hand=[0.532, -0.015, 0.184] cup_gt=[0.513, -0.031]
[s1] step=22400 stages=['DESCEND', 'CLOSE', 'IDLE', 'IDLE', 'CLOSE', 'CLOSE', 'CLOSE', 'CLOSE'] picks=9 places=7 hand0=[0.423, -0.027, 0.242] cup_xy0=[0.475, 0.076]
[close] e1 t=155 hand_z=0.236 dxy=0.032 stall=0.429
[s1] close-entry e0: hand=[0.476, 0.071, 0.191] cup_gt=[0.471, 0.073]
[close] e0 t=31 hand_z=0.173 dxy=0.005 stall=0.484
[s1] step=22500 stages=['CLOSE', 'CLOSE', 'IDLE', 'IDLE', 'IDLE', 'CLOSE', 'FAIL', 'CLOSE'] picks=9 places=7 hand0=[0.466, 0.076, 0.173] cup_xy0=[0.475, 0.076]
[close] e0 t=91 hand_z=0.173 dxy=0.006 stall=0.486
[s1] step=22600 stages=['CLOSE', 'IDLE', 'IDLE', 'IDLE', 'ALIGN', 'IDLE', 'IDLE', 'CLOSE'] picks=9 places=7 hand0=[0.465, 0.075, 0.173] cup_xy0=[0.475, 0.076]
[close] e0 t=151 hand_z=0.173 dxy=0.006 stall=0.486
[close] e0 t=211 hand_z=0.173 dxy=0.006 stall=0.486
[s1] step=22700 stages=['CLOSE', 'DESCEND', 'IDLE', 'IDLE', 'DESCEND', 'ALIGN', 'DESCEND', 'IDLE'] picks=9 places=7 hand0=[0.465, 0.075, 0.173] cup_xy0=[0.475, 0.076]
[s1] grasp-geom e0: hand-cup_xy=0.006 cup_gt=[0.469, 0.079, 0.022] vision_xy=[0.475, 0.076]
[s1] GRASP (drive stall) envs [0] stall=[0.486]
[lift] e0 t=10 cup_z=0.022 hand_z=0.174 stall=0.498
[s1] close-entry e1: hand=[0.546, -0.083, 0.184] cup_gt=[0.567, -0.065]
[s1] close-entry e4: hand=[0.466, 0.031, 0.183] cup_gt=[0.47, 0.025]
[close] e1 t=13 hand_z=0.219 dxy=0.034 stall=0.302
[lift] e0 t=30 cup_z=0.035 hand_z=0.185 stall=0.500
[lift] e0 t=50 cup_z=0.098 hand_z=0.247 stall=0.501
[s1] LIFTED envs [0] (physical, friction-held)
[s1] close-entry e5: hand=[0.56, 0.041, 0.191] cup_gt=[0.487, 0.06]
[s1] close-entry e6: hand=[0.457, 0.065, 0.191] cup_gt=[0.497, 0.062]
[close] e1 t=73 hand_z=0.238 dxy=0.067 stall=0.384
[s1] step=22800 stages=['CARRY', 'CLOSE', 'IDLE', 'FAIL', 'CLOSE', 'CLOSE', 'CLOSE', 'ALIGN'] picks=10 places=7 hand0=[0.434, 0.126, 0.286] cup_xy0=[0.475, 0.076]
[close] e1 t=133 hand_z=0.238 dxy=0.068 stall=0.384
[s1] step=22900 stages=['PLACE', 'CLOSE', 'IDLE', 'IDLE', 'CLOSE', 'CLOSE', 'CLOSE', 'DESCEND'] picks=10 places=7 hand0=[0.405, -0.154, 0.248] cup_xy0=[0.475, 0.076]
[close] e1 t=193 hand_z=0.238 dxy=0.068 stall=0.384
[s1] close-entry e7: hand=[0.474, 0.079, 0.184] cup_gt=[0.45, 0.101]
[close] e5 t=205 hand_z=0.194 dxy=0.086 stall=0.416
[s1] step=23000 stages=['RELEASE', 'FAIL', 'FAIL', 'IDLE', 'FAIL', 'CLOSE', 'CLOSE', 'CLOSE'] picks=10 places=7 hand0=[0.462, -0.153, 0.197] cup_xy0=[0.475, 0.076]
[close] e7 t=86 hand_z=0.184 dxy=0.016 stall=0.421
[s1] PLACED envs [0] (full physical pick-move-place)
[rec] episode 35/60 saved (len=369, env=0)
[close] e7 t=146 hand_z=0.184 dxy=0.016 stall=0.421
[s1] step=23100 stages=['DONE', 'ALIGN', 'IDLE', 'IDLE', 'ALIGN', 'IDLE', 'IDLE', 'CLOSE'] picks=10 places=8 hand0=[0.456, -0.169, 0.199] cup_xy0=[0.475, 0.076]
[close] e7 t=206 hand_z=0.184 dxy=0.016 stall=0.421
[s1] close-entry e1: hand=[0.546, -0.011, 0.191] cup_gt=[0.546, 0.004]
[s1] acquire e0: vision=[0.54, 0.006] gt=[0.569, 0.029]
[s1] step=23200 stages=['ALIGN', 'CLOSE', 'IDLE', 'IDLE', 'DESCEND', 'DESCEND', 'DESCEND', 'FAIL'] picks=10 places=8 hand0=[0.411, 0.007, 0.476] cup_xy0=[0.54, 0.006]
[s1] close-entry e4: hand=[0.47, 0.056, 0.182] cup_gt=[0.553, 0.04]
[s1] close-entry e5: hand=[0.551, -0.032, 0.191] cup_gt=[0.57, -0.041]
[close] e1 t=44 hand_z=0.164 dxy=0.016 stall=0.413
[s1] close-entry e6: hand=[0.506, 0.067, 0.189] cup_gt=[0.532, 0.051]
[close] e1 t=104 hand_z=0.163 dxy=0.017 stall=0.414
[s1] step=23300 stages=['DESCEND', 'CLOSE', 'IDLE', 'IDLE', 'CLOSE', 'CLOSE', 'CLOSE', 'IDLE'] picks=10 places=8 hand0=[0.543, 0.019, 0.197] cup_xy0=[0.54, 0.006]
[s1] close-entry e0: hand=[0.539, 0.01, 0.183] cup_gt=[0.569, 0.028]
[close] e0 t=24 hand_z=0.217 dxy=0.044 stall=0.708
[close] e0 t=84 hand_z=0.223 dxy=0.052 stall=0.800
[s1] step=23400 stages=['CLOSE', 'CLOSE', 'FAIL', 'IDLE', 'CLOSE', 'CLOSE', 'CLOSE', 'ALIGN'] picks=10 places=8 hand0=[0.556, -0.022, 0.223] cup_xy0=[0.54, 0.006]
[close] e0 t=144 hand_z=0.223 dxy=0.052 stall=0.800
[s1] step=23500 stages=['CLOSE', 'IDLE', 'IDLE', 'FAIL', 'FAIL', 'FAIL', 'FAIL', 'ALIGN'] picks=10 places=8 hand0=[0.556, -0.022, 0.223] cup_xy0=[0.54, 0.006]
[close] e0 t=204 hand_z=0.223 dxy=0.052 stall=0.800
[s1] step=23600 stages=['FAIL', 'ALIGN', 'IDLE', 'IDLE', 'ALIGN', 'ALIGN', 'ALIGN', 'ALIGN'] picks=10 places=8 hand0=[0.556, -0.023, 0.223] cup_xy0=[0.54, 0.006]
[s1] close-entry e5: hand=[0.515, -0.008, 0.19] cup_gt=[0.507, -0.021]
[s1] acquire e0: vision=[0.477, -0.07] gt=[0.477, -0.069]
[close] e5 t=21 hand_z=0.163 dxy=0.034 stall=0.347
[s1] step=23700 stages=['ALIGN', 'DESCEND', 'IDLE', 'IDLE', 'DESCEND', 'CLOSE', 'DESCEND', 'ALIGN'] picks=10 places=8 hand0=[0.464, 0.01, 0.386] cup_xy0=[0.477, -0.07]
[s1] close-entry e4: hand=[0.578, 0.079, 0.191] cup_gt=[0.554, 0.104]
[s1] close-entry e6: hand=[0.459, 0.008, 0.188] cup_gt=[0.453, 0.0]
[s1] close-entry e1: hand=[0.396, -0.239, 0.191] cup_gt=[0.418, -0.271]
[close] e1 t=4 hand_z=0.191 dxy=0.037 stall=0.228
[s1] close-entry e0: hand=[0.477, -0.073, 0.183] cup_gt=[0.473, -0.07]
[s1] step=23800 stages=['CLOSE', 'CLOSE', 'IDLE', 'IDLE', 'CLOSE', 'CLOSE', 'CLOSE', 'FAIL'] picks=10 places=8 hand0=[0.445, -0.02, 0.161] cup_xy0=[0.477, -0.07]
[close] e0 t=44 hand_z=0.161 dxy=0.020 stall=0.739
[close] e0 t=104 hand_z=0.161 dxy=0.020 stall=0.755
[s1] step=23900 stages=['CLOSE', 'CLOSE', 'IDLE', 'FAIL', 'CLOSE', 'CLOSE', 'CLOSE', 'IDLE'] picks=10 places=8 hand0=[0.442, -0.006, 0.161] cup_xy0=[0.477, -0.07]
[close] e0 t=164 hand_z=0.161 dxy=0.020 stall=0.755
[close] e0 t=224 hand_z=0.161 dxy=0.020 stall=0.755
[s1] step=24000 stages=['CLOSE', 'FAIL', 'IDLE', 'ALIGN', 'FAIL', 'IDLE', 'FAIL', 'IDLE'] picks=10 places=8 hand0=[0.442, -0.006, 0.161] cup_xy0=[0.477, -0.07]
[s1] step=24100 stages=['IDLE', 'IDLE', 'FAIL', 'ALIGN', 'DESCEND', 'ALIGN', 'DESCEND', 'IDLE'] picks=10 places=8 hand0=[0.351, 0.013, 0.254] cup_xy0=[0.477, -0.07]
[s1] acquire e0: vision=[0.504, -0.095] gt=[0.574, -0.062]
[s1] close-entry e5: hand=[0.508, 0.008, 0.186] cup_gt=[0.507, 0.002]
[s1] close-entry e6: hand=[0.451, 0.078, 0.187] cup_gt=[0.451, 0.08]
[s1] close-entry e4: hand=[0.518, 0.067, 0.185] cup_gt=[0.416, 0.001]
[s1] step=24200 stages=['ALIGN', 'DESCEND', 'IDLE', 'ALIGN', 'CLOSE', 'CLOSE', 'CLOSE', 'FAIL'] picks=10 places=8 hand0=[0.501, 0.008, 0.354] cup_xy0=[0.504, -0.095]
[close] e4 t=47 hand_z=0.198 dxy=0.152 stall=0.394
[s1] close-entry e1: hand=[0.444, -0.028, 0.185] cup_gt=[0.473, -0.009]
[close] e1 t=55 hand_z=0.210 dxy=0.043 stall=0.389
[s1] step=24300 stages=['DESCEND', 'CLOSE', 'IDLE', 'ALIGN', 'CLOSE', 'CLOSE', 'CLOSE', 'IDLE'] picks=10 places=8 hand0=[0.205, -0.378, 0.215] cup_xy0=[0.504, -0.095]
[close] e1 t=115 hand_z=0.210 dxy=0.044 stall=0.388
[s1] step=24400 stages=['DESCEND', 'CLOSE', 'IDLE', 'FAIL', 'CLOSE', 'CLOSE', 'CLOSE', 'IDLE'] picks=10 places=8 hand0=[-0.334, -0.033, 0.234] cup_xy0=[0.504, -0.095]
[close] e1 t=175 hand_z=0.210 dxy=0.044 stall=0.388
[close] e1 t=235 hand_z=0.210 dxy=0.044 stall=0.388
[s1] step=24500 stages=['DESCEND', 'FAIL', 'IDLE', 'IDLE', 'IDLE', 'IDLE', 'IDLE', 'IDLE'] picks=10 places=8 hand0=[-0.17, -0.088, 0.425] cup_xy0=[0.504, -0.095]
[s1] step=24600 stages=['DESCEND', 'ALIGN', 'IDLE', 'IDLE', 'ALIGN', 'DESCEND', 'DESCEND', 'IDLE'] picks=10 places=8 hand0=[-0.096, -0.063, 0.403] cup_xy0=[0.504, -0.095]
[s1] close-entry e6: hand=[0.487, 0.02, 0.192] cup_gt=[0.494, 0.065]
[close] e6 t=7 hand_z=0.187 dxy=0.018 stall=0.283
[s1] close-entry e5: hand=[0.451, 0.023, 0.192] cup_gt=[0.466, 0.038]
[s1] step=24700 stages=['FAIL', 'ALIGN', 'IDLE', 'IDLE', 'DESCEND', 'CLOSE', 'CLOSE', 'IDLE'] picks=10 places=8 hand0=[0.057, -0.219, 0.35] cup_xy0=[0.504, -0.095]
[close] e5 t=38 hand_z=0.169 dxy=0.040 stall=0.392
[s1] close-entry e4: hand=[0.457, 0.036, 0.187] cup_gt=[0.476, 0.101]
[close] e4 t=36 hand_z=0.213 dxy=0.117 stall=0.384
[s1] acquire e0: vision=[0.47, -0.057] gt=[0.46, -0.054]
[s1] step=24800 stages=['ALIGN', 'DESCEND', 'FAIL', 'IDLE', 'CLOSE', 'CLOSE', 'CLOSE', 'IDLE'] picks=10 places=8 hand0=[0.398, -0.035, 0.514] cup_xy0=[0.47, -0.057]
[close] e4 t=96 hand_z=0.214 dxy=0.120 stall=0.389
[close] e4 t=156 hand_z=0.214 dxy=0.120 stall=0.389
[s1] step=24900 stages=['DESCEND', 'DESCEND', 'IDLE', 'IDLE', 'CLOSE', 'CLOSE', 'FAIL', 'FAIL'] picks=10 places=8 hand0=[0.478, 0.003, 0.233] cup_xy0=[0.47, -0.057]
[s1] close-entry e0: hand=[0.473, -0.059, 0.19] cup_gt=[0.46, -0.054]
[close] e0 t=50 hand_z=0.165 dxy=0.023 stall=0.493
[s1] close-entry e1: hand=[0.522, -0.055, 0.189] cup_gt=[0.539, -0.038]
[s1] step=25000 stages=['CLOSE', 'CLOSE', 'IDLE', 'IDLE', 'FAIL', 'IDLE', 'ALIGN', 'ALIGN'] picks=10 places=8 hand0=[0.463, -0.085, 0.165] cup_xy0=[0.47, -0.057]
[close] e0 t=110 hand_z=0.165 dxy=0.023 stall=0.493
[close] e0 t=170 hand_z=0.165 dxy=0.023 stall=0.493
[s1] step=25100 stages=['CLOSE', 'CLOSE', 'IDLE', 'FAIL', 'ALIGN', 'DESCEND', 'DESCEND', 'ALIGN'] picks=10 places=8 hand0=[0.463, -0.085, 0.165] cup_xy0=[0.47, -0.057]
[s1] close-entry e6: hand=[0.514, 0.003, 0.188] cup_gt=[0.513, 0.006]
[close] e0 t=230 hand_z=0.165 dxy=0.023 stall=0.493
[s1] close-entry e5: hand=[0.541, 0.051, 0.189] cup_gt=[0.535, 0.035]
[s1] grasp-geom e0: hand-cup_xy=0.023 cup_gt=[0.452, -0.065, 0.022] vision_xy=[0.47, -0.057]
[s1] GRASP (drive stall) envs [0] stall=[0.493]
[s1] close-entry e4: hand=[0.516, -0.077, 0.192] cup_gt=[0.512, -0.086]
[lift] e0 t=9 cup_z=0.022 hand_z=0.166 stall=0.497
[lift] e0 t=29 cup_z=0.036 hand_z=0.176 stall=0.498
[close] e1 t=203 hand_z=0.182 dxy=0.051 stall=0.410
[lift] e0 t=49 cup_z=0.089 hand_z=0.229 stall=0.498
[s1] step=25200 stages=['LIFT', 'CLOSE', 'FAIL', 'IDLE', 'CLOSE', 'CLOSE', 'CLOSE', 'ALIGN'] picks=10 places=8 hand0=[0.43, -0.147, 0.229] cup_xy0=[0.47, -0.057]
[s1] LIFTED envs [0] (physical, friction-held)
[close] e4 t=102 hand_z=0.158 dxy=0.023 stall=0.385
[s1] step=25300 stages=['RELEASE', 'IDLE', 'IDLE', 'IDLE', 'CLOSE', 'CLOSE', 'CLOSE', 'ALIGN'] picks=11 places=8 hand0=[0.469, -0.254, 0.195] cup_xy0=[0.47, -0.057]
[close] e4 t=162 hand_z=0.158 dxy=0.023 stall=0.385
[s1] PLACED envs [0] (full physical pick-move-place)
[rec] episode 36/60 saved (len=287, env=0)
[close] e4 t=222 hand_z=0.158 dxy=0.023 stall=0.385
[s1] step=25400 stages=['DONE', 'DESCEND', 'IDLE', 'IDLE', 'FAIL', 'FAIL', 'FAIL', 'FAIL'] picks=11 places=9 hand0=[0.463, -0.268, 0.191] cup_xy0=[0.47, -0.057]
[s1] close-entry e1: hand=[0.444, 0.08, 0.19] cup_gt=[0.444, 0.068]
[s1] acquire e0: vision=[0.546, -0.006] gt=[0.543, -0.008]
[close] e1 t=53 hand_z=0.161 dxy=0.115 stall=0.404
[s1] step=25500 stages=['ALIGN', 'CLOSE', 'IDLE', 'IDLE', 'IDLE', 'IDLE', 'ALIGN', 'IDLE'] picks=11 places=9 hand0=[0.456, 0.155, 0.426] cup_xy0=[0.546, -0.006]
[close] e1 t=113 hand_z=0.161 dxy=0.140 stall=0.404
[s1] step=25600 stages=['ALIGN', 'CLOSE', 'IDLE', 'IDLE', 'DESCEND', 'ALIGN', 'ALIGN', 'IDLE'] picks=11 places=9 hand0=[0.481, 0.171, 0.346] cup_xy0=[0.546, -0.006]
[close] e1 t=173 hand_z=0.161 dxy=0.144 stall=0.404
[s1] close-entry e4: hand=[0.484, -0.059, 0.183] cup_gt=[0.48, -0.066]
[close] e1 t=233 hand_z=0.161 dxy=0.144 stall=0.404
[s1] close-entry e5: hand=[0.556, 0.069, 0.185] cup_gt=[0.558, 0.033]
[s1] step=25700 stages=['ALIGN', 'FAIL', 'IDLE', 'IDLE', 'CLOSE', 'CLOSE', 'ALIGN', 'IDLE'] picks=11 places=9 hand0=[0.533, 0.079, 0.351] cup_xy0=[0.546, -0.006]
[close] e4 t=94 hand_z=0.209 dxy=0.018 stall=0.397
[close] e4 t=154 hand_z=0.209 dxy=0.018 stall=0.397
[s1] step=25800 stages=['DESCEND', 'IDLE', 'IDLE', 'FAIL', 'CLOSE', 'CLOSE', 'ALIGN', 'FAIL'] picks=11 places=9 hand0=[0.503, -0.168, 0.193] cup_xy0=[0.546, -0.006]
[close] e4 t=214 hand_z=0.209 dxy=0.018 stall=0.397
[s1] step=25900 stages=['DESCEND', 'DESCEND', 'FAIL', 'IDLE', 'FAIL', 'CLOSE', 'FAIL', 'IDLE'] picks=11 places=9 hand0=[-0.16, -0.278, 0.229] cup_xy0=[0.546, -0.006]
[close] e5 t=232 hand_z=0.175 dxy=0.013 stall=0.407
[s1] step=26000 stages=['DESCEND', 'DESCEND', 'IDLE', 'IDLE', 'ALIGN', 'IDLE', 'IDLE', 'IDLE'] picks=11 places=9 hand0=[-0.229, 0.063, 0.464] cup_xy0=[0.546, -0.006]
[s1] close-entry e1: hand=[0.498, 0.248, 0.191] cup_gt=[0.503, 0.23]
[close] e1 t=18 hand_z=0.164 dxy=0.025 stall=0.340
[close] e1 t=78 hand_z=0.159 dxy=0.029 stall=0.385
[s1] step=26100 stages=['DESCEND', 'CLOSE', 'IDLE', 'IDLE', 'DESCEND', 'DESCEND', 'DESCEND', 'IDLE'] picks=11 places=9 hand0=[0.019, 0.11, 0.453] cup_xy0=[0.546, -0.006]
[s1] close-entry e5: hand=[0.428, -0.014, 0.19] cup_gt=[0.428, -0.014]
[s1] close-entry e6: hand=[0.426, -0.017, 0.187] cup_gt=[0.428, -0.015]
[s1] close-entry e4: hand=[0.533, 0.078, 0.183] cup_gt=[0.55, 0.098]
[close] e1 t=138 hand_z=0.159 dxy=0.029 stall=0.385
[s1] step=26200 stages=['FAIL', 'CLOSE', 'IDLE', 'FAIL', 'CLOSE', 'CLOSE', 'CLOSE', 'IDLE'] picks=11 places=9 hand0=[0.098, 0.096, 0.534] cup_xy0=[0.546, -0.006]
[close] e1 t=198 hand_z=0.159 dxy=0.029 stall=0.385
[close] e4 t=121 hand_z=0.209 dxy=0.076 stall=0.428
[s1] step=26300 stages=['IDLE', 'FAIL', 'FAIL', 'IDLE', 'CLOSE', 'CLOSE', 'CLOSE', 'IDLE'] picks=11 places=9 hand0=[0.01, -0.263, 0.243] cup_xy0=[0.546, -0.006]
[close] e4 t=181 hand_z=0.209 dxy=0.076 stall=0.428
[s1] acquire e0: vision=[0.451, -0.056] gt=[0.515, -0.069]
[close] e4 t=241 hand_z=0.209 dxy=0.076 stall=0.428
[s1] step=26400 stages=['DESCEND', 'IDLE', 'IDLE', 'IDLE', 'CLOSE', 'FAIL', 'FAIL', 'IDLE'] picks=11 places=9 hand0=[0.402, -0.103, 0.239] cup_xy0=[0.451, -0.056]
[s1] close-entry e0: hand=[0.452, -0.049, 0.187] cup_gt=[0.515, -0.069]
[s1] step=26500 stages=['CLOSE', 'IDLE', 'IDLE', 'IDLE', 'IDLE', 'ALIGN', 'ALIGN', 'FAIL'] picks=11 places=9 hand0=[0.451, -0.099, 0.199] cup_xy0=[0.451, -0.056]
[close] e0 t=53 hand_z=0.200 dxy=0.072 stall=0.425
[close] e0 t=113 hand_z=0.200 dxy=0.072 stall=0.425
[s1] close-entry e6: hand=[0.443, 0.01, 0.19] cup_gt=[0.445, 0.006]
[s1] step=26600 stages=['CLOSE', 'IDLE', 'IDLE', 'IDLE', 'DESCEND', 'DESCEND', 'CLOSE', 'IDLE'] picks=11 places=9 hand0=[0.45, -0.101, 0.2] cup_xy0=[0.451, -0.056]
[s1] close-entry e5: hand=[0.437, -0.062, 0.189] cup_gt=[0.439, 0.029]
[s1] close-entry e4: hand=[0.444, 0.066, 0.191] cup_gt=[0.441, 0.066]
[close] e0 t=173 hand_z=0.200 dxy=0.072 stall=0.425
[close] e0 t=233 hand_z=0.200 dxy=0.072 stall=0.425
[s1] step=26700 stages=['CLOSE', 'IDLE', 'IDLE', 'IDLE', 'CLOSE', 'CLOSE', 'CLOSE', 'IDLE'] picks=11 places=9 hand0=[0.45, -0.101, 0.2] cup_xy0=[0.451, -0.056]
[close] e4 t=137 hand_z=0.165 dxy=0.006 stall=0.399
[s1] step=26800 stages=['IDLE', 'IDLE', 'IDLE', 'IDLE', 'CLOSE', 'CLOSE', 'CLOSE', 'IDLE'] picks=11 places=9 hand0=[0.364, 0.006, 0.397] cup_xy0=[0.451, -0.056]
[s1] acquire e0: vision=[0.449, -0.006] gt=[0.448, -0.008]
[close] e4 t=197 hand_z=0.165 dxy=0.006 stall=0.399
[s1] step=26900 stages=['DESCEND', 'IDLE', 'IDLE', 'FAIL', 'FAIL', 'FAIL', 'IDLE', 'IDLE'] picks=11 places=9 hand0=[0.424, 0.04, 0.234] cup_xy0=[0.449, -0.006]
[s1] close-entry e0: hand=[0.447, -0.014, 0.187] cup_gt=[0.461, -0.002]
[close] e0 t=42 hand_z=0.162 dxy=0.025 stall=0.386
[s1] step=27000 stages=['CLOSE', 'FAIL', 'FAIL', 'IDLE', 'ALIGN', 'ALIGN', 'DESCEND', 'IDLE'] picks=11 places=9 hand0=[0.427, 0.007, 0.162] cup_xy0=[0.449, -0.006]
[s1] close-entry e6: hand=[0.518, 0.034, 0.189] cup_gt=[0.521, -0.016]
[close] e0 t=102 hand_z=0.162 dxy=0.026 stall=0.386
[s1] close-entry e5: hand=[0.473, 0.069, 0.191] cup_gt=[0.468, 0.059]
[s1] step=27100 stages=['CLOSE', 'IDLE', 'IDLE', 'IDLE', 'DESCEND', 'CLOSE', 'CLOSE', 'IDLE'] picks=11 places=9 hand0=[0.427, 0.008, 0.162] cup_xy0=[0.449, -0.006]
[close] e0 t=162 hand_z=0.162 dxy=0.026 stall=0.386
[close] e0 t=222 hand_z=0.162 dxy=0.026 stall=0.386
[s1] step=27200 stages=['FAIL', 'IDLE', 'IDLE', 'IDLE', 'DESCEND', 'CLOSE', 'CLOSE', 'FAIL'] picks=11 places=9 hand0=[0.427, 0.008, 0.162] cup_xy0=[0.449, -0.006]
[close] e5 t=145 hand_z=0.174 dxy=0.005 stall=0.402
[s1] acquire e0: vision=[0.495, -0.028] gt=[0.493, -0.028]
[close] e5 t=205 hand_z=0.174 dxy=0.005 stall=0.402
[s1] step=27300 stages=['ALIGN', 'IDLE', 'IDLE', 'FAIL', 'DESCEND', 'CLOSE', 'CLOSE', 'IDLE'] picks=11 places=9 hand0=[0.333, -0.038, 0.609] cup_xy0=[0.495, -0.028]
[s1] step=27400 stages=['DESCEND', 'FAIL', 'IDLE', 'IDLE', 'DESCEND', 'IDLE', 'IDLE', 'IDLE'] picks=11 places=9 hand0=[0.497, 0.034, 0.217] cup_xy0=[0.495, -0.028]
[s1] close-entry e0: hand=[0.497, -0.022, 0.19] cup_gt=[0.49, -0.039]
[s1] close-entry e4: hand=[0.559, -0.032, 0.191] cup_gt=[0.537, -0.039]
[close] e0 t=54 hand_z=0.159 dxy=0.031 stall=0.337
[s1] step=27500 stages=['CLOSE', 'IDLE', 'IDLE', 'IDLE', 'CLOSE', 'DESCEND', 'DESCEND', 'IDLE'] picks=11 places=9 hand0=[0.454, -0.103, 0.159] cup_xy0=[0.495, -0.028]
[close] e0 t=114 hand_z=0.159 dxy=0.034 stall=0.338
[s1] close-entry e6: hand=[0.49, -0.073, 0.191] cup_gt=[0.487, -0.105]
[s1] close-entry e5: hand=[0.532, 0.044, 0.182] cup_gt=[0.537, 0.026]
[close] e0 t=174 hand_z=0.159 dxy=0.035 stall=0.339
[s1] step=27600 stages=['CLOSE', 'IDLE', 'IDLE', 'IDLE', 'CLOSE', 'CLOSE', 'CLOSE', 'FAIL'] picks=11 places=9 hand0=[0.454, -0.105, 0.159] cup_xy0=[0.495, -0.028]
[close] e0 t=234 hand_z=0.159 dxy=0.035 stall=0.339
[s1] step=27700 stages=['FAIL', 'IDLE', 'FAIL', 'IDLE', 'CLOSE', 'CLOSE', 'CLOSE', 'IDLE'] picks=11 places=9 hand0=[0.45, -0.109, 0.155] cup_xy0=[0.495, -0.028]
[close] e5 t=150 hand_z=0.208 dxy=0.069 stall=0.395
[s1] acquire e0: vision=[0.46, 0.082] gt=[0.46, 0.078]
[close] e5 t=210 hand_z=0.208 dxy=0.069 stall=0.395
[s1] step=27800 stages=['DESCEND', 'IDLE', 'IDLE', 'IDLE', 'IDLE', 'CLOSE', 'CLOSE', 'IDLE'] picks=11 places=9 hand0=[0.478, 0.078, 0.349] cup_xy0=[0.46, 0.082]
[s1] grasp-geom e6: hand-cup_xy=0.013 cup_gt=[0.472, -0.169, 0.026] vision_xy=[0.486, -0.073]
[s1] GRASP (drive stall) envs [6] stall=[0.573]
[lift] e6 t=19 cup_z=0.022 hand_z=0.195 stall=0.780
[lift] e6 t=39 cup_z=0.020 hand_z=0.229 stall=0.803
[lift] e6 t=59 cup_z=0.020 hand_z=0.293 stall=0.803
[s1] close-entry e0: hand=[0.463, 0.088, 0.189] cup_gt=[0.461, 0.072]
[lift] e6 t=79 cup_z=0.020 hand_z=0.324 stall=0.802
[close] e0 t=29 hand_z=0.158 dxy=0.075 stall=0.377
[lift] e6 t=99 cup_z=0.020 hand_z=0.336 stall=0.802
[s1] step=27900 stages=['CLOSE', 'IDLE', 'IDLE', 'IDLE', 'DESCEND', 'IDLE', 'LIFT', 'IDLE'] picks=11 places=9 hand0=[0.466, 0.006, 0.158] cup_xy0=[0.46, 0.082]
[lift] e6 t=119 cup_z=0.020 hand_z=0.337 stall=0.802
[lift] e6 t=139 cup_z=0.020 hand_z=0.349 stall=0.802
[close] e0 t=89 hand_z=0.158 dxy=0.125 stall=0.393
[lift] e6 t=159 cup_z=0.020 hand_z=0.348 stall=0.803
[s1] close-entry e4: hand=[0.461, 0.074, 0.185] cup_gt=[0.461, 0.066]
[lift] e6 t=179 cup_z=0.020 hand_z=0.351 stall=0.802
[lift] e6 t=199 cup_z=0.020 hand_z=0.350 stall=0.802
[s1] step=28000 stages=['CLOSE', 'IDLE', 'IDLE', 'FAIL', 'CLOSE', 'ALIGN', 'LIFT', 'IDLE'] picks=11 places=9 hand0=[0.466, 0.002, 0.158] cup_xy0=[0.46, 0.082]
[close] e0 t=149 hand_z=0.158 dxy=0.132 stall=0.393
[lift] e6 t=219 cup_z=0.020 hand_z=0.350 stall=0.802
[lift] e6 t=239 cup_z=0.020 hand_z=0.350 stall=0.802
[lift] e6 t=259 cup_z=0.020 hand_z=0.350 stall=0.802
[close] e0 t=209 hand_z=0.158 dxy=0.133 stall=0.393
[lift] e6 t=279 cup_z=0.020 hand_z=0.350 stall=0.802
[lift] e6 t=299 cup_z=0.020 hand_z=0.350 stall=0.802
[s1] step=28100 stages=['CLOSE', 'FAIL', 'FAIL', 'IDLE', 'CLOSE', 'DESCEND', 'LIFT', 'IDLE'] picks=11 places=9 hand0=[0.466, 0.002, 0.158] cup_xy0=[0.46, 0.082]
[lift] e6 t=319 cup_z=0.020 hand_z=0.350 stall=0.802
[close] e4 t=175 hand_z=0.199 dxy=0.012 stall=0.402
[lift] e6 t=339 cup_z=0.020 hand_z=0.350 stall=0.802
[lift] e6 t=359 cup_z=0.020 hand_z=0.350 stall=0.802
[lift] e6 t=379 cup_z=0.020 hand_z=0.350 stall=0.802
[close] e4 t=235 hand_z=0.199 dxy=0.012 stall=0.402
[lift] e6 t=399 cup_z=0.020 hand_z=0.350 stall=0.802
[s1] step=28200 stages=['IDLE', 'IDLE', 'IDLE', 'IDLE', 'CLOSE', 'DESCEND', 'LIFT', 'IDLE'] picks=11 places=9 hand0=[0.369, 0.004, 0.277] cup_xy0=[0.46, 0.082]
[s1] close-entry e5: hand=[0.461, -0.008, 0.185] cup_gt=[0.496, -0.016]
[s1] acquire e0: vision=[0.309, 0.306] gt=[0.313, 0.296]
[close] e5 t=56 hand_z=0.195 dxy=0.048 stall=0.411
[s1] step=28300 stages=['ALIGN', 'IDLE', 'IDLE', 'IDLE', 'IDLE', 'CLOSE', 'IDLE', 'FAIL'] picks=11 places=9 hand0=[0.17, 0.252, 0.24] cup_xy0=[0.309, 0.306]
[close] e5 t=116 hand_z=0.195 dxy=0.048 stall=0.411
[close] e5 t=176 hand_z=0.195 dxy=0.048 stall=0.411
[s1] close-entry e6: hand=[0.47, -0.033, 0.183] cup_gt=[0.528, -0.058]
[s1] step=28400 stages=['DESCEND', 'IDLE', 'IDLE', 'IDLE', 'DESCEND', 'CLOSE', 'CLOSE', 'IDLE'] picks=11 places=9 hand0=[0.339, 0.279, 0.216] cup_xy0=[0.309, 0.306]
[s1] close-entry e0: hand=[0.308, 0.31, 0.19] cup_gt=[0.298, 0.327]
[close] e0 t=33 hand_z=0.167 dxy=0.013 stall=0.364
[close] e0 t=93 hand_z=0.166 dxy=0.014 stall=0.363
[s1] step=28500 stages=['CLOSE', 'IDLE', 'IDLE', 'IDLE', 'DESCEND', 'FAIL', 'CLOSE', 'IDLE'] picks=11 places=9 hand0=[0.264, 0.35, 0.166] cup_xy0=[0.309, 0.306]
[close] e0 t=153 hand_z=0.166 dxy=0.014 stall=0.363
[s1] close-entry e4: hand=[0.489, -0.03, 0.191] cup_gt=[0.523, -0.062]
[s1] step=28600 stages=['CLOSE', 'IDLE', 'IDLE', 'IDLE', 'CLOSE', 'ALIGN', 'CLOSE', 'IDLE'] picks=11 places=9 hand0=[0.264, 0.35, 0.166] cup_xy0=[0.309, 0.306]
[close] e0 t=213 hand_z=0.166 dxy=0.014 stall=0.363
[close] e4 t=116 hand_z=0.177 dxy=0.081 stall=0.415
[s1] step=28700 stages=['FAIL', 'IDLE', 'IDLE', 'FAIL', 'CLOSE', 'DESCEND', 'IDLE', 'FAIL'] picks=11 places=9 hand0=[0.262, 0.349, 0.165] cup_xy0=[0.309, 0.306]
[close] e4 t=176 hand_z=0.177 dxy=0.081 stall=0.415
[s1] close-entry e5: hand=[0.481, -0.056, 0.184] cup_gt=[0.507, -0.005]
[s1] acquire e0: vision=[0.547, -0.029] gt=[0.544, -0.029]
[close] e4 t=236 hand_z=0.177 dxy=0.081 stall=0.415
[s1] step=28800 stages=['ALIGN', 'FAIL', 'FAIL', 'IDLE', 'CLOSE', 'CLOSE', 'DESCEND', 'IDLE'] picks=11 places=9 hand0=[0.401, -0.005, 0.482] cup_xy0=[0.547, -0.029]
[close] e5 t=114 hand_z=0.205 dxy=0.128 stall=0.420
[s1] close-entry e6: hand=[0.43, -0.057, 0.189] cup_gt=[0.433, -0.066]
[s1] step=28900 stages=['DESCEND', 'IDLE', 'IDLE', 'IDLE', 'ALIGN', 'CLOSE', 'CLOSE', 'IDLE'] picks=11 places=9 hand0=[0.553, 0.007, 0.194] cup_xy0=[0.547, -0.029]
[close] e5 t=174 hand_z=0.205 dxy=0.128 stall=0.420
[s1] close-entry e0: hand=[0.546, -0.035, 0.188] cup_gt=[0.639, 0.006]
[close] e0 t=43 hand_z=0.160 dxy=0.121 stall=0.408
[s1] step=29000 stages=['CLOSE', 'IDLE', 'IDLE', 'IDLE', 'DESCEND', 'FAIL', 'CLOSE', 'IDLE'] picks=11 places=9 hand0=[0.536, 0.03, 0.159] cup_xy0=[0.547, -0.029]
[close] e0 t=103 hand_z=0.159 dxy=0.127 stall=0.408
[s1] close-entry e4: hand=[0.441, 0.01, 0.19] cup_gt=[0.441, -0.003]
[close] e0 t=163 hand_z=0.159 dxy=0.128 stall=0.408
[s1] step=29100 stages=['CLOSE', 'IDLE', 'IDLE', 'FAIL', 'CLOSE', 'IDLE', 'CLOSE', 'IDLE'] picks=11 places=9 hand0=[0.536, 0.031, 0.159] cup_xy0=[0.547, -0.029]
[s1] grasp-geom e6: hand-cup_xy=0.012 cup_gt=[0.444, -0.116, 0.022] vision_xy=[0.429, -0.064]
[s1] GRASP (drive stall) envs [6] stall=[0.555]
[lift] e6 t=14 cup_z=0.027 hand_z=0.202 stall=0.583
[lift] e6 t=34 cup_z=0.020 hand_z=0.211 stall=0.801
[close] e0 t=223 hand_z=0.159 dxy=0.128 stall=0.408
[lift] e6 t=54 cup_z=0.020 hand_z=0.271 stall=0.801
[lift] e6 t=74 cup_z=0.020 hand_z=0.320 stall=0.802
[lift] e6 t=94 cup_z=0.020 hand_z=0.357 stall=0.802
[s1] step=29200 stages=['FAIL', 'FAIL', 'IDLE', 'IDLE', 'CLOSE', 'DESCEND', 'LIFT', 'IDLE'] picks=11 places=9 hand0=[0.537, 0.031, 0.159] cup_xy0=[0.547, -0.029]
[s1] close-entry e5: hand=[0.492, -0.02, 0.183] cup_gt=[0.491, -0.014]
[close] e4 t=148 hand_z=0.165 dxy=0.014 stall=0.380
[lift] e6 t=114 cup_z=0.020 hand_z=0.349 stall=0.803
[lift] e6 t=134 cup_z=0.020 hand_z=0.347 stall=0.803
[lift] e6 t=154 cup_z=0.020 hand_z=0.349 stall=0.803
[close] e4 t=208 hand_z=0.165 dxy=0.014 stall=0.380
[lift] e6 t=174 cup_z=0.020 hand_z=0.350 stall=0.803
[s1] acquire e0: vision=[0.573, 0.041] gt=[0.569, 0.038]
[lift] e6 t=194 cup_z=0.020 hand_z=0.351 stall=0.803
[s1] step=29300 stages=['ALIGN', 'IDLE', 'IDLE', 'IDLE', 'CLOSE', 'CLOSE', 'LIFT', 'IDLE'] picks=11 places=9 hand0=[0.357, -0.008, 0.479] cup_xy0=[0.573, 0.041]
[lift] e6 t=214 cup_z=0.020 hand_z=0.351 stall=0.802
[close] e5 t=136 hand_z=0.212 dxy=0.056 stall=0.389
[lift] e6 t=234 cup_z=0.020 hand_z=0.350 stall=0.803
[lift] e6 t=254 cup_z=0.020 hand_z=0.350 stall=0.802
[lift] e6 t=274 cup_z=0.020 hand_z=0.350 stall=0.803
[close] e5 t=196 hand_z=0.212 dxy=0.056 stall=0.389
[lift] e6 t=294 cup_z=0.020 hand_z=0.350 stall=0.802
[s1] step=29400 stages=['DESCEND', 'IDLE', 'IDLE', 'IDLE', 'IDLE', 'CLOSE', 'LIFT', 'FAIL'] picks=11 places=9 hand0=[0.573, 0.002, 0.202] cup_xy0=[0.573, 0.041]
[s1] close-entry e0: hand=[0.579, 0.043, 0.191] cup_gt=[0.559, 0.069]
[lift] e6 t=314 cup_z=0.020 hand_z=0.350 stall=0.803
[lift] e6 t=334 cup_z=0.020 hand_z=0.350 stall=0.802
[close] e0 t=55 hand_z=0.156 dxy=0.081 stall=0.323
[lift] e6 t=354 cup_z=0.020 hand_z=0.350 stall=0.802
[lift] e6 t=374 cup_z=0.020 hand_z=0.350 stall=0.802
[lift] e6 t=394 cup_z=0.020 hand_z=0.350 stall=0.802
[s1] step=29500 stages=['CLOSE', 'IDLE', 'IDLE', 'IDLE', 'DESCEND', 'FAIL', 'LIFT', 'IDLE'] picks=11 places=9 hand0=[0.551, 0.147, 0.15] cup_xy0=[0.573, 0.041]
[close] e0 t=115 hand_z=0.149 dxy=0.088 stall=0.015
[s1] close-entry e4: hand=[0.549, -0.035, 0.192] cup_gt=[0.556, -0.054]
[close] e0 t=175 hand_z=0.149 dxy=0.090 stall=0.049
[s1] step=29600 stages=['CLOSE', 'IDLE', 'IDLE', 'IDLE', 'CLOSE', 'ALIGN', 'ALIGN', 'IDLE'] picks=11 places=9 hand0=[0.55, 0.152, 0.149] cup_xy0=[0.573, 0.041]
[close] e0 t=235 hand_z=0.149 dxy=0.091 stall=0.049
[s1] close-entry e5: hand=[0.53, -0.077, 0.185] cup_gt=[0.53, -0.08]
[close] e4 t=145 hand_z=0.189 dxy=0.037 stall=0.414
[s1] step=29700 stages=['FAIL', 'IDLE', 'IDLE', 'IDLE', 'CLOSE', 'CLOSE', 'DESCEND', 'IDLE'] picks=11 places=9 hand0=[0.552, 0.154, 0.151] cup_xy0=[0.573, 0.041]
[s1] close-entry e6: hand=[0.56, 0.051, 0.183] cup_gt=[0.551, 0.023]
[close] e4 t=205 hand_z=0.189 dxy=0.037 stall=0.414
[s1] step=29800 stages=['IDLE', 'IDLE', 'IDLE', 'FAIL', 'FAIL', 'CLOSE', 'CLOSE', 'IDLE'] picks=11 places=9 hand0=[0.389, -0.001, 0.462] cup_xy0=[0.573, 0.041]
[close] e5 t=135 hand_z=0.226 dxy=0.063 stall=0.393
[close] e5 t=195 hand_z=0.226 dxy=0.063 stall=0.393
[s1] step=29900 stages=['IDLE', 'FAIL', 'FAIL', 'IDLE', 'ALIGN', 'CLOSE', 'CLOSE', 'IDLE'] picks=11 places=9 hand0=[0.39, -0.001, 0.458] cup_xy0=[0.573, 0.041]
[close] e6 t=232 hand_z=0.162 dxy=0.055 stall=0.785
[s1] step=30000 stages=['IDLE', 'IDLE', 'IDLE', 'IDLE', 'DESCEND', 'IDLE', 'FAIL', 'IDLE'] picks=11 places=9 hand0=[0.39, -0.001, 0.457] cup_xy0=[0.573, 0.041]
[s1] close-entry e4: hand=[0.519, -0.017, 0.184] cup_gt=[0.517, -0.017]
[close] e4 t=36 hand_z=0.210 dxy=0.026 stall=0.414
[s1] acquire e0: vision=[0.411, -0.043] gt=[0.432, -0.04]
[s1] step=30100 stages=['ALIGN', 'IDLE', 'IDLE', 'IDLE', 'CLOSE', 'ALIGN', 'DESCEND', 'FAIL'] picks=11 places=9 hand0=[0.412, -0.039, 0.375] cup_xy0=[0.411, -0.043]
[close] e4 t=96 hand_z=0.210 dxy=0.028 stall=0.414
[close] e4 t=156 hand_z=0.210 dxy=0.028 stall=0.414
[s1] close-entry e5: hand=[0.561, 0.077, 0.187] cup_gt=[0.655, 0.053]
[s1] close-entry e0: hand=[0.411, -0.048, 0.189] cup_gt=[0.434, -0.043]
[s1] step=30200 stages=['CLOSE', 'IDLE', 'IDLE', 'IDLE', 'CLOSE', 'CLOSE', 'DESCEND', 'IDLE'] picks=11 places=9 hand0=[0.429, -0.015, 0.202] cup_xy0=[0.411, -0.043]
[s1] close-entry e6: hand=[0.442, 0.048, 0.182] cup_gt=[0.437, 0.047]
[close] e0 t=55 hand_z=0.206 dxy=0.053 stall=0.410
[close] e0 t=115 hand_z=0.206 dxy=0.057 stall=0.411
[s1] step=30300 stages=['CLOSE', 'FAIL', 'IDLE', 'IDLE', 'FAIL', 'CLOSE', 'CLOSE', 'IDLE'] picks=11 places=9 hand0=[0.433, 0.014, 0.206] cup_xy0=[0.411, -0.043]
[close] e0 t=175 hand_z=0.206 dxy=0.057 stall=0.411
[s1] step=30400 stages=['CLOSE', 'IDLE', 'IDLE', 'IDLE', 'ALIGN', 'CLOSE', 'CLOSE', 'IDLE'] picks=11 places=9 hand0=[0.433, 0.014, 0.206] cup_xy0=[0.411, -0.043]
[close] e0 t=235 hand_z=0.206 dxy=0.057 stall=0.411
[s1] grasp-geom e6: hand-cup_xy=0.009 cup_gt=[0.447, 0.072, 0.034] vision_xy=[0.446, 0.05]
[s1] GRASP (drive stall) envs [6] stall=[0.495]
[lift] e6 t=8 cup_z=0.035 hand_z=0.194 stall=0.495
[lift] e6 t=28 cup_z=0.049 hand_z=0.207 stall=0.497
[s1] LIFTED envs [6] (physical, friction-held)
[s1] step=30500 stages=['IDLE', 'IDLE', 'IDLE', 'FAIL', 'DESCEND', 'IDLE', 'CARRY', 'FAIL'] picks=12 places=9 hand0=[0.374, 0.006, 0.292] cup_xy0=[0.411, -0.043]
[s1] acquire e0: vision=[0.525, -0.053] gt=[0.523, -0.052]
[s1] close-entry e4: hand=[0.434, 0.041, 0.192] cup_gt=[0.445, 0.032]
[close] e4 t=21 hand_z=0.182 dxy=0.021 stall=0.343
[close] e4 t=81 hand_z=0.180 dxy=0.025 stall=0.390
[s1] step=30600 stages=['DESCEND', 'IDLE', 'FAIL', 'IDLE', 'CLOSE', 'ALIGN', 'PLACE', 'IDLE'] picks=12 places=9 hand0=[0.498, -0.106, 0.239] cup_xy0=[0.525, -0.053]
[close] e4 t=141 hand_z=0.180 dxy=0.025 stall=0.390
[s1] close-entry e0: hand=[0.521, -0.053, 0.185] cup_gt=[0.547, -0.009]
[s1] step=30700 stages=['CLOSE', 'IDLE', 'IDLE', 'IDLE', 'CLOSE', 'DESCEND', 'RELEASE', 'IDLE'] picks=12 places=9 hand0=[0.527, -0.136, 0.205] cup_xy0=[0.525, -0.053]
[s1] close-entry e5: hand=[0.478, 0.048, 0.183] cup_gt=[0.512, 0.04]
[close] e0 t=58 hand_z=0.205 dxy=0.097 stall=0.411
[s1] PLACED envs [6] (full physical pick-move-place)
[rec] episode 37/60 saved (len=346, env=6)
[close] e0 t=118 hand_z=0.205 dxy=0.097 stall=0.411
[s1] step=30800 stages=['CLOSE', 'IDLE', 'IDLE', 'IDLE', 'FAIL', 'CLOSE', 'DONE', 'IDLE'] picks=12 places=10 hand0=[0.526, -0.143, 0.205] cup_xy0=[0.525, -0.053]
[close] e0 t=178 hand_z=0.205 dxy=0.097 stall=0.411
[close] e0 t=238 hand_z=0.205 dxy=0.097 stall=0.411
[s1] step=30900 stages=['CLOSE', 'IDLE', 'IDLE', 'FAIL', 'DESCEND', 'CLOSE', 'ALIGN', 'IDLE'] picks=12 places=10 hand0=[0.526, -0.143, 0.205] cup_xy0=[0.525, -0.053]
[s1] close-entry e4: hand=[0.453, 0.025, 0.183] cup_gt=[0.417, 0.03]
[s1] step=31000 stages=['IDLE', 'FAIL', 'FAIL', 'IDLE', 'CLOSE', 'FAIL', 'DESCEND', 'IDLE'] picks=12 places=10 hand0=[0.328, 0.056, 0.479] cup_xy0=[0.525, -0.053]
[close] e4 t=34 hand_z=0.198 dxy=0.079 stall=0.391
[s1] acquire e0: vision=[0.485, 0.054] gt=[0.485, 0.049]
[close] e4 t=94 hand_z=0.199 dxy=0.081 stall=0.387
[s1] step=31100 stages=['DESCEND', 'IDLE', 'IDLE', 'IDLE', 'CLOSE', 'ALIGN', 'DESCEND', 'IDLE'] picks=12 places=10 hand0=[0.476, 0.082, 0.196] cup_xy0=[0.485, 0.054]
[s1] close-entry e0: hand=[0.488, 0.052, 0.191] cup_gt=[0.496, 0.008]
[close] e0 t=26 hand_z=0.186 dxy=0.037 stall=0.257
[s1] close-entry e5: hand=[0.415, 0.017, 0.187] cup_gt=[0.465, 0.031]
[close] e0 t=86 hand_z=0.186 dxy=0.032 stall=0.339
[s1] step=31200 stages=['CLOSE', 'IDLE', 'IDLE', 'IDLE', 'CLOSE', 'CLOSE', 'DESCEND', 'FAIL'] picks=12 places=10 hand0=[0.482, 0.039, 0.186] cup_xy0=[0.485, 0.054]
[close] e0 t=146 hand_z=0.186 dxy=0.032 stall=0.339
[s1] step=31300 stages=['CLOSE', 'IDLE', 'IDLE', 'IDLE', 'IDLE', 'CLOSE', 'DESCEND', 'IDLE'] picks=12 places=10 hand0=[0.482, 0.039, 0.186] cup_xy0=[0.485, 0.054]
[close] e0 t=206 hand_z=0.186 dxy=0.032 stall=0.339
[close] e5 t=210 hand_z=0.211 dxy=0.052 stall=0.396
[s1] step=31400 stages=['FAIL', 'IDLE', 'IDLE', 'IDLE', 'DESCEND', 'CLOSE', 'FAIL', 'IDLE'] picks=12 places=10 hand0=[0.477, 0.053, 0.182] cup_xy0=[0.485, 0.054]
[s1] acquire e0: vision=[0.491, 0.051] gt=[0.491, 0.048]
[s1] close-entry e4: hand=[0.469, -0.013, 0.184] cup_gt=[0.469, -0.023]
[close] e4 t=37 hand_z=0.160 dxy=0.052 stall=0.383
[s1] step=31500 stages=['DESCEND', 'IDLE', 'IDLE', 'IDLE', 'CLOSE', 'ALIGN', 'ALIGN', 'IDLE'] picks=12 places=10 hand0=[0.476, 0.004, 0.307] cup_xy0=[0.491, 0.051]
[close] e4 t=97 hand_z=0.160 dxy=0.053 stall=0.408
[s1] close-entry e6: hand=[0.463, 0.054, 0.185] cup_gt=[0.462, 0.041]
[s1] close-entry e0: hand=[0.491, 0.047, 0.186] cup_gt=[0.48, 0.064]
[s1] step=31600 stages=['CLOSE', 'IDLE', 'IDLE', 'FAIL', 'CLOSE', 'DESCEND', 'CLOSE', 'IDLE'] picks=12 places=10 hand0=[0.465, 0.085, 0.164] cup_xy0=[0.491, 0.051]
[s1] close-entry e5: hand=[0.53, -0.082, 0.187] cup_gt=[0.529, -0.071]
[close] e0 t=29 hand_z=0.158 dxy=0.016 stall=0.347
[close] e0 t=89 hand_z=0.157 dxy=0.022 stall=0.373
[s1] step=31700 stages=['CLOSE', 'FAIL', 'FAIL', 'IDLE', 'CLOSE', 'CLOSE', 'CLOSE', 'IDLE'] picks=12 places=10 hand0=[0.446, 0.121, 0.155] cup_xy0=[0.491, 0.051]
[close] e0 t=149 hand_z=0.154 dxy=0.023 stall=0.255
[close] e0 t=209 hand_z=0.152 dxy=0.026 stall=0.174
[s1] step=31800 stages=['CLOSE', 'IDLE', 'IDLE', 'IDLE', 'ALIGN', 'CLOSE', 'CLOSE', 'IDLE'] picks=12 places=10 hand0=[0.441, 0.123, 0.152] cup_xy0=[0.491, 0.051]
[s1] step=31900 stages=['IDLE', 'IDLE', 'IDLE', 'IDLE', 'DESCEND', 'FAIL', 'ALIGN', 'FAIL'] picks=12 places=10 hand0=[0.383, 0.107, 0.146] cup_xy0=[0.491, 0.051]
[s1] acquire e0: vision=[0.49, 0.073] gt=[0.489, 0.068]
[s1] close-entry e4: hand=[0.54, 0.057, 0.188] cup_gt=[0.54, 0.104]
[close] e4 t=47 hand_z=0.191 dxy=0.019 stall=0.801
[s1] step=32000 stages=['DESCEND', 'IDLE', 'IDLE', 'FAIL', 'CLOSE', 'ALIGN', 'DESCEND', 'IDLE'] picks=12 places=10 hand0=[0.471, 0.018, 0.299] cup_xy0=[0.49, 0.073]
[close] e4 t=107 hand_z=0.189 dxy=0.016 stall=0.800
[s1] close-entry e5: hand=[0.547, 0.008, 0.189] cup_gt=[0.602, -0.03]
[s1] close-entry e6: hand=[0.47, -0.071, 0.184] cup_gt=[0.458, -0.086]
[s1] close-entry e0: hand=[0.493, 0.078, 0.192] cup_gt=[0.489, 0.068]
[close] e0 t=33 hand_z=0.170 dxy=0.095 stall=0.385
[s1] step=32100 stages=['CLOSE', 'FAIL', 'IDLE', 'IDLE', 'CLOSE', 'CLOSE', 'CLOSE', 'IDLE'] picks=12 places=10 hand0=[0.471, 0.151, 0.17] cup_xy0=[0.49, 0.073]
[close] e0 t=93 hand_z=0.169 dxy=0.077 stall=0.386
[s1] step=32200 stages=['CLOSE', 'IDLE', 'IDLE', 'IDLE', 'FAIL', 'CLOSE', 'CLOSE', 'IDLE'] picks=12 places=10 hand0=[0.469, 0.157, 0.169] cup_xy0=[0.49, 0.073]
[close] e0 t=153 hand_z=0.169 dxy=0.077 stall=0.386
[close] e0 t=213 hand_z=0.169 dxy=0.077 stall=0.386
[s1] step=32300 stages=['CLOSE', 'IDLE', 'IDLE', 'IDLE', 'IDLE', 'FAIL', 'FAIL', 'FAIL'] picks=12 places=10 hand0=[0.469, 0.157, 0.169] cup_xy0=[0.49, 0.073]
[s1] step=32400 stages=['IDLE', 'IDLE', 'FAIL', 'IDLE', 'DESCEND', 'ALIGN', 'IDLE', 'IDLE'] picks=12 places=10 hand0=[0.343, 0.102, 0.251] cup_xy0=[0.49, 0.073]
[s1] close-entry e4: hand=[0.555, 0.061, 0.187] cup_gt=[0.586, 0.076]
[s1] acquire e0: vision=[0.412, -0.037] gt=[0.423, -0.042]
[close] e4 t=30 hand_z=0.216 dxy=0.089 stall=0.765
[s1] step=32500 stages=['ALIGN', 'IDLE', 'IDLE', 'IDLE', 'CLOSE', 'DESCEND', 'DESCEND', 'IDLE'] picks=12 places=10 hand0=[0.399, -0.048, 0.335] cup_xy0=[0.412, -0.037]
[close] e4 t=90 hand_z=0.221 dxy=0.109 stall=0.800
[s1] close-entry e5: hand=[0.426, -0.073, 0.191] cup_gt=[0.422, -0.083]
[s1] close-entry e6: hand=[0.579, 0.054, 0.19] cup_gt=[0.602, 0.002]
[close] e4 t=150 hand_z=0.221 dxy=0.110 stall=0.800
[s1] close-entry e0: hand=[0.41, -0.039, 0.182] cup_gt=[0.422, -0.045]
[s1] step=32600 stages=['CLOSE', 'IDLE', 'IDLE', 'IDLE', 'CLOSE', 'CLOSE', 'CLOSE', 'IDLE'] picks=12 places=10 hand0=[0.418, -0.026, 0.192] cup_xy0=[0.412, -0.037]
[close] e0 t=47 hand_z=0.201 dxy=0.035 stall=0.406
[close] e0 t=107 hand_z=0.201 dxy=0.035 stall=0.406
[s1] step=32700 stages=['CLOSE', 'IDLE', 'IDLE', 'FAIL', 'FAIL', 'CLOSE', 'CLOSE', 'IDLE'] picks=12 places=10 hand0=[0.423, -0.007, 0.201] cup_xy0=[0.412, -0.037]
[close] e0 t=167 hand_z=0.201 dxy=0.035 stall=0.406
[s1] step=32800 stages=['CLOSE', 'FAIL', 'FAIL', 'IDLE', 'ALIGN', 'FAIL', 'FAIL', 'IDLE'] picks=12 places=10 hand0=[0.423, -0.007, 0.201] cup_xy0=[0.412, -0.037]
[close] e0 t=227 hand_z=0.201 dxy=0.035 stall=0.406
[s1] close-entry e4: hand=[0.44, 0.048, 0.191] cup_gt=[0.435, 0.044]
[close] e4 t=3 hand_z=0.186 dxy=0.005 stall=0.464
[s1] step=32900 stages=['IDLE', 'IDLE', 'IDLE', 'IDLE', 'CLOSE', 'IDLE', 'IDLE', 'IDLE'] picks=12 places=10 hand0=[0.389, 0.011, 0.221] cup_xy0=[0.412, -0.037]
[close] e4 t=63 hand_z=0.175 dxy=0.004 stall=0.493
[s1] acquire e0: vision=[0.419, -0.002] gt=[0.421, -0.003]
[close] e4 t=123 hand_z=0.175 dxy=0.004 stall=0.492
[s1] step=33000 stages=['ALIGN', 'IDLE', 'IDLE', 'IDLE', 'CLOSE', 'DESCEND', 'DESCEND', 'FAIL'] picks=12 places=10 hand0=[0.412, -0.01, 0.339] cup_xy0=[0.419, -0.002]
[s1] close-entry e6: hand=[0.474, -0.072, 0.191] cup_gt=[0.474, -0.068]
[close] e4 t=183 hand_z=0.175 dxy=0.004 stall=0.492
[s1] close-entry e5: hand=[0.432, -0.032, 0.192] cup_gt=[0.43, -0.028]
[s1] step=33100 stages=['DESCEND', 'IDLE', 'IDLE', 'IDLE', 'CLOSE', 'CLOSE', 'CLOSE', 'IDLE'] picks=12 places=10 hand0=[0.419, 0.01, 0.191] cup_xy0=[0.419, -0.002]
[s1] close-entry e0: hand=[0.417, 0.005, 0.185] cup_gt=[0.421, -0.003]
[s1] grasp-geom e4: hand-cup_xy=0.004 cup_gt=[0.435, 0.044, 0.02] vision_xy=[0.434, 0.047]
[s1] GRASP (drive stall) envs [4] stall=[0.492]
[close] e0 t=14 hand_z=0.187 dxy=0.009 stall=0.271
[lift] e4 t=2 cup_z=0.020 hand_z=0.175 stall=0.494
[lift] e4 t=22 cup_z=0.022 hand_z=0.176 stall=0.497
[lift] e4 t=42 cup_z=0.049 hand_z=0.198 stall=0.497
[s1] LIFTED envs [4] (physical, friction-held)
[close] e0 t=74 hand_z=0.187 dxy=0.014 stall=0.373
[s1] step=33200 stages=['CLOSE', 'FAIL', 'IDLE', 'IDLE', 'CARRY', 'CLOSE', 'CLOSE', 'IDLE'] picks=13 places=10 hand0=[0.417, -0.017, 0.187] cup_xy0=[0.419, -0.002]
[close] e0 t=134 hand_z=0.187 dxy=0.014 stall=0.373
[close] e0 t=194 hand_z=0.187 dxy=0.014 stall=0.373
[s1] step=33300 stages=['CLOSE', 'IDLE', 'IDLE', 'IDLE', 'PLACE', 'CLOSE', 'FAIL', 'IDLE'] picks=13 places=10 hand0=[0.417, -0.017, 0.187] cup_xy0=[0.419, -0.002]
[s1] step=33400 stages=['FAIL', 'IDLE', 'IDLE', 'FAIL', 'RELEASE', 'IDLE', 'ALIGN', 'FAIL'] picks=13 places=10 hand0=[0.418, -0.019, 0.187] cup_xy0=[0.419, -0.002]
[s1] acquire e0: vision=[0.574, 0.051] gt=[0.612, 0.049]
[s1] PLACED envs [4] (full physical pick-move-place)
[rec] episode 38/60 saved (len=337, env=4)
[s1] step=33500 stages=['ALIGN', 'IDLE', 'FAIL', 'IDLE', 'DONE', 'ALIGN', 'ALIGN', 'IDLE'] picks=13 places=11 hand0=[0.573, -0.028, 0.377] cup_xy0=[0.574, 0.051]
[s1] close-entry e0: hand=[0.573, 0.055, 0.189] cup_gt=[0.643, 0.058]
[close] e0 t=13 hand_z=0.170 dxy=0.090 stall=0.287
[s1] step=33600 stages=['CLOSE', 'IDLE', 'IDLE', 'IDLE', 'ALIGN', 'DESCEND', 'DESCEND', 'IDLE'] picks=13 places=11 hand0=[0.572, 0.113, 0.17] cup_xy0=[0.574, 0.051]
[s1] close-entry e5: hand=[0.453, 0.065, 0.189] cup_gt=[0.491, 0.064]
[close] e0 t=73 hand_z=0.161 dxy=0.122 stall=0.417
[s1] step=33700 stages=['CLOSE', 'IDLE', 'IDLE', 'IDLE', 'DESCEND', 'CLOSE', 'DESCEND', 'IDLE'] picks=13 places=11 hand0=[0.564, 0.153, 0.161] cup_xy0=[0.574, 0.051]
[s1] close-entry e4: hand=[0.451, 0.008, 0.184] cup_gt=[0.381, 0.012]
[close] e0 t=133 hand_z=0.161 dxy=0.123 stall=0.417
[close] e0 t=193 hand_z=0.161 dxy=0.123 stall=0.417
[s1] step=33800 stages=['CLOSE', 'IDLE', 'IDLE', 'FAIL', 'CLOSE', 'CLOSE', 'DESCEND', 'IDLE'] picks=13 places=11 hand0=[0.564, 0.153, 0.161] cup_xy0=[0.574, 0.051]
[close] e4 t=140 hand_z=0.209 dxy=0.152 stall=0.800
[close] e4 t=200 hand_z=0.209 dxy=0.152 stall=0.800
[s1] step=33900 stages=['IDLE', 'FAIL', 'FAIL', 'IDLE', 'CLOSE', 'FAIL', 'DESCEND', 'IDLE'] picks=13 places=11 hand0=[0.472, 0.082, 0.133] cup_xy0=[0.574, 0.051]
[s1] acquire e0: vision=[0.51, -0.124] gt=[0.508, -0.121]
[s1] step=34000 stages=['ALIGN', 'IDLE', 'IDLE', 'IDLE', 'FAIL', 'ALIGN', 'IDLE', 'IDLE'] picks=13 places=11 hand0=[0.529, -0.082, 0.346] cup_xy0=[0.51, -0.124]
[s1] step=34100 stages=['DESCEND', 'IDLE', 'IDLE', 'IDLE', 'ALIGN', 'DESCEND', 'DESCEND', 'FAIL'] picks=13 places=11 hand0=[0.356, -0.267, 0.172] cup_xy0=[0.51, -0.124]
[s1] close-entry e5: hand=[0.5, 0.013, 0.185] cup_gt=[0.503, 0.108]
[close] e5 t=2 hand_z=0.186 dxy=0.101 stall=0.230
[s1] close-entry e4: hand=[0.546, 0.023, 0.183] cup_gt=[0.561, 0.029]
[s1] close-entry e0: hand=[0.51, -0.129, 0.19] cup_gt=[0.553, -0.115]
[s1] close-entry e6: hand=[0.557, -0.008, 0.19] cup_gt=[0.555, -0.016]
[close] e0 t=41 hand_z=0.178 dxy=0.060 stall=0.407
[s1] step=34200 stages=['CLOSE', 'IDLE', 'IDLE', 'IDLE', 'CLOSE', 'CLOSE', 'CLOSE', 'IDLE'] picks=13 places=11 hand0=[0.507, -0.089, 0.178] cup_xy0=[0.51, -0.124]
[close] e0 t=101 hand_z=0.178 dxy=0.063 stall=0.407
[s1] step=34300 stages=['CLOSE', 'IDLE', 'IDLE', 'IDLE', 'CLOSE', 'CLOSE', 'CLOSE', 'IDLE'] picks=13 places=11 hand0=[0.507, -0.087, 0.178] cup_xy0=[0.51, -0.124]
[close] e0 t=161 hand_z=0.178 dxy=0.063 stall=0.407
[close] e0 t=221 hand_z=0.178 dxy=0.063 stall=0.407
[s1] step=34400 stages=['CLOSE', 'IDLE', 'IDLE', 'IDLE', 'FAIL', 'FAIL', 'CLOSE', 'IDLE'] picks=13 places=11 hand0=[0.507, -0.087, 0.178] cup_xy0=[0.51, -0.124]
[s1] step=34500 stages=['IDLE', 'IDLE', 'IDLE', 'FAIL', 'IDLE', 'ALIGN', 'IDLE', 'IDLE'] picks=13 places=11 hand0=[0.344, 0.057, 0.49] cup_xy0=[0.51, -0.124]
[s1] acquire e0: vision=[0.478, 0.024] gt=[0.478, 0.022]
[s1] step=34600 stages=['DESCEND', 'FAIL', 'FAIL', 'IDLE', 'DESCEND', 'DESCEND', 'DESCEND', 'IDLE'] picks=13 places=11 hand0=[0.418, -0.01, 0.236] cup_xy0=[0.478, 0.024]
[s1] close-entry e4: hand=[0.501, 0.054, 0.184] cup_gt=[0.463, 0.032]
[close] e4 t=14 hand_z=0.161 dxy=0.209 stall=0.574
[s1] close-entry e0: hand=[0.476, 0.018, 0.185] cup_gt=[0.477, 0.023]
[close] e0 t=16 hand_z=0.167 dxy=0.017 stall=0.321
[s1] step=34700 stages=['CLOSE', 'IDLE', 'IDLE', 'IDLE', 'CLOSE', 'DESCEND', 'DESCEND', 'IDLE'] picks=13 places=11 hand0=[0.46, 0.043, 0.163] cup_xy0=[0.478, 0.024]
[s1] close-entry e6: hand=[0.43, 0.056, 0.189] cup_gt=[0.466, 0.042]
[close] e0 t=76 hand_z=0.163 dxy=0.024 stall=0.392
[close] e0 t=136 hand_z=0.163 dxy=0.024 stall=0.392
[s1] step=34800 stages=['CLOSE', 'IDLE', 'IDLE', 'IDLE', 'CLOSE', 'DESCEND', 'CLOSE', 'FAIL'] picks=13 places=11 hand0=[0.46, 0.045, 0.163] cup_xy0=[0.478, 0.024]
[s1] close-entry e5: hand=[0.526, 0.059, 0.188] cup_gt=[0.548, 0.044]
[close] e0 t=196 hand_z=0.163 dxy=0.024 stall=0.391
[s1] step=34900 stages=['CLOSE', 'IDLE', 'IDLE', 'FAIL', 'FAIL', 'CLOSE', 'CLOSE', 'IDLE'] picks=13 places=11 hand0=[0.46, 0.045, 0.163] cup_xy0=[0.478, 0.024]
[close] e5 t=80 hand_z=0.166 dxy=0.031 stall=0.397
[close] e5 t=140 hand_z=0.166 dxy=0.031 stall=0.397
[s1] step=35000 stages=['IDLE', 'FAIL', 'IDLE', 'IDLE', 'ALIGN', 'CLOSE', 'FAIL', 'IDLE'] picks=13 places=11 hand0=[0.403, 0.076, 0.228] cup_xy0=[0.478, 0.024]
[s1] acquire e0: vision=[0.176, -0.134] gt=[0.188, -0.129]
[close] e5 t=200 hand_z=0.166 dxy=0.031 stall=0.397
[s1] step=35100 stages=['DESCEND', 'IDLE', 'IDLE', 'IDLE', 'DESCEND', 'FAIL', 'DESCEND', 'IDLE'] picks=13 places=11 hand0=[0.181, -0.139, 0.353] cup_xy0=[0.176, -0.134]
[s1] close-entry e4: hand=[0.397, -0.044, 0.184] cup_gt=[0.437, -0.068]
[s1] close-entry e6: hand=[0.539, -0.066, 0.188] cup_gt=[0.513, -0.087]
[close] e4 t=46 hand_z=0.169 dxy=0.057 stall=0.800
[s1] step=35200 stages=['DESCEND', 'IDLE', 'IDLE', 'IDLE', 'CLOSE', 'IDLE', 'CLOSE', 'FAIL'] picks=13 places=11 hand0=[0.185, -0.252, 0.272] cup_xy0=[0.176, -0.134]
[close] e4 t=106 hand_z=0.169 dxy=0.058 stall=0.800
[close] e4 t=166 hand_z=0.169 dxy=0.058 stall=0.800
[s1] step=35300 stages=['DESCEND', 'IDLE', 'FAIL', 'IDLE', 'CLOSE', 'ALIGN', 'CLOSE', 'IDLE'] picks=13 places=11 hand0=[0.196, -0.227, 0.236] cup_xy0=[0.176, -0.134]
[close] e4 t=226 hand_z=0.169 dxy=0.058 stall=0.800
[s1] step=35400 stages=['DESCEND', 'IDLE', 'IDLE', 'IDLE', 'FAIL', 'ALIGN', 'FAIL', 'IDLE'] picks=13 places=11 hand0=[0.203, -0.217, 0.235] cup_xy0=[0.176, -0.134]
[s1] step=35500 stages=['FAIL', 'IDLE', 'IDLE', 'IDLE', 'ALIGN', 'ALIGN', 'ALIGN', 'IDLE'] picks=13 places=11 hand0=[0.2, -0.216, 0.23] cup_xy0=[0.176, -0.134]
[s1] acquire e0: vision=[0.54, -0.012] gt=[0.575, -0.003]
[s1] step=35600 stages=['ALIGN', 'IDLE', 'IDLE', 'FAIL', 'DESCEND', 'ALIGN', 'DESCEND', 'IDLE'] picks=13 places=11 hand0=[0.397, -0.03, 0.425] cup_xy0=[0.54, -0.012]
[s1] close-entry e6: hand=[0.516, -0.047, 0.186] cup_gt=[0.519, -0.045]
[s1] close-entry e4: hand=[0.444, 0.048, 0.186] cup_gt=[0.444, 0.036]
[close] e4 t=17 hand_z=0.186 dxy=0.006 stall=0.634
[close] e4 t=77 hand_z=0.185 dxy=0.001 stall=0.746
[s1] step=35700 stages=['DESCEND', 'FAIL', 'FAIL', 'IDLE', 'CLOSE', 'IDLE', 'CLOSE', 'IDLE'] picks=13 places=11 hand0=[0.53, -0.016, 0.171] cup_xy0=[0.54, -0.012]
[s1] close-entry e0: hand=[0.539, -0.006, 0.184] cup_gt=[0.575, -0.003]
[close] e0 t=30 hand_z=0.215 dxy=0.039 stall=0.402
[s1] step=35800 stages=['CLOSE', 'IDLE', 'IDLE', 'IDLE', 'CLOSE', 'ALIGN', 'CLOSE', 'IDLE'] picks=13 places=11 hand0=[0.555, 0.036, 0.218] cup_xy0=[0.54, -0.012]
[close] e0 t=90 hand_z=0.218 dxy=0.044 stall=0.400
[s1] grasp-geom e6: hand-cup_xy=0.018 cup_gt=[0.528, -0.108, 0.065] vision_xy=[0.515, -0.051]
[s1] GRASP (drive stall) envs [6] stall=[0.493]
[close] e0 t=150 hand_z=0.218 dxy=0.044 stall=0.400
[lift] e6 t=19 cup_z=0.073 hand_z=0.220 stall=0.498
[s1] LIFTED envs [6] (physical, friction-held)
[s1] step=35900 stages=['CLOSE', 'IDLE', 'IDLE', 'IDLE', 'FAIL', 'DESCEND', 'CARRY', 'FAIL'] picks=14 places=11 hand0=[0.555, 0.036, 0.218] cup_xy0=[0.54, -0.012]
[s1] close-entry e5: hand=[0.53, 0.094, 0.185] cup_gt=[0.572, 0.066]
[close] e0 t=210 hand_z=0.218 dxy=0.044 stall=0.400
[close] e5 t=69 hand_z=0.216 dxy=0.034 stall=0.386
[s1] step=36000 stages=['FAIL', 'IDLE', 'IDLE', 'IDLE', 'ALIGN', 'CLOSE', 'RELEASE', 'IDLE'] picks=14 places=11 hand0=[0.555, 0.037, 0.218] cup_xy0=[0.54, -0.012]
[s1] PLACED envs [6] (full physical pick-move-place)
[rec] episode 39/60 saved (len=279, env=6)
[close] e5 t=129 hand_z=0.216 dxy=0.034 stall=0.386
[s1] acquire e0: vision=[0.48, -0.016] gt=[0.479, -0.017]
[s1] close-entry e4: hand=[0.44, -0.051, 0.184] cup_gt=[0.439, -0.043]
[s1] step=36100 stages=['ALIGN', 'IDLE', 'IDLE', 'IDLE', 'CLOSE', 'CLOSE', 'DONE', 'IDLE'] picks=14 places=12 hand0=[0.462, -0.034, 0.452] cup_xy0=[0.48, -0.016]
[close] e4 t=24 hand_z=0.162 dxy=0.017 stall=0.625
[s1] close-entry e0: hand=[0.475, -0.018, 0.19] cup_gt=[0.479, -0.017]
[close] e0 t=49 hand_z=0.164 dxy=0.004 stall=0.418
[s1] step=36200 stages=['CLOSE', 'IDLE', 'IDLE', 'IDLE', 'CLOSE', 'FAIL', 'ALIGN', 'IDLE'] picks=14 places=12 hand0=[0.48, -0.016, 0.163] cup_xy0=[0.48, -0.016]
[close] e0 t=109 hand_z=0.163 dxy=0.005 stall=0.418
[close] e0 t=169 hand_z=0.163 dxy=0.005 stall=0.418
[s1] step=36300 stages=['CLOSE', 'IDLE', 'IDLE', 'FAIL', 'CLOSE', 'ALIGN', 'DESCEND', 'FAIL'] picks=14 places=12 hand0=[0.48, -0.016, 0.163] cup_xy0=[0.48, -0.016]
[s1] close-entry e6: hand=[0.536, -0.016, 0.185] cup_gt=[0.555, -0.011]
[close] e0 t=229 hand_z=0.163 dxy=0.005 stall=0.418
[s1] step=36400 stages=['FAIL', 'FAIL', 'FAIL', 'IDLE', 'IDLE', 'DESCEND', 'CLOSE', 'IDLE'] picks=14 places=12 hand0=[0.48, -0.015, 0.163] cup_xy0=[0.48, -0.016]
[close] e6 t=78 hand_z=0.230 dxy=0.020 stall=0.800
[s1] close-entry e5: hand=[0.558, -0.03, 0.189] cup_gt=[0.572, -0.031]
[s1] acquire e0: vision=[0.499, -0.005] gt=[0.498, -0.007]
[close] e5 t=38 hand_z=0.158 dxy=0.035 stall=0.380
[s1] step=36500 stages=['ALIGN', 'IDLE', 'IDLE', 'IDLE', 'ALIGN', 'CLOSE', 'CLOSE', 'IDLE'] picks=14 places=12 hand0=[0.489, -0.05, 0.395] cup_xy0=[0.499, -0.005]
[close] e5 t=98 hand_z=0.158 dxy=0.036 stall=0.379
[s1] close-entry e0: hand=[0.502, -0.009, 0.191] cup_gt=[0.497, -0.058]
[close] e0 t=14 hand_z=0.174 dxy=0.013 stall=0.318
[s1] step=36600 stages=['CLOSE', 'IDLE', 'IDLE', 'IDLE', 'DESCEND', 'CLOSE', 'FAIL', 'IDLE'] picks=14 places=12 hand0=[0.477, -0.075, 0.174] cup_xy0=[0.499, -0.005]
[s1] close-entry e4: hand=[0.537, -0.047, 0.191] cup_gt=[0.57, -0.017]
[close] e0 t=74 hand_z=0.163 dxy=0.011 stall=0.372
[s1] step=36700 stages=['CLOSE', 'IDLE', 'IDLE', 'FAIL', 'CLOSE', 'FAIL', 'ALIGN', 'IDLE'] picks=14 places=12 hand0=[0.457, -0.108, 0.163] cup_xy0=[0.499, -0.005]
[close] e0 t=134 hand_z=0.163 dxy=0.011 stall=0.393
[close] e0 t=194 hand_z=0.163 dxy=0.011 stall=0.393
[s1] close-entry e6: hand=[0.541, -0.08, 0.185] cup_gt=[0.534, -0.076]
[s1] step=36800 stages=['CLOSE', 'FAIL', 'FAIL', 'IDLE', 'CLOSE', 'ALIGN', 'CLOSE', 'IDLE'] picks=14 places=12 hand0=[0.457, -0.108, 0.163] cup_xy0=[0.499, -0.005]
[close] e4 t=209 hand_z=0.169 dxy=0.433 stall=0.800
[close] e6 t=104 hand_z=0.126 dxy=0.536 stall=0.245
[s1] step=36900 stages=['IDLE', 'IDLE', 'IDLE', 'IDLE', 'FAIL', 'DESCEND', 'CLOSE', 'IDLE'] picks=14 places=12 hand0=[0.349, -0.052, 0.17] cup_xy0=[0.499, -0.005]
[s1] acquire e0: vision=[0.464, 0.076] gt=[0.464, 0.071]
[s1] close-entry e5: hand=[0.427, 0.001, 0.191] cup_gt=[0.421, 0.01]
[close] e5 t=14 hand_z=0.173 dxy=0.021 stall=0.280
[s1] step=37000 stages=['DESCEND', 'IDLE', 'IDLE', 'IDLE', 'ALIGN', 'CLOSE', 'CLOSE', 'FAIL'] picks=14 places=12 hand0=[0.407, 0.094, 0.239] cup_xy0=[0.464, 0.076]
[close] e5 t=74 hand_z=0.169 dxy=0.028 stall=0.389
[close] e5 t=134 hand_z=0.169 dxy=0.028 stall=0.389
[s1] close-entry e0: hand=[0.465, 0.069, 0.188] cup_gt=[0.464, 0.077]
[s1] step=37100 stages=['CLOSE', 'IDLE', 'IDLE', 'IDLE', 'ALIGN', 'CLOSE', 'IDLE', 'IDLE'] picks=14 places=12 hand0=[0.448, 0.09, 0.169] cup_xy0=[0.464, 0.076]
[close] e0 t=52 hand_z=0.162 dxy=0.041 stall=0.435
[close] e0 t=112 hand_z=0.162 dxy=0.041 stall=0.435
[s1] step=37200 stages=['CLOSE', 'IDLE', 'IDLE', 'IDLE', 'ALIGN', 'FAIL', 'ALIGN', 'IDLE'] picks=14 places=12 hand0=[0.44, 0.104, 0.162] cup_xy0=[0.464, 0.076]
[close] e0 t=172 hand_z=0.162 dxy=0.041 stall=0.435
[s1] step=37300 stages=['CLOSE', 'IDLE', 'IDLE', 'IDLE', 'ALIGN', 'IDLE', 'DESCEND', 'IDLE'] picks=14 places=12 hand0=[0.44, 0.104, 0.162] cup_xy0=[0.464, 0.076]
[close] e0 t=232 hand_z=0.162 dxy=0.041 stall=0.435
[s1] close-entry e6: hand=[0.486, -0.024, 0.184] cup_gt=[0.512, -0.013]
[close] e6 t=28 hand_z=0.184 dxy=0.074 stall=0.378
[s1] step=37400 stages=['IDLE', 'IDLE', 'IDLE', 'FAIL', 'FAIL', 'ALIGN', 'CLOSE', 'IDLE'] picks=14 places=12 hand0=[0.349, 0.101, 0.176] cup_xy0=[0.464, 0.076]
[close] e6 t=88 hand_z=0.185 dxy=0.079 stall=0.415
[s1] acquire e0: vision=[0.555, -0.074] gt=[0.552, -0.073]
[close] e6 t=148 hand_z=0.185 dxy=0.079 stall=0.415
[s1] step=37500 stages=['ALIGN', 'FAIL', 'FAIL', 'IDLE', 'IDLE', 'DESCEND', 'CLOSE', 'IDLE'] picks=14 places=12 hand0=[0.562, -0.066, 0.358] cup_xy0=[0.555, -0.074]
[s1] close-entry e5: hand=[0.467, -0.043, 0.187] cup_gt=[0.493, -0.082]
[close] e5 t=60 hand_z=0.209 dxy=0.064 stall=0.388
[s1] close-entry e0: hand=[0.558, -0.068, 0.188] cup_gt=[0.541, -0.052]
[s1] step=37600 stages=['CLOSE', 'IDLE', 'IDLE', 'IDLE', 'DESCEND', 'CLOSE', 'FAIL', 'IDLE'] picks=14 places=12 hand0=[0.55, -0.136, 0.21] cup_xy0=[0.555, -0.074]
[close] e0 t=45 hand_z=0.211 dxy=0.049 stall=0.402
[s1] close-entry e4: hand=[0.548, -0.036, 0.19] cup_gt=[0.571, -0.044]
[close] e0 t=105 hand_z=0.211 dxy=0.052 stall=0.403
[s1] step=37700 stages=['CLOSE', 'IDLE', 'IDLE', 'IDLE', 'CLOSE', 'CLOSE', 'ALIGN', 'FAIL'] picks=14 places=12 hand0=[0.544, -0.151, 0.211] cup_xy0=[0.555, -0.074]
[close] e0 t=165 hand_z=0.211 dxy=0.052 stall=0.403
[close] e0 t=225 hand_z=0.211 dxy=0.052 stall=0.403
[s1] step=37800 stages=['CLOSE', 'IDLE', 'IDLE', 'IDLE', 'CLOSE', 'FAIL', 'DESCEND', 'IDLE'] picks=14 places=12 hand0=[0.544, -0.151, 0.211] cup_xy0=[0.555, -0.074]
[s1] close-entry e6: hand=[0.429, 0.009, 0.183] cup_gt=[0.464, 0.009]
[close] e4 t=226 hand_z=0.194 dxy=0.063 stall=0.434
[s1] step=37900 stages=['IDLE', 'FAIL', 'IDLE', 'IDLE', 'FAIL', 'DESCEND', 'CLOSE', 'IDLE'] picks=14 places=12 hand0=[0.304, -0.032, 0.178] cup_xy0=[0.555, -0.074]
[s1] acquire e0: vision=[0.55, 0.03] gt=[0.547, 0.028]
[close] e6 t=92 hand_z=0.217 dxy=0.055 stall=0.418
[close] e6 t=152 hand_z=0.217 dxy=0.055 stall=0.418
[s1] step=38000 stages=['DESCEND', 'IDLE', 'IDLE', 'IDLE', 'ALIGN', 'DESCEND', 'CLOSE', 'IDLE'] picks=14 places=12 hand0=[0.523, 0.101, 0.278] cup_xy0=[0.55, 0.03]
[s1] close-entry e5: hand=[0.509, 0.007, 0.192] cup_gt=[0.533, 0.028]
[close] e5 t=29 hand_z=0.164 dxy=0.027 stall=0.380
[s1] close-entry e0: hand=[0.548, 0.026, 0.185] cup_gt=[0.54, 0.03]
[close] e0 t=58 hand_z=0.198 dxy=0.011 stall=0.392
[s1] step=38100 stages=['CLOSE', 'IDLE', 'IDLE', 'IDLE', 'DESCEND', 'CLOSE', 'FAIL', 'FAIL'] picks=14 places=12 hand0=[0.549, 0.079, 0.198] cup_xy0=[0.55, 0.03]
[s1] close-entry e4: hand=[0.467, 0.004, 0.182] cup_gt=[0.469, 0.011]
[close] e0 t=118 hand_z=0.198 dxy=0.011 stall=0.392
[s1] step=38200 stages=['CLOSE', 'IDLE', 'FAIL', 'IDLE', 'CLOSE', 'CLOSE', 'ALIGN', 'IDLE'] picks=14 places=12 hand0=[0.549, 0.081, 0.198] cup_xy0=[0.55, 0.03]
[close] e0 t=178 hand_z=0.198 dxy=0.011 stall=0.392
[s1] close-entry e6: hand=[0.445, 0.065, 0.191] cup_gt=[0.447, 0.066]
[close] e0 t=238 hand_z=0.198 dxy=0.011 stall=0.392
[s1] step=38300 stages=['FAIL', 'IDLE', 'IDLE', 'IDLE', 'CLOSE', 'FAIL', 'CLOSE', 'IDLE'] picks=14 places=12 hand0=[0.548, 0.079, 0.196] cup_xy0=[0.55, 0.03]
[close] e4 t=233 hand_z=0.160 dxy=0.033 stall=0.402
[s1] acquire e0: vision=[0.51, 0.003] gt=[0.508, 0.002]
[close] e6 t=121 hand_z=0.158 dxy=0.020 stall=0.333
[s1] step=38400 stages=['ALIGN', 'IDLE', 'IDLE', 'IDLE', 'FAIL', 'DESCEND', 'CLOSE', 'IDLE'] picks=14 places=12 hand0=[0.417, 0.048, 0.473] cup_xy0=[0.51, 0.003]
[close] e6 t=181 hand_z=0.158 dxy=0.020 stall=0.333
[s1] close-entry e5: hand=[0.511, -0.053, 0.191] cup_gt=[0.523, -0.006]
[s1] step=38500 stages=['DESCEND', 'IDLE', 'IDLE', 'FAIL', 'DESCEND', 'CLOSE', 'CLOSE', 'IDLE'] picks=14 places=12 hand0=[0.474, -0.168, 0.193] cup_xy0=[0.51, 0.003]
[close] e5 t=41 hand_z=0.168 dxy=0.015 stall=0.390
[s1] close-entry e4: hand=[0.556, -0.041, 0.191] cup_gt=[0.513, 0.01]
[close] e4 t=3 hand_z=0.189 dxy=0.075 stall=0.242
[s1] step=38600 stages=['DESCEND', 'FAIL', 'FAIL', 'IDLE', 'CLOSE', 'CLOSE', 'IDLE', 'IDLE'] picks=14 places=12 hand0=[0.235, -0.254, 0.187] cup_xy0=[0.51, 0.003]
[close] e4 t=63 hand_z=0.178 dxy=0.137 stall=0.392
[close] e4 t=123 hand_z=0.178 dxy=0.139 stall=0.392
[s1] step=38700 stages=['DESCEND', 'IDLE', 'IDLE', 'IDLE', 'CLOSE', 'CLOSE', 'DESCEND', 'IDLE'] picks=14 places=12 hand0=[0.511, 0.015, 0.188] cup_xy0=[0.51, 0.003]
[s1] close-entry e0: hand=[0.505, 0.008, 0.183] cup_gt=[0.534, -0.025]
[s1] close-entry e6: hand=[0.554, 0.034, 0.185] cup_gt=[0.538, 0.048]
[close] e0 t=54 hand_z=0.186 dxy=0.031 stall=0.397
[s1] step=38800 stages=['CLOSE', 'IDLE', 'IDLE', 'IDLE', 'CLOSE', 'IDLE', 'CLOSE', 'FAIL'] picks=14 places=12 hand0=[0.511, -0.017, 0.186] cup_xy0=[0.51, 0.003]
[close] e0 t=114 hand_z=0.186 dxy=0.033 stall=0.397
[close] e0 t=174 hand_z=0.186 dxy=0.033 stall=0.397
[s1] step=38900 stages=['CLOSE', 'IDLE', 'IDLE', 'ALIGN', 'IDLE', 'DESCEND', 'CLOSE', 'IDLE'] picks=14 places=12 hand0=[0.511, -0.017, 0.186] cup_xy0=[0.51, 0.003]
[close] e0 t=234 hand_z=0.186 dxy=0.033 stall=0.397
[s1] close-entry e5: hand=[0.476, -0.032, 0.191] cup_gt=[0.477, -0.016]
[close] e5 t=54 hand_z=0.167 dxy=0.009 stall=0.384
[s1] step=39000 stages=['FAIL', 'IDLE', 'IDLE', 'ALIGN', 'DESCEND', 'CLOSE', 'FAIL', 'IDLE'] picks=14 places=12 hand0=[0.51, -0.018, 0.184] cup_xy0=[0.51, 0.003]
[s1] close-entry e4: hand=[0.445, -0.042, 0.188] cup_gt=[0.436, -0.05]
[s1] acquire e0: vision=[0.555, 0.077] gt=[0.552, 0.072]
[close] e4 t=50 hand_z=0.160 dxy=0.019 stall=0.411
[s1] step=39100 stages=['ALIGN', 'IDLE', 'IDLE', 'ALIGN', 'CLOSE', 'CLOSE', 'ALIGN', 'IDLE'] picks=14 places=12 hand0=[0.553, 0.043, 0.347] cup_xy0=[0.555, 0.077]
[close] e4 t=110 hand_z=0.159 dxy=0.018 stall=0.416
[s1] close-entry e6: hand=[0.455, -0.022, 0.191] cup_gt=[0.454, -0.025]
[s1] close-entry e0: hand=[0.557, 0.073, 0.192] cup_gt=[0.593, 0.06]
[close] e0 t=11 hand_z=0.202 dxy=0.053 stall=0.271
[s1] step=39200 stages=['CLOSE', 'IDLE', 'IDLE', 'ALIGN', 'CLOSE', 'FAIL', 'CLOSE', 'IDLE'] picks=14 places=12 hand0=[0.565, 0.128, 0.207] cup_xy0=[0.555, 0.077]
[close] e0 t=71 hand_z=0.207 dxy=0.077 stall=0.396
[close] e0 t=131 hand_z=0.207 dxy=0.077 stall=0.396
[s1] step=39300 stages=['CLOSE', 'FAIL', 'FAIL', 'FAIL', 'FAIL', 'IDLE', 'CLOSE', 'IDLE'] picks=14 places=12 hand0=[0.565, 0.135, 0.207] cup_xy0=[0.555, 0.077]
[close] e0 t=191 hand_z=0.207 dxy=0.076 stall=0.396
[s1] step=39400 stages=['CLOSE', 'IDLE', 'IDLE', 'IDLE', 'ALIGN', 'DESCEND', 'CLOSE', 'IDLE'] picks=14 places=12 hand0=[0.565, 0.135, 0.207] cup_xy0=[0.555, 0.077]
[s1] close-entry e5: hand=[0.512, 0.061, 0.192] cup_gt=[0.567, 0.044]
[s1] step=39500 stages=['IDLE', 'IDLE', 'IDLE', 'IDLE', 'ALIGN', 'CLOSE', 'ALIGN', 'FAIL'] picks=14 places=12 hand0=[0.34, 0.027, 0.244] cup_xy0=[0.555, 0.077]
[s1] acquire e0: vision=[0.486, 0.04] gt=[0.501, 0.039]
[close] e5 t=45 hand_z=0.177 dxy=0.095 stall=0.414
[close] e5 t=105 hand_z=0.177 dxy=0.097 stall=0.414
[s1] step=39600 stages=['DESCEND', 'IDLE', 'IDLE', 'IDLE', 'ALIGN', 'CLOSE', 'DESCEND', 'IDLE'] picks=14 places=12 hand0=[0.494, 0.004, 0.356] cup_xy0=[0.486, 0.04]
[s1] close-entry e6: hand=[0.442, -0.009, 0.191] cup_gt=[0.463, -0.001]
[close] e5 t=165 hand_z=0.177 dxy=0.097 stall=0.414
[s1] step=39700 stages=['DESCEND', 'FAIL', 'IDLE', 'FAIL', 'ALIGN', 'CLOSE', 'CLOSE', 'IDLE'] picks=14 places=12 hand0=[0.485, 0.001, 0.182] cup_xy0=[0.486, 0.04]
[close] e5 t=225 hand_z=0.177 dxy=0.097 stall=0.414
[s1] close-entry e0: hand=[0.485, 0.048, 0.19] cup_gt=[0.553, 0.121]
[close] e0 t=57 hand_z=0.183 dxy=0.200 stall=0.400
[s1] step=39800 stages=['CLOSE', 'IDLE', 'IDLE', 'IDLE', 'FAIL', 'IDLE', 'CLOSE', 'IDLE'] picks=14 places=12 hand0=[0.491, -0.018, 0.183] cup_xy0=[0.486, 0.04]
[close] e0 t=117 hand_z=0.183 dxy=0.208 stall=0.400
[close] e0 t=177 hand_z=0.183 dxy=0.209 stall=0.400
[s1] step=39900 stages=['CLOSE', 'IDLE', 'IDLE', 'IDLE', 'IDLE', 'ALIGN', 'FAIL', 'FAIL'] picks=14 places=12 hand0=[0.491, -0.019, 0.183] cup_xy0=[0.486, 0.04]
[close] e0 t=237 hand_z=0.183 dxy=0.210 stall=0.400
[s1] close-entry e5: hand=[0.564, 0.084, 0.191] cup_gt=[0.563, 0.136]
[s1] step=40000 stages=['FAIL', 'IDLE', 'FAIL', 'IDLE', 'ALIGN', 'CLOSE', 'IDLE', 'IDLE'] picks=14 places=12 hand0=[0.489, -0.019, 0.181] cup_xy0=[0.486, 0.04]
[close] e5 t=21 hand_z=0.191 dxy=0.017 stall=0.355
[close] e5 t=81 hand_z=0.191 dxy=0.018 stall=0.423
[s1] acquire e0: vision=[0.457, 0.07] gt=[0.487, 0.093]
[s1] close-entry e4: hand=[0.554, -0.071, 0.188] cup_gt=[0.553, -0.075]
[s1] step=40100 stages=['ALIGN', 'IDLE', 'IDLE', 'IDLE', 'CLOSE', 'CLOSE', 'DESCEND', 'IDLE'] picks=14 places=12 hand0=[0.404, 0.02, 0.395] cup_xy0=[0.457, 0.07]
[s1] close-entry e6: hand=[0.548, 0.023, 0.189] cup_gt=[0.523, 0.001]
[close] e4 t=41 hand_z=0.220 dxy=0.016 stall=0.408
[close] e4 t=101 hand_z=0.222 dxy=0.017 stall=0.408
[s1] step=40200 stages=['DESCEND', 'IDLE', 'IDLE', 'IDLE', 'CLOSE', 'CLOSE', 'CLOSE', 'IDLE'] picks=14 places=12 hand0=[0.451, -0.058, 0.269] cup_xy0=[0.457, 0.07]
[s1] close-entry e0: hand=[0.456, 0.066, 0.187] cup_gt=[0.489, 0.101]
[close] e0 t=30 hand_z=0.164 dxy=0.047 stall=0.380
[s1] step=40300 stages=['CLOSE', 'IDLE', 'IDLE', 'IDLE', 'CLOSE', 'FAIL', 'CLOSE', 'IDLE'] picks=14 places=12 hand0=[0.444, 0.109, 0.163] cup_xy0=[0.457, 0.07]
[close] e0 t=90 hand_z=0.163 dxy=0.048 stall=0.386
[close] e0 t=150 hand_z=0.163 dxy=0.048 stall=0.386
[s1] step=40400 stages=['CLOSE', 'FAIL', 'FAIL', 'FAIL', 'FAIL', 'ALIGN', 'FAIL', 'IDLE'] picks=14 places=12 hand0=[0.444, 0.11, 0.163] cup_xy0=[0.457, 0.07]
[close] e0 t=210 hand_z=0.163 dxy=0.048 stall=0.386
[s1] close-entry e5: hand=[0.549, -0.054, 0.188] cup_gt=[0.537, -0.064]
[close] e5 t=42 hand_z=0.158 dxy=0.006 stall=0.352
[s1] step=40500 stages=['FAIL', 'IDLE', 'IDLE', 'IDLE', 'ALIGN', 'CLOSE', 'ALIGN', 'IDLE'] picks=14 places=12 hand0=[0.445, 0.108, 0.164] cup_xy0=[0.457, 0.07]
[close] e5 t=102 hand_z=0.158 dxy=0.004 stall=0.374
[s1] acquire e0: vision=[0.497, -0.051] gt=[0.496, -0.049]
[s1] close-entry e6: hand=[0.528, -0.031, 0.19] cup_gt=[0.527, -0.017]
[s1] close-entry e4: hand=[0.563, -0.03, 0.189] cup_gt=[0.501, -0.255]
[s1] step=40600 stages=['ALIGN', 'IDLE', 'IDLE', 'IDLE', 'CLOSE', 'CLOSE', 'CLOSE', 'FAIL'] picks=14 places=12 hand0=[0.426, -0.155, 0.434] cup_xy0=[0.497, -0.051]
[close] e4 t=25 hand_z=0.158 dxy=0.343 stall=0.347
[close] e4 t=85 hand_z=0.158 dxy=0.406 stall=0.386
[s1] step=40700 stages=['DESCEND', 'IDLE', 'IDLE', 'IDLE', 'CLOSE', 'FAIL', 'CLOSE', 'IDLE'] picks=14 places=12 hand0=[0.489, -0.004, 0.185] cup_xy0=[0.497, -0.051]
[s1] close-entry e0: hand=[0.494, -0.056, 0.183] cup_gt=[0.511, -0.099]
[close] e0 t=15 hand_z=0.177 dxy=0.082 stall=0.300
[close] e0 t=75 hand_z=0.171 dxy=0.100 stall=0.389
[s1] step=40800 stages=['CLOSE', 'FAIL', 'IDLE', 'IDLE', 'CLOSE', 'IDLE', 'CLOSE', 'IDLE'] picks=14 places=12 hand0=[0.494, 0.017, 0.171] cup_xy0=[0.497, -0.051]
[close] e0 t=135 hand_z=0.171 dxy=0.099 stall=0.389
[s1] step=40900 stages=['CLOSE', 'IDLE', 'IDLE', 'IDLE', 'IDLE', 'ALIGN', 'IDLE', 'IDLE'] picks=14 places=12 hand0=[0.494, 0.017, 0.171] cup_xy0=[0.497, -0.051]
[close] e0 t=195 hand_z=0.171 dxy=0.099 stall=0.389
[s1] close-entry e5: hand=[0.41, -0.077, 0.191] cup_gt=[0.425, -0.066]
[close] e5 t=18 hand_z=0.165 dxy=0.038 stall=0.330
[s1] step=41000 stages=['FAIL', 'IDLE', 'IDLE', 'IDLE', 'DESCEND', 'CLOSE', 'DESCEND', 'FAIL'] picks=14 places=12 hand0=[0.495, 0.017, 0.171] cup_xy0=[0.497, -0.051]
[close] e5 t=78 hand_z=0.164 dxy=0.040 stall=0.414
[s1] close-entry e6: hand=[0.412, 0.036, 0.187] cup_gt=[0.429, 0.005]
[s1] acquire e0: vision=[0.37, -0.038] gt=[0.372, -0.038]
[close] e5 t=138 hand_z=0.164 dxy=0.040 stall=0.414
[s1] step=41100 stages=['DESCEND', 'IDLE', 'FAIL', 'FAIL', 'DESCEND', 'CLOSE', 'CLOSE', 'IDLE'] picks=14 places=12 hand0=[0.378, -0.016, 0.311] cup_xy0=[0.37, -0.038]
[s1] close-entry e4: hand=[0.292, 0.197, 0.186] cup_gt=[0.195, 0.28]
[close] e4 t=34 hand_z=0.194 dxy=0.122 stall=0.384
[s1] step=41200 stages=['DESCEND', 'IDLE', 'IDLE', 'IDLE', 'CLOSE', 'CLOSE', 'CLOSE', 'IDLE'] picks=14 places=12 hand0=[0.366, -0.048, 0.197] cup_xy0=[0.37, -0.038]
[close] e4 t=94 hand_z=0.195 dxy=0.119 stall=0.379
[s1] close-entry e0: hand=[0.37, -0.041, 0.192] cup_gt=[0.399, -0.043]
[close] e0 t=16 hand_z=0.185 dxy=0.042 stall=0.339
[s1] step=41300 stages=['CLOSE', 'IDLE', 'IDLE', 'IDLE', 'CLOSE', 'IDLE', 'FAIL', 'IDLE'] picks=14 places=12 hand0=[0.364, -0.028, 0.185] cup_xy0=[0.37, -0.038]
[close] e0 t=76 hand_z=0.185 dxy=0.052 stall=0.399
[close] e0 t=136 hand_z=0.185 dxy=0.053 stall=0.399
[s1] step=41400 stages=['CLOSE', 'IDLE', 'IDLE', 'IDLE', 'FAIL', 'ALIGN', 'ALIGN', 'IDLE'] picks=14 places=12 hand0=[0.364, -0.028, 0.185] cup_xy0=[0.37, -0.038]
[close] e0 t=196 hand_z=0.185 dxy=0.053 stall=0.399
[s1] close-entry e6: hand=[0.499, -0.054, 0.189] cup_gt=[0.483, -0.081]
[s1] step=41500 stages=['CLOSE', 'FAIL', 'FAIL', 'FAIL', 'ALIGN', 'ALIGN', 'CLOSE', 'IDLE'] picks=14 places=12 hand0=[0.364, -0.028, 0.185] cup_xy0=[0.37, -0.038]
[close] e6 t=27 hand_z=0.158 dxy=0.161 stall=0.303
[close] e6 t=87 hand_z=0.158 dxy=0.288 stall=0.339
[s1] step=41600 stages=['IDLE', 'IDLE', 'IDLE', 'IDLE', 'DESCEND', 'ALIGN', 'CLOSE', 'IDLE'] picks=14 places=12 hand0=[0.371, -0.12, 0.448] cup_xy0=[0.37, -0.038]
[s1] close-entry e4: hand=[0.425, 0.061, 0.187] cup_gt=[0.435, 0.047]
[s1] acquire e0: vision=[0.417, -0.076] gt=[0.43, -0.069]
[close] e4 t=39 hand_z=0.160 dxy=0.030 stall=0.388
[close] e4 t=99 hand_z=0.159 dxy=0.031 stall=0.388
[s1] step=41700 stages=['ALIGN', 'IDLE', 'IDLE', 'IDLE', 'CLOSE', 'ALIGN', 'CLOSE', 'FAIL'] picks=14 places=12 hand0=[0.425, -0.06, 0.356] cup_xy0=[0.417, -0.076]
[close] e4 t=159 hand_z=0.159 dxy=0.031 stall=0.388
[s1] step=41800 stages=['DESCEND', 'IDLE', 'IDLE', 'IDLE', 'CLOSE', 'IDLE', 'IDLE', 'IDLE'] picks=14 places=12 hand0=[0.418, -0.062, 0.189] cup_xy0=[0.417, -0.076]
[s1] close-entry e0: hand=[0.415, -0.071, 0.185] cup_gt=[0.43, -0.069]
[close] e0 t=17 hand_z=0.182 dxy=0.036 stall=0.321
[close] e0 t=77 hand_z=0.181 dxy=0.045 stall=0.381
[s1] step=41900 stages=['CLOSE', 'IDLE', 'IDLE', 'IDLE', 'FAIL', 'DESCEND', 'DESCEND', 'IDLE'] picks=14 places=12 hand0=[0.408, -0.11, 0.181] cup_xy0=[0.417, -0.076]
[close] e0 t=137 hand_z=0.181 dxy=0.045 stall=0.381
[s1] close-entry e5: hand=[0.315, 0.021, 0.184] cup_gt=[0.329, 0.037]
[close] e0 t=197 hand_z=0.181 dxy=0.045 stall=0.381
[s1] step=42000 stages=['CLOSE', 'IDLE', 'IDLE', 'IDLE', 'DESCEND', 'CLOSE', 'DESCEND', 'IDLE'] picks=14 places=12 hand0=[0.408, -0.11, 0.181] cup_xy0=[0.417, -0.076]
[s1] close-entry e6: hand=[0.427, 0.069, 0.187] cup_gt=[0.426, 0.069]
[close] e5 t=95 hand_z=0.176 dxy=0.017 stall=0.406
[s1] close-entry e4: hand=[0.51, -0.08, 0.188] cup_gt=[0.519, -0.034]
[s1] step=42100 stages=['FAIL', 'IDLE', 'IDLE', 'IDLE', 'CLOSE', 'CLOSE', 'CLOSE', 'IDLE'] picks=14 places=12 hand0=[0.407, -0.11, 0.181] cup_xy0=[0.417, -0.076]
[close] e4 t=28 hand_z=0.181 dxy=0.051 stall=0.382
[s1] acquire e0: vision=[0.581, 0.037] gt=[0.577, 0.034]
[close] e4 t=88 hand_z=0.181 dxy=0.059 stall=0.398
[s1] step=42200 stages=['ALIGN', 'FAIL', 'FAIL', 'FAIL', 'CLOSE', 'CLOSE', 'CLOSE', 'IDLE'] picks=14 places=12 hand0=[0.579, 0.08, 0.341] cup_xy0=[0.581, 0.037]
[close] e4 t=148 hand_z=0.181 dxy=0.059 stall=0.398
[s1] close-entry e0: hand=[0.584, 0.036, 0.192] cup_gt=[0.507, 0.151]
[close] e0 t=21 hand_z=0.157 dxy=0.184 stall=0.332
[s1] step=42300 stages=['CLOSE', 'IDLE', 'IDLE', 'IDLE', 'CLOSE', 'IDLE', 'FAIL', 'IDLE'] picks=14 places=12 hand0=[0.569, -0.007, 0.157] cup_xy0=[0.581, 0.037]
[close] e0 t=81 hand_z=0.157 dxy=0.207 stall=0.361
[s1] step=42400 stages=['CLOSE', 'IDLE', 'IDLE', 'IDLE', 'IDLE', 'DESCEND', 'ALIGN', 'FAIL'] picks=14 places=12 hand0=[0.57, -0.016, 0.157] cup_xy0=[0.581, 0.037]
[s1] close-entry e5: hand=[0.522, -0.058, 0.189] cup_gt=[0.512, -0.009]
[close] e0 t=141 hand_z=0.157 dxy=0.209 stall=0.361
[s1] close-entry e6: hand=[0.566, 0.065, 0.185] cup_gt=[0.601, 0.061]
[close] e0 t=201 hand_z=0.157 dxy=0.210 stall=0.360
[s1] step=42500 stages=['CLOSE', 'IDLE', 'IDLE', 'IDLE', 'DESCEND', 'CLOSE', 'CLOSE', 'IDLE'] picks=14 places=12 hand0=[0.57, -0.016, 0.157] cup_xy0=[0.581, 0.037]
[close] e5 t=126 hand_z=0.198 dxy=0.025 stall=0.379
[close] e5 t=186 hand_z=0.198 dxy=0.025 stall=0.379
[s1] step=42600 stages=['IDLE', 'FAIL', 'IDLE', 'FAIL', 'DESCEND', 'CLOSE', 'CLOSE', 'IDLE'] picks=14 places=12 hand0=[0.38, -0.004, 0.192] cup_xy0=[0.581, 0.037]
[s1] close-entry e4: hand=[0.423, -0.021, 0.19] cup_gt=[0.429, -0.063]
[s1] acquire e0: vision=[0.494, -0.08] gt=[0.493, -0.078]
[close] e4 t=45 hand_z=0.177 dxy=0.016 stall=0.398
[s1] step=42700 stages=['DESCEND', 'IDLE', 'IDLE', 'IDLE', 'CLOSE', 'FAIL', 'FAIL', 'IDLE'] picks=14 places=12 hand0=[0.477, -0.045, 0.274] cup_xy0=[0.494, -0.08]
[close] e4 t=105 hand_z=0.176 dxy=0.021 stall=0.398
[s1] close-entry e0: hand=[0.49, -0.08, 0.183] cup_gt=[0.493, -0.078]
[close] e0 t=37 hand_z=0.206 dxy=0.009 stall=0.395
[s1] step=42800 stages=['CLOSE', 'IDLE', 'IDLE', 'IDLE', 'CLOSE', 'DESCEND', 'ALIGN', 'FAIL'] picks=14 places=12 hand0=[0.502, -0.077, 0.206] cup_xy0=[0.494, -0.08]
[close] e0 t=97 hand_z=0.206 dxy=0.010 stall=0.395
[close] e0 t=157 hand_z=0.206 dxy=0.010 stall=0.395
[s1] step=42900 stages=['CLOSE', 'IDLE', 'FAIL', 'IDLE', 'FAIL', 'DESCEND', 'DESCEND', 'IDLE'] picks=14 places=12 hand0=[0.502, -0.078, 0.206] cup_xy0=[0.494, -0.08]
[s1] close-entry e5: hand=[0.429, 0.03, 0.19] cup_gt=[0.43, 0.018]
[s1] close-entry e6: hand=[0.588, 0.015, 0.192] cup_gt=[0.577, 0.004]
[close] e0 t=217 hand_z=0.206 dxy=0.010 stall=0.395
[s1] step=43000 stages=['FAIL', 'IDLE', 'IDLE', 'IDLE', 'DESCEND', 'CLOSE', 'CLOSE', 'IDLE'] picks=14 places=12 hand0=[0.502, -0.078, 0.206] cup_xy0=[0.494, -0.08]
[close] e5 t=109 hand_z=0.165 dxy=0.008 stall=0.398
[s1] close-entry e4: hand=[0.536, -0.032, 0.189] cup_gt=[0.538, -0.051]
[s1] acquire e0: vision=[0.486, -0.079] gt=[0.485, -0.077]
[close] e4 t=15 hand_z=0.190 dxy=0.031 stall=0.192
[s1] step=43100 stages=['ALIGN', 'IDLE', 'IDLE', 'IDLE', 'CLOSE', 'CLOSE', 'CLOSE', 'IDLE'] picks=14 places=12 hand0=[0.432, -0.045, 0.442] cup_xy0=[0.486, -0.079]
[close] e4 t=75 hand_z=0.163 dxy=0.062 stall=0.441
[close] e4 t=135 hand_z=0.160 dxy=0.065 stall=0.439
[s1] step=43200 stages=['DESCEND', 'IDLE', 'IDLE', 'IDLE', 'CLOSE', 'FAIL', 'FAIL', 'IDLE'] picks=14 places=12 hand0=[0.491, -0.076, 0.196] cup_xy0=[0.486, -0.079]
[s1] close-entry e0: hand=[0.481, -0.082, 0.183] cup_gt=[0.475, -0.08]
[close] e0 t=45 hand_z=0.212 dxy=0.031 stall=0.373
[s1] step=43300 stages=['CLOSE', 'FAIL', 'FAIL', 'FAIL', 'CLOSE', 'DESCEND', 'ALIGN', 'IDLE'] picks=14 places=12 hand0=[0.495, -0.105, 0.213] cup_xy0=[0.486, -0.079]
[close] e0 t=105 hand_z=0.213 dxy=0.032 stall=0.405
[close] e0 t=165 hand_z=0.213 dxy=0.032 stall=0.406
[s1] close-entry e5: hand=[0.419, -0.026, 0.188] cup_gt=[0.421, -0.026]
[s1] close-entry e6: hand=[0.452, 0.033, 0.191] cup_gt=[0.443, 0.023]
[s1] step=43400 stages=['CLOSE', 'IDLE', 'IDLE', 'IDLE', 'IDLE', 'CLOSE', 'CLOSE', 'IDLE'] picks=14 places=12 hand0=[0.495, -0.105, 0.213] cup_xy0=[0.486, -0.079]
[close] e0 t=225 hand_z=0.213 dxy=0.032 stall=0.406
[close] e5 t=117 hand_z=0.197 dxy=0.008 stall=0.425
[s1] step=43500 stages=['FAIL', 'IDLE', 'IDLE', 'IDLE', 'ALIGN', 'CLOSE', 'CLOSE', 'FAIL'] picks=14 places=12 hand0=[0.496, -0.104, 0.213] cup_xy0=[0.486, -0.079]
[s1] acquire e0: vision=[0.548, 0.071] gt=[0.544, 0.066]
[close] e5 t=177 hand_z=0.197 dxy=0.009 stall=0.425
[s1] step=43600 stages=['ALIGN', 'IDLE', 'IDLE', 'IDLE', 'DESCEND', 'CLOSE', 'CLOSE', 'IDLE'] picks=14 places=12 hand0=[0.533, -0.049, 0.363] cup_xy0=[0.548, 0.071]
[close] e5 t=237 hand_z=0.197 dxy=0.009 stall=0.425
[s1] step=43700 stages=['DESCEND', 'FAIL', 'IDLE', 'IDLE', 'DESCEND', 'IDLE', 'IDLE', 'IDLE'] picks=14 places=12 hand0=[0.559, 0.075, 0.201] cup_xy0=[0.548, 0.071]
[s1] close-entry e0: hand=[0.541, 0.068, 0.186] cup_gt=[0.526, 0.051]
[close] e0 t=22 hand_z=0.202 dxy=0.038 stall=0.349
[close] e0 t=82 hand_z=0.203 dxy=0.049 stall=0.394
[s1] step=43800 stages=['CLOSE', 'IDLE', 'IDLE', 'IDLE', 'DESCEND', 'DESCEND', 'DESCEND', 'IDLE'] picks=14 places=12 hand0=[0.554, 0.125, 0.203] cup_xy0=[0.548, 0.071]
[s1] close-entry e5: hand=[0.503, 0.05, 0.189] cup_gt=[0.51, 0.098]
[close] e0 t=142 hand_z=0.203 dxy=0.049 stall=0.394
[s1] close-entry e6: hand=[0.504, 0.023, 0.191] cup_gt=[0.528, -0.019]
[s1] step=43900 stages=['CLOSE', 'IDLE', 'IDLE', 'IDLE', 'DESCEND', 'CLOSE', 'CLOSE', 'FAIL'] picks=14 places=12 hand0=[0.554, 0.126, 0.203] cup_xy0=[0.548, 0.071]
[close] e0 t=202 hand_z=0.203 dxy=0.049 stall=0.394
[close] e5 t=123 hand_z=0.189 dxy=0.019 stall=0.392
[s1] step=44000 stages=['FAIL', 'IDLE', 'FAIL', 'FAIL', 'IDLE', 'CLOSE', 'CLOSE', 'IDLE'] picks=14 places=12 hand0=[0.554, 0.123, 0.203] cup_xy0=[0.548, 0.071]
[close] e5 t=183 hand_z=0.189 dxy=0.019 stall=0.392
[close] e6 t=236 hand_z=0.198 dxy=0.126 stall=0.412
[s1] step=44100 stages=['IDLE', 'IDLE', 'IDLE', 'IDLE', 'IDLE', 'FAIL', 'CLOSE', 'IDLE'] picks=14 places=12 hand0=[0.369, -0.005, 0.452] cup_xy0=[0.548, 0.071]
[s1] step=44200 stages=['IDLE', 'IDLE', 'IDLE', 'IDLE', 'IDLE', 'ALIGN', 'IDLE', 'IDLE'] picks=14 places=12 hand0=[0.389, -0.001, 0.458] cup_xy0=[0.548, 0.071]
[s1] close-entry e5: hand=[0.512, 0.041, 0.19] cup_gt=[0.512, 0.028]
[s1] step=44300 stages=['IDLE', 'IDLE', 'IDLE', 'IDLE', 'IDLE', 'CLOSE', 'DESCEND', 'IDLE'] picks=14 places=12 hand0=[0.39, -0.001, 0.457] cup_xy0=[0.548, 0.071]
[s1] close-entry e6: hand=[0.511, 0.078, 0.182] cup_gt=[0.498, 0.085]
[close] e5 t=43 hand_z=0.159 dxy=0.027 stall=0.367
[s1] acquire e0: vision=[0.498, 0.026] gt=[0.562, 0.038]
[close] e5 t=103 hand_z=0.159 dxy=0.027 stall=0.401
[s1] step=44400 stages=['ALIGN', 'FAIL', 'FAIL', 'FAIL', 'ALIGN', 'CLOSE', 'CLOSE', 'IDLE'] picks=14 places=12 hand0=[0.482, 0.006, 0.441] cup_xy0=[0.498, 0.026]
[close] e5 t=163 hand_z=0.159 dxy=0.027 stall=0.401
[s1] close-entry e0: hand=[0.497, 0.019, 0.19] cup_gt=[0.562, 0.038]
[s1] step=44500 stages=['CLOSE', 'IDLE', 'IDLE', 'IDLE', 'DESCEND', 'CLOSE', 'CLOSE', 'IDLE'] picks=14 places=12 hand0=[0.507, 0.068, 0.216] cup_xy0=[0.498, 0.026]
[close] e0 t=52 hand_z=0.218 dxy=0.066 stall=0.415
[s1] close-entry e4: hand=[0.399, -0.026, 0.183] cup_gt=[0.439, -0.028]
[close] e0 t=112 hand_z=0.218 dxy=0.068 stall=0.415
[s1] step=44600 stages=['CLOSE', 'IDLE', 'IDLE', 'IDLE', 'CLOSE', 'IDLE', 'FAIL', 'FAIL'] picks=14 places=12 hand0=[0.507, 0.077, 0.218] cup_xy0=[0.498, 0.026]
[close] e0 t=172 hand_z=0.218 dxy=0.068 stall=0.415
[close] e0 t=232 hand_z=0.218 dxy=0.068 stall=0.415
[s1] step=44700 stages=['CLOSE', 'IDLE', 'IDLE', 'IDLE', 'CLOSE', 'IDLE', 'ALIGN', 'IDLE'] picks=14 places=12 hand0=[0.507, 0.077, 0.218] cup_xy0=[0.498, 0.026]
[close] e4 t=225 hand_z=0.189 dxy=0.085 stall=0.798
[s1] acquire e0: vision=[0.538, 0.039] gt=[0.535, 0.036]
[s1] step=44800 stages=['ALIGN', 'IDLE', 'IDLE', 'IDLE', 'FAIL', 'IDLE', 'DESCEND', 'IDLE'] picks=14 places=12 hand0=[0.346, -0.006, 0.472] cup_xy0=[0.538, 0.039]
[s1] close-entry e6: hand=[0.426, -0.001, 0.191] cup_gt=[0.435, -0.046]
[close] e6 t=8 hand_z=0.188 dxy=0.026 stall=0.226
[close] e6 t=68 hand_z=0.173 dxy=0.013 stall=0.412
[s1] step=44900 stages=['DESCEND', 'IDLE', 'IDLE', 'IDLE', 'ALIGN', 'IDLE', 'CLOSE', 'IDLE'] picks=14 places=12 hand0=[0.457, -0.121, 0.175] cup_xy0=[0.538, 0.039]
[s1] close-entry e0: hand=[0.541, 0.036, 0.192] cup_gt=[0.56, 0.077]
[close] e0 t=5 hand_z=0.189 dxy=0.040 stall=0.231
[close] e0 t=65 hand_z=0.164 dxy=0.025 stall=0.392
[s1] step=45000 stages=['CLOSE', 'IDLE', 'IDLE', 'IDLE', 'DESCEND', 'ALIGN', 'CLOSE', 'IDLE'] picks=14 places=12 hand0=[0.492, 0.124, 0.164] cup_xy0=[0.538, 0.039]
[s1] close-entry e4: hand=[0.525, 0.076, 0.184] cup_gt=[0.54, 0.035]
[close] e0 t=125 hand_z=0.164 dxy=0.024 stall=0.392
[s1] close-entry e5: hand=[0.431, 0.005, 0.184] cup_gt=[0.469, 0.01]
[s1] step=45100 stages=['CLOSE', 'FAIL', 'FAIL', 'FAIL', 'CLOSE', 'CLOSE', 'FAIL', 'IDLE'] picks=14 places=12 hand0=[0.492, 0.125, 0.164] cup_xy0=[0.538, 0.039]
[close] e0 t=185 hand_z=0.164 dxy=0.024 stall=0.392
[close] e4 t=171 hand_z=0.232 dxy=0.067 stall=0.800
[s1] step=45200 stages=['FAIL', 'IDLE', 'IDLE', 'IDLE', 'CLOSE', 'CLOSE', 'DESCEND', 'IDLE'] picks=14 places=12 hand0=[0.492, 0.123, 0.163] cup_xy0=[0.538, 0.039]
[close] e4 t=231 hand_z=0.232 dxy=0.067 stall=0.800
[s1] close-entry e6: hand=[0.577, 0.066, 0.185] cup_gt=[0.573, 0.068]
[close] e5 t=226 hand_z=0.207 dxy=0.055 stall=0.403
[s1] step=45300 stages=['IDLE', 'IDLE', 'IDLE', 'IDLE', 'FAIL', 'CLOSE', 'CLOSE', 'FAIL'] picks=14 places=12 hand0=[0.323, -0.018, 0.567] cup_xy0=[0.538, 0.039]
[s1] acquire e0: vision=[0.085, -0.123] gt=[0.093, -0.11]
[close] e6 t=83 hand_z=0.159 dxy=0.008 stall=0.377
[s1] step=45400 stages=['ALIGN', 'IDLE', 'IDLE', 'IDLE', 'DESCEND', 'ALIGN', 'CLOSE', 'IDLE'] picks=14 places=12 hand0=[0.023, -0.146, 0.44] cup_xy0=[0.085, -0.123]
[close] e6 t=143 hand_z=0.159 dxy=0.008 stall=0.377
[close] e6 t=203 hand_z=0.159 dxy=0.008 stall=0.377
[s1] close-entry e4: hand=[0.487, 0.059, 0.19] cup_gt=[0.336, 0.006]
[s1] step=45500 stages=['ALIGN', 'FAIL', 'IDLE', 'FAIL', 'CLOSE', 'DESCEND', 'CLOSE', 'IDLE'] picks=14 places=12 hand0=[0.101, -0.102, 0.45] cup_xy0=[0.085, -0.123]
[close] e4 t=44 hand_z=0.170 dxy=0.245 stall=0.798
[s1] close-entry e5: hand=[0.567, -0.056, 0.189] cup_gt=[0.556, -0.088]
[close] e4 t=104 hand_z=0.169 dxy=0.267 stall=0.798
[s1] step=45600 stages=['ALIGN', 'IDLE', 'IDLE', 'IDLE', 'CLOSE', 'CLOSE', 'IDLE', 'IDLE'] picks=14 places=12 hand0=[0.084, -0.111, 0.456] cup_xy0=[0.085, -0.123]
[close] e4 t=164 hand_z=0.169 dxy=0.270 stall=0.798
[s1] step=45700 stages=['ALIGN', 'IDLE', 'IDLE', 'IDLE', 'CLOSE', 'CLOSE', 'DESCEND', 'FAIL'] picks=14 places=12 hand0=[0.08, -0.113, 0.456] cup_xy0=[0.085, -0.123]
[close] e4 t=224 hand_z=0.169 dxy=0.270 stall=0.798
[s1] close-entry e6: hand=[0.518, 0.075, 0.189] cup_gt=[0.518, 0.057]
[close] e5 t=218 hand_z=0.141 dxy=0.039 stall=0.228
[s1] step=45800 stages=['IDLE', 'IDLE', 'FAIL', 'IDLE', 'IDLE', 'CLOSE', 'CLOSE', 'IDLE'] picks=14 places=12 hand0=[0.332, 0.117, 0.551] cup_xy0=[0.085, -0.123]
[s1] acquire e0: vision=[0.465, -0.084] gt=[0.482, -0.08]
[close] e6 t=100 hand_z=0.160 dxy=0.047 stall=0.381
[close] e6 t=160 hand_z=0.160 dxy=0.048 stall=0.381
[s1] step=45900 stages=['DESCEND', 'IDLE', 'IDLE', 'IDLE', 'ALIGN', 'IDLE', 'CLOSE', 'IDLE'] picks=14 places=12 hand0=[0.442, -0.101, 0.277] cup_xy0=[0.465, -0.084]
[s1] close-entry e0: hand=[0.467, -0.082, 0.191] cup_gt=[0.48, -0.076]
[close] e0 t=5 hand_z=0.184 dxy=0.017 stall=0.263
[s1] close-entry e4: hand=[0.555, 0.016, 0.182] cup_gt=[0.503, 0.044]
[s1] step=46000 stages=['CLOSE', 'IDLE', 'IDLE', 'IDLE', 'CLOSE', 'DESCEND', 'FAIL', 'IDLE'] picks=14 places=12 hand0=[0.453, -0.062, 0.167] cup_xy0=[0.465, -0.084]
[close] e0 t=65 hand_z=0.167 dxy=0.030 stall=0.416
[s1] close-entry e5: hand=[0.531, 0.081, 0.185] cup_gt=[0.535, 0.041]
[close] e0 t=125 hand_z=0.167 dxy=0.030 stall=0.416
[s1] step=46100 stages=['CLOSE', 'IDLE', 'IDLE', 'IDLE', 'CLOSE', 'CLOSE', 'ALIGN', 'IDLE'] picks=14 places=12 hand0=[0.453, -0.06, 0.167] cup_xy0=[0.465, -0.084]
[close] e0 t=185 hand_z=0.167 dxy=0.030 stall=0.416
[close] e4 t=211 hand_z=0.209 dxy=0.116 stall=0.801
[s1] step=46200 stages=['FAIL', 'FAIL', 'FAIL', 'FAIL', 'CLOSE', 'CLOSE', 'DESCEND', 'IDLE'] picks=14 places=12 hand0=[0.453, -0.06, 0.167] cup_xy0=[0.465, -0.084]
[s1] close-entry e6: hand=[0.491, -0.037, 0.19] cup_gt=[0.49, -0.077]
[close] e5 t=190 hand_z=0.178 dxy=0.006 stall=0.417
[s1] acquire e0: vision=[0.436, 0.07] gt=[0.436, 0.066]
[s1] step=46300 stages=['ALIGN', 'IDLE', 'IDLE', 'ALIGN', 'IDLE', 'CLOSE', 'CLOSE', 'IDLE'] picks=14 places=12 hand0=[0.334, 0.02, 0.562] cup_xy0=[0.436, 0.07]
[close] e6 t=77 hand_z=0.167 dxy=0.086 stall=0.408
[close] e6 t=137 hand_z=0.167 dxy=0.086 stall=0.408
[s1] step=46400 stages=['DESCEND', 'IDLE', 'IDLE', 'ALIGN', 'DESCEND', 'IDLE', 'CLOSE', 'FAIL'] picks=14 places=12 hand0=[0.434, 0.084, 0.213] cup_xy0=[0.436, 0.07]
[s1] close-entry e0: hand=[0.437, 0.063, 0.188] cup_gt=[0.429, 0.062]
[close] e0 t=21 hand_z=0.205 dxy=0.016 stall=0.332
[s1] close-entry e4: hand=[0.537, -0.014, 0.187] cup_gt=[0.545, 0.081]
[close] e0 t=81 hand_z=0.207 dxy=0.021 stall=0.392
[s1] step=46500 stages=['CLOSE', 'IDLE', 'IDLE', 'ALIGN', 'CLOSE', 'DESCEND', 'FAIL', 'IDLE'] picks=14 places=12 hand0=[0.448, 0.094, 0.207] cup_xy0=[0.436, 0.07]
[s1] close-entry e5: hand=[0.497, -0.26, 0.187] cup_gt=[0.511, -0.328]
[close] e0 t=141 hand_z=0.207 dxy=0.021 stall=0.392
[s1] step=46600 stages=['CLOSE', 'IDLE', 'IDLE', 'ALIGN', 'CLOSE', 'CLOSE', 'ALIGN', 'IDLE'] picks=14 places=12 hand0=[0.448, 0.094, 0.207] cup_xy0=[0.436, 0.07]
[close] e0 t=201 hand_z=0.207 dxy=0.021 stall=0.392
[close] e4 t=233 hand_z=0.208 dxy=0.102 stall=0.800
[s1] step=46700 stages=['FAIL', 'IDLE', 'IDLE', 'FAIL', 'FAIL', 'CLOSE', 'DESCEND', 'IDLE'] picks=14 places=12 hand0=[0.448, 0.095, 0.206] cup_xy0=[0.436, 0.07]
[close] e5 t=207 hand_z=0.227 dxy=0.065 stall=0.413
[s1] close-entry e6: hand=[0.566, -0.049, 0.188] cup_gt=[0.551, -0.032]
[s1] acquire e0: vision=[0.524, 0.073] gt=[0.522, 0.068]
[close] e6 t=34 hand_z=0.158 dxy=0.018 stall=0.382
[s1] step=46800 stages=['DESCEND', 'IDLE', 'IDLE', 'ALIGN', 'ALIGN', 'FAIL', 'CLOSE', 'FAIL'] picks=14 places=12 hand0=[0.528, 0.064, 0.326] cup_xy0=[0.524, 0.073]
[close] e6 t=94 hand_z=0.158 dxy=0.018 stall=0.383
[s1] close-entry e0: hand=[0.527, 0.077, 0.192] cup_gt=[0.54, 0.096]
[s1] step=46900 stages=['CLOSE', 'FAIL', 'FAIL', 'ALIGN', 'DESCEND', 'IDLE', 'CLOSE', 'IDLE'] picks=14 places=12 hand0=[0.526, 0.061, 0.192] cup_xy0=[0.524, 0.073]
[close] e0 t=39 hand_z=0.194 dxy=0.037 stall=0.286
[s1] close-entry e4: hand=[0.483, -0.013, 0.185] cup_gt=[0.513, -0.028]
[close] e0 t=99 hand_z=0.195 dxy=0.039 stall=0.288
[s1] step=47000 stages=['CLOSE', 'IDLE', 'IDLE', 'ALIGN', 'CLOSE', 'DESCEND', 'CLOSE', 'IDLE'] picks=14 places=12 hand0=[0.527, 0.053, 0.194] cup_xy0=[0.524, 0.073]
[s1] close-entry e5: hand=[0.464, 0.081, 0.191] cup_gt=[0.489, 0.067]
[close] e0 t=159 hand_z=0.194 dxy=0.039 stall=0.289
[close] e0 t=219 hand_z=0.194 dxy=0.039 stall=0.289
[s1] step=47100 stages=['CLOSE', 'IDLE', 'IDLE', 'ALIGN', 'CLOSE', 'CLOSE', 'IDLE', 'IDLE'] picks=14 places=12 hand0=[0.527, 0.053, 0.194] cup_xy0=[0.524, 0.073]
[close] e4 t=209 hand_z=0.177 dxy=0.071 stall=0.799
[s1] step=47200 stages=['IDLE', 'IDLE', 'IDLE', 'FAIL', 'FAIL', 'CLOSE', 'ALIGN', 'IDLE'] picks=14 places=12 hand0=[0.338, 0.021, 0.211] cup_xy0=[0.524, 0.073]
[s1] acquire e0: vision=[0.449, -0.037] gt=[0.449, -0.037]
[close] e5 t=191 hand_z=0.164 dxy=0.036 stall=0.413
[s1] step=47300 stages=['DESCEND', 'FAIL', 'IDLE', 'IDLE', 'IDLE', 'FAIL', 'DESCEND', 'IDLE'] picks=14 places=12 hand0=[0.404, -0.1, 0.252] cup_xy0=[0.449, -0.037]
[s1] close-entry e6: hand=[0.418, -0.062, 0.187] cup_gt=[0.455, -0.047]
[close] e6 t=29 hand_z=0.204 dxy=0.063 stall=0.752
[close] e6 t=89 hand_z=0.205 dxy=0.066 stall=0.801
[s1] step=47400 stages=['DESCEND', 'IDLE', 'IDLE', 'IDLE', 'DESCEND', 'ALIGN', 'CLOSE', 'IDLE'] picks=14 places=12 hand0=[0.451, -0.012, 0.189] cup_xy0=[0.449, -0.037]
[s1] close-entry e4: hand=[0.457, -0.009, 0.191] cup_gt=[0.451, -0.008]
[s1] close-entry e0: hand=[0.451, -0.035, 0.191] cup_gt=[0.45, -0.038]
[close] e0 t=37 hand_z=0.178 dxy=0.008 stall=0.385
[s1] close-entry e5: hand=[0.575, -0.064, 0.191] cup_gt=[0.594, -0.118]
[s1] step=47500 stages=['CLOSE', 'IDLE', 'IDLE', 'IDLE', 'CLOSE', 'CLOSE', 'CLOSE', 'FAIL'] picks=14 places=12 hand0=[0.44, -0.018, 0.178] cup_xy0=[0.449, -0.037]
[close] e0 t=97 hand_z=0.178 dxy=0.008 stall=0.389
[close] e0 t=157 hand_z=0.178 dxy=0.008 stall=0.389
[s1] step=47600 stages=['CLOSE', 'IDLE', 'IDLE', 'IDLE', 'CLOSE', 'CLOSE', 'FAIL', 'IDLE'] picks=14 places=12 hand0=[0.44, -0.018, 0.178] cup_xy0=[0.449, -0.037]
[close] e0 t=217 hand_z=0.178 dxy=0.008 stall=0.389
[s1] grasp-geom e4: hand-cup_xy=0.009 cup_gt=[0.491, -0.055, 0.073] vision_xy=[0.456, -0.016]
[s1] GRASP (drive stall) envs [4] stall=[0.493]
[lift] e4 t=18 cup_z=0.074 hand_z=0.220 stall=0.495
[s1] LIFTED envs [4] (physical, friction-held)
[close] e5 t=210 hand_z=0.225 dxy=0.107 stall=0.417
[s1] step=47700 stages=['FAIL', 'IDLE', 'IDLE', 'IDLE', 'CARRY', 'CLOSE', 'ALIGN', 'IDLE'] picks=15 places=12 hand0=[0.441, -0.017, 0.177] cup_xy0=[0.449, -0.037]
[s1] acquire e0: vision=[0.438, -0.003] gt=[0.439, -0.005]
[s1] step=47800 stages=['DESCEND', 'IDLE', 'IDLE', 'IDLE', 'PLACE', 'IDLE', 'DESCEND', 'IDLE'] picks=15 places=12 hand0=[0.449, 0.007, 0.304] cup_xy0=[0.438, -0.003]
[s1] close-entry e6: hand=[0.482, -0.004, 0.184] cup_gt=[0.581, 0.003]
[close] e6 t=56 hand_z=0.206 dxy=0.094 stall=0.799
[s1] step=47900 stages=['DESCEND', 'IDLE', 'IDLE', 'FAIL', 'RELEASE', 'DESCEND', 'CLOSE', 'IDLE'] picks=15 places=12 hand0=[0.439, 0.027, 0.197] cup_xy0=[0.438, -0.003]
[s1] close-entry e0: hand=[0.442, -0.001, 0.192] cup_gt=[0.441, -0.015]
[s1] close-entry e5: hand=[0.481, 0.082, 0.191] cup_gt=[0.477, 0.066]
[close] e0 t=33 hand_z=0.171 dxy=0.058 stall=0.374
[close] e0 t=93 hand_z=0.171 dxy=0.101 stall=0.376
[s1] step=48000 stages=['CLOSE', 'FAIL', 'FAIL', 'IDLE', 'DONE', 'CLOSE', 'CLOSE', 'IDLE'] picks=15 places=12 hand0=[0.427, -0.044, 0.171] cup_xy0=[0.438, -0.003]
[close] e0 t=153 hand_z=0.171 dxy=0.107 stall=0.376
[s1] step=48100 stages=['CLOSE', 'IDLE', 'IDLE', 'IDLE', 'DESCEND', 'CLOSE', 'FAIL', 'IDLE'] picks=15 places=12 hand0=[0.427, -0.045, 0.171] cup_xy0=[0.438, -0.003]
[close] e0 t=213 hand_z=0.171 dxy=0.107 stall=0.376
[s1] close-entry e4: hand=[0.463, 0.022, 0.186] cup_gt=[0.463, 0.022]
[close] e4 t=12 hand_z=0.175 dxy=0.006 stall=0.467
[s1] step=48200 stages=['FAIL', 'IDLE', 'IDLE', 'IDLE', 'CLOSE', 'FAIL', 'ALIGN', 'FAIL'] picks=15 places=12 hand0=[0.425, -0.045, 0.169] cup_xy0=[0.438, -0.003]
[close] e4 t=72 hand_z=0.169 dxy=0.009 stall=0.484
[s1] acquire e0: vision=[0.518, -0.05] gt=[0.572, -0.016]
[s1] close-entry e6: hand=[0.446, -0.008, 0.183] cup_gt=[0.441, -0.013]
[close] e4 t=132 hand_z=0.169 dxy=0.009 stall=0.484
[s1] step=48300 stages=['ALIGN', 'IDLE', 'IDLE', 'FAIL', 'CLOSE', 'IDLE', 'CLOSE', 'IDLE'] picks=15 places=12 hand0=[0.469, 0.061, 0.391] cup_xy0=[0.518, -0.05]
[close] e4 t=192 hand_z=0.169 dxy=0.009 stall=0.484
[s1] step=48400 stages=['DESCEND', 'FAIL', 'IDLE', 'IDLE', 'CLOSE', 'DESCEND', 'CLOSE', 'IDLE'] picks=15 places=12 hand0=[0.48, 0.172, 0.29] cup_xy0=[0.518, -0.05]
[s1] grasp-geom e4: hand-cup_xy=0.009 cup_gt=[0.434, 0.043, 0.024] vision_xy=[0.462, 0.03]
[s1] GRASP (drive stall) envs [4] stall=[0.484]
[close] e6 t=128 hand_z=0.144 dxy=0.149 stall=-0.000
[lift] e4 t=11 cup_z=0.027 hand_z=0.171 stall=0.484
[lift] e4 t=31 cup_z=0.071 hand_z=0.215 stall=0.486
[s1] LIFTED envs [4] (physical, friction-held)
[s1] close-entry e5: hand=[0.565, -0.033, 0.189] cup_gt=[0.614, 0.002]
[s1] close-entry e0: hand=[0.516, -0.045, 0.185] cup_gt=[0.572, -0.016]
[close] e0 t=4 hand_z=0.185 dxy=0.071 stall=0.223
[s1] step=48500 stages=['CLOSE', 'IDLE', 'ALIGN', 'IDLE', 'CARRY', 'CLOSE', 'CLOSE', 'IDLE'] picks=16 places=12 hand0=[0.509, -0.105, 0.19] cup_xy0=[0.518, -0.05]
[close] e0 t=64 hand_z=0.191 dxy=0.118 stall=0.407
[close] e0 t=124 hand_z=0.191 dxy=0.119 stall=0.407
[s1] step=48600 stages=['CLOSE', 'IDLE', 'ALIGN', 'IDLE', 'PLACE', 'CLOSE', 'IDLE', 'FAIL'] picks=16 places=12 hand0=[0.506, -0.115, 0.191] cup_xy0=[0.518, -0.05]
[close] e0 t=184 hand_z=0.191 dxy=0.119 stall=0.407
[s1] PLACED envs [4] (full physical pick-move-place)
[rec] episode 40/60 saved (len=312, env=4)
[s1] step=48700 stages=['CLOSE', 'IDLE', 'ALIGN', 'IDLE', 'DONE', 'CLOSE', 'DESCEND', 'IDLE'] picks=16 places=13 hand0=[0.506, -0.115, 0.191] cup_xy0=[0.518, -0.05]
[s1] close-entry e6: hand=[0.539, 0.02, 0.191] cup_gt=[0.429, -0.037]
[close] e6 t=21 hand_z=0.206 dxy=0.248 stall=0.361
[s1] step=48800 stages=['IDLE', 'IDLE', 'ALIGN', 'IDLE', 'ALIGN', 'IDLE', 'CLOSE', 'IDLE'] picks=16 places=13 hand0=[0.322, -0.132, 0.279] cup_xy0=[0.518, -0.05]
[s1] acquire e0: vision=[0.429, -0.045] gt=[0.45, -0.028]
[close] e6 t=81 hand_z=0.210 dxy=0.341 stall=0.410
[close] e6 t=141 hand_z=0.210 dxy=0.353 stall=0.410
[s1] step=48900 stages=['DESCEND', 'IDLE', 'FAIL', 'IDLE', 'DESCEND', 'DESCEND', 'CLOSE', 'IDLE'] picks=16 places=13 hand0=[0.434, 0.008, 0.353] cup_xy0=[0.429, -0.045]
[s1] close-entry e4: hand=[0.577, 0.074, 0.185] cup_gt=[0.575, 0.062]
[s1] close-entry e5: hand=[0.452, 0.04, 0.189] cup_gt=[0.45, 0.038]
[close] e4 t=42 hand_z=0.161 dxy=0.135 stall=0.710
[s1] step=49000 stages=['DESCEND', 'IDLE', 'IDLE', 'FAIL', 'CLOSE', 'CLOSE', 'CLOSE', 'IDLE'] picks=16 places=13 hand0=[0.432, -0.027, 0.193] cup_xy0=[0.429, -0.045]
[s1] close-entry e0: hand=[0.428, -0.038, 0.186] cup_gt=[0.45, -0.028]
[close] e0 t=17 hand_z=0.180 dxy=0.050 stall=0.308
[close] e0 t=77 hand_z=0.180 dxy=0.057 stall=0.389
[s1] step=49100 stages=['CLOSE', 'FAIL', 'IDLE', 'IDLE', 'CLOSE', 'CLOSE', 'IDLE', 'IDLE'] picks=16 places=13 hand0=[0.42, -0.077, 0.18] cup_xy0=[0.429, -0.045]
[close] e0 t=137 hand_z=0.180 dxy=0.057 stall=0.389
[close] e0 t=197 hand_z=0.180 dxy=0.057 stall=0.389
[s1] step=49200 stages=['CLOSE', 'IDLE', 'IDLE', 'IDLE', 'FAIL', 'FAIL', 'DESCEND', 'IDLE'] picks=16 places=13 hand0=[0.42, -0.077, 0.18] cup_xy0=[0.429, -0.045]
[s1] close-entry e6: hand=[0.41, -0.064, 0.191] cup_gt=[0.419, -0.052]
[s1] step=49300 stages=['FAIL', 'IDLE', 'FAIL', 'IDLE', 'ALIGN', 'ALIGN', 'CLOSE', 'FAIL'] picks=16 places=13 hand0=[0.419, -0.077, 0.179] cup_xy0=[0.429, -0.045]
[close] e6 t=27 hand_z=0.171 dxy=0.017 stall=0.349
[s1] acquire e0: vision=[0.42, -0.012] gt=[0.421, -0.013]
[close] e6 t=87 hand_z=0.169 dxy=0.016 stall=0.391
[s1] close-entry e4: hand=[0.356, -0.082, 0.186] cup_gt=[0.352, -0.095]
[s1] step=49400 stages=['ALIGN', 'IDLE', 'IDLE', 'FAIL', 'CLOSE', 'DESCEND', 'CLOSE', 'IDLE'] picks=16 places=13 hand0=[0.361, 0.127, 0.298] cup_xy0=[0.42, -0.012]
[close] e4 t=57 hand_z=0.159 dxy=0.037 stall=0.414
[close] e4 t=117 hand_z=0.159 dxy=0.042 stall=0.416
[s1] step=49500 stages=['DESCEND', 'IDLE', 'IDLE', 'IDLE', 'CLOSE', 'DESCEND', 'CLOSE', 'IDLE'] picks=16 places=13 hand0=[0.389, -0.033, 0.218] cup_xy0=[0.42, -0.012]
[close] e4 t=177 hand_z=0.159 dxy=0.043 stall=0.416
[s1] close-entry e0: hand=[0.423, -0.013, 0.191] cup_gt=[0.415, -0.005]
[s1] step=49600 stages=['CLOSE', 'IDLE', 'IDLE', 'IDLE', 'CLOSE', 'DESCEND', 'IDLE', 'IDLE'] picks=16 places=13 hand0=[0.406, 0.019, 0.171] cup_xy0=[0.42, -0.012]
[close] e0 t=57 hand_z=0.171 dxy=0.001 stall=0.381
[close] e0 t=117 hand_z=0.171 dxy=0.001 stall=0.381
[s1] step=49700 stages=['CLOSE', 'IDLE', 'IDLE', 'IDLE', 'IDLE', 'DESCEND', 'ALIGN', 'IDLE'] picks=16 places=13 hand0=[0.406, 0.019, 0.171] cup_xy0=[0.42, -0.012]
[close] e0 t=177 hand_z=0.171 dxy=0.001 stall=0.381
[s1] close-entry e6: hand=[0.461, -0.035, 0.183] cup_gt=[0.529, -0.049]
[close] e0 t=237 hand_z=0.171 dxy=0.001 stall=0.381
[s1] step=49800 stages=['CLOSE', 'FAIL', 'IDLE', 'IDLE', 'DESCEND', 'FAIL', 'CLOSE', 'IDLE'] picks=16 places=13 hand0=[0.406, 0.019, 0.171] cup_xy0=[0.42, -0.012]
[close] e6 t=66 hand_z=0.159 dxy=0.094 stall=0.387
[s1] close-entry e4: hand=[0.451, 0.018, 0.183] cup_gt=[0.48, 0.043]
[s1] step=49900 stages=['IDLE', 'IDLE', 'IDLE', 'IDLE', 'CLOSE', 'IDLE', 'CLOSE', 'IDLE'] picks=16 places=13 hand0=[0.428, 0.066, 0.326] cup_xy0=[0.42, -0.012]
[close] e4 t=56 hand_z=0.203 dxy=0.004 stall=0.392
[s1] acquire e0: vision=[0.54, 0.036] gt=[0.578, 0.026]
[close] e4 t=116 hand_z=0.204 dxy=0.006 stall=0.392
[s1] step=50000 stages=['ALIGN', 'IDLE', 'FAIL', 'IDLE', 'CLOSE', 'DESCEND', 'CLOSE', 'FAIL'] picks=16 places=13 hand0=[0.525, -0.069, 0.352] cup_xy0=[0.54, 0.036]
[close] e4 t=176 hand_z=0.204 dxy=0.006 stall=0.392
[s1] close-entry e5: hand=[0.484, 0.043, 0.185] cup_gt=[0.48, 0.041]
[close] e4 t=236 hand_z=0.204 dxy=0.006 stall=0.392
[s1] step=50100 stages=['DESCEND', 'IDLE', 'IDLE', 'FAIL', 'CLOSE', 'CLOSE', 'IDLE', 'IDLE'] picks=16 places=13 hand0=[0.254, 0.297, 0.202] cup_xy0=[0.54, 0.036]
[close] e5 t=74 hand_z=0.201 dxy=0.018 stall=0.401
[s1] close-entry e0: hand=[0.54, 0.032, 0.192] cup_gt=[0.576, 0.021]
[s1] step=50200 stages=['CLOSE', 'FAIL', 'IDLE', 'IDLE', 'ALIGN', 'CLOSE', 'ALIGN', 'IDLE'] picks=16 places=13 hand0=[0.529, -0.019, 0.174] cup_xy0=[0.54, 0.036]
[close] e0 t=37 hand_z=0.172 dxy=0.015 stall=0.394
[close] e0 t=97 hand_z=0.172 dxy=0.016 stall=0.396
[s1] step=50300 stages=['CLOSE', 'IDLE', 'IDLE', 'IDLE', 'DESCEND', 'CLOSE', 'DESCEND', 'IDLE'] picks=16 places=13 hand0=[0.524, -0.035, 0.172] cup_xy0=[0.54, 0.036]
[s1] close-entry e6: hand=[0.431, 0.064, 0.184] cup_gt=[0.431, 0.067]
[s1] close-entry e4: hand=[0.532, -0.026, 0.19] cup_gt=[0.534, 0.02]
[close] e0 t=157 hand_z=0.172 dxy=0.016 stall=0.396
[close] e0 t=217 hand_z=0.172 dxy=0.016 stall=0.396
[s1] step=50400 stages=['CLOSE', 'IDLE', 'FAIL', 'IDLE', 'CLOSE', 'IDLE', 'CLOSE', 'FAIL'] picks=16 places=13 hand0=[0.524, -0.035, 0.172] cup_xy0=[0.54, 0.036]
[close] e4 t=125 hand_z=0.165 dxy=0.052 stall=0.803
[s1] step=50500 stages=['IDLE', 'IDLE', 'IDLE', 'IDLE', 'CLOSE', 'DESCEND', 'CLOSE', 'IDLE'] picks=16 places=13 hand0=[0.353, -0.077, 0.116] cup_xy0=[0.54, 0.036]
[close] e4 t=185 hand_z=0.165 dxy=0.062 stall=0.803
[s1] step=50600 stages=['IDLE', 'IDLE', 'IDLE', 'IDLE', 'FAIL', 'DESCEND', 'FAIL', 'IDLE'] picks=16 places=13 hand0=[0.391, -0.002, 0.444] cup_xy0=[0.54, 0.036]
[s1] close-entry e5: hand=[0.439, -0.014, 0.187] cup_gt=[0.472, -0.02]
[close] e5 t=28 hand_z=0.180 dxy=0.079 stall=0.378
[close] e5 t=88 hand_z=0.180 dxy=0.094 stall=0.423
[s1] step=50700 stages=['IDLE', 'IDLE', 'IDLE', 'IDLE', 'ALIGN', 'CLOSE', 'ALIGN', 'IDLE'] picks=16 places=13 hand0=[0.39, -0.0, 0.457] cup_xy0=[0.54, 0.036]
[close] e5 t=148 hand_z=0.180 dxy=0.095 stall=0.423
[s1] close-entry e4: hand=[0.282, -0.208, 0.191] cup_gt=[0.302, -0.262]
[s1] step=50800 stages=['FAIL', 'IDLE', 'IDLE', 'FAIL', 'CLOSE', 'CLOSE', 'DESCEND', 'IDLE'] picks=16 places=13 hand0=[0.389, -0.001, 0.457] cup_xy0=[0.54, 0.036]
[close] e4 t=54 hand_z=0.164 dxy=0.074 stall=0.401
[s1] close-entry e6: hand=[0.426, -0.069, 0.189] cup_gt=[0.43, -0.061]
[s1] acquire e0: vision=[0.42, 0.043] gt=[0.466, 0.057]
[close] e4 t=114 hand_z=0.164 dxy=0.075 stall=0.402
[s1] step=50900 stages=['DESCEND', 'FAIL', 'IDLE', 'ALIGN', 'CLOSE', 'FAIL', 'CLOSE', 'IDLE'] picks=16 places=13 hand0=[0.409, 0.054, 0.335] cup_xy0=[0.42, 0.043]
[close] e4 t=174 hand_z=0.164 dxy=0.076 stall=0.402
[s1] close-entry e0: hand=[0.417, 0.046, 0.184] cup_gt=[0.466, 0.057]
[close] e0 t=43 hand_z=0.210 dxy=0.064 stall=0.384
[s1] step=51000 stages=['CLOSE', 'IDLE', 'IDLE', 'ALIGN', 'CLOSE', 'DESCEND', 'CLOSE', 'IDLE'] picks=16 places=13 hand0=[0.436, 0.0, 0.21] cup_xy0=[0.42, 0.043]
[close] e0 t=103 hand_z=0.211 dxy=0.070 stall=0.380
[s1] close-entry e5: hand=[0.377, -0.069, 0.191] cup_gt=[0.372, -0.083]
[s1] step=51100 stages=['CLOSE', 'IDLE', 'FAIL', 'ALIGN', 'IDLE', 'CLOSE', 'FAIL', 'FAIL'] picks=16 places=13 hand0=[0.437, -0.007, 0.211] cup_xy0=[0.42, 0.043]
[close] e0 t=163 hand_z=0.211 dxy=0.071 stall=0.380
[close] e0 t=223 hand_z=0.211 dxy=0.071 stall=0.380
[s1] step=51200 stages=['FAIL', 'IDLE', 'IDLE', 'ALIGN', 'DESCEND', 'CLOSE', 'ALIGN', 'IDLE'] picks=16 places=13 hand0=[0.437, -0.008, 0.211] cup_xy0=[0.42, 0.043]
[s1] close-entry e4: hand=[0.452, -0.054, 0.185] cup_gt=[0.453, -0.047]
[close] e4 t=7 hand_z=0.198 dxy=0.008 stall=0.234
[s1] acquire e0: vision=[0.464, 0.07] gt=[0.464, 0.066]
[close] e4 t=67 hand_z=0.215 dxy=0.034 stall=0.378
[s1] step=51300 stages=['ALIGN', 'FAIL', 'IDLE', 'FAIL', 'CLOSE', 'CLOSE', 'DESCEND', 'IDLE'] picks=16 places=13 hand0=[0.367, 0.087, 0.509] cup_xy0=[0.464, 0.07]
[s1] close-entry e6: hand=[0.481, 0.036, 0.188] cup_gt=[0.481, 0.027]
[close] e4 t=127 hand_z=0.215 dxy=0.035 stall=0.378
[s1] step=51400 stages=['DESCEND', 'IDLE', 'IDLE', 'IDLE', 'CLOSE', 'ALIGN', 'CLOSE', 'IDLE'] picks=16 places=13 hand0=[0.471, 0.024, 0.2] cup_xy0=[0.464, 0.07]
[close] e4 t=187 hand_z=0.215 dxy=0.035 stall=0.378
[s1] close-entry e0: hand=[0.468, 0.068, 0.192] cup_gt=[0.45, 0.117]
[close] e0 t=58 hand_z=0.201 dxy=0.023 stall=0.414
[s1] step=51500 stages=['CLOSE', 'IDLE', 'IDLE', 'IDLE', 'FAIL', 'DESCEND', 'CLOSE', 'FAIL'] picks=16 places=13 hand0=[0.448, 0.168, 0.201] cup_xy0=[0.464, 0.07]
[s1] close-entry e5: hand=[0.48, 0.075, 0.191] cup_gt=[0.481, 0.061]
[close] e0 t=118 hand_z=0.201 dxy=0.024 stall=0.414
[close] e0 t=178 hand_z=0.201 dxy=0.024 stall=0.414
[s1] step=51600 stages=['CLOSE', 'IDLE', 'IDLE', 'IDLE', 'ALIGN', 'CLOSE', 'FAIL', 'IDLE'] picks=16 places=13 hand0=[0.448, 0.169, 0.201] cup_xy0=[0.464, 0.07]
[close] e0 t=238 hand_z=0.201 dxy=0.024 stall=0.414
[s1] close-entry e4: hand=[0.508, 0.028, 0.187] cup_gt=[0.504, 0.014]
[s1] step=51700 stages=['FAIL', 'IDLE', 'IDLE', 'IDLE', 'CLOSE', 'CLOSE', 'DESCEND', 'IDLE'] picks=16 places=13 hand0=[0.446, 0.168, 0.199] cup_xy0=[0.464, 0.07]
[close] e4 t=43 hand_z=0.163 dxy=0.061 stall=0.374
[s1] acquire e0: vision=[0.419, -0.036] gt=[0.421, -0.037]
[close] e4 t=103 hand_z=0.162 dxy=0.063 stall=0.374
[s1] close-entry e6: hand=[0.428, 0.027, 0.184] cup_gt=[0.433, 0.029]
[s1] step=51800 stages=['DESCEND', 'IDLE', 'FAIL', 'IDLE', 'CLOSE', 'FAIL', 'CLOSE', 'IDLE'] picks=16 places=13 hand0=[0.429, -0.03, 0.288] cup_xy0=[0.419, -0.036]
[s1] close-entry e0: hand=[0.415, -0.043, 0.191] cup_gt=[0.421, -0.037]
[close] e0 t=3 hand_z=0.188 dxy=0.012 stall=0.232
[close] e0 t=63 hand_z=0.176 dxy=0.027 stall=0.412
[s1] step=51900 stages=['CLOSE', 'IDLE', 'IDLE', 'IDLE', 'CLOSE', 'DESCEND', 'CLOSE', 'IDLE'] picks=16 places=13 hand0=[0.402, -0.055, 0.176] cup_xy0=[0.419, -0.036]
[close] e0 t=123 hand_z=0.176 dxy=0.027 stall=0.412
[s1] close-entry e5: hand=[0.517, 0.033, 0.191] cup_gt=[0.508, 0.044]
[s1] step=52000 stages=['CLOSE', 'FAIL', 'IDLE', 'FAIL', 'IDLE', 'CLOSE', 'CLOSE', 'IDLE'] picks=16 places=13 hand0=[0.402, -0.055, 0.176] cup_xy0=[0.419, -0.036]
[close] e0 t=183 hand_z=0.176 dxy=0.027 stall=0.412
[close] e5 t=116 hand_z=0.152 dxy=0.044 stall=0.082
[s1] step=52100 stages=['FAIL', 'IDLE', 'IDLE', 'ALIGN', 'DESCEND', 'CLOSE', 'IDLE', 'IDLE'] picks=16 places=13 hand0=[0.401, -0.056, 0.175] cup_xy0=[0.419, -0.036]
[close] e5 t=176 hand_z=0.147 dxy=0.165 stall=0.079
[s1] acquire e0: vision=[0.528, 0.012] gt=[0.526, 0.01]
[s1] close-entry e4: hand=[0.478, -0.046, 0.184] cup_gt=[0.48, -0.044]
[close] e4 t=35 hand_z=0.203 dxy=0.021 stall=0.411
[s1] step=52200 stages=['ALIGN', 'IDLE', 'FAIL', 'ALIGN', 'CLOSE', 'CLOSE', 'DESCEND', 'FAIL'] picks=16 places=13 hand0=[0.499, 0.018, 0.406] cup_xy0=[0.528, 0.012]
[close] e4 t=95 hand_z=0.204 dxy=0.023 stall=0.411
[s1] close-entry e6: hand=[0.54, 0.056, 0.183] cup_gt=[0.56, 0.023]
[s1] step=52300 stages=['DESCEND', 'IDLE', 'IDLE', 'ALIGN', 'CLOSE', 'IDLE', 'CLOSE', 'IDLE'] picks=16 places=13 hand0=[0.524, -0.014, 0.182] cup_xy0=[0.528, 0.012]
[s1] close-entry e0: hand=[0.527, 0.008, 0.184] cup_gt=[0.497, -0.016]
[close] e0 t=15 hand_z=0.187 dxy=0.049 stall=0.321
[close] e0 t=75 hand_z=0.189 dxy=0.072 stall=0.411
[s1] step=52400 stages=['CLOSE', 'IDLE', 'IDLE', 'ALIGN', 'CLOSE', 'ALIGN', 'CLOSE', 'IDLE'] picks=16 places=13 hand0=[0.518, 0.092, 0.189] cup_xy0=[0.528, 0.012]
[close] e0 t=135 hand_z=0.189 dxy=0.072 stall=0.411
[close] e0 t=195 hand_z=0.189 dxy=0.072 stall=0.411
[s1] step=52500 stages=['CLOSE', 'IDLE', 'IDLE', 'FAIL', 'IDLE', 'ALIGN', 'CLOSE', 'IDLE'] picks=16 places=13 hand0=[0.518, 0.092, 0.189] cup_xy0=[0.528, 0.012]
[s1] step=52600 stages=['FAIL', 'IDLE', 'IDLE', 'IDLE', 'ALIGN', 'DESCEND', 'IDLE', 'IDLE'] picks=16 places=13 hand0=[0.516, 0.091, 0.187] cup_xy0=[0.528, 0.012]
[s1] acquire e0: vision=[0.421, -0.04] gt=[0.423, -0.04]
[s1] step=52700 stages=['DESCEND', 'FAIL', 'IDLE', 'IDLE', 'DESCEND', 'DESCEND', 'DESCEND', 'IDLE'] picks=16 places=13 hand0=[0.401, -0.098, 0.325] cup_xy0=[0.421, -0.04]
[s1] close-entry e6: hand=[0.461, 0.004, 0.191] cup_gt=[0.462, -0.004]
[close] e6 t=9 hand_z=0.185 dxy=0.008 stall=0.312
[s1] close-entry e4: hand=[0.521, -0.017, 0.183] cup_gt=[0.555, -0.002]
[close] e4 t=31 hand_z=0.174 dxy=0.076 stall=0.415
[s1] step=52800 stages=['DESCEND', 'IDLE', 'IDLE', 'IDLE', 'CLOSE', 'DESCEND', 'CLOSE', 'IDLE'] picks=16 places=13 hand0=[0.415, 0.037, 0.201] cup_xy0=[0.421, -0.04]
[s1] close-entry e0: hand=[0.422, -0.034, 0.189] cup_gt=[0.427, -0.076]
[close] e0 t=36 hand_z=0.184 dxy=0.018 stall=0.395
[s1] step=52900 stages=['CLOSE', 'IDLE', 'FAIL', 'IDLE', 'CLOSE', 'DESCEND', 'CLOSE', 'FAIL'] picks=16 places=13 hand0=[0.391, -0.078, 0.169] cup_xy0=[0.421, -0.04]
[close] e0 t=96 hand_z=0.169 dxy=0.031 stall=0.439
[close] e0 t=156 hand_z=0.169 dxy=0.030 stall=0.438
[s1] step=53000 stages=['CLOSE', 'IDLE', 'IDLE', 'IDLE', 'CLOSE', 'FAIL', 'FAIL', 'IDLE'] picks=16 places=13 hand0=[0.391, -0.078, 0.169] cup_xy0=[0.421, -0.04]
[close] e0 t=216 hand_z=0.169 dxy=0.030 stall=0.438
[s1] step=53100 stages=['FAIL', 'FAIL', 'IDLE', 'IDLE', 'IDLE', 'ALIGN', 'ALIGN', 'IDLE'] picks=16 places=13 hand0=[0.391, -0.078, 0.169] cup_xy0=[0.421, -0.04]
[s1] acquire e0: vision=[0.435, 0.087] gt=[0.454, 0.07]
[s1] close-entry e5: hand=[0.479, 0.006, 0.19] cup_gt=[0.471, 0.006]
[s1] step=53200 stages=['DESCEND', 'IDLE', 'IDLE', 'FAIL', 'DESCEND', 'CLOSE', 'DESCEND', 'IDLE'] picks=16 places=13 hand0=[0.429, 0.114, 0.364] cup_xy0=[0.435, 0.087]
[close] e5 t=27 hand_z=0.160 dxy=0.025 stall=0.524
[s1] close-entry e4: hand=[0.456, -0.054, 0.185] cup_gt=[0.449, -0.049]
[close] e4 t=19 hand_z=0.149 dxy=0.014 stall=0.056
[s1] step=53300 stages=['DESCEND', 'IDLE', 'IDLE', 'IDLE', 'CLOSE', 'CLOSE', 'DESCEND', 'FAIL'] picks=16 places=13 hand0=[0.357, 0.202, 0.187] cup_xy0=[0.435, 0.087]
[s1] close-entry e0: hand=[0.439, 0.089, 0.191] cup_gt=[0.47, 0.05]
[close] e0 t=28 hand_z=0.192 dxy=0.025 stall=0.406
[s1] close-entry e6: hand=[0.527, -0.08, 0.191] cup_gt=[0.525, -0.071]
[close] e0 t=88 hand_z=0.193 dxy=0.021 stall=0.418
[s1] step=53400 stages=['CLOSE', 'IDLE', 'IDLE', 'IDLE', 'CLOSE', 'CLOSE', 'CLOSE', 'IDLE'] picks=16 places=13 hand0=[0.457, -0.02, 0.193] cup_xy0=[0.435, 0.087]
[s1] grasp-geom e5: hand-cup_xy=0.033 cup_gt=[0.433, 0.035, 0.02] vision_xy=[0.476, 0.008]
[s1] GRASP (drive stall) envs [5] stall=[0.7]
[lift] e5 t=6 cup_z=0.020 hand_z=0.161 stall=0.744
[close] e0 t=148 hand_z=0.193 dxy=0.021 stall=0.418
[lift] e5 t=26 cup_z=0.027 hand_z=0.182 stall=0.801
[lift] e5 t=46 cup_z=0.020 hand_z=0.237 stall=0.801
[lift] e5 t=66 cup_z=0.020 hand_z=0.279 stall=0.801
[s1] step=53500 stages=['CLOSE', 'IDLE', 'IDLE', 'IDLE', 'CLOSE', 'LIFT', 'CLOSE', 'IDLE'] picks=16 places=13 hand0=[0.457, -0.02, 0.193] cup_xy0=[0.435, 0.087]
[close] e0 t=208 hand_z=0.193 dxy=0.021 stall=0.418
[lift] e5 t=86 cup_z=0.020 hand_z=0.333 stall=0.802
[lift] e5 t=106 cup_z=0.020 hand_z=0.353 stall=0.801
[lift] e5 t=126 cup_z=0.020 hand_z=0.352 stall=0.801
[close] e6 t=228 hand_z=0.154 dxy=0.019 stall=0.183
[lift] e5 t=146 cup_z=0.020 hand_z=0.351 stall=0.801
[lift] e5 t=166 cup_z=0.020 hand_z=0.351 stall=0.801
[s1] step=53600 stages=['FAIL', 'IDLE', 'IDLE', 'FAIL', 'IDLE', 'LIFT', 'FAIL', 'IDLE'] picks=16 places=13 hand0=[0.458, -0.023, 0.192] cup_xy0=[0.435, 0.087]
[lift] e5 t=186 cup_z=0.020 hand_z=0.351 stall=0.801
[lift] e5 t=206 cup_z=0.020 hand_z=0.351 stall=0.801
[s1] acquire e0: vision=[0.526, -0.031] gt=[0.524, -0.031]
[lift] e5 t=226 cup_z=0.020 hand_z=0.350 stall=0.801
[lift] e5 t=246 cup_z=0.020 hand_z=0.350 stall=0.801
[lift] e5 t=266 cup_z=0.020 hand_z=0.350 stall=0.801
[s1] step=53700 stages=['ALIGN', 'IDLE', 'IDLE', 'IDLE', 'DESCEND', 'LIFT', 'IDLE', 'IDLE'] picks=16 places=13 hand0=[0.523, -0.071, 0.355] cup_xy0=[0.526, -0.031]
[lift] e5 t=286 cup_z=0.020 hand_z=0.350 stall=0.801
[lift] e5 t=306 cup_z=0.020 hand_z=0.350 stall=0.801
[lift] e5 t=326 cup_z=0.020 hand_z=0.350 stall=0.801
[s1] close-entry e4: hand=[0.457, 0.019, 0.189] cup_gt=[0.454, 0.027]
[lift] e5 t=346 cup_z=0.020 hand_z=0.350 stall=0.801
[lift] e5 t=366 cup_z=0.020 hand_z=0.350 stall=0.801
[s1] step=53800 stages=['DESCEND', 'FAIL', 'IDLE', 'IDLE', 'CLOSE', 'LIFT', 'ALIGN', 'IDLE'] picks=16 places=13 hand0=[0.499, 0.035, 0.196] cup_xy0=[0.526, -0.031]
[close] e4 t=46 hand_z=0.158 dxy=0.079 stall=0.551
[lift] e5 t=386 cup_z=0.020 hand_z=0.350 stall=0.801
[s1] close-entry e0: hand=[0.52, -0.027, 0.182] cup_gt=[0.525, -0.04]
[close] e0 t=48 hand_z=0.201 dxy=0.030 stall=0.392
[s1] step=53900 stages=['CLOSE', 'IDLE', 'IDLE', 'IDLE', 'CLOSE', 'IDLE', 'DESCEND', 'IDLE'] picks=16 places=13 hand0=[0.539, 0.007, 0.201] cup_xy0=[0.526, -0.031]
[close] e0 t=108 hand_z=0.201 dxy=0.030 stall=0.392
[close] e0 t=168 hand_z=0.201 dxy=0.030 stall=0.392
[s1] step=54000 stages=['CLOSE', 'IDLE', 'FAIL', 'IDLE', 'CLOSE', 'ALIGN', 'DESCEND', 'FAIL'] picks=16 places=13 hand0=[0.539, 0.007, 0.201] cup_xy0=[0.526, -0.031]
[close] e0 t=228 hand_z=0.201 dxy=0.030 stall=0.392
[s1] step=54100 stages=['FAIL', 'IDLE', 'IDLE', 'IDLE', 'IDLE', 'DESCEND', 'DESCEND', 'IDLE'] picks=16 places=13 hand0=[0.539, 0.005, 0.201] cup_xy0=[0.526, -0.031]
[s1] close-entry e5: hand=[0.451, 0.016, 0.184] cup_gt=[0.45, 0.017]
[close] e5 t=13 hand_z=0.194 dxy=0.004 stall=0.461
[s1] acquire e0: vision=[0.485, -0.135] gt=[0.484, -0.132]
[close] e5 t=73 hand_z=0.200 dxy=0.008 stall=0.493
[s1] step=54200 stages=['ALIGN', 'IDLE', 'IDLE', 'IDLE', 'IDLE', 'CLOSE', 'DESCEND', 'IDLE'] picks=16 places=13 hand0=[0.411, -0.033, 0.488] cup_xy0=[0.485, -0.135]
[close] e5 t=133 hand_z=0.200 dxy=0.008 stall=0.493
[s1] close-entry e0: hand=[0.483, -0.131, 0.183] cup_gt=[0.485, -0.135]
[close] e0 t=37 hand_z=0.209 dxy=0.027 stall=0.391
[s1] step=54300 stages=['CLOSE', 'IDLE', 'IDLE', 'FAIL', 'ALIGN', 'CLOSE', 'ALIGN', 'IDLE'] picks=16 places=13 hand0=[0.495, -0.124, 0.209] cup_xy0=[0.485, -0.135]
[s1] grasp-geom e5: hand-cup_xy=0.008 cup_gt=[0.462, 0.083, 0.05] vision_xy=[0.453, 0.018]
[s1] GRASP (drive stall) envs [5] stall=[0.493]
[close] e0 t=97 hand_z=0.210 dxy=0.038 stall=0.390
[lift] e5 t=12 cup_z=0.051 hand_z=0.201 stall=0.494
[lift] e5 t=32 cup_z=0.067 hand_z=0.215 stall=0.495
[s1] LIFTED envs [5] (physical, friction-held)
[s1] step=54400 stages=['CLOSE', 'IDLE', 'IDLE', 'IDLE', 'ALIGN', 'CARRY', 'DESCEND', 'FAIL'] picks=17 places=13 hand0=[0.496, -0.122, 0.21] cup_xy0=[0.485, -0.135]
[s1] close-entry e6: hand=[0.476, -0.002, 0.19] cup_gt=[0.481, -0.053]
[close] e0 t=157 hand_z=0.210 dxy=0.040 stall=0.390
[close] e0 t=217 hand_z=0.210 dxy=0.040 stall=0.390
[s1] step=54500 stages=['CLOSE', 'FAIL', 'IDLE', 'IDLE', 'ALIGN', 'PLACE', 'CLOSE', 'IDLE'] picks=17 places=13 hand0=[0.496, -0.122, 0.21] cup_xy0=[0.485, -0.135]
[close] e6 t=126 hand_z=0.197 dxy=0.018 stall=0.376
[close] e6 t=186 hand_z=0.197 dxy=0.018 stall=0.376
[s1] step=54600 stages=['IDLE', 'IDLE', 'IDLE', 'IDLE', 'ALIGN', 'RELEASE', 'CLOSE', 'IDLE'] picks=17 places=13 hand0=[0.361, -0.111, 0.457] cup_xy0=[0.485, -0.135]
[s1] acquire e0: vision=[0.537, -0.067] gt=[0.569, -0.056]
[s1] PLACED envs [5] (full physical pick-move-place)
[rec] episode 41/60 saved (len=356, env=5)
[s1] step=54700 stages=['ALIGN', 'IDLE', 'FAIL', 'FAIL', 'IDLE', 'DONE', 'FAIL', 'IDLE'] picks=17 places=14 hand0=[0.5, 0.11, 0.354] cup_xy0=[0.537, -0.067]
[s1] step=54800 stages=['ALIGN', 'IDLE', 'IDLE', 'IDLE', 'DESCEND', 'ALIGN', 'ALIGN', 'ALIGN'] picks=17 places=14 hand0=[0.508, 0.095, 0.354] cup_xy0=[0.537, -0.067]
[s1] close-entry e4: hand=[0.515, -0.017, 0.191] cup_gt=[0.509, -0.03]
[close] e4 t=34 hand_z=0.168 dxy=0.010 stall=0.376
[s1] step=54900 stages=['ALIGN', 'FAIL', 'IDLE', 'IDLE', 'CLOSE', 'DESCEND', 'DESCEND', 'ALIGN'] picks=17 places=14 hand0=[0.508, 0.094, 0.353] cup_xy0=[0.537, -0.067]
[s1] close-entry e6: hand=[0.55, -0.023, 0.189] cup_gt=[0.562, -0.026]
[s1] close-entry e5: hand=[0.472, -0.03, 0.191] cup_gt=[0.472, 0.004]
[close] e4 t=94 hand_z=0.168 dxy=0.011 stall=0.376
[s1] step=55000 stages=['ALIGN', 'IDLE', 'IDLE', 'IDLE', 'CLOSE', 'CLOSE', 'CLOSE', 'ALIGN'] picks=17 places=14 hand0=[0.507, 0.093, 0.347] cup_xy0=[0.537, -0.067]
[close] e4 t=154 hand_z=0.168 dxy=0.011 stall=0.376
[close] e4 t=214 hand_z=0.168 dxy=0.011 stall=0.376
[s1] step=55100 stages=['IDLE', 'IDLE', 'FAIL', 'IDLE', 'CLOSE', 'CLOSE', 'CLOSE', 'ALIGN'] picks=17 places=14 hand0=[0.301, 0.069, 0.153] cup_xy0=[0.537, -0.067]
[close] e5 t=226 hand_z=0.162 dxy=0.575 stall=0.799
[s1] acquire e0: vision=[0.58, -0.053] gt=[0.576, -0.052]
[s1] step=55200 stages=['ALIGN', 'IDLE', 'IDLE', 'ALIGN', 'IDLE', 'FAIL', 'FAIL', 'FAIL'] picks=17 places=14 hand0=[0.571, -0.097, 0.384] cup_xy0=[0.58, -0.053]
[s1] step=55300 stages=['DESCEND', 'IDLE', 'IDLE', 'ALIGN', 'DESCEND', 'DESCEND', 'ALIGN', 'IDLE'] picks=17 places=14 hand0=[0.578, -0.024, 0.183] cup_xy0=[0.58, -0.053]
[s1] close-entry e0: hand=[0.583, -0.048, 0.189] cup_gt=[0.59, -0.031]
[close] e0 t=17 hand_z=0.207 dxy=0.025 stall=0.292
[s1] close-entry e4: hand=[0.486, -0.064, 0.19] cup_gt=[0.476, -0.114]
[close] e0 t=77 hand_z=0.208 dxy=0.065 stall=0.389
[s1] close-entry e5: hand=[0.435, -0.087, 0.191] cup_gt=[0.439, -0.052]
[s1] step=55400 stages=['CLOSE', 'IDLE', 'IDLE', 'ALIGN', 'CLOSE', 'CLOSE', 'DESCEND', 'IDLE'] picks=17 places=14 hand0=[0.575, -0.155, 0.208] cup_xy0=[0.58, -0.053]
[s1] close-entry e6: hand=[0.548, 0.047, 0.187] cup_gt=[0.541, 0.044]
[close] e0 t=137 hand_z=0.208 dxy=0.066 stall=0.389
[close] e0 t=197 hand_z=0.208 dxy=0.066 stall=0.389
[s1] step=55500 stages=['CLOSE', 'IDLE', 'IDLE', 'ALIGN', 'CLOSE', 'CLOSE', 'CLOSE', 'IDLE'] picks=17 places=14 hand0=[0.575, -0.155, 0.208] cup_xy0=[0.58, -0.053]
[close] e4 t=200 hand_z=0.185 dxy=0.044 stall=0.386
[s1] step=55600 stages=['FAIL', 'FAIL', 'IDLE', 'IDLE', 'CLOSE', 'CLOSE', 'CLOSE', 'FAIL'] picks=17 places=14 hand0=[0.575, -0.155, 0.208] cup_xy0=[0.58, -0.053]
[close] e5 t=223 hand_z=0.168 dxy=0.064 stall=0.798
[s1] acquire e0: vision=[0.44, 0.029] gt=[0.44, 0.027]
[close] e6 t=241 hand_z=0.203 dxy=0.015 stall=0.413
[s1] step=55700 stages=['DESCEND', 'IDLE', 'IDLE', 'IDLE', 'IDLE', 'IDLE', 'FAIL', 'IDLE'] picks=17 places=14 hand0=[0.42, 0.051, 0.326] cup_xy0=[0.44, 0.029]
[s1] step=55800 stages=['DESCEND', 'IDLE', 'FAIL', 'IDLE', 'DESCEND', 'DESCEND', 'ALIGN', 'IDLE'] picks=17 places=14 hand0=[0.442, 0.007, 0.194] cup_xy0=[0.44, 0.029]
[s1] close-entry e0: hand=[0.442, 0.023, 0.192] cup_gt=[0.445, 0.035]
[close] e0 t=56 hand_z=0.169 dxy=0.024 stall=0.414
[s1] close-entry e5: hand=[0.423, -0.045, 0.186] cup_gt=[0.426, -0.037]
[s1] close-entry e6: hand=[0.529, -0.046, 0.186] cup_gt=[0.518, -0.035]
[s1] step=55900 stages=['CLOSE', 'IDLE', 'IDLE', 'FAIL', 'DESCEND', 'CLOSE', 'CLOSE', 'IDLE'] picks=17 places=14 hand0=[0.423, 0.064, 0.169] cup_xy0=[0.44, 0.029]
[s1] close-entry e4: hand=[0.529, 0.027, 0.19] cup_gt=[0.571, 0.03]
[close] e0 t=116 hand_z=0.169 dxy=0.023 stall=0.414
[close] e0 t=176 hand_z=0.169 dxy=0.023 stall=0.414
[s1] step=56000 stages=['CLOSE', 'FAIL', 'IDLE', 'IDLE', 'CLOSE', 'CLOSE', 'CLOSE', 'IDLE'] picks=17 places=14 hand0=[0.423, 0.064, 0.169] cup_xy0=[0.44, 0.029]
[close] e0 t=236 hand_z=0.169 dxy=0.023 stall=0.414
[close] e4 t=185 hand_z=0.162 dxy=0.076 stall=0.410
[s1] step=56100 stages=['FAIL', 'IDLE', 'IDLE', 'IDLE', 'CLOSE', 'CLOSE', 'CLOSE', 'IDLE'] picks=17 places=14 hand0=[0.423, 0.065, 0.169] cup_xy0=[0.44, 0.029]
[s1] acquire e0: vision=[0.511, 0.018] gt=[0.509, 0.015]
[s1] step=56200 stages=['ALIGN', 'IDLE', 'IDLE', 'IDLE', 'FAIL', 'IDLE', 'IDLE', 'IDLE'] picks=17 places=14 hand0=[0.512, 0.008, 0.364] cup_xy0=[0.511, 0.018]
[s1] step=56300 stages=['DESCEND', 'IDLE', 'IDLE', 'IDLE', 'ALIGN', 'DESCEND', 'ALIGN', 'FAIL'] picks=17 places=14 hand0=[0.522, -0.009, 0.201] cup_xy0=[0.511, 0.018]
[s1] close-entry e0: hand=[0.51, 0.024, 0.187] cup_gt=[0.532, -0.049]
[close] e0 t=10 hand_z=0.176 dxy=0.059 stall=0.280
[s1] close-entry e5: hand=[0.554, -0.027, 0.184] cup_gt=[0.575, 0.007]
[close] e0 t=70 hand_z=0.171 dxy=0.048 stall=0.381
[s1] step=56400 stages=['CLOSE', 'IDLE', 'IDLE', 'IDLE', 'DESCEND', 'CLOSE', 'DESCEND', 'ALIGN'] picks=17 places=14 hand0=[0.495, -0.02, 0.171] cup_xy0=[0.511, 0.018]
[s1] close-entry e4: hand=[0.575, -0.075, 0.185] cup_gt=[0.575, -0.029]
[close] e0 t=130 hand_z=0.171 dxy=0.048 stall=0.381
[s1] step=56500 stages=['CLOSE', 'IDLE', 'FAIL', 'IDLE', 'CLOSE', 'CLOSE', 'DESCEND', 'ALIGN'] picks=17 places=14 hand0=[0.495, -0.02, 0.171] cup_xy0=[0.511, 0.018]
[close] e0 t=190 hand_z=0.171 dxy=0.048 stall=0.381
[close] e4 t=151 hand_z=0.187 dxy=0.030 stall=0.799
[s1] step=56600 stages=['FAIL', 'IDLE', 'IDLE', 'FAIL', 'CLOSE', 'FAIL', 'DESCEND', 'ALIGN'] picks=17 places=14 hand0=[0.495, -0.021, 0.171] cup_xy0=[0.511, 0.018]
[close] e4 t=211 hand_z=0.187 dxy=0.031 stall=0.799
[s1] acquire e0: vision=[0.48, 0.053] gt=[0.48, 0.049]
[s1] step=56700 stages=['ALIGN', 'FAIL', 'IDLE', 'IDLE', 'FAIL', 'ALIGN', 'DESCEND', 'ALIGN'] picks=17 places=14 hand0=[0.442, 0.057, 0.41] cup_xy0=[0.48, 0.053]
[s1] step=56800 stages=['DESCEND', 'IDLE', 'IDLE', 'IDLE', 'ALIGN', 'DESCEND', 'IDLE', 'FAIL'] picks=17 places=14 hand0=[0.468, 0.11, 0.201] cup_xy0=[0.48, 0.053]
[s1] close-entry e0: hand=[0.48, 0.049, 0.185] cup_gt=[0.474, 0.033]
[s1] close-entry e5: hand=[0.426, -0.022, 0.186] cup_gt=[0.405, -0.034]
[close] e0 t=51 hand_z=0.208 dxy=0.015 stall=0.425
[s1] step=56900 stages=['CLOSE', 'IDLE', 'FAIL', 'IDLE', 'DESCEND', 'CLOSE', 'IDLE', 'IDLE'] picks=17 places=14 hand0=[0.483, 0.11, 0.208] cup_xy0=[0.48, 0.053]
[s1] close-entry e4: hand=[0.417, -0.024, 0.19] cup_gt=[0.423, -0.018]
[close] e0 t=111 hand_z=0.208 dxy=0.005 stall=0.425
[close] e0 t=171 hand_z=0.208 dxy=0.004 stall=0.425
[s1] step=57000 stages=['CLOSE', 'IDLE', 'IDLE', 'FAIL', 'CLOSE', 'CLOSE', 'IDLE', 'IDLE'] picks=17 places=14 hand0=[0.483, 0.11, 0.208] cup_xy0=[0.48, 0.053]
[close] e0 t=231 hand_z=0.208 dxy=0.004 stall=0.425
[s1] step=57100 stages=['FAIL', 'IDLE', 'IDLE', 'IDLE', 'CLOSE', 'FAIL', 'FAIL', 'IDLE'] picks=17 places=14 hand0=[0.481, 0.109, 0.207] cup_xy0=[0.48, 0.053]
[close] e4 t=185 hand_z=0.161 dxy=0.022 stall=0.533
[s1] acquire e0: vision=[0.474, -0.059] gt=[0.493, -0.061]
[s1] grasp-geom e4: hand-cup_xy=0.022 cup_gt=[0.409, -0.034, 0.028] vision_xy=[0.414, -0.022]
[s1] GRASP (drive stall) envs [4] stall=[0.533]
[lift] e4 t=4 cup_z=0.028 hand_z=0.162 stall=0.596
[lift] e4 t=24 cup_z=0.020 hand_z=0.170 stall=0.800
[s1] step=57200 stages=['ALIGN', 'IDLE', 'IDLE', 'IDLE', 'LIFT', 'ALIGN', 'DESCEND', 'FAIL'] picks=17 places=14 hand0=[0.465, 0.065, 0.371] cup_xy0=[0.474, -0.059]
[lift] e4 t=44 cup_z=0.020 hand_z=0.205 stall=0.801
[s1] close-entry e6: hand=[0.474, -0.038, 0.189] cup_gt=[0.512, -0.037]
[close] e6 t=6 hand_z=0.172 dxy=0.056 stall=0.530
[lift] e4 t=64 cup_z=0.020 hand_z=0.248 stall=0.801
[lift] e4 t=84 cup_z=0.020 hand_z=0.283 stall=0.801
[lift] e4 t=104 cup_z=0.020 hand_z=0.319 stall=0.801
[close] e6 t=66 hand_z=0.161 dxy=0.094 stall=0.741
[lift] e4 t=124 cup_z=0.020 hand_z=0.355 stall=0.802
[s1] step=57300 stages=['DESCEND', 'IDLE', 'IDLE', 'IDLE', 'LIFT', 'DESCEND', 'CLOSE', 'IDLE'] picks=17 places=14 hand0=[0.285, -0.262, 0.18] cup_xy0=[0.474, -0.059]
[lift] e4 t=144 cup_z=0.020 hand_z=0.352 stall=0.801
[lift] e4 t=164 cup_z=0.020 hand_z=0.352 stall=0.801
[close] e6 t=126 hand_z=0.150 dxy=0.117 stall=0.097
[lift] e4 t=184 cup_z=0.020 hand_z=0.351 stall=0.801
[lift] e4 t=204 cup_z=0.020 hand_z=0.351 stall=0.801
[lift] e4 t=224 cup_z=0.020 hand_z=0.351 stall=0.801
[s1] step=57400 stages=['DESCEND', 'FAIL', 'IDLE', 'IDLE', 'LIFT', 'DESCEND', 'CLOSE', 'IDLE'] picks=17 places=14 hand0=[0.48, -0.04, 0.188] cup_xy0=[0.474, -0.059]
[s1] close-entry e0: hand=[0.476, -0.054, 0.192] cup_gt=[0.497, -0.07]
[close] e0 t=11 hand_z=0.177 dxy=0.032 stall=0.271
[lift] e4 t=244 cup_z=0.020 hand_z=0.351 stall=0.801
[lift] e4 t=264 cup_z=0.020 hand_z=0.350 stall=0.801
[lift] e4 t=284 cup_z=0.020 hand_z=0.350 stall=0.800
[close] e0 t=71 hand_z=0.169 dxy=0.044 stall=0.400
[lift] e4 t=304 cup_z=0.020 hand_z=0.350 stall=0.800
[lift] e4 t=324 cup_z=0.020 hand_z=0.350 stall=0.800
[s1] step=57500 stages=['CLOSE', 'IDLE', 'IDLE', 'IDLE', 'LIFT', 'DESCEND', 'FAIL', 'IDLE'] picks=17 places=14 hand0=[0.454, -0.091, 0.169] cup_xy0=[0.474, -0.059]
[s1] close-entry e5: hand=[0.533, -0.015, 0.184] cup_gt=[0.56, -0.001]
[lift] e4 t=344 cup_z=0.020 hand_z=0.350 stall=0.800
[close] e0 t=131 hand_z=0.169 dxy=0.044 stall=0.400
[lift] e4 t=364 cup_z=0.020 hand_z=0.350 stall=0.800
[lift] e4 t=384 cup_z=0.020 hand_z=0.350 stall=0.800
[close] e0 t=191 hand_z=0.169 dxy=0.044 stall=0.400
[s1] step=57600 stages=['CLOSE', 'IDLE', 'FAIL', 'IDLE', 'FAIL', 'CLOSE', 'ALIGN', 'IDLE'] picks=17 places=14 hand0=[0.454, -0.091, 0.169] cup_xy0=[0.474, -0.059]
[close] e5 t=160 hand_z=0.211 dxy=0.026 stall=0.416
[s1] close-entry e6: hand=[0.524, -0.045, 0.191] cup_gt=[0.524, -0.05]
[s1] step=57700 stages=['FAIL', 'IDLE', 'IDLE', 'FAIL', 'DESCEND', 'CLOSE', 'CLOSE', 'IDLE'] picks=17 places=14 hand0=[0.452, -0.091, 0.167] cup_xy0=[0.474, -0.059]
[close] e5 t=220 hand_z=0.211 dxy=0.026 stall=0.416
[s1] close-entry e4: hand=[0.427, -0.071, 0.183] cup_gt=[0.394, -0.106]
[s1] acquire e0: vision=[0.456, -0.075] gt=[0.457, -0.074]
[close] e4 t=13 hand_z=0.197 dxy=0.054 stall=0.607
[s1] step=57800 stages=['ALIGN', 'FAIL', 'IDLE', 'ALIGN', 'CLOSE', 'FAIL', 'CLOSE', 'IDLE'] picks=17 places=14 hand0=[0.456, -0.096, 0.356] cup_xy0=[0.456, -0.075]
[close] e4 t=73 hand_z=0.206 dxy=0.032 stall=0.799
[close] e4 t=133 hand_z=0.206 dxy=0.032 stall=0.799
[s1] step=57900 stages=['DESCEND', 'IDLE', 'IDLE', 'ALIGN', 'CLOSE', 'ALIGN', 'CLOSE', 'FAIL'] picks=17 places=14 hand0=[0.463, -0.028, 0.207] cup_xy0=[0.456, -0.075]
[s1] close-entry e0: hand=[0.461, -0.069, 0.192] cup_gt=[0.455, -0.08]
[close] e0 t=50 hand_z=0.173 dxy=0.048 stall=0.411
[s1] close-entry e5: hand=[0.586, 0.044, 0.191] cup_gt=[0.556, 0.07]
[s1] step=58000 stages=['CLOSE', 'IDLE', 'FAIL', 'ALIGN', 'CLOSE', 'CLOSE', 'IDLE', 'IDLE'] picks=17 places=14 hand0=[0.443, -0.114, 0.173] cup_xy0=[0.456, -0.075]
[close] e0 t=110 hand_z=0.173 dxy=0.048 stall=0.411
[close] e0 t=170 hand_z=0.173 dxy=0.048 stall=0.411
[s1] step=58100 stages=['CLOSE', 'IDLE', 'IDLE', 'ALIGN', 'ALIGN', 'CLOSE', 'DESCEND', 'IDLE'] picks=17 places=14 hand0=[0.443, -0.114, 0.173] cup_xy0=[0.456, -0.075]
[close] e0 t=230 hand_z=0.173 dxy=0.048 stall=0.411
[s1] close-entry e6: hand=[0.48, -0.074, 0.185] cup_gt=[0.48, -0.077]
[close] e5 t=220 hand_z=0.204 dxy=0.050 stall=0.388
[s1] step=58200 stages=['FAIL', 'IDLE', 'IDLE', 'FAIL', 'DESCEND', 'CLOSE', 'CLOSE', 'IDLE'] picks=17 places=14 hand0=[0.441, -0.114, 0.172] cup_xy0=[0.456, -0.075]
[s1] close-entry e4: hand=[0.473, -0.003, 0.188] cup_gt=[0.466, -0.008]
[close] e4 t=56 hand_z=0.161 dxy=0.002 stall=0.482
[s1] acquire e0: vision=[0.58, -0.013] gt=[0.576, -0.014]
[s1] step=58300 stages=['ALIGN', 'IDLE', 'IDLE', 'IDLE', 'CLOSE', 'IDLE', 'CLOSE', 'FAIL'] picks=17 places=14 hand0=[0.551, -0.012, 0.393] cup_xy0=[0.58, -0.013]
[close] e4 t=116 hand_z=0.161 dxy=0.002 stall=0.482
[close] e4 t=176 hand_z=0.161 dxy=0.002 stall=0.482
[s1] close-entry e0: hand=[0.579, -0.014, 0.184] cup_gt=[0.562, -0.026]
[s1] step=58400 stages=['CLOSE', 'IDLE', 'IDLE', 'IDLE', 'CLOSE', 'DESCEND', 'CLOSE', 'IDLE'] picks=17 places=14 hand0=[0.592, 0.023, 0.215] cup_xy0=[0.58, -0.013]
[close] e0 t=58 hand_z=0.224 dxy=0.027 stall=0.432
[s1] grasp-geom e4: hand-cup_xy=0.002 cup_gt=[0.461, -0.01, 0.02] vision_xy=[0.469, -0.009]
[s1] GRASP (drive stall) envs [4] stall=[0.482]
[lift] e4 t=15 cup_z=0.020 hand_z=0.161 stall=0.484
[lift] e4 t=35 cup_z=0.042 hand_z=0.182 stall=0.495
[s1] LIFTED envs [4] (physical, friction-held)
[close] e0 t=118 hand_z=0.225 dxy=0.024 stall=0.432
[s1] step=58500 stages=['CLOSE', 'FAIL', 'IDLE', 'IDLE', 'CARRY', 'DESCEND', 'ALIGN', 'IDLE'] picks=18 places=14 hand0=[0.593, 0.042, 0.225] cup_xy0=[0.58, -0.013]
[close] e0 t=178 hand_z=0.225 dxy=0.023 stall=0.432
[s1] step=58600 stages=['CLOSE', 'IDLE', 'IDLE', 'FAIL', 'PLACE', 'DESCEND', 'DESCEND', 'IDLE'] picks=18 places=14 hand0=[0.593, 0.042, 0.225] cup_xy0=[0.58, -0.013]
[close] e0 t=238 hand_z=0.225 dxy=0.023 stall=0.432
[s1] close-entry e6: hand=[0.471, 0.003, 0.185] cup_gt=[0.473, -0.005]
[close] e6 t=29 hand_z=0.185 dxy=0.009 stall=0.368
[s1] close-entry e5: hand=[0.537, 0.046, 0.19] cup_gt=[0.566, 0.059]
[s1] step=58700 stages=['IDLE', 'IDLE', 'FAIL', 'IDLE', 'RELEASE', 'CLOSE', 'CLOSE', 'IDLE'] picks=18 places=14 hand0=[0.449, 0.055, 0.206] cup_xy0=[0.58, -0.013]
[s1] PLACED envs [4] (full physical pick-move-place)
[rec] episode 42/60 saved (len=315, env=4)
[s1] acquire e0: vision=[0.476, -0.061] gt=[0.476, -0.061]
[close] e5 t=48 hand_z=0.161 dxy=0.055 stall=0.397
[close] e5 t=108 hand_z=0.161 dxy=0.056 stall=0.397
[s1] step=58800 stages=['DESCEND', 'IDLE', 'IDLE', 'IDLE', 'IDLE', 'CLOSE', 'CLOSE', 'IDLE'] picks=18 places=15 hand0=[0.462, -0.114, 0.273] cup_xy0=[0.476, -0.061]
[s1] close-entry e0: hand=[0.48, -0.055, 0.19] cup_gt=[0.481, -0.034]
[close] e0 t=10 hand_z=0.202 dxy=0.043 stall=0.252
[s1] step=58900 stages=['CLOSE', 'FAIL', 'IDLE', 'IDLE', 'DESCEND', 'CLOSE', 'FAIL', 'IDLE'] picks=18 places=15 hand0=[0.474, -0.114, 0.206] cup_xy0=[0.476, -0.061]
[close] e0 t=70 hand_z=0.207 dxy=0.074 stall=0.402
[s1] close-entry e4: hand=[0.494, -0.065, 0.186] cup_gt=[0.486, -0.072]
[close] e0 t=130 hand_z=0.207 dxy=0.075 stall=0.402
[s1] step=59000 stages=['CLOSE', 'IDLE', 'IDLE', 'IDLE', 'CLOSE', 'IDLE', 'ALIGN', 'FAIL'] picks=18 places=15 hand0=[0.474, -0.115, 0.207] cup_xy0=[0.476, -0.061]
[close] e0 t=190 hand_z=0.207 dxy=0.075 stall=0.402
[close] e4 t=124 hand_z=0.138 dxy=1.919 stall=-0.038
[s1] step=59100 stages=['FAIL', 'IDLE', 'IDLE', 'IDLE', 'CLOSE', 'DESCEND', 'DESCEND', 'IDLE'] picks=18 places=15 hand0=[0.474, -0.115, 0.207] cup_xy0=[0.476, -0.061]
[s1] close-entry e6: hand=[0.589, -0.06, 0.19] cup_gt=[0.573, -0.015]
[s1] close-entry e5: hand=[0.557, -0.025, 0.186] cup_gt=[0.557, 0.022]
[close] e4 t=184 hand_z=0.139 dxy=1.989 stall=0.016
[s1] acquire e0: vision=[0.578, 0.073] gt=[0.573, 0.069]
[s1] step=59200 stages=['ALIGN', 'IDLE', 'IDLE', 'IDLE', 'CLOSE', 'CLOSE', 'CLOSE', 'IDLE'] picks=18 places=15 hand0=[0.44, -0.041, 0.582] cup_xy0=[0.578, 0.073]
[close] e5 t=75 hand_z=0.188 dxy=0.027 stall=0.799
[close] e5 t=135 hand_z=0.187 dxy=0.027 stall=0.799
[s1] step=59300 stages=['DESCEND', 'IDLE', 'IDLE', 'FAIL', 'IDLE', 'CLOSE', 'CLOSE', 'IDLE'] picks=18 places=15 hand0=[0.576, 0.077, 0.336] cup_xy0=[0.578, 0.073]
[s1] close-entry e0: hand=[0.58, 0.074, 0.189] cup_gt=[0.595, 0.027]
[close] e0 t=2 hand_z=0.191 dxy=0.047 stall=0.245
[close] e0 t=62 hand_z=0.193 dxy=0.014 stall=0.396
[s1] step=59400 stages=['CLOSE', 'IDLE', 'FAIL', 'IDLE', 'DESCEND', 'FAIL', 'FAIL', 'IDLE'] picks=18 places=15 hand0=[0.569, -0.065, 0.193] cup_xy0=[0.578, 0.073]
[s1] close-entry e4: hand=[0.563, -0.073, 0.184] cup_gt=[0.555, -0.078]
[close] e0 t=122 hand_z=0.194 dxy=0.015 stall=0.396
[s1] step=59500 stages=['CLOSE', 'IDLE', 'IDLE', 'IDLE', 'CLOSE', 'ALIGN', 'ALIGN', 'IDLE'] picks=18 places=15 hand0=[0.568, -0.068, 0.194] cup_xy0=[0.578, 0.073]
[close] e0 t=182 hand_z=0.194 dxy=0.015 stall=0.396
[close] e4 t=151 hand_z=0.156 dxy=0.017 stall=0.276
[s1] close-entry e5: hand=[0.483, 0.043, 0.191] cup_gt=[0.507, 0.042]
[s1] step=59600 stages=['FAIL', 'FAIL', 'IDLE', 'IDLE', 'CLOSE', 'CLOSE', 'DESCEND', 'IDLE'] picks=18 places=15 hand0=[0.569, -0.068, 0.194] cup_xy0=[0.578, 0.073]
[close] e4 t=211 hand_z=0.156 dxy=0.017 stall=0.276
[s1] close-entry e6: hand=[0.467, 0.004, 0.187] cup_gt=[0.466, 0.01]
[s1] acquire e0: vision=[0.44, -0.02] gt=[0.441, -0.021]
[close] e5 t=108 hand_z=0.161 dxy=0.044 stall=0.741
[s1] step=59700 stages=['ALIGN', 'IDLE', 'IDLE', 'IDLE', 'FAIL', 'CLOSE', 'CLOSE', 'FAIL'] picks=18 places=15 hand0=[0.365, -0.03, 0.476] cup_xy0=[0.44, -0.02]
[close] e5 t=168 hand_z=0.161 dxy=0.045 stall=0.751
[s1] step=59800 stages=['DESCEND', 'IDLE', 'FAIL', 'IDLE', 'IDLE', 'CLOSE', 'CLOSE', 'IDLE'] picks=18 places=15 hand0=[0.406, 0.028, 0.229] cup_xy0=[0.44, -0.02]
[close] e5 t=228 hand_z=0.161 dxy=0.046 stall=0.750
[s1] close-entry e0: hand=[0.442, -0.025, 0.192] cup_gt=[0.446, -0.011]
[close] e0 t=5 hand_z=0.185 dxy=0.009 stall=0.231
[s1] step=59900 stages=['CLOSE', 'IDLE', 'IDLE', 'IDLE', 'DESCEND', 'IDLE', 'FAIL', 'IDLE'] picks=18 places=15 hand0=[0.432, 0.025, 0.173] cup_xy0=[0.44, -0.02]
[close] e0 t=65 hand_z=0.171 dxy=0.003 stall=0.395
[s1] close-entry e4: hand=[0.489, 0.055, 0.188] cup_gt=[0.486, 0.085]
[close] e0 t=125 hand_z=0.171 dxy=0.003 stall=0.395
[s1] step=60000 stages=['CLOSE', 'IDLE', 'IDLE', 'FAIL', 'CLOSE', 'ALIGN', 'ALIGN', 'IDLE'] picks=18 places=15 hand0=[0.43, 0.031, 0.171] cup_xy0=[0.44, -0.02]
[close] e0 t=185 hand_z=0.171 dxy=0.003 stall=0.395
[s1] step=60100 stages=['CLOSE', 'IDLE', 'IDLE', 'IDLE', 'CLOSE', 'DESCEND', 'DESCEND', 'FAIL'] picks=18 places=15 hand0=[0.43, 0.031, 0.171] cup_xy0=[0.44, -0.02]
[s1] close-entry e6: hand=[0.479, -0.054, 0.182] cup_gt=[0.481, -0.044]
[close] e4 t=168 hand_z=0.187 dxy=0.045 stall=0.796
[close] e4 t=228 hand_z=0.187 dxy=0.045 stall=0.796
[s1] step=60200 stages=['IDLE', 'IDLE', 'IDLE', 'IDLE', 'FAIL', 'DESCEND', 'CLOSE', 'IDLE'] picks=18 places=15 hand0=[0.343, 0.021, 0.301] cup_xy0=[0.44, -0.02]
[s1] acquire e0: vision=[0.576, 0.078] gt=[0.571, 0.074]
[close] e6 t=133 hand_z=0.159 dxy=0.045 stall=0.374
[close] e6 t=193 hand_z=0.159 dxy=0.045 stall=0.374
[s1] step=60300 stages=['ALIGN', 'FAIL', 'IDLE', 'IDLE', 'IDLE', 'DESCEND', 'CLOSE', 'IDLE'] picks=18 places=15 hand0=[0.591, 0.04, 0.372] cup_xy0=[0.576, 0.078]
[s1] step=60400 stages=['DESCEND', 'IDLE', 'IDLE', 'FAIL', 'DESCEND', 'DESCEND', 'FAIL', 'IDLE'] picks=18 places=15 hand0=[0.58, 0.058, 0.195] cup_xy0=[0.576, 0.078]
[s1] close-entry e0: hand=[0.574, 0.072, 0.184] cup_gt=[0.717, 0.217]
[close] e0 t=17 hand_z=0.163 dxy=0.235 stall=0.326
[s1] close-entry e4: hand=[0.542, -0.03, 0.185] cup_gt=[0.551, 0.03]
[close] e0 t=77 hand_z=0.159 dxy=0.295 stall=0.390
[s1] step=60500 stages=['CLOSE', 'IDLE', 'FAIL', 'IDLE', 'CLOSE', 'FAIL', 'ALIGN', 'IDLE'] picks=18 places=15 hand0=[0.557, 0.14, 0.159] cup_xy0=[0.576, 0.078]
[close] e0 t=137 hand_z=0.159 dxy=0.304 stall=0.390
[close] e0 t=197 hand_z=0.159 dxy=0.305 stall=0.389
[s1] step=60600 stages=['CLOSE', 'IDLE', 'IDLE', 'IDLE', 'CLOSE', 'ALIGN', 'DESCEND', 'IDLE'] picks=18 places=15 hand0=[0.557, 0.141, 0.159] cup_xy0=[0.576, 0.078]
[s1] close-entry e6: hand=[0.543, -0.025, 0.183] cup_gt=[0.549, -0.024]
[close] e4 t=185 hand_z=0.202 dxy=0.429 stall=0.799
[s1] step=60700 stages=['FAIL', 'FAIL', 'IDLE', 'IDLE', 'CLOSE', 'DESCEND', 'CLOSE', 'IDLE'] picks=18 places=15 hand0=[0.555, 0.138, 0.156] cup_xy0=[0.576, 0.078]
[close] e6 t=118 hand_z=0.211 dxy=0.032 stall=0.405
[s1] close-entry e5: hand=[0.429, 0.005, 0.191] cup_gt=[0.43, 0.004]
[close] e5 t=38 hand_z=0.182 dxy=0.007 stall=0.411
[s1] acquire e0: vision=[0.436, -0.062] gt=[0.436, -0.062]
[s1] step=60800 stages=['DESCEND', 'IDLE', 'IDLE', 'IDLE', 'IDLE', 'CLOSE', 'CLOSE', 'FAIL'] picks=18 places=15 hand0=[0.441, -0.064, 0.355] cup_xy0=[0.436, -0.062]
[close] e5 t=98 hand_z=0.181 dxy=0.007 stall=0.411
[s1] close-entry e0: hand=[0.435, -0.065, 0.192] cup_gt=[0.436, -0.062]
[close] e0 t=35 hand_z=0.187 dxy=0.015 stall=0.397
[s1] step=60900 stages=['CLOSE', 'IDLE', 'FAIL', 'IDLE', 'DESCEND', 'CLOSE', 'FAIL', 'IDLE'] picks=18 places=15 hand0=[0.436, -0.062, 0.187] cup_xy0=[0.436, -0.062]
[s1] close-entry e4: hand=[0.552, 0.041, 0.188] cup_gt=[0.559, 0.081]
[close] e0 t=95 hand_z=0.187 dxy=0.013 stall=0.394
[s1] step=61000 stages=['CLOSE', 'IDLE', 'IDLE', 'IDLE', 'CLOSE', 'FAIL', 'DESCEND', 'IDLE'] picks=18 places=15 hand0=[0.436, -0.06, 0.187] cup_xy0=[0.436, -0.062]
[close] e0 t=155 hand_z=0.187 dxy=0.013 stall=0.394
[close] e0 t=215 hand_z=0.187 dxy=0.013 stall=0.394
[s1] step=61100 stages=['CLOSE', 'IDLE', 'IDLE', 'FAIL', 'CLOSE', 'ALIGN', 'DESCEND', 'IDLE'] picks=18 places=15 hand0=[0.436, -0.06, 0.187] cup_xy0=[0.436, -0.062]
[close] e4 t=205 hand_z=0.181 dxy=0.256 stall=0.801
[s1] close-entry e6: hand=[0.405, -0.071, 0.187] cup_gt=[0.426, -0.115]
[close] e6 t=50 hand_z=0.191 dxy=0.056 stall=0.393
[s1] step=61200 stages=['IDLE', 'IDLE', 'IDLE', 'IDLE', 'FAIL', 'DESCEND', 'CLOSE', 'IDLE'] picks=18 places=15 hand0=[0.341, 0.039, 0.575] cup_xy0=[0.436, -0.062]
[s1] acquire e0: vision=[0.436, -0.06] gt=[0.437, -0.06]
[s1] close-entry e5: hand=[0.464, 0.075, 0.192] cup_gt=[0.466, 0.063]
[close] e5 t=40 hand_z=0.169 dxy=0.012 stall=0.384
[s1] step=61300 stages=['DESCEND', 'IDLE', 'IDLE', 'IDLE', 'IDLE', 'CLOSE', 'CLOSE', 'IDLE'] picks=18 places=15 hand0=[0.432, -0.052, 0.18] cup_xy0=[0.436, -0.06]
[s1] close-entry e0: hand=[0.434, -0.062, 0.184] cup_gt=[0.436, -0.061]
[close] e0 t=16 hand_z=0.200 dxy=0.014 stall=0.291
[close] e0 t=76 hand_z=0.205 dxy=0.019 stall=0.407
[s1] step=61400 stages=['CLOSE', 'FAIL', 'IDLE', 'IDLE', 'DESCEND', 'CLOSE', 'FAIL', 'IDLE'] picks=18 places=15 hand0=[0.446, -0.087, 0.205] cup_xy0=[0.436, -0.06]
[s1] close-entry e4: hand=[0.572, -0.044, 0.184] cup_gt=[0.568, -0.084]
[close] e0 t=136 hand_z=0.205 dxy=0.019 stall=0.407
[close] e0 t=196 hand_z=0.205 dxy=0.019 stall=0.407
[s1] step=61500 stages=['CLOSE', 'IDLE', 'IDLE', 'IDLE', 'CLOSE', 'FAIL', 'ALIGN', 'FAIL'] picks=18 places=15 hand0=[0.446, -0.087, 0.205] cup_xy0=[0.436, -0.06]
[close] e4 t=123 hand_z=0.209 dxy=0.007 stall=0.800
[s1] close-entry e6: hand=[0.439, -0.006, 0.191] cup_gt=[0.429, -0.01]
[s1] step=61600 stages=['FAIL', 'IDLE', 'FAIL', 'IDLE', 'CLOSE', 'ALIGN', 'CLOSE', 'IDLE'] picks=18 places=15 hand0=[0.445, -0.088, 0.204] cup_xy0=[0.436, -0.06]
[close] e4 t=183 hand_z=0.210 dxy=0.008 stall=0.800
[s1] acquire e0: vision=[0.501, 0.024] gt=[0.499, 0.022]
[s1] close-entry e5: hand=[0.529, 0.033, 0.186] cup_gt=[0.524, 0.025]
[close] e5 t=9 hand_z=0.166 dxy=0.008 stall=0.242
[s1] step=61700 stages=['DESCEND', 'IDLE', 'IDLE', 'IDLE', 'FAIL', 'CLOSE', 'CLOSE', 'IDLE'] picks=18 places=15 hand0=[0.495, -0.042, 0.215] cup_xy0=[0.501, 0.024]
[close] e5 t=69 hand_z=0.158 dxy=0.009 stall=0.375
[s1] close-entry e0: hand=[0.502, 0.019, 0.188] cup_gt=[0.56, 0.046]
[close] e0 t=33 hand_z=0.168 dxy=0.133 stall=0.398
[s1] step=61800 stages=['CLOSE', 'FAIL', 'IDLE', 'FAIL', 'ALIGN', 'CLOSE', 'CLOSE', 'IDLE'] picks=18 places=15 hand0=[0.476, 0.081, 0.168] cup_xy0=[0.501, 0.024]
[close] e0 t=93 hand_z=0.167 dxy=0.156 stall=0.399
[s1] close-entry e4: hand=[0.436, 0.036, 0.186] cup_gt=[0.428, 0.033]
[s1] step=61900 stages=['CLOSE', 'IDLE', 'IDLE', 'IDLE', 'CLOSE', 'CLOSE', 'IDLE', 'FAIL'] picks=18 places=15 hand0=[0.474, 0.087, 0.167] cup_xy0=[0.501, 0.024]
[close] e0 t=153 hand_z=0.167 dxy=0.159 stall=0.399
[close] e0 t=213 hand_z=0.167 dxy=0.159 stall=0.399
[s1] step=62000 stages=['CLOSE', 'IDLE', 'IDLE', 'IDLE', 'CLOSE', 'IDLE', 'ALIGN', 'IDLE'] picks=18 places=15 hand0=[0.474, 0.087, 0.167] cup_xy0=[0.501, 0.024]
[close] e4 t=149 hand_z=0.163 dxy=0.023 stall=0.482
[s1] acquire e0: vision=[0.511, -0.002] gt=[0.509, -0.003]
[close] e4 t=209 hand_z=0.163 dxy=0.023 stall=0.482
[s1] step=62100 stages=['ALIGN', 'IDLE', 'IDLE', 'IDLE', 'CLOSE', 'DESCEND', 'DESCEND', 'IDLE'] picks=18 places=15 hand0=[0.359, -0.025, 0.429] cup_xy0=[0.511, -0.002]
[s1] grasp-geom e4: hand-cup_xy=0.023 cup_gt=[0.393, 0.039, 0.027] vision_xy=[0.432, 0.031]
[s1] GRASP (drive stall) envs [4] stall=[0.482]
[lift] e4 t=8 cup_z=0.028 hand_z=0.164 stall=0.496
[lift] e4 t=28 cup_z=0.047 hand_z=0.181 stall=0.497
[s1] close-entry e5: hand=[0.517, 0.008, 0.192] cup_gt=[0.546, -0.035]
[s1] close-entry e6: hand=[0.516, -0.003, 0.191] cup_gt=[0.515, -0.005]
[lift] e4 t=48 cup_z=0.097 hand_z=0.229 stall=0.497
[s1] LIFTED envs [4] (physical, friction-held)
[s1] step=62200 stages=['DESCEND', 'IDLE', 'IDLE', 'FAIL', 'CARRY', 'CLOSE', 'CLOSE', 'IDLE'] picks=19 places=15 hand0=[0.517, -0.064, 0.269] cup_xy0=[0.511, -0.002]
[close] e5 t=56 hand_z=0.209 dxy=0.043 stall=0.408
[s1] close-entry e0: hand=[0.512, 0.0, 0.191] cup_gt=[0.488, 0.026]
[close] e0 t=54 hand_z=0.160 dxy=0.198 stall=0.694
[s1] step=62300 stages=['CLOSE', 'IDLE', 'FAIL', 'IDLE', 'RELEASE', 'CLOSE', 'CLOSE', 'IDLE'] picks=19 places=15 hand0=[0.48, 0.085, 0.16] cup_xy0=[0.511, -0.002]
[close] e0 t=114 hand_z=0.160 dxy=0.237 stall=0.692
[s1] PLACED envs [4] (full physical pick-move-place)
[rec] episode 43/60 saved (len=296, env=4)
[close] e0 t=174 hand_z=0.160 dxy=0.242 stall=0.692
[s1] step=62400 stages=['CLOSE', 'IDLE', 'IDLE', 'IDLE', 'DONE', 'CLOSE', 'CLOSE', 'IDLE'] picks=19 places=16 hand0=[0.48, 0.086, 0.16] cup_xy0=[0.511, -0.002]
[close] e0 t=234 hand_z=0.160 dxy=0.243 stall=0.692
[s1] grasp-geom e0: hand-cup_xy=0.243 cup_gt=[0.246, 0.154, 0.02] vision_xy=[0.511, -0.002]
[s1] GRASP (drive stall) envs [0] stall=[0.692]
[lift] e0 t=13 cup_z=0.020 hand_z=0.163 stall=0.801
[lift] e0 t=33 cup_z=0.020 hand_z=0.191 stall=0.802
[s1] step=62500 stages=['LIFT', 'FAIL', 'IDLE', 'IDLE', 'ALIGN', 'IDLE', 'IDLE', 'IDLE'] picks=19 places=16 hand0=[0.447, 0.099, 0.191] cup_xy0=[0.511, -0.002]
[lift] e0 t=53 cup_z=0.020 hand_z=0.257 stall=0.802
[lift] e0 t=73 cup_z=0.020 hand_z=0.300 stall=0.802
[lift] e0 t=93 cup_z=0.020 hand_z=0.338 stall=0.802
[lift] e0 t=113 cup_z=0.020 hand_z=0.349 stall=0.801
[s1] close-entry e5: hand=[0.529, -0.048, 0.192] cup_gt=[0.523, -0.048]
[lift] e0 t=133 cup_z=0.020 hand_z=0.347 stall=0.801
[s1] step=62600 stages=['LIFT', 'IDLE', 'IDLE', 'IDLE', 'ALIGN', 'CLOSE', 'DESCEND', 'FAIL'] picks=19 places=16 hand0=[0.506, 0.073, 0.347] cup_xy0=[0.511, -0.002]
[lift] e0 t=153 cup_z=0.020 hand_z=0.346 stall=0.801
[close] e5 t=41 hand_z=0.167 dxy=0.019 stall=0.417
[lift] e0 t=173 cup_z=0.020 hand_z=0.349 stall=0.801
[lift] e0 t=193 cup_z=0.020 hand_z=0.350 stall=0.801
[s1] close-entry e6: hand=[0.485, 0.046, 0.185] cup_gt=[0.485, 0.043]
[lift] e0 t=213 cup_z=0.020 hand_z=0.350 stall=0.801
[close] e5 t=101 hand_z=0.166 dxy=0.020 stall=0.417
[lift] e0 t=233 cup_z=0.020 hand_z=0.350 stall=0.801
[s1] step=62700 stages=['LIFT', 'IDLE', 'FAIL', 'IDLE', 'DESCEND', 'CLOSE', 'CLOSE', 'IDLE'] picks=19 places=16 hand0=[0.51, 0.021, 0.35] cup_xy0=[0.511, -0.002]
[lift] e0 t=253 cup_z=0.020 hand_z=0.350 stall=0.801
[lift] e0 t=273 cup_z=0.020 hand_z=0.350 stall=0.801
[close] e5 t=161 hand_z=0.166 dxy=0.020 stall=0.417
[lift] e0 t=293 cup_z=0.020 hand_z=0.350 stall=0.801
[lift] e0 t=313 cup_z=0.020 hand_z=0.350 stall=0.801
[lift] e0 t=333 cup_z=0.020 hand_z=0.350 stall=0.801
[s1] step=62800 stages=['LIFT', 'IDLE', 'IDLE', 'IDLE', 'DESCEND', 'CLOSE', 'CLOSE', 'IDLE'] picks=19 places=16 hand0=[0.51, 0.019, 0.35] cup_xy0=[0.511, -0.002]
[close] e5 t=221 hand_z=0.166 dxy=0.020 stall=0.417
[lift] e0 t=353 cup_z=0.020 hand_z=0.350 stall=0.801
[lift] e0 t=373 cup_z=0.020 hand_z=0.350 stall=0.801
[lift] e0 t=393 cup_z=0.020 hand_z=0.350 stall=0.801
[close] e6 t=208 hand_z=0.205 dxy=0.008 stall=0.392
[s1] step=62900 stages=['FAIL', 'IDLE', 'IDLE', 'FAIL', 'DESCEND', 'FAIL', 'CLOSE', 'IDLE'] picks=19 places=16 hand0=[0.51, 0.018, 0.35] cup_xy0=[0.511, -0.002]
[s1] acquire e0: vision=[0.523, 0.014] gt=[0.521, 0.011]
[s1] step=63000 stages=['DESCEND', 'IDLE', 'IDLE', 'IDLE', 'DESCEND', 'ALIGN', 'IDLE', 'FAIL'] picks=19 places=16 hand0=[0.504, 0.013, 0.259] cup_xy0=[0.523, 0.014]
[s1] close-entry e0: hand=[0.52, 0.012, 0.183] cup_gt=[0.534, 0.013]
[close] e0 t=29 hand_z=0.218 dxy=0.014 stall=0.751
[s1] step=63100 stages=['CLOSE', 'IDLE', 'IDLE', 'IDLE', 'IDLE', 'DESCEND', 'DESCEND', 'IDLE'] picks=19 places=16 hand0=[0.535, -0.004, 0.222] cup_xy0=[0.523, 0.014]
[s1] close-entry e6: hand=[0.542, 0.067, 0.183] cup_gt=[0.55, 0.065]
[close] e0 t=89 hand_z=0.223 dxy=0.044 stall=0.799
[s1] close-entry e5: hand=[0.508, -0.075, 0.191] cup_gt=[0.548, -0.046]
[close] e0 t=149 hand_z=0.223 dxy=0.047 stall=0.799
[s1] step=63200 stages=['CLOSE', 'FAIL', 'IDLE', 'IDLE', 'DESCEND', 'CLOSE', 'CLOSE', 'IDLE'] picks=19 places=16 hand0=[0.536, -0.005, 0.223] cup_xy0=[0.523, 0.014]
[s1] close-entry e4: hand=[0.446, -0.056, 0.191] cup_gt=[0.451, -0.042]
[close] e0 t=209 hand_z=0.223 dxy=0.047 stall=0.799
[close] e4 t=63 hand_z=0.183 dxy=0.015 stall=0.722
[s1] step=63300 stages=['FAIL', 'IDLE', 'IDLE', 'FAIL', 'CLOSE', 'CLOSE', 'CLOSE', 'IDLE'] picks=19 places=16 hand0=[0.535, -0.004, 0.222] cup_xy0=[0.523, 0.014]
[close] e4 t=123 hand_z=0.183 dxy=0.015 stall=0.722
[s1] acquire e0: vision=[0.531, 0.029] gt=[0.529, 0.027]
[s1] step=63400 stages=['ALIGN', 'IDLE', 'FAIL', 'ALIGN', 'CLOSE', 'FAIL', 'FAIL', 'IDLE'] picks=19 places=16 hand0=[0.474, 0.014, 0.441] cup_xy0=[0.531, 0.029]
[close] e4 t=183 hand_z=0.183 dxy=0.015 stall=0.722
[s1] step=63500 stages=['DESCEND', 'IDLE', 'IDLE', 'ALIGN', 'FAIL', 'IDLE', 'ALIGN', 'IDLE'] picks=19 places=16 hand0=[0.51, 0.042, 0.17] cup_xy0=[0.531, 0.029]
[s1] close-entry e0: hand=[0.524, 0.03, 0.184] cup_gt=[0.497, 0.028]
[close] e0 t=33 hand_z=0.208 dxy=0.009 stall=0.783
[s1] close-entry e6: hand=[0.57, 0.001, 0.189] cup_gt=[0.569, 0.009]
[close] e0 t=93 hand_z=0.210 dxy=0.019 stall=0.798
[s1] step=63600 stages=['CLOSE', 'FAIL', 'IDLE', 'ALIGN', 'ALIGN', 'DESCEND', 'CLOSE', 'IDLE'] picks=19 places=16 hand0=[0.551, -0.011, 0.21] cup_xy0=[0.531, 0.029]
[s1] close-entry e5: hand=[0.548, 0.009, 0.19] cup_gt=[0.543, -0.022]
[close] e0 t=153 hand_z=0.210 dxy=0.020 stall=0.798
[s1] step=63700 stages=['CLOSE', 'IDLE', 'IDLE', 'ALIGN', 'ALIGN', 'CLOSE', 'CLOSE', 'FAIL'] picks=19 places=16 hand0=[0.551, -0.011, 0.21] cup_xy0=[0.531, 0.029]
[close] e0 t=213 hand_z=0.210 dxy=0.021 stall=0.798
[close] e5 t=165 hand_z=0.190 dxy=0.042 stall=0.800
[s1] step=63800 stages=['FAIL', 'IDLE', 'IDLE', 'IDLE', 'ALIGN', 'CLOSE', 'CLOSE', 'IDLE'] picks=19 places=16 hand0=[0.55, -0.011, 0.209] cup_xy0=[0.531, 0.029]
[close] e5 t=225 hand_z=0.190 dxy=0.042 stall=0.800
[s1] acquire e0: vision=[0.475, -0.015] gt=[0.475, -0.016]
[s1] step=63900 stages=['DESCEND', 'IDLE', 'IDLE', 'IDLE', 'ALIGN', 'FAIL', 'IDLE', 'IDLE'] picks=19 places=16 hand0=[0.431, 0.027, 0.246] cup_xy0=[0.475, -0.015]
[s1] close-entry e0: hand=[0.475, -0.009, 0.188] cup_gt=[0.459, -0.046]
[s1] step=64000 stages=['CLOSE', 'IDLE', 'IDLE', 'IDLE', 'FAIL', 'ALIGN', 'ALIGN', 'IDLE'] picks=19 places=16 hand0=[0.459, -0.087, 0.172] cup_xy0=[0.475, -0.015]
[close] e0 t=58 hand_z=0.171 dxy=0.271 stall=0.800
[close] e0 t=118 hand_z=0.171 dxy=0.313 stall=0.800
[s1] step=64100 stages=['CLOSE', 'IDLE', 'FAIL', 'FAIL', 'IDLE', 'DESCEND', 'ALIGN', 'IDLE'] picks=19 places=16 hand0=[0.457, -0.095, 0.171] cup_xy0=[0.475, -0.015]
[s1] close-entry e5: hand=[0.487, -0.043, 0.183] cup_gt=[0.531, -0.023]
[close] e0 t=178 hand_z=0.171 dxy=0.319 stall=0.800
[close] e0 t=238 hand_z=0.171 dxy=0.319 stall=0.800
[s1] step=64200 stages=['CLOSE', 'IDLE', 'IDLE', 'IDLE', 'DESCEND', 'CLOSE', 'DESCEND', 'IDLE'] picks=19 places=16 hand0=[0.457, -0.095, 0.171] cup_xy0=[0.475, -0.015]
[s1] close-entry e4: hand=[0.543, -0.066, 0.191] cup_gt=[0.535, -0.07]
[close] e4 t=16 hand_z=0.157 dxy=0.009 stall=0.337
[s1] step=64300 stages=['IDLE', 'FAIL', 'IDLE', 'IDLE', 'CLOSE', 'CLOSE', 'DESCEND', 'IDLE'] picks=19 places=16 hand0=[0.325, 0.069, 0.536] cup_xy0=[0.475, -0.015]
[s1] acquire e0: vision=[0.401, -0.068] gt=[0.402, -0.068]
[close] e4 t=76 hand_z=0.136 dxy=0.354 stall=-0.000
[close] e4 t=136 hand_z=0.126 dxy=0.368 stall=-0.000
[s1] step=64400 stages=['DESCEND', 'IDLE', 'IDLE', 'IDLE', 'CLOSE', 'FAIL', 'DESCEND', 'FAIL'] picks=19 places=16 hand0=[0.394, -0.099, 0.225] cup_xy0=[0.401, -0.068]
[s1] close-entry e0: hand=[0.403, -0.061, 0.19] cup_gt=[0.41, -0.1]
[close] e0 t=1 hand_z=0.190 dxy=0.039 stall=0.535
[close] e0 t=61 hand_z=0.218 dxy=0.097 stall=0.799
[s1] step=64500 stages=['CLOSE', 'IDLE', 'FAIL', 'FAIL', 'FAIL', 'ALIGN', 'DESCEND', 'IDLE'] picks=19 places=16 hand0=[0.417, -0.128, 0.218] cup_xy0=[0.401, -0.068]
[close] e0 t=121 hand_z=0.218 dxy=0.112 stall=0.799
[s1] step=64600 stages=['CLOSE', 'IDLE', 'IDLE', 'IDLE', 'IDLE', 'DESCEND', 'FAIL', 'IDLE'] picks=19 places=16 hand0=[0.416, -0.133, 0.218] cup_xy0=[0.401, -0.068]
[s1] close-entry e5: hand=[0.5, -0.014, 0.187] cup_gt=[0.495, -0.04]
[close] e0 t=181 hand_z=0.218 dxy=0.113 stall=0.799
[close] e0 t=241 hand_z=0.218 dxy=0.114 stall=0.799
[s1] step=64700 stages=['FAIL', 'IDLE', 'IDLE', 'IDLE', 'DESCEND', 'CLOSE', 'ALIGN', 'IDLE'] picks=19 places=16 hand0=[0.415, -0.133, 0.218] cup_xy0=[0.401, -0.068]
[close] e5 t=128 hand_z=0.179 dxy=0.002 stall=0.497
[s1] acquire e0: vision=[0.446, 0.019] gt=[0.447, 0.016]
[close] e5 t=188 hand_z=0.179 dxy=0.002 stall=0.497
[s1] step=64800 stages=['ALIGN', 'IDLE', 'IDLE', 'IDLE', 'DESCEND', 'CLOSE', 'DESCEND', 'FAIL'] picks=19 places=16 hand0=[0.43, -0.037, 0.381] cup_xy0=[0.446, 0.019]
[s1] grasp-geom e5: hand-cup_xy=0.002 cup_gt=[0.47, -0.102, 0.02] vision_xy=[0.499, -0.018]
[s1] GRASP (drive stall) envs [5] stall=[0.497]
[lift] e5 t=7 cup_z=0.020 hand_z=0.180 stall=0.498
[s1] close-entry e6: hand=[0.488, -0.055, 0.184] cup_gt=[0.499, -0.054]
[s1] close-entry e0: hand=[0.454, 0.019, 0.191] cup_gt=[0.448, 0.012]
[lift] e5 t=27 cup_z=0.042 hand_z=0.200 stall=0.499
[s1] LIFTED envs [5] (physical, friction-held)
[s1] step=64900 stages=['CLOSE', 'IDLE', 'IDLE', 'IDLE', 'DESCEND', 'CARRY', 'CLOSE', 'IDLE'] picks=20 places=16 hand0=[0.41, -0.152, 0.161] cup_xy0=[0.446, 0.019]
[close] e0 t=46 hand_z=0.162 dxy=0.188 stall=0.732
[close] e0 t=106 hand_z=0.162 dxy=0.229 stall=0.759
[s1] step=65000 stages=['CLOSE', 'FAIL', 'IDLE', 'IDLE', 'DESCEND', 'RELEASE', 'CLOSE', 'IDLE'] picks=20 places=16 hand0=[0.385, -0.21, 0.162] cup_xy0=[0.446, 0.019]
[close] e0 t=166 hand_z=0.162 dxy=0.235 stall=0.767
[s1] PLACED envs [5] (full physical pick-move-place)
[rec] episode 44/60 saved (len=304, env=5)
[close] e0 t=226 hand_z=0.162 dxy=0.238 stall=0.781
[s1] step=65100 stages=['CLOSE', 'IDLE', 'IDLE', 'IDLE', 'FAIL', 'DONE', 'CLOSE', 'IDLE'] picks=20 places=17 hand0=[0.383, -0.217, 0.162] cup_xy0=[0.446, 0.019]
[s1] grasp-geom e6: hand-cup_xy=0.014 cup_gt=[0.492, 0.017, 0.021] vision_xy=[0.493, -0.051]
[s1] GRASP (drive stall) envs [6] stall=[0.46]
[lift] e6 t=9 cup_z=0.022 hand_z=0.179 stall=0.478
[lift] e6 t=29 cup_z=0.049 hand_z=0.206 stall=0.480
[s1] LIFTED envs [6] (physical, friction-held)
[s1] step=65200 stages=['IDLE', 'IDLE', 'FAIL', 'FAIL', 'ALIGN', 'ALIGN', 'CARRY', 'IDLE'] picks=21 places=17 hand0=[0.319, -0.039, 0.296] cup_xy0=[0.446, 0.019]
[s1] acquire e0: vision=[0.572, 0.038] gt=[0.567, 0.035]
[s1] step=65300 stages=['ALIGN', 'IDLE', 'IDLE', 'IDLE', 'DESCEND', 'DESCEND', 'RELEASE', 'IDLE'] picks=21 places=17 hand0=[0.568, 0.063, 0.329] cup_xy0=[0.572, 0.038]
[s1] close-entry e5: hand=[0.543, -0.004, 0.19] cup_gt=[0.586, 0.046]
[s1] close-entry e4: hand=[0.521, -0.01, 0.188] cup_gt=[0.525, -0.051]
[close] e4 t=3 hand_z=0.191 dxy=0.030 stall=0.271
[s1] PLACED envs [6] (full physical pick-move-place)
[rec] episode 45/60 saved (len=342, env=6)
[close] e4 t=63 hand_z=0.176 dxy=0.054 stall=0.383
[s1] step=65400 stages=['DESCEND', 'FAIL', 'IDLE', 'IDLE', 'CLOSE', 'CLOSE', 'DONE', 'IDLE'] picks=21 places=18 hand0=[0.577, 0.007, 0.189] cup_xy0=[0.572, 0.038]
[s1] close-entry e0: hand=[0.574, 0.034, 0.19] cup_gt=[0.419, 0.391]
[close] e0 t=12 hand_z=0.205 dxy=0.389 stall=0.574
[s1] step=65500 stages=['CLOSE', 'IDLE', 'IDLE', 'IDLE', 'CLOSE', 'CLOSE', 'ALIGN', 'FAIL'] picks=21 places=18 hand0=[0.578, 0.106, 0.219] cup_xy0=[0.572, 0.038]
[close] e0 t=72 hand_z=0.220 dxy=0.410 stall=0.797
[close] e0 t=132 hand_z=0.220 dxy=0.415 stall=0.797
[s1] close-entry e6: hand=[0.526, -0.027, 0.185] cup_gt=[0.548, 0.005]
[s1] step=65600 stages=['CLOSE', 'IDLE', 'FAIL', 'FAIL', 'FAIL', 'FAIL', 'CLOSE', 'IDLE'] picks=21 places=18 hand0=[0.577, 0.113, 0.221] cup_xy0=[0.572, 0.038]
[close] e0 t=192 hand_z=0.221 dxy=0.415 stall=0.797
[close] e6 t=106 hand_z=0.215 dxy=0.126 stall=0.799
[s1] step=65700 stages=['FAIL', 'IDLE', 'IDLE', 'IDLE', 'ALIGN', 'ALIGN', 'CLOSE', 'IDLE'] picks=21 places=18 hand0=[0.577, 0.113, 0.22] cup_xy0=[0.572, 0.038]
[close] e6 t=166 hand_z=0.215 dxy=0.129 stall=0.799
[s1] close-entry e5: hand=[0.54, -0.0, 0.187] cup_gt=[0.526, 0.0]
[s1] step=65800 stages=['IDLE', 'IDLE', 'IDLE', 'IDLE', 'DESCEND', 'CLOSE', 'CLOSE', 'IDLE'] picks=21 places=18 hand0=[0.347, 0.065, 0.571] cup_xy0=[0.572, 0.038]
[s1] acquire e0: vision=[0.582, -0.002] gt=[0.578, -0.004]
[close] e5 t=41 hand_z=0.228 dxy=0.008 stall=0.500
[s1] close-entry e4: hand=[0.488, 0.035, 0.187] cup_gt=[0.487, 0.016]
[close] e4 t=45 hand_z=0.158 dxy=0.025 stall=0.330
[s1] step=65900 stages=['DESCEND', 'IDLE', 'IDLE', 'IDLE', 'CLOSE', 'CLOSE', 'IDLE', 'FAIL'] picks=21 places=18 hand0=[0.586, 0.035, 0.191] cup_xy0=[0.582, -0.002]
[s1] close-entry e0: hand=[0.582, -0.01, 0.19] cup_gt=[0.54, -0.067]
[close] e0 t=9 hand_z=0.173 dxy=0.087 stall=0.546
[close] e0 t=69 hand_z=0.160 dxy=0.113 stall=0.592
[s1] step=66000 stages=['CLOSE', 'IDLE', 'IDLE', 'IDLE', 'CLOSE', 'CLOSE', 'DESCEND', 'IDLE'] picks=21 places=18 hand0=[0.57, 0.042, 0.16] cup_xy0=[0.582, -0.002]
[s1] grasp-geom e5: hand-cup_xy=0.008 cup_gt=[0.56, 0.073, 0.078] vision_xy=[0.54, 0.006]
[s1] GRASP (drive stall) envs [5] stall=[0.5]
[lift] e5 t=20 cup_z=0.087 hand_z=0.239 stall=0.501
[s1] LIFTED envs [5] (physical, friction-held)
[close] e0 t=129 hand_z=0.161 dxy=0.125 stall=0.794
[s1] close-entry e6: hand=[0.456, -0.025, 0.191] cup_gt=[0.453, -0.033]
[s1] step=66100 stages=['CLOSE', 'FAIL', 'IDLE', 'IDLE', 'FAIL', 'CARRY', 'CLOSE', 'IDLE'] picks=22 places=18 hand0=[0.57, 0.055, 0.161] cup_xy0=[0.582, -0.002]
[close] e0 t=189 hand_z=0.161 dxy=0.125 stall=0.796
[close] e6 t=86 hand_z=0.159 dxy=0.007 stall=0.471
[s1] step=66200 stages=['FAIL', 'IDLE', 'IDLE', 'IDLE', 'IDLE', 'RELEASE', 'CLOSE', 'IDLE'] picks=22 places=18 hand0=[0.571, 0.049, 0.159] cup_xy0=[0.582, -0.002]
[close] e6 t=146 hand_z=0.159 dxy=0.006 stall=0.471
[s1] acquire e0: vision=[0.545, -0.044] gt=[0.568, -0.059]
[close] e6 t=206 hand_z=0.158 dxy=0.006 stall=0.447
[s1] step=66300 stages=['ALIGN', 'IDLE', 'FAIL', 'FAIL', 'IDLE', 'DONE', 'CLOSE', 'IDLE'] picks=22 places=18 hand0=[0.414, 0.051, 0.548] cup_xy0=[0.545, -0.044]
[s1] step=66400 stages=['ALIGN', 'IDLE', 'IDLE', 'IDLE', 'IDLE', 'ALIGN', 'IDLE', 'IDLE'] picks=22 places=18 hand0=[0.531, -0.042, 0.342] cup_xy0=[0.545, -0.044]
[s1] step=66500 stages=['DESCEND', 'FAIL', 'IDLE', 'IDLE', 'IDLE', 'DESCEND', 'ALIGN', 'IDLE'] picks=22 places=18 hand0=[0.538, -0.037, 0.174] cup_xy0=[0.545, -0.044]
[s1] close-entry e0: hand=[0.545, -0.044, 0.184] cup_gt=[0.559, -0.082]
[s1] close-entry e5: hand=[0.452, 0.027, 0.192] cup_gt=[0.451, 0.004]
[close] e0 t=37 hand_z=0.216 dxy=0.042 stall=0.800
[close] e0 t=97 hand_z=0.217 dxy=0.039 stall=0.800
[s1] step=66600 stages=['CLOSE', 'IDLE', 'IDLE', 'IDLE', 'IDLE', 'CLOSE', 'DESCEND', 'FAIL'] picks=22 places=18 hand0=[0.557, -0.07, 0.217] cup_xy0=[0.545, -0.044]
[s1] close-entry e6: hand=[0.58, -0.074, 0.186] cup_gt=[0.561, -0.074]
[close] e0 t=157 hand_z=0.217 dxy=0.039 stall=0.800
[s1] step=66700 stages=['CLOSE', 'IDLE', 'IDLE', 'IDLE', 'IDLE', 'CLOSE', 'CLOSE', 'IDLE'] picks=22 places=18 hand0=[0.557, -0.07, 0.217] cup_xy0=[0.545, -0.044]
[close] e0 t=217 hand_z=0.217 dxy=0.039 stall=0.800
[close] e6 t=150 hand_z=0.191 dxy=0.078 stall=0.799
[s1] step=66800 stages=['FAIL', 'IDLE', 'IDLE', 'IDLE', 'IDLE', 'FAIL', 'CLOSE', 'IDLE'] picks=22 places=18 hand0=[0.557, -0.072, 0.218] cup_xy0=[0.545, -0.044]
[close] e6 t=210 hand_z=0.191 dxy=0.079 stall=0.799
[s1] acquire e0: vision=[0.568, -0.028] gt=[0.564, -0.028]
[s1] step=66900 stages=['ALIGN', 'IDLE', 'IDLE', 'IDLE', 'IDLE', 'ALIGN', 'FAIL', 'IDLE'] picks=22 places=18 hand0=[0.563, -0.068, 0.327] cup_xy0=[0.568, -0.028]
[s1] close-entry e0: hand=[0.569, -0.026, 0.191] cup_gt=[0.69, 0.044]
[s1] step=67000 stages=['CLOSE', 'IDLE', 'FAIL', 'FAIL', 'IDLE', 'DESCEND', 'ALIGN', 'IDLE'] picks=22 places=18 hand0=[0.556, -0.035, 0.161] cup_xy0=[0.568, -0.028]
[close] e0 t=38 hand_z=0.161 dxy=0.144 stall=0.779
[s1] close-entry e5: hand=[0.542, -0.083, 0.189] cup_gt=[0.581, -0.025]
[close] e0 t=98 hand_z=0.161 dxy=0.145 stall=0.779
[s1] step=67100 stages=['CLOSE', 'IDLE', 'IDLE', 'IDLE', 'IDLE', 'CLOSE', 'DESCEND', 'IDLE'] picks=22 places=18 hand0=[0.556, -0.033, 0.161] cup_xy0=[0.568, -0.028]
[s1] close-entry e6: hand=[0.567, -0.065, 0.19] cup_gt=[0.476, -0.141]
[close] e0 t=158 hand_z=0.161 dxy=0.145 stall=0.779
[close] e0 t=218 hand_z=0.161 dxy=0.145 stall=0.779
[s1] step=67200 stages=['CLOSE', 'FAIL', 'IDLE', 'IDLE', 'FAIL', 'CLOSE', 'CLOSE', 'IDLE'] picks=22 places=18 hand0=[0.556, -0.033, 0.161] cup_xy0=[0.568, -0.028]
[close] e5 t=201 hand_z=0.167 dxy=0.100 stall=0.800
[s1] step=67300 stages=['IDLE', 'IDLE', 'IDLE', 'IDLE', 'IDLE', 'CLOSE', 'CLOSE', 'FAIL'] picks=22 places=18 hand0=[0.434, 0.014, 0.277] cup_xy0=[0.568, -0.028]
[close] e6 t=210 hand_z=0.161 dxy=0.204 stall=0.673
[s1] acquire e0: vision=[0.546, 0.068] gt=[0.542, 0.064]
[s1] grasp-geom e6: hand-cup_xy=0.204 cup_gt=[0.453, -0.227, 0.02] vision_xy=[0.564, -0.067]
[s1] GRASP (drive stall) envs [6] stall=[0.673]
[lift] e6 t=9 cup_z=0.020 hand_z=0.163 stall=0.795
[lift] e6 t=29 cup_z=0.020 hand_z=0.197 stall=0.802
[lift] e6 t=49 cup_z=0.020 hand_z=0.279 stall=0.802
[s1] step=67400 stages=['ALIGN', 'IDLE', 'FAIL', 'FAIL', 'IDLE', 'IDLE', 'LIFT', 'IDLE'] picks=22 places=18 hand0=[0.506, 0.181, 0.363] cup_xy0=[0.546, 0.068]
[lift] e6 t=69 cup_z=0.020 hand_z=0.337 stall=0.802
[lift] e6 t=89 cup_z=0.020 hand_z=0.351 stall=0.801
[lift] e6 t=109 cup_z=0.020 hand_z=0.350 stall=0.802
[lift] e6 t=129 cup_z=0.020 hand_z=0.350 stall=0.802
[lift] e6 t=149 cup_z=0.020 hand_z=0.349 stall=0.801
[s1] step=67500 stages=['DESCEND', 'IDLE', 'IDLE', 'IDLE', 'ALIGN', 'DESCEND', 'LIFT', 'IDLE'] picks=22 places=18 hand0=[0.404, -0.232, 0.171] cup_xy0=[0.546, 0.068]
[lift] e6 t=169 cup_z=0.020 hand_z=0.351 stall=0.801
[lift] e6 t=189 cup_z=0.020 hand_z=0.350 stall=0.801
[lift] e6 t=209 cup_z=0.020 hand_z=0.349 stall=0.801
[s1] close-entry e5: hand=[0.435, -0.01, 0.182] cup_gt=[0.429, 0.026]
[lift] e6 t=229 cup_z=0.020 hand_z=0.350 stall=0.801
[lift] e6 t=249 cup_z=0.020 hand_z=0.350 stall=0.801
[s1] step=67600 stages=['DESCEND', 'IDLE', 'IDLE', 'IDLE', 'ALIGN', 'CLOSE', 'LIFT', 'IDLE'] picks=22 places=18 hand0=[0.461, -0.043, 0.166] cup_xy0=[0.546, 0.068]
[close] e5 t=60 hand_z=0.174 dxy=0.063 stall=0.390
[lift] e6 t=269 cup_z=0.020 hand_z=0.350 stall=0.801
[lift] e6 t=289 cup_z=0.020 hand_z=0.350 stall=0.801
[lift] e6 t=309 cup_z=0.020 hand_z=0.350 stall=0.801
[s1] close-entry e0: hand=[0.546, 0.064, 0.185] cup_gt=[0.581, 0.062]
[close] e0 t=19 hand_z=0.217 dxy=0.036 stall=0.644
[lift] e6 t=329 cup_z=0.020 hand_z=0.350 stall=0.801
[lift] e6 t=349 cup_z=0.020 hand_z=0.350 stall=0.801
[s1] step=67700 stages=['CLOSE', 'IDLE', 'IDLE', 'IDLE', 'ALIGN', 'CLOSE', 'LIFT', 'FAIL'] picks=22 places=18 hand0=[0.553, 0.107, 0.224] cup_xy0=[0.546, 0.068]
[lift] e6 t=369 cup_z=0.020 hand_z=0.350 stall=0.801
[close] e0 t=79 hand_z=0.226 dxy=0.040 stall=0.800
[lift] e6 t=389 cup_z=0.020 hand_z=0.350 stall=0.801
[close] e0 t=139 hand_z=0.226 dxy=0.040 stall=0.800
[s1] step=67800 stages=['CLOSE', 'IDLE', 'IDLE', 'IDLE', 'ALIGN', 'CLOSE', 'FAIL', 'IDLE'] picks=22 places=18 hand0=[0.552, 0.112, 0.226] cup_xy0=[0.546, 0.068]
[close] e0 t=199 hand_z=0.226 dxy=0.040 stall=0.800
[s1] step=67900 stages=['CLOSE', 'FAIL', 'IDLE', 'IDLE', 'FAIL', 'ALIGN', 'ALIGN', 'IDLE'] picks=22 places=18 hand0=[0.552, 0.112, 0.226] cup_xy0=[0.546, 0.068]
[s1] close-entry e5: hand=[0.501, 0.029, 0.184] cup_gt=[0.513, 0.013]
[s1] step=68000 stages=['IDLE', 'IDLE', 'IDLE', 'IDLE', 'IDLE', 'CLOSE', 'DESCEND', 'IDLE'] picks=22 places=18 hand0=[0.334, -0.006, 0.388] cup_xy0=[0.546, 0.068]
[s1] acquire e0: vision=[0.509, 0.055] gt=[0.508, 0.051]
[close] e5 t=43 hand_z=0.124 dxy=0.069 stall=0.020
[s1] close-entry e6: hand=[0.475, 0.072, 0.186] cup_gt=[0.498, 0.075]
[close] e5 t=103 hand_z=0.123 dxy=0.097 stall=-0.182
[s1] step=68100 stages=['DESCEND', 'IDLE', 'FAIL', 'FAIL', 'IDLE', 'CLOSE', 'CLOSE', 'IDLE'] picks=22 places=18 hand0=[0.513, 0.065, 0.221] cup_xy0=[0.509, 0.055]
[s1] close-entry e0: hand=[0.511, 0.061, 0.184] cup_gt=[0.503, 0.053]
[close] e0 t=49 hand_z=0.174 dxy=0.010 stall=0.495
[s1] step=68200 stages=['CLOSE', 'IDLE', 'IDLE', 'IDLE', 'IDLE', 'CLOSE', 'CLOSE', 'IDLE'] picks=22 places=18 hand0=[0.501, 0.043, 0.174] cup_xy0=[0.509, 0.055]
[close] e0 t=109 hand_z=0.174 dxy=0.010 stall=0.495
[close] e0 t=169 hand_z=0.174 dxy=0.010 stall=0.495
[s1] step=68300 stages=['CLOSE', 'FAIL', 'IDLE', 'IDLE', 'ALIGN', 'IDLE', 'FAIL', 'IDLE'] picks=22 places=18 hand0=[0.501, 0.043, 0.174] cup_xy0=[0.509, 0.055]
[close] e0 t=229 hand_z=0.174 dxy=0.010 stall=0.495
[s1] grasp-geom e0: hand-cup_xy=0.010 cup_gt=[0.497, 0.052, 0.022] vision_xy=[0.509, 0.055]
[s1] GRASP (drive stall) envs [0] stall=[0.495]
[lift] e0 t=8 cup_z=0.022 hand_z=0.175 stall=0.495
[lift] e0 t=28 cup_z=0.041 hand_z=0.191 stall=0.497
[s1] LIFTED envs [0] (physical, friction-held)
[s1] step=68400 stages=['CARRY', 'IDLE', 'IDLE', 'IDLE', 'ALIGN', 'IDLE', 'ALIGN', 'FAIL'] picks=23 places=18 hand0=[0.495, 0.097, 0.259] cup_xy0=[0.509, 0.055]
[s1] step=68500 stages=['PLACE', 'IDLE', 'FAIL', 'FAIL', 'ALIGN', 'ALIGN', 'DESCEND', 'IDLE'] picks=23 places=18 hand0=[0.501, -0.165, 0.223] cup_xy0=[0.509, 0.055]
[s1] close-entry e6: hand=[0.508, 0.074, 0.189] cup_gt=[0.51, 0.041]
[close] e6 t=27 hand_z=0.200 dxy=0.007 stall=0.695
[s1] PLACED envs [0] (full physical pick-move-place)
[rec] episode 46/60 saved (len=282, env=0)
[s1] step=68600 stages=['DONE', 'IDLE', 'IDLE', 'IDLE', 'ALIGN', 'ALIGN', 'CLOSE', 'IDLE'] picks=23 places=19 hand0=[0.509, -0.098, 0.181] cup_xy0=[0.509, 0.055]
[close] e6 t=87 hand_z=0.198 dxy=0.016 stall=0.799
[s1] acquire e0: vision=[0.505, 0.018] gt=[0.52, 0.029]
[close] e6 t=147 hand_z=0.197 dxy=0.017 stall=0.800
[s1] step=68700 stages=['ALIGN', 'IDLE', 'IDLE', 'IDLE', 'FAIL', 'ALIGN', 'CLOSE', 'IDLE'] picks=23 places=19 hand0=[0.414, -0.016, 0.507] cup_xy0=[0.505, 0.018]
[close] e6 t=207 hand_z=0.197 dxy=0.017 stall=0.800
[s1] step=68800 stages=['DESCEND', 'IDLE', 'IDLE', 'IDLE', 'IDLE', 'ALIGN', 'FAIL', 'IDLE'] picks=23 places=19 hand0=[0.481, 0.085, 0.313] cup_xy0=[0.505, 0.018]
[s1] step=68900 stages=['DESCEND', 'IDLE', 'IDLE', 'ALIGN', 'IDLE', 'ALIGN', 'IDLE', 'IDLE'] picks=23 places=19 hand0=[0.007, 0.311, 0.193] cup_xy0=[0.505, 0.018]
[s1] step=69000 stages=['DESCEND', 'FAIL', 'IDLE', 'ALIGN', 'IDLE', 'ALIGN', 'DESCEND', 'IDLE'] picks=23 places=19 hand0=[-0.253, -0.094, 0.47] cup_xy0=[0.505, 0.018]
[s1] close-entry e6: hand=[0.557, 0.089, 0.189] cup_gt=[0.554, 0.077]
[close] e6 t=26 hand_z=0.183 dxy=0.047 stall=0.369
[s1] step=69100 stages=['DESCEND', 'IDLE', 'IDLE', 'ALIGN', 'FAIL', 'DESCEND', 'CLOSE', 'IDLE'] picks=23 places=19 hand0=[-0.144, 0.089, 0.465] cup_xy0=[0.505, 0.018]
[s1] close-entry e5: hand=[0.569, 0.011, 0.191] cup_gt=[0.571, -0.016]
[close] e5 t=17 hand_z=0.204 dxy=0.030 stall=0.654
[close] e5 t=77 hand_z=0.205 dxy=0.095 stall=0.798
[s1] step=69200 stages=['FAIL', 'IDLE', 'FAIL', 'ALIGN', 'IDLE', 'CLOSE', 'CLOSE', 'IDLE'] picks=23 places=19 hand0=[0.139, 0.152, 0.255] cup_xy0=[0.505, 0.018]
[close] e5 t=137 hand_z=0.205 dxy=0.100 stall=0.799
[close] e5 t=197 hand_z=0.205 dxy=0.101 stall=0.798
[s1] step=69300 stages=['IDLE', 'IDLE', 'IDLE', 'FAIL', 'IDLE', 'CLOSE', 'FAIL', 'IDLE'] picks=23 places=19 hand0=[0.234, 0.052, 0.188] cup_xy0=[0.505, 0.018]
[s1] acquire e0: vision=[0.463, 0.078] gt=[0.464, 0.073]
[s1] step=69400 stages=['DESCEND', 'FAIL', 'IDLE', 'IDLE', 'IDLE', 'FAIL', 'IDLE', 'IDLE'] picks=23 places=19 hand0=[0.456, 0.04, 0.337] cup_xy0=[0.463, 0.078]
[s1] close-entry e0: hand=[0.466, 0.073, 0.189] cup_gt=[0.461, 0.074]
[close] e0 t=39 hand_z=0.163 dxy=0.005 stall=0.505
[s1] step=69500 stages=['CLOSE', 'IDLE', 'IDLE', 'IDLE', 'IDLE', 'ALIGN', 'DESCEND', 'FAIL'] picks=23 places=19 hand0=[0.456, 0.085, 0.163] cup_xy0=[0.463, 0.078]
[s1] close-entry e6: hand=[0.472, 0.028, 0.19] cup_gt=[0.466, 0.017]
[close] e0 t=99 hand_z=0.163 dxy=0.006 stall=0.505
[s1] close-entry e5: hand=[0.531, 0.02, 0.191] cup_gt=[0.526, 0.018]
[close] e0 t=159 hand_z=0.163 dxy=0.006 stall=0.505
[s1] step=69600 stages=['CLOSE', 'IDLE', 'IDLE', 'IDLE', 'IDLE', 'CLOSE', 'CLOSE', 'IDLE'] picks=23 places=19 hand0=[0.456, 0.085, 0.163] cup_xy0=[0.463, 0.078]
[close] e0 t=219 hand_z=0.163 dxy=0.006 stall=0.505
[s1] grasp-geom e0: hand-cup_xy=0.006 cup_gt=[0.459, 0.089, 0.02] vision_xy=[0.463, 0.078]
[s1] GRASP (drive stall) envs [0] stall=[0.505]
[lift] e0 t=18 cup_z=0.028 hand_z=0.172 stall=0.502
[s1] step=69700 stages=['LIFT', 'IDLE', 'IDLE', 'IDLE', 'ALIGN', 'CLOSE', 'CLOSE', 'IDLE'] picks=23 places=19 hand0=[0.424, 0.101, 0.172] cup_xy0=[0.463, 0.078]
[close] e5 t=151 hand_z=0.159 dxy=0.008 stall=0.487
[lift] e0 t=38 cup_z=0.078 hand_z=0.217 stall=0.502
[s1] LIFTED envs [0] (physical, friction-held)
[close] e5 t=211 hand_z=0.159 dxy=0.008 stall=0.487
[s1] step=69800 stages=['PLACE', 'IDLE', 'IDLE', 'IDLE', 'ALIGN', 'CLOSE', 'FAIL', 'IDLE'] picks=24 places=19 hand0=[0.427, -0.161, 0.282] cup_xy0=[0.463, 0.078]
[s1] grasp-geom e5: hand-cup_xy=0.008 cup_gt=[0.521, 0.031, 0.021] vision_xy=[0.529, 0.02]
[s1] GRASP (drive stall) envs [5] stall=[0.487]
[lift] e5 t=10 cup_z=0.021 hand_z=0.161 stall=0.493
[lift] e5 t=30 cup_z=0.044 hand_z=0.182 stall=0.498
[s1] LIFTED envs [5] (physical, friction-held)
[s1] step=69900 stages=['RELEASE', 'IDLE', 'FAIL', 'IDLE', 'ALIGN', 'CARRY', 'DESCEND', 'IDLE'] picks=25 places=19 hand0=[0.453, -0.116, 0.178] cup_xy0=[0.463, 0.078]
[s1] PLACED envs [0] (full physical pick-move-place)
[rec] episode 47/60 saved (len=292, env=0)
[s1] close-entry e6: hand=[0.43, -0.026, 0.184] cup_gt=[0.463, -0.0]
[s1] step=70000 stages=['IDLE', 'IDLE', 'IDLE', 'FAIL', 'ALIGN', 'RELEASE', 'CLOSE', 'IDLE'] picks=25 places=20 hand0=[0.347, -0.088, 0.366] cup_xy0=[0.463, 0.078]
[s1] acquire e0: vision=[0.542, -0.304] gt=[0.54, -0.297]
[close] e6 t=27 hand_z=0.185 dxy=0.055 stall=0.395
[s1] PLACED envs [5] (full physical pick-move-place)
[rec] episode 48/60 saved (len=296, env=5)
[close] e6 t=87 hand_z=0.186 dxy=0.064 stall=0.396
[s1] step=70100 stages=['DESCEND', 'FAIL', 'IDLE', 'IDLE', 'FAIL', 'DONE', 'CLOSE', 'IDLE'] picks=25 places=21 hand0=[-0.11, -0.406, 0.679] cup_xy0=[0.542, -0.304]
[close] e6 t=147 hand_z=0.186 dxy=0.064 stall=0.396
[close] e6 t=207 hand_z=0.186 dxy=0.064 stall=0.396
[s1] step=70200 stages=['DESCEND', 'IDLE', 'IDLE', 'IDLE', 'IDLE', 'ALIGN', 'CLOSE', 'FAIL'] picks=25 places=21 hand0=[0.331, -0.3, 0.207] cup_xy0=[0.542, -0.304]
[s1] close-entry e0: hand=[0.546, -0.297, 0.19] cup_gt=[0.549, -0.294]
[s1] close-entry e5: hand=[0.568, 0.039, 0.183] cup_gt=[0.6, -0.021]
[s1] step=70300 stages=['CLOSE', 'IDLE', 'FAIL', 'IDLE', 'IDLE', 'CLOSE', 'IDLE', 'IDLE'] picks=25 places=21 hand0=[0.533, -0.3, 0.166] cup_xy0=[0.542, -0.304]
[close] e0 t=51 hand_z=0.161 dxy=0.084 stall=0.756
[close] e0 t=111 hand_z=0.154 dxy=0.174 stall=0.222
[s1] step=70400 stages=['CLOSE', 'IDLE', 'IDLE', 'FAIL', 'IDLE', 'CLOSE', 'DESCEND', 'IDLE'] picks=25 places=21 hand0=[0.537, -0.284, 0.149] cup_xy0=[0.542, -0.304]
[close] e0 t=171 hand_z=0.149 dxy=0.186 stall=0.043
[s1] close-entry e6: hand=[0.455, -0.04, 0.192] cup_gt=[0.454, -0.032]
[close] e0 t=231 hand_z=0.149 dxy=0.188 stall=0.046
[s1] step=70500 stages=['CLOSE', 'IDLE', 'IDLE', 'IDLE', 'IDLE', 'CLOSE', 'CLOSE', 'IDLE'] picks=25 places=21 hand0=[0.537, -0.284, 0.149] cup_xy0=[0.542, -0.304]
[close] e6 t=99 hand_z=0.184 dxy=0.007 stall=0.407
[s1] step=70600 stages=['IDLE', 'IDLE', 'IDLE', 'IDLE', 'ALIGN', 'IDLE', 'CLOSE', 'FAIL'] picks=25 places=21 hand0=[0.311, -0.236, 0.596] cup_xy0=[0.542, -0.304]
[close] e6 t=159 hand_z=0.184 dxy=0.007 stall=0.407
[close] e6 t=219 hand_z=0.184 dxy=0.007 stall=0.407
[s1] step=70700 stages=['IDLE', 'IDLE', 'IDLE', 'IDLE', 'ALIGN', 'DESCEND', 'CLOSE', 'IDLE'] picks=25 places=21 hand0=[0.161, 0.081, 0.399] cup_xy0=[0.542, -0.304]
[s1] close-entry e5: hand=[0.492, 0.053, 0.189] cup_gt=[0.478, 0.06]
[close] e5 t=45 hand_z=0.151 dxy=0.174 stall=0.139
[s1] step=70800 stages=['IDLE', 'FAIL', 'IDLE', 'IDLE', 'ALIGN', 'CLOSE', 'IDLE', 'IDLE'] picks=25 places=21 hand0=[0.254, 0.254, 0.022] cup_xy0=[0.542, -0.304]
[close] e5 t=105 hand_z=0.151 dxy=0.229 stall=0.152
[s1] step=70900 stages=['FAIL', 'IDLE', 'IDLE', 'IDLE', 'ALIGN', 'CLOSE', 'DESCEND', 'IDLE'] picks=25 places=21 hand0=[0.088, 0.676, 0.802] cup_xy0=[0.542, -0.304]
[close] e5 t=165 hand_z=0.148 dxy=0.230 stall=0.036
[s1] close-entry e6: hand=[0.552, -0.087, 0.188] cup_gt=[0.561, -0.085]
[s1] acquire e0: vision=[0.488, -0.031] gt=[0.484, -0.039]
[close] e5 t=225 hand_z=0.144 dxy=0.223 stall=0.000
[s1] step=71000 stages=['ALIGN', 'IDLE', 'FAIL', 'IDLE', 'FAIL', 'FAIL', 'CLOSE', 'IDLE'] picks=25 places=21 hand0=[-0.006, -0.0, 0.833] cup_xy0=[0.488, -0.031]
[close] e6 t=75 hand_z=0.157 dxy=0.009 stall=0.350
[close] e6 t=135 hand_z=0.157 dxy=0.009 stall=0.350
[s1] step=71100 stages=['ALIGN', 'IDLE', 'IDLE', 'FAIL', 'IDLE', 'IDLE', 'CLOSE', 'IDLE'] picks=25 places=21 hand0=[0.063, 0.152, 0.442] cup_xy0=[0.488, -0.031]
[close] e6 t=195 hand_z=0.157 dxy=0.009 stall=0.350
[s1] step=71200 stages=['ALIGN', 'FAIL', 'IDLE', 'IDLE', 'IDLE', 'ALIGN', 'CLOSE', 'IDLE'] picks=25 places=21 hand0=[0.512, -0.018, -0.298] cup_xy0=[0.488, -0.031]
[s1] close-entry e5: hand=[0.434, 0.036, 0.189] cup_gt=[0.427, 0.022]
[close] e5 t=5 hand_z=0.178 dxy=0.013 stall=0.266
[s1] step=71300 stages=['ALIGN', 'IDLE', 'IDLE', 'IDLE', 'IDLE', 'CLOSE', 'IDLE', 'FAIL'] picks=25 places=21 hand0=[0.505, -0.367, -0.152] cup_xy0=[0.488, -0.031]
[close] e5 t=65 hand_z=0.159 dxy=0.045 stall=0.390
[close] e5 t=125 hand_z=0.159 dxy=0.045 stall=0.390
[s1] step=71400 stages=['FAIL', 'IDLE', 'IDLE', 'IDLE', 'FAIL', 'CLOSE', 'DESCEND', 'IDLE'] picks=25 places=21 hand0=[-0.021, -0.136, 0.782] cup_xy0=[0.488, -0.031]
[s1] close-entry e6: hand=[0.489, 0.013, 0.191] cup_gt=[0.486, 0.012]
[close] e5 t=185 hand_z=0.159 dxy=0.045 stall=0.390
[s1] step=71500 stages=['IDLE', 'IDLE', 'IDLE', 'FAIL', 'IDLE', 'CLOSE', 'CLOSE', 'IDLE'] picks=25 places=21 hand0=[0.327, 0.014, 0.3] cup_xy0=[0.488, -0.031]
[close] e6 t=119 hand_z=0.159 dxy=0.015 stall=0.376
[close] e6 t=179 hand_z=0.159 dxy=0.015 stall=0.376
[s1] step=71600 stages=['IDLE', 'IDLE', 'IDLE', 'IDLE', 'IDLE', 'IDLE', 'CLOSE', 'IDLE'] picks=25 places=21 hand0=[0.16, 0.233, 0.018] cup_xy0=[0.488, -0.031]
[close] e6 t=239 hand_z=0.159 dxy=0.015 stall=0.376
[s1] step=71700 stages=['IDLE', 'IDLE', 'IDLE', 'IDLE', 'IDLE', 'DESCEND', 'FAIL', 'IDLE'] picks=25 places=21 hand0=[0.276, 0.127, 0.564] cup_xy0=[0.488, -0.031]
[s1] close-entry e5: hand=[0.418, -0.012, 0.19] cup_gt=[0.421, -0.018]
[s1] step=71800 stages=['FAIL', 'IDLE', 'IDLE', 'IDLE', 'IDLE', 'CLOSE', 'ALIGN', 'IDLE'] picks=25 places=21 hand0=[-0.002, -0.097, 0.37] cup_xy0=[0.488, -0.031]
[close] e5 t=42 hand_z=0.179 dxy=0.009 stall=0.415
[close] e5 t=102 hand_z=0.179 dxy=0.009 stall=0.415
[s1] step=71900 stages=['IDLE', 'FAIL', 'IDLE', 'IDLE', 'IDLE', 'CLOSE', 'ALIGN', 'IDLE'] picks=25 places=21 hand0=[0.027, 0.126, -0.314] cup_xy0=[0.488, -0.031]
[close] e5 t=162 hand_z=0.179 dxy=0.009 stall=0.415
[close] e5 t=222 hand_z=0.179 dxy=0.009 stall=0.415
[s1] step=72000 stages=['IDLE', 'IDLE', 'IDLE', 'IDLE', 'IDLE', 'CLOSE', 'ALIGN', 'FAIL'] picks=25 places=21 hand0=[0.341, 0.351, -0.028] cup_xy0=[0.488, -0.031]
[s1] step=72100 stages=['IDLE', 'IDLE', 'FAIL', 'IDLE', 'FAIL', 'IDLE', 'ALIGN', 'IDLE'] picks=25 places=21 hand0=[0.022, -0.169, 0.423] cup_xy0=[0.488, -0.031]
[s1] step=72200 stages=['IDLE', 'IDLE', 'IDLE', 'FAIL', 'ALIGN', 'DESCEND', 'FAIL', 'IDLE'] picks=25 places=21 hand0=[-0.374, -0.252, 0.459] cup_xy0=[0.488, -0.031]
[s1] close-entry e5: hand=[0.448, -0.029, 0.189] cup_gt=[0.494, -0.039]
[close] e5 t=19 hand_z=0.170 dxy=0.060 stall=0.327
[s1] step=72300 stages=['IDLE', 'IDLE', 'IDLE', 'IDLE', 'ALIGN', 'CLOSE', 'IDLE', 'IDLE'] picks=25 places=21 hand0=[0.242, 0.046, 0.332] cup_xy0=[0.488, -0.031]
[close] e5 t=79 hand_z=0.169 dxy=0.062 stall=0.416
[s1] step=72400 stages=['IDLE', 'IDLE', 'IDLE', 'IDLE', 'ALIGN', 'CLOSE', 'ALIGN', 'FAIL'] picks=25 places=21 hand0=[-0.05, 0.545, 0.686] cup_xy0=[0.488, -0.031]
[close] e5 t=139 hand_z=0.169 dxy=0.062 stall=0.416
[close] e5 t=199 hand_z=0.169 dxy=0.062 stall=0.416
[s1] step=72500 stages=['FAIL', 'IDLE', 'IDLE', 'IDLE', 'ALIGN', 'CLOSE', 'DESCEND', 'IDLE'] picks=25 places=21 hand0=[0.075, -0.108, 0.533] cup_xy0=[0.488, -0.031]
[s1] close-entry e6: hand=[0.548, 0.04, 0.183] cup_gt=[0.615, -0.046]
[close] e6 t=10 hand_z=0.192 dxy=0.101 stall=0.285
[close] e6 t=70 hand_z=0.200 dxy=0.108 stall=0.392
[s1] step=72600 stages=['IDLE', 'FAIL', 'IDLE', 'IDLE', 'FAIL', 'IDLE', 'CLOSE', 'IDLE'] picks=25 places=21 hand0=[-0.43, -0.357, 0.104] cup_xy0=[0.488, -0.031]
[close] e6 t=130 hand_z=0.200 dxy=0.111 stall=0.392
[s1] step=72700 stages=['IDLE', 'IDLE', 'IDLE', 'IDLE', 'IDLE', 'ALIGN', 'CLOSE', 'IDLE'] picks=25 places=21 hand0=[-0.283, -0.26, 0.755] cup_xy0=[0.488, -0.031]
[close] e6 t=190 hand_z=0.200 dxy=0.111 stall=0.392
[s1] step=72800 stages=['IDLE', 'IDLE', 'FAIL', 'IDLE', 'IDLE', 'DESCEND', 'FAIL', 'IDLE'] picks=25 places=21 hand0=[-0.075, -0.218, 0.302] cup_xy0=[0.488, -0.031]
[s1] close-entry e5: hand=[0.46, 0.021, 0.192] cup_gt=[0.466, 0.027]
[close] e5 t=18 hand_z=0.190 dxy=0.021 stall=0.245
[close] e5 t=78 hand_z=0.188 dxy=0.017 stall=0.393
[s1] step=72900 stages=['IDLE', 'IDLE', 'IDLE', 'FAIL', 'ALIGN', 'CLOSE', 'ALIGN', 'IDLE'] picks=25 places=21 hand0=[0.586, 0.168, 0.131] cup_xy0=[0.488, -0.031]
[close] e5 t=138 hand_z=0.188 dxy=0.017 stall=0.394
[s1] step=73000 stages=['IDLE', 'FAIL', 'IDLE', 'IDLE', 'ALIGN', 'CLOSE', 'DESCEND', 'IDLE'] picks=25 places=21 hand0=[-0.313, -0.006, 0.973] cup_xy0=[0.488, -0.031]
[close] e5 t=198 hand_z=0.188 dxy=0.017 stall=0.394
[s1] close-entry e6: hand=[0.448, 0.072, 0.188] cup_gt=[0.449, 0.06]
[close] e6 t=54 hand_z=0.167 dxy=0.037 stall=0.437
[s1] step=73100 stages=['IDLE', 'IDLE', 'IDLE', 'IDLE', 'ALIGN', 'FAIL', 'CLOSE', 'FAIL'] picks=25 places=21 hand0=[0.12, -0.168, 0.393] cup_xy0=[0.488, -0.031]
[close] e6 t=114 hand_z=0.167 dxy=0.051 stall=0.437
[close] e6 t=174 hand_z=0.167 dxy=0.053 stall=0.437
[s1] step=73200 stages=['FAIL', 'IDLE', 'FAIL', 'IDLE', 'ALIGN', 'ALIGN', 'CLOSE', 'IDLE'] picks=25 places=21 hand0=[0.367, -0.075, 0.098] cup_xy0=[0.488, -0.031]
[close] e6 t=234 hand_z=0.167 dxy=0.053 stall=0.437
[s1] step=73300 stages=['IDLE', 'IDLE', 'IDLE', 'FAIL', 'FAIL', 'DESCEND', 'FAIL', 'IDLE'] picks=25 places=21 hand0=[0.355, -0.289, 0.995] cup_xy0=[0.488, -0.031]
[s1] close-entry e5: hand=[0.41, 0.054, 0.191] cup_gt=[0.445, 0.058]
[close] e5 t=13 hand_z=0.186 dxy=0.043 stall=0.287
[s1] step=73400 stages=['IDLE', 'IDLE', 'IDLE', 'IDLE', 'IDLE', 'CLOSE', 'ALIGN', 'IDLE'] picks=25 places=21 hand0=[-0.557, -0.011, 0.364] cup_xy0=[0.488, -0.031]
[close] e5 t=73 hand_z=0.185 dxy=0.051 stall=0.416
[close] e5 t=133 hand_z=0.185 dxy=0.051 stall=0.417
[s1] step=73500 stages=['IDLE', 'IDLE', 'IDLE', 'IDLE', 'IDLE', 'CLOSE', 'DESCEND', 'FAIL'] picks=25 places=21 hand0=[0.015, 0.064, 0.263] cup_xy0=[0.488, -0.031]
[close] e5 t=193 hand_z=0.185 dxy=0.051 stall=0.417
[s1] close-entry e6: hand=[0.478, 0.024, 0.19] cup_gt=[0.511, -0.013]
[s1] step=73600 stages=['FAIL', 'IDLE', 'IDLE', 'IDLE', 'IDLE', 'CLOSE', 'CLOSE', 'IDLE'] picks=25 places=21 hand0=[0.16, -0.075, 0.25] cup_xy0=[0.488, -0.031]
[close] e6 t=55 hand_z=0.197 dxy=0.086 stall=0.407
[close] e6 t=115 hand_z=0.197 dxy=0.084 stall=0.407
[s1] step=73700 stages=['IDLE', 'FAIL', 'IDLE', 'IDLE', 'IDLE', 'ALIGN', 'CLOSE', 'IDLE'] picks=25 places=21 hand0=[-0.02, -0.001, 0.408] cup_xy0=[0.488, -0.031]
[close] e6 t=175 hand_z=0.197 dxy=0.084 stall=0.407
[close] e6 t=235 hand_z=0.197 dxy=0.083 stall=0.407
[s1] step=73800 stages=['IDLE', 'IDLE', 'IDLE', 'IDLE', 'IDLE', 'DESCEND', 'CLOSE', 'IDLE'] picks=25 places=21 hand0=[0.052, -0.248, -0.311] cup_xy0=[0.488, -0.031]
[s1] close-entry e5: hand=[0.466, 0.051, 0.191] cup_gt=[0.468, 0.041]
[close] e5 t=57 hand_z=0.160 dxy=0.014 stall=0.384
[s1] step=73900 stages=['IDLE', 'IDLE', 'FAIL', 'IDLE', 'ALIGN', 'CLOSE', 'IDLE', 'IDLE'] picks=25 places=21 hand0=[-0.309, -0.283, 0.629] cup_xy0=[0.488, -0.031]
[close] e5 t=117 hand_z=0.160 dxy=0.014 stall=0.384
[close] e5 t=177 hand_z=0.160 dxy=0.014 stall=0.384
[s1] step=74000 stages=['IDLE', 'IDLE', 'IDLE', 'FAIL', 'ALIGN', 'CLOSE', 'DESCEND', 'IDLE'] picks=25 places=21 hand0=[-0.285, -0.209, 0.171] cup_xy0=[0.488, -0.031]
[s1] close-entry e6: hand=[0.51, 0.027, 0.191] cup_gt=[0.505, 0.031]
[close] e5 t=237 hand_z=0.160 dxy=0.014 stall=0.384
[close] e6 t=92 hand_z=0.157 dxy=0.018 stall=0.334
[s1] step=74100 stages=['IDLE', 'FAIL', 'IDLE', 'IDLE', 'ALIGN', 'FAIL', 'CLOSE', 'IDLE'] picks=25 places=21 hand0=[0.086, 0.075, 0.232] cup_xy0=[0.488, -0.031]
[close] e6 t=152 hand_z=0.157 dxy=0.018 stall=0.334
[s1] step=74200 stages=['IDLE', 'IDLE', 'IDLE', 'IDLE', 'ALIGN', 'ALIGN', 'CLOSE', 'FAIL'] picks=25 places=21 hand0=[0.133, -0.62, 0.396] cup_xy0=[0.488, -0.031]
[close] e6 t=212 hand_z=0.157 dxy=0.018 stall=0.334
[s1] close-entry e5: hand=[0.542, -0.082, 0.184] cup_gt=[0.537, -0.072]
[close] e5 t=31 hand_z=0.224 dxy=0.042 stall=0.385
[s1] step=74300 stages=['FAIL', 'IDLE', 'IDLE', 'IDLE', 'FAIL', 'CLOSE', 'FAIL', 'IDLE'] picks=25 places=21 hand0=[0.725, 0.361, 0.335] cup_xy0=[0.488, -0.031]
[close] e5 t=91 hand_z=0.226 dxy=0.046 stall=0.419
[close] e5 t=151 hand_z=0.226 dxy=0.046 stall=0.419
[s1] step=74400 stages=['IDLE', 'IDLE', 'IDLE', 'FAIL', 'IDLE', 'CLOSE', 'DESCEND', 'IDLE'] picks=25 places=21 hand0=[-0.193, 0.119, 0.538] cup_xy0=[0.488, -0.031]
[close] e5 t=211 hand_z=0.226 dxy=0.046 stall=0.419
[s1] close-entry e6: hand=[0.524, -0.057, 0.192] cup_gt=[0.516, -0.042]
[s1] step=74500 stages=['IDLE', 'IDLE', 'IDLE', 'IDLE', 'IDLE', 'FAIL', 'CLOSE', 'IDLE'] picks=25 places=21 hand0=[0.029, 0.526, 0.911] cup_xy0=[0.488, -0.031]
[close] e6 t=50 hand_z=0.159 dxy=0.020 stall=0.374
[close] e6 t=110 hand_z=0.159 dxy=0.020 stall=0.375
[s1] step=74600 stages=['IDLE', 'IDLE', 'FAIL', 'IDLE', 'ALIGN', 'ALIGN', 'CLOSE', 'IDLE'] picks=25 places=21 hand0=[0.678, 0.091, 0.133] cup_xy0=[0.488, -0.031]
[close] e6 t=170 hand_z=0.159 dxy=0.020 stall=0.375
[close] e6 t=230 hand_z=0.159 dxy=0.020 stall=0.375
[s1] step=74700 stages=['IDLE', 'IDLE', 'IDLE', 'IDLE', 'ALIGN', 'DESCEND', 'CLOSE', 'IDLE'] picks=25 places=21 hand0=[-0.048, -0.139, 0.513] cup_xy0=[0.488, -0.031]
[s1] close-entry e5: hand=[0.537, 0.087, 0.183] cup_gt=[0.553, 0.073]
[close] e5 t=23 hand_z=0.206 dxy=0.021 stall=0.364
[s1] step=74800 stages=['IDLE', 'FAIL', 'IDLE', 'IDLE', 'ALIGN', 'CLOSE', 'IDLE', 'IDLE'] picks=25 places=21 hand0=[0.088, 0.0, 0.926] cup_xy0=[0.488, -0.031]
[close] e5 t=83 hand_z=0.210 dxy=0.026 stall=0.418
[close] e5 t=143 hand_z=0.210 dxy=0.033 stall=0.418
[s1] step=74900 stages=['IDLE', 'IDLE', 'IDLE', 'IDLE', 'ALIGN', 'CLOSE', 'DESCEND', 'FAIL'] picks=25 places=21 hand0=[-0.176, 0.0, 0.548] cup_xy0=[0.488, -0.031]
[close] e5 t=203 hand_z=0.210 dxy=0.034 stall=0.418
[s1] step=75000 stages=['FAIL', 'IDLE', 'FAIL', 'IDLE', 'FAIL', 'FAIL', 'DESCEND', 'IDLE'] picks=25 places=21 hand0=[0.359, 0.0, 0.643] cup_xy0=[0.488, -0.031]
[s1] close-entry e6: hand=[0.405, -0.062, 0.188] cup_gt=[0.443, -0.07]
[close] e6 t=47 hand_z=0.181 dxy=0.060 stall=0.799
[s1] step=75100 stages=['IDLE', 'IDLE', 'IDLE', 'FAIL', 'ALIGN', 'IDLE', 'CLOSE', 'IDLE'] picks=25 places=21 hand0=[0.077, 0.0, 0.372] cup_xy0=[0.488, -0.031]
[close] e6 t=107 hand_z=0.181 dxy=0.061 stall=0.799
[close] e6 t=167 hand_z=0.181 dxy=0.061 stall=0.799
[s1] step=75200 stages=['IDLE', 'IDLE', 'IDLE', 'IDLE', 'ALIGN', 'DESCEND', 'CLOSE', 'IDLE'] picks=25 places=21 hand0=[0.282, 0.0, 0.841] cup_xy0=[0.488, -0.031]
[s1] close-entry e5: hand=[0.406, 0.054, 0.187] cup_gt=[0.439, 0.033]
[close] e5 t=27 hand_z=0.201 dxy=0.030 stall=0.373
[close] e5 t=87 hand_z=0.201 dxy=0.032 stall=0.410
[s1] step=75300 stages=['IDLE', 'IDLE', 'IDLE', 'IDLE', 'ALIGN', 'CLOSE', 'FAIL', 'FAIL'] picks=25 places=21 hand0=[0.274, 0.0, 0.449] cup_xy0=[0.488, -0.031]
[close] e5 t=147 hand_z=0.201 dxy=0.032 stall=0.410
[s1] step=75400 stages=['FAIL', 'IDLE', 'IDLE', 'IDLE', 'ALIGN', 'CLOSE', 'ALIGN', 'IDLE'] picks=25 places=21 hand0=[0.359, 0.0, 0.643] cup_xy0=[0.488, -0.031]
[close] e5 t=207 hand_z=0.201 dxy=0.032 stall=0.410
[s1] step=75500 stages=['IDLE', 'FAIL', 'IDLE', 'IDLE', 'FAIL', 'FAIL', 'DESCEND', 'IDLE'] picks=25 places=21 hand0=[-0.117, 0.0, 0.457] cup_xy0=[0.488, -0.031]
[s1] close-entry e6: hand=[0.47, -0.011, 0.19] cup_gt=[0.554, 0.032]
[close] e6 t=58 hand_z=0.174 dxy=0.127 stall=0.798
[s1] step=75600 stages=['IDLE', 'IDLE', 'IDLE', 'IDLE', 'IDLE', 'ALIGN', 'CLOSE', 'IDLE'] picks=25 places=21 hand0=[0.355, 0.0, 0.698] cup_xy0=[0.488, -0.031]
[close] e6 t=118 hand_z=0.174 dxy=0.128 stall=0.798
[s1] step=75700 stages=['IDLE', 'IDLE', 'FAIL', 'IDLE', 'IDLE', 'DESCEND', 'CLOSE', 'IDLE'] picks=25 places=21 hand0=[-0.117, 0.0, 0.457] cup_xy0=[0.488, -0.031]
[close] e6 t=178 hand_z=0.174 dxy=0.128 stall=0.798
[s1] close-entry e5: hand=[0.411, 0.044, 0.188] cup_gt=[0.441, 0.056]
[close] e5 t=28 hand_z=0.180 dxy=0.055 stall=0.374
[s1] step=75800 stages=['IDLE', 'IDLE', 'IDLE', 'FAIL', 'ALIGN', 'CLOSE', 'FAIL', 'IDLE'] picks=25 places=21 hand0=[-0.159, 0.0, 0.784] cup_xy0=[0.488, -0.031]
[close] e5 t=88 hand_z=0.180 dxy=0.059 stall=0.421
[close] e5 t=148 hand_z=0.180 dxy=0.059 stall=0.421
[s1] step=75900 stages=['IDLE', 'FAIL', 'IDLE', 'IDLE', 'ALIGN', 'CLOSE', 'IDLE', 'IDLE'] picks=25 places=21 hand0=[-0.109, 0.0, 0.849] cup_xy0=[0.488, -0.031]
[close] e5 t=208 hand_z=0.180 dxy=0.059 stall=0.421
[s1] step=76000 stages=['IDLE', 'IDLE', 'IDLE', 'IDLE', 'ALIGN', 'FAIL', 'DESCEND', 'FAIL'] picks=25 places=21 hand0=[0.131, 0.0, 0.376] cup_xy0=[0.488, -0.031]
[s1] close-entry e6: hand=[0.526, -0.075, 0.185] cup_gt=[0.585, 0.032]
[close] e6 t=48 hand_z=0.213 dxy=0.471 stall=0.801
[s1] step=76100 stages=['FAIL', 'IDLE', 'FAIL', 'IDLE', 'ALIGN', 'ALIGN', 'CLOSE', 'IDLE'] picks=25 places=21 hand0=[-0.143, 0.0, 0.488] cup_xy0=[0.488, -0.031]
[close] e6 t=108 hand_z=0.215 dxy=0.475 stall=0.801
[close] e6 t=168 hand_z=0.215 dxy=0.475 stall=0.801
[s1] step=76200 stages=['IDLE', 'IDLE', 'IDLE', 'FAIL', 'FAIL', 'DESCEND', 'CLOSE', 'IDLE'] picks=25 places=21 hand0=[0.249, 0.0, 0.427] cup_xy0=[0.488, -0.031]
[s1] close-entry e5: hand=[0.529, 0.056, 0.19] cup_gt=[0.567, 0.097]
[close] e5 t=54 hand_z=0.158 dxy=0.125 stall=0.375
[s1] step=76300 stages=['IDLE', 'IDLE', 'IDLE', 'IDLE', 'IDLE', 'CLOSE', 'FAIL', 'IDLE'] picks=25 places=21 hand0=[-0.102, 0.0, 0.856] cup_xy0=[0.488, -0.031]
[close] e5 t=114 hand_z=0.158 dxy=0.135 stall=0.374
[close] e5 t=174 hand_z=0.158 dxy=0.136 stall=0.374
[s1] step=76400 stages=['IDLE', 'IDLE', 'IDLE', 'IDLE', 'IDLE', 'CLOSE', 'ALIGN', 'FAIL'] picks=25 places=21 hand0=[0.356, 0.0, 0.691] cup_xy0=[0.488, -0.031]
[close] e5 t=234 hand_z=0.158 dxy=0.136 stall=0.374
[s1] step=76500 stages=['FAIL', 'IDLE', 'IDLE', 'IDLE', 'IDLE', 'FAIL', 'DESCEND', 'IDLE'] picks=25 places=21 hand0=[-0.078, 0.0, 0.875] cup_xy0=[0.488, -0.031]
[s1] close-entry e6: hand=[0.477, 0.082, 0.19] cup_gt=[0.471, 0.075]
[close] e6 t=48 hand_z=0.166 dxy=0.003 stall=0.498
[s1] step=76600 stages=['IDLE', 'FAIL', 'IDLE', 'IDLE', 'FAIL', 'DESCEND', 'CLOSE', 'IDLE'] picks=25 places=21 hand0=[-0.072, 0.0, 0.419] cup_xy0=[0.488, -0.031]
[close] e6 t=108 hand_z=0.166 dxy=0.003 stall=0.498
[close] e6 t=168 hand_z=0.166 dxy=0.003 stall=0.498
[s1] close-entry e5: hand=[0.428, -0.045, 0.188] cup_gt=[0.43, -0.035]
[s1] step=76700 stages=['IDLE', 'IDLE', 'IDLE', 'IDLE', 'IDLE', 'CLOSE', 'CLOSE', 'IDLE'] picks=25 places=21 hand0=[-0.186, 0.0, 0.204] cup_xy0=[0.488, -0.031]
[close] e5 t=48 hand_z=0.158 dxy=0.010 stall=0.424
[s1] grasp-geom e6: hand-cup_xy=0.003 cup_gt=[0.455, 0.092, 0.02] vision_xy=[0.473, 0.078]
[s1] GRASP (drive stall) envs [6] stall=[0.498]
[lift] e6 t=7 cup_z=0.021 hand_z=0.167 stall=0.497
[lift] e6 t=27 cup_z=0.029 hand_z=0.173 stall=0.498
[close] e5 t=108 hand_z=0.157 dxy=0.012 stall=0.380
[lift] e6 t=47 cup_z=0.086 hand_z=0.227 stall=0.498
[s1] step=76800 stages=['IDLE', 'IDLE', 'FAIL', 'IDLE', 'IDLE', 'CLOSE', 'LIFT', 'IDLE'] picks=25 places=21 hand0=[0.181, 0.0, 1.159] cup_xy0=[0.488, -0.031]
[s1] LIFTED envs [6] (physical, friction-held)
[close] e5 t=168 hand_z=0.156 dxy=0.015 stall=0.333
[s1] step=76900 stages=['IDLE', 'IDLE', 'IDLE', 'FAIL', 'IDLE', 'CLOSE', 'CARRY', 'IDLE'] picks=26 places=21 hand0=[0.304, 0.0, 0.482] cup_xy0=[0.488, -0.031]
[close] e5 t=228 hand_z=0.155 dxy=0.018 stall=0.292
[s1] step=77000 stages=['IDLE', 'FAIL', 'IDLE', 'IDLE', 'ALIGN', 'IDLE', 'PLACE', 'IDLE'] picks=26 places=21 hand0=[0.356, 0.0, 0.605] cup_xy0=[0.488, -0.031]
[s1] acquire e0: vision=[0.548, -0.068] gt=[0.544, -0.067]
[s1] PLACED envs [6] (full physical pick-move-place)
[rec] episode 49/60 saved (len=343, env=6)
[s1] step=77100 stages=['ALIGN', 'IDLE', 'IDLE', 'IDLE', 'ALIGN', 'DESCEND', 'DONE', 'FAIL'] picks=26 places=22 hand0=[-0.036, 0.0, 0.899] cup_xy0=[0.548, -0.068]
[s1] close-entry e5: hand=[0.523, -0.068, 0.188] cup_gt=[0.536, -0.052]
[s1] step=77200 stages=['ALIGN', 'IDLE', 'IDLE', 'IDLE', 'ALIGN', 'CLOSE', 'IDLE', 'IDLE'] picks=26 places=22 hand0=[0.225, 0.0, 0.411] cup_xy0=[0.548, -0.068]
[close] e5 t=55 hand_z=0.214 dxy=0.059 stall=0.424
[close] e5 t=115 hand_z=0.215 dxy=0.061 stall=0.424
[s1] step=77300 stages=['ALIGN', 'IDLE', 'IDLE', 'FAIL', 'ALIGN', 'CLOSE', 'DESCEND', 'IDLE'] picks=26 places=22 hand0=[0.33, 0.0, 0.773] cup_xy0=[0.548, -0.068]
[s1] close-entry e6: hand=[0.423, 0.011, 0.187] cup_gt=[0.426, 0.002]
[close] e5 t=175 hand_z=0.215 dxy=0.061 stall=0.424
[close] e5 t=235 hand_z=0.215 dxy=0.061 stall=0.424
[s1] step=77400 stages=['ALIGN', 'IDLE', 'IDLE', 'IDLE', 'FAIL', 'CLOSE', 'CLOSE', 'IDLE'] picks=26 places=22 hand0=[0.188, 0.0, 1.158] cup_xy0=[0.548, -0.068]
[close] e6 t=128 hand_z=0.184 dxy=0.005 stall=0.654
[s1] step=77500 stages=['IDLE', 'IDLE', 'FAIL', 'IDLE', 'IDLE', 'IDLE', 'CLOSE', 'IDLE'] picks=26 places=22 hand0=[0.239, 0.0, 0.153] cup_xy0=[0.548, -0.068]
[close] e6 t=188 hand_z=0.184 dxy=0.005 stall=0.655
[s1] grasp-geom e6: hand-cup_xy=0.005 cup_gt=[0.426, 0.001, 0.02] vision_xy=[0.423, 0.003]
[s1] GRASP (drive stall) envs [6] stall=[0.654]
[lift] e6 t=7 cup_z=0.020 hand_z=0.186 stall=0.627
[lift] e6 t=27 cup_z=0.026 hand_z=0.182 stall=0.688
[s1] step=77600 stages=['IDLE', 'IDLE', 'IDLE', 'IDLE', 'IDLE', 'DESCEND', 'LIFT', 'IDLE'] picks=26 places=22 hand0=[0.074, 0.0, 1.122] cup_xy0=[0.548, -0.068]
[lift] e6 t=47 cup_z=0.020 hand_z=0.207 stall=0.800
[s1] close-entry e5: hand=[0.529, 0.065, 0.183] cup_gt=[0.526, 0.06]
[close] e5 t=19 hand_z=0.206 dxy=0.018 stall=0.315
[lift] e6 t=67 cup_z=0.020 hand_z=0.257 stall=0.800
[lift] e6 t=87 cup_z=0.020 hand_z=0.281 stall=0.801
[lift] e6 t=107 cup_z=0.020 hand_z=0.312 stall=0.801
[s1] acquire e0: vision=[0.554, -0.051] gt=[0.551, -0.051]
[close] e5 t=79 hand_z=0.211 dxy=0.010 stall=0.416
[lift] e6 t=127 cup_z=0.020 hand_z=0.345 stall=0.802
[s1] step=77700 stages=['ALIGN', 'FAIL', 'ALIGN', 'IDLE', 'IDLE', 'CLOSE', 'LIFT', 'IDLE'] picks=26 places=22 hand0=[-0.057, 0.0, 0.409] cup_xy0=[0.554, -0.051]
[lift] e6 t=147 cup_z=0.020 hand_z=0.349 stall=0.800
[lift] e6 t=167 cup_z=0.020 hand_z=0.350 stall=0.801
[close] e5 t=139 hand_z=0.211 dxy=0.010 stall=0.416
[lift] e6 t=187 cup_z=0.020 hand_z=0.351 stall=0.801
[lift] e6 t=207 cup_z=0.020 hand_z=0.351 stall=0.800
[lift] e6 t=227 cup_z=0.020 hand_z=0.351 stall=0.800
[s1] step=77800 stages=['ALIGN', 'IDLE', 'ALIGN', 'IDLE', 'FAIL', 'CLOSE', 'LIFT', 'FAIL'] picks=26 places=22 hand0=[0.531, 0.0, 0.723] cup_xy0=[0.554, -0.051]
[close] e5 t=199 hand_z=0.211 dxy=0.010 stall=0.416
[lift] e6 t=247 cup_z=0.020 hand_z=0.351 stall=0.801
[lift] e6 t=267 cup_z=0.020 hand_z=0.351 stall=0.801
[lift] e6 t=287 cup_z=0.020 hand_z=0.350 stall=0.801
[lift] e6 t=307 cup_z=0.020 hand_z=0.350 stall=0.800
[lift] e6 t=327 cup_z=0.020 hand_z=0.350 stall=0.800
[s1] step=77900 stages=['ALIGN', 'IDLE', 'ALIGN', 'IDLE', 'ALIGN', 'FAIL', 'LIFT', 'IDLE'] picks=26 places=22 hand0=[0.292, 0.0, 1.052] cup_xy0=[0.554, -0.051]
[lift] e6 t=347 cup_z=0.020 hand_z=0.350 stall=0.800
[lift] e6 t=367 cup_z=0.020 hand_z=0.350 stall=0.800
[lift] e6 t=387 cup_z=0.020 hand_z=0.350 stall=0.800
[s1] step=78000 stages=['ALIGN', 'IDLE', 'ALIGN', 'FAIL', 'ALIGN', 'ALIGN', 'FAIL', 'IDLE'] picks=26 places=22 hand0=[-0.256, 0.0, 0.319] cup_xy0=[0.554, -0.051]
[s1] close-entry e5: hand=[0.466, 0.041, 0.189] cup_gt=[0.498, 0.081]
[s1] step=78100 stages=['FAIL', 'IDLE', 'IDLE', 'ALIGN', 'ALIGN', 'CLOSE', 'ALIGN', 'IDLE'] picks=26 places=22 hand0=[0.217, 0.0, 0.299] cup_xy0=[0.554, -0.051]
[close] e5 t=21 hand_z=0.178 dxy=0.099 stall=0.336
[s1] close-entry e6: hand=[0.553, 0.012, 0.182] cup_gt=[0.541, -0.015]
[close] e5 t=81 hand_z=0.177 dxy=0.111 stall=0.376
[s1] step=78200 stages=['IDLE', 'IDLE', 'IDLE', 'ALIGN', 'ALIGN', 'CLOSE', 'CLOSE', 'FAIL'] picks=26 places=22 hand0=[-0.211, 0.0, 1.02] cup_xy0=[0.554, -0.051]
[close] e5 t=141 hand_z=0.177 dxy=0.111 stall=0.376
[close] e5 t=201 hand_z=0.177 dxy=0.112 stall=0.376
[s1] step=78300 stages=['IDLE', 'IDLE', 'IDLE', 'ALIGN', 'FAIL', 'CLOSE', 'CLOSE', 'IDLE'] picks=26 places=22 hand0=[0.09, 0.0, 0.913] cup_xy0=[0.554, -0.051]
[close] e6 t=211 hand_z=0.162 dxy=0.099 stall=0.798
[s1] step=78400 stages=['IDLE', 'FAIL', 'FAIL', 'ALIGN', 'IDLE', 'FAIL', 'FAIL', 'IDLE'] picks=26 places=22 hand0=[-0.174, 0.0, 0.584] cup_xy0=[0.554, -0.051]
[s1] step=78500 stages=['FAIL', 'IDLE', 'IDLE', 'IDLE', 'IDLE', 'DESCEND', 'IDLE', 'IDLE'] picks=26 places=22 hand0=[0.202, 0.0, 0.399] cup_xy0=[0.554, -0.051]
[s1] acquire e0: vision=[0.575, 0.071] gt=[0.569, 0.067]
[s1] close-entry e5: hand=[0.523, 0.04, 0.191] cup_gt=[0.52, 0.028]
[close] e5 t=46 hand_z=0.162 dxy=0.002 stall=0.432
[s1] step=78600 stages=['ALIGN', 'IDLE', 'IDLE', 'ALIGN', 'IDLE', 'CLOSE', 'DESCEND', 'IDLE'] picks=26 places=22 hand0=[-0.431, 0.0, 0.732] cup_xy0=[0.575, 0.071]
[close] e5 t=106 hand_z=0.161 dxy=0.001 stall=0.428
[s1] close-entry e6: hand=[0.558, 0.072, 0.188] cup_gt=[0.554, 0.104]
[s1] step=78700 stages=['ALIGN', 'IDLE', 'IDLE', 'ALIGN', 'IDLE', 'CLOSE', 'CLOSE', 'IDLE'] picks=26 places=22 hand0=[0.185, 0.0, 0.391] cup_xy0=[0.575, 0.071]
[close] e5 t=166 hand_z=0.161 dxy=0.001 stall=0.428
[close] e5 t=226 hand_z=0.161 dxy=0.001 stall=0.428
[s1] step=78800 stages=['ALIGN', 'FAIL', 'IDLE', 'ALIGN', 'IDLE', 'FAIL', 'CLOSE', 'IDLE'] picks=26 places=22 hand0=[0.451, 0.0, 0.58] cup_xy0=[0.575, 0.071]
[close] e6 t=176 hand_z=0.186 dxy=0.017 stall=0.798
[close] e6 t=236 hand_z=0.186 dxy=0.017 stall=0.798
[s1] step=78900 stages=['ALIGN', 'IDLE', 'IDLE', 'ALIGN', 'IDLE', 'ALIGN', 'CLOSE', 'FAIL'] picks=26 places=22 hand0=[0.55, 0.0, 0.578] cup_xy0=[0.575, 0.071]
[s1] step=79000 stages=['IDLE', 'IDLE', 'IDLE', 'IDLE', 'FAIL', 'DESCEND', 'IDLE', 'IDLE'] picks=26 places=22 hand0=[0.344, 0.0, 0.74] cup_xy0=[0.575, 0.071]
[s1] close-entry e5: hand=[0.462, -0.02, 0.191] cup_gt=[0.463, -0.005]
[close] e5 t=60 hand_z=0.166 dxy=0.008 stall=0.407
[s1] acquire e0: vision=[0.573, 0.016] gt=[0.569, 0.014]
[s1] step=79100 stages=['ALIGN', 'IDLE', 'FAIL', 'IDLE', 'IDLE', 'CLOSE', 'DESCEND', 'IDLE'] picks=26 places=22 hand0=[-0.32, 0.0, 0.321] cup_xy0=[0.573, 0.016]
[close] e5 t=120 hand_z=0.166 dxy=0.008 stall=0.407
[s1] close-entry e6: hand=[0.448, -0.045, 0.187] cup_gt=[0.44, -0.052]
[close] e5 t=180 hand_z=0.166 dxy=0.008 stall=0.407
[s1] step=79200 stages=['ALIGN', 'IDLE', 'IDLE', 'IDLE', 'IDLE', 'CLOSE', 'CLOSE', 'IDLE'] picks=26 places=22 hand0=[0.045, 0.0, 1.048] cup_xy0=[0.573, 0.016]
[close] e5 t=240 hand_z=0.166 dxy=0.008 stall=0.407
[s1] step=79300 stages=['ALIGN', 'IDLE', 'IDLE', 'FAIL', 'IDLE', 'FAIL', 'CLOSE', 'IDLE'] picks=26 places=22 hand0=[-0.301, -0.0, 0.767] cup_xy0=[0.573, 0.016]
[close] e6 t=170 hand_z=0.162 dxy=0.007 stall=0.485
[close] e6 t=230 hand_z=0.162 dxy=0.007 stall=0.485
[s1] grasp-geom e6: hand-cup_xy=0.007 cup_gt=[0.399, -0.086, 0.027] vision_xy=[0.443, -0.051]
[s1] GRASP (drive stall) envs [6] stall=[0.485]
[lift] e6 t=9 cup_z=0.028 hand_z=0.163 stall=0.487
[s1] step=79400 stages=['ALIGN', 'IDLE', 'IDLE', 'IDLE', 'IDLE', 'ALIGN', 'LIFT', 'IDLE'] picks=26 places=22 hand0=[-0.356, 0.0, 0.928] cup_xy0=[0.573, 0.016]
[lift] e6 t=29 cup_z=0.051 hand_z=0.185 stall=0.489
[s1] LIFTED envs [6] (physical, friction-held)
[s1] step=79500 stages=['FAIL', 'FAIL', 'FAIL', 'IDLE', 'IDLE', 'DESCEND', 'CARRY', 'IDLE'] picks=27 places=22 hand0=[-0.048, 0.0, 0.139] cup_xy0=[0.573, 0.016]
[s1] close-entry e5: hand=[0.447, 0.036, 0.187] cup_gt=[0.489, 0.014]
[close] e5 t=13 hand_z=0.167 dxy=0.034 stall=0.293
[s1] step=79600 stages=['IDLE', 'IDLE', 'IDLE', 'IDLE', 'IDLE', 'CLOSE', 'PLACE', 'FAIL'] picks=27 places=22 hand0=[0.172, 0.0, 0.366] cup_xy0=[0.573, 0.016]
[close] e5 t=73 hand_z=0.160 dxy=0.039 stall=0.379
[close] e5 t=133 hand_z=0.160 dxy=0.039 stall=0.379
[s1] PLACED envs [6] (full physical pick-move-place)
[rec] episode 50/60 saved (len=334, env=6)
[s1] step=79700 stages=['IDLE', 'IDLE', 'IDLE', 'FAIL', 'ALIGN', 'CLOSE', 'DONE', 'IDLE'] picks=27 places=23 hand0=[0.141, -0.138, 0.247] cup_xy0=[0.573, 0.016]
[close] e5 t=193 hand_z=0.160 dxy=0.039 stall=0.379
[s1] acquire e0: vision=[0.502, 0.081] gt=[0.532, 0.075]
[s1] step=79800 stages=['ALIGN', 'IDLE', 'IDLE', 'IDLE', 'ALIGN', 'FAIL', 'IDLE', 'IDLE'] picks=27 places=23 hand0=[0.512, 0.0, 0.691] cup_xy0=[0.502, 0.081]
[s1] step=79900 stages=['ALIGN', 'FAIL', 'IDLE', 'IDLE', 'ALIGN', 'IDLE', 'DESCEND', 'IDLE'] picks=27 places=23 hand0=[-0.249, -0.138, 0.834] cup_xy0=[0.502, 0.081]
[s1] close-entry e6: hand=[0.519, -0.062, 0.191] cup_gt=[0.55, -0.034]
[close] e6 t=15 hand_z=0.183 dxy=0.041 stall=0.616
[s1] step=80000 stages=['ALIGN', 'IDLE', 'IDLE', 'IDLE', 'ALIGN', 'DESCEND', 'CLOSE', 'FAIL'] picks=27 places=23 hand0=[0.436, -0.076, 0.961] cup_xy0=[0.502, 0.081]
[close] e6 t=75 hand_z=0.184 dxy=0.051 stall=0.801
[s1] close-entry e5: hand=[0.484, 0.047, 0.182] cup_gt=[0.48, 0.053]
[close] e5 t=31 hand_z=0.197 dxy=0.024 stall=0.374
[s1] step=80100 stages=['ALIGN', 'IDLE', 'IDLE', 'ALIGN', 'IDLE', 'CLOSE', 'CLOSE', 'IDLE'] picks=27 places=23 hand0=[0.13, 0.0, 0.22] cup_xy0=[0.502, 0.081]
[close] e5 t=91 hand_z=0.197 dxy=0.026 stall=0.379
[s1] step=80200 stages=['FAIL', 'IDLE', 'FAIL', 'ALIGN', 'IDLE', 'CLOSE', 'CLOSE', 'IDLE'] picks=27 places=23 hand0=[0.06, 0.107, 1.128] cup_xy0=[0.502, 0.081]
[close] e5 t=151 hand_z=0.197 dxy=0.026 stall=0.379
[close] e5 t=211 hand_z=0.197 dxy=0.026 stall=0.379
[s1] step=80300 stages=['IDLE', 'IDLE', 'IDLE', 'ALIGN', 'IDLE', 'CLOSE', 'ALIGN', 'IDLE'] picks=27 places=23 hand0=[0.343, 0.088, 0.225] cup_xy0=[0.502, 0.081]
[s1] acquire e0: vision=[0.564, -0.052] gt=[0.561, -0.051]
[s1] step=80400 stages=['ALIGN', 'IDLE', 'IDLE', 'ALIGN', 'FAIL', 'IDLE', 'DESCEND', 'IDLE'] picks=27 places=23 hand0=[0.508, 0.099, 0.888] cup_xy0=[0.564, -0.052]
[s1] close-entry e6: hand=[0.446, -0.08, 0.192] cup_gt=[0.458, -0.078]
[close] e6 t=34 hand_z=0.161 dxy=0.089 stall=0.682
[s1] step=80500 stages=['ALIGN', 'IDLE', 'IDLE', 'IDLE', 'IDLE', 'DESCEND', 'CLOSE', 'IDLE'] picks=27 places=23 hand0=[0.348, 0.076, 0.78] cup_xy0=[0.564, -0.052]
[close] e6 t=94 hand_z=0.141 dxy=0.145 stall=0.141
[s1] close-entry e5: hand=[0.55, -0.011, 0.185] cup_gt=[0.588, -0.049]
[close] e5 t=14 hand_z=0.198 dxy=0.053 stall=0.298
[s1] step=80600 stages=['ALIGN', 'FAIL', 'FAIL', 'IDLE', 'IDLE', 'CLOSE', 'CLOSE', 'IDLE'] picks=27 places=23 hand0=[-0.067, 0.081, 0.91] cup_xy0=[0.564, -0.052]
[close] e5 t=74 hand_z=0.206 dxy=0.089 stall=0.387
[close] e5 t=134 hand_z=0.206 dxy=0.094 stall=0.387
[s1] step=80700 stages=['ALIGN', 'IDLE', 'IDLE', 'IDLE', 'IDLE', 'CLOSE', 'FAIL', 'FAIL'] picks=27 places=23 hand0=[-0.303, 0.013, 0.977] cup_xy0=[0.564, -0.052]
[close] e5 t=194 hand_z=0.206 dxy=0.095 stall=0.387
[s1] step=80800 stages=['IDLE', 'IDLE', 'IDLE', 'FAIL', 'IDLE', 'CLOSE', 'IDLE', 'IDLE'] picks=27 places=23 hand0=[-0.034, -0.119, 0.966] cup_xy0=[0.564, -0.052]
[s1] step=80900 stages=['IDLE', 'IDLE', 'IDLE', 'IDLE', 'IDLE', 'IDLE', 'IDLE', 'IDLE'] picks=27 places=23 hand0=[0.456, -0.021, 0.36] cup_xy0=[0.564, -0.052]
[s1] close-entry e5: hand=[0.517, 0.016, 0.183] cup_gt=[0.515, 0.015]
[close] e5 t=3 hand_z=0.188 dxy=0.008 stall=0.237
[s1] step=81000 stages=['IDLE', 'IDLE', 'IDLE', 'IDLE', 'ALIGN', 'CLOSE', 'IDLE', 'IDLE'] picks=27 places=23 hand0=[-0.16, -0.047, 0.27] cup_xy0=[0.564, -0.052]
[close] e5 t=63 hand_z=0.215 dxy=0.045 stall=0.417
[s1] step=81100 stages=['FAIL', 'IDLE', 'IDLE', 'IDLE', 'ALIGN', 'CLOSE', 'IDLE', 'FAIL'] picks=27 places=23 hand0=[0.305, -0.005, 0.522] cup_xy0=[0.564, -0.052]
[close] e5 t=123 hand_z=0.215 dxy=0.046 stall=0.417
[close] e5 t=183 hand_z=0.215 dxy=0.046 stall=0.417
[s1] step=81200 stages=['IDLE', 'IDLE', 'IDLE', 'IDLE', 'ALIGN', 'CLOSE', 'IDLE', 'IDLE'] picks=27 places=23 hand0=[-0.149, -0.012, 0.763] cup_xy0=[0.564, -0.052]
[s1] step=81300 stages=['IDLE', 'FAIL', 'FAIL', 'IDLE', 'ALIGN', 'IDLE', 'IDLE', 'IDLE'] picks=27 places=23 hand0=[0.281, 0.122, 0.272] cup_xy0=[0.564, -0.052]
[s1] step=81400 stages=['IDLE', 'IDLE', 'IDLE', 'IDLE', 'IDLE', 'DESCEND', 'FAIL', 'IDLE'] picks=27 places=23 hand0=[0.072, 0.138, 0.27] cup_xy0=[0.564, -0.052]
[s1] close-entry e5: hand=[0.422, 0.043, 0.184] cup_gt=[0.447, 0.059]
[close] e5 t=50 hand_z=0.159 dxy=0.142 stall=0.387
[s1] step=81500 stages=['FAIL', 'IDLE', 'IDLE', 'FAIL', 'IDLE', 'CLOSE', 'IDLE', 'IDLE'] picks=27 places=23 hand0=[0.36, 0.0, 0.615] cup_xy0=[0.564, -0.052]
[close] e5 t=110 hand_z=0.159 dxy=0.156 stall=0.387
[close] e5 t=170 hand_z=0.159 dxy=0.158 stall=0.387
[s1] step=81600 stages=['IDLE', 'IDLE', 'IDLE', 'IDLE', 'IDLE', 'CLOSE', 'IDLE', 'IDLE'] picks=27 places=23 hand0=[0.57, 0.088, 0.751] cup_xy0=[0.564, -0.052]
[close] e5 t=230 hand_z=0.159 dxy=0.158 stall=0.387
[s1] step=81700 stages=['IDLE', 'FAIL', 'IDLE', 'IDLE', 'FAIL', 'FAIL', 'IDLE', 'IDLE'] picks=27 places=23 hand0=[-0.156, -0.01, 0.179] cup_xy0=[0.564, -0.052]
[s1] step=81800 stages=['IDLE', 'IDLE', 'IDLE', 'IDLE', 'IDLE', 'ALIGN', 'FAIL', 'FAIL'] picks=27 places=23 hand0=[0.027, 0.0, 1.137] cup_xy0=[0.564, -0.052]
[s1] close-entry e5: hand=[0.43, 0.05, 0.191] cup_gt=[0.436, 0.046]
[close] e5 t=2 hand_z=0.189 dxy=0.009 stall=0.237
[s1] step=81900 stages=['IDLE', 'IDLE', 'IDLE', 'FAIL', 'IDLE', 'CLOSE', 'IDLE', 'IDLE'] picks=27 places=23 hand0=[0.441, 0.086, 0.608] cup_xy0=[0.564, -0.052]
[close] e5 t=62 hand_z=0.175 dxy=0.023 stall=0.385
[s1] step=82000 stages=['IDLE', 'IDLE', 'FAIL', 'IDLE', 'IDLE', 'CLOSE', 'IDLE', 'IDLE'] picks=27 places=23 hand0=[0.555, 0.0, 0.644] cup_xy0=[0.564, -0.052]
[close] e5 t=122 hand_z=0.175 dxy=0.023 stall=0.385
[close] e5 t=182 hand_z=0.175 dxy=0.023 stall=0.385
[s1] step=82100 stages=['IDLE', 'IDLE', 'IDLE', 'IDLE', 'FAIL', 'CLOSE', 'IDLE', 'IDLE'] picks=27 places=23 hand0=[-0.106, 0.107, 0.406] cup_xy0=[0.564, -0.052]
[s1] step=82200 stages=['FAIL', 'IDLE', 'IDLE', 'IDLE', 'IDLE', 'FAIL', 'IDLE', 'IDLE'] picks=27 places=23 hand0=[0.38, 0.086, 0.535] cup_xy0=[0.564, -0.052]
[s1] step=82300 stages=['IDLE', 'IDLE', 'IDLE', 'IDLE', 'IDLE', 'ALIGN', 'IDLE', 'IDLE'] picks=27 places=23 hand0=[0.429, -0.086, 0.363] cup_xy0=[0.564, -0.052]
[s1] close-entry e5: hand=[0.55, 0.039, 0.185] cup_gt=[0.547, 0.033]
[close] e5 t=14 hand_z=0.213 dxy=0.028 stall=0.309
[s1] step=82400 stages=['IDLE', 'FAIL', 'FAIL', 'IDLE', 'IDLE', 'CLOSE', 'IDLE', 'IDLE'] picks=27 places=23 hand0=[0.492, -0.086, 0.899] cup_xy0=[0.564, -0.052]
[close] e5 t=74 hand_z=0.225 dxy=0.044 stall=0.412
[close] e5 t=134 hand_z=0.226 dxy=0.044 stall=0.412
[s1] step=82500 stages=['IDLE', 'IDLE', 'IDLE', 'IDLE', 'IDLE', 'CLOSE', 'FAIL', 'FAIL'] picks=27 places=23 hand0=[-0.328, -0.097, 0.61] cup_xy0=[0.564, -0.052]
[close] e5 t=194 hand_z=0.226 dxy=0.044 stall=0.412
[s1] step=82600 stages=['FAIL', 'IDLE', 'IDLE', 'FAIL', 'IDLE', 'CLOSE', 'IDLE', 'IDLE'] picks=27 places=23 hand0=[0.073, 0.0, 1.0] cup_xy0=[0.564, -0.052]
[s1] acquire e0: vision=[0.54, -0.016] gt=[0.536, -0.017]
[s1] step=82700 stages=['ALIGN', 'IDLE', 'IDLE', 'ALIGN', 'IDLE', 'IDLE', 'IDLE', 'IDLE'] picks=27 places=23 hand0=[-0.259, -0.029, 0.258] cup_xy0=[0.54, -0.016]
[s1] step=82800 stages=['ALIGN', 'IDLE', 'IDLE', 'ALIGN', 'FAIL', 'DESCEND', 'IDLE', 'IDLE'] picks=27 places=23 hand0=[-0.175, -0.04, 0.712] cup_xy0=[0.54, -0.016]
[s1] close-entry e5: hand=[0.574, 0.072, 0.183] cup_gt=[0.631, -0.015]
[close] e5 t=30 hand_z=0.205 dxy=0.153 stall=0.384
[s1] step=82900 stages=['ALIGN', 'IDLE', 'IDLE', 'ALIGN', 'IDLE', 'CLOSE', 'FAIL', 'FAIL'] picks=27 places=23 hand0=[-0.151, 0.0, 0.975] cup_xy0=[0.54, -0.016]
[close] e5 t=90 hand_z=0.205 dxy=0.162 stall=0.422
[close] e5 t=150 hand_z=0.205 dxy=0.162 stall=0.422
[s1] step=83000 stages=['ALIGN', 'IDLE', 'IDLE', 'ALIGN', 'IDLE', 'CLOSE', 'IDLE', 'IDLE'] picks=27 places=23 hand0=[0.07, 0.046, 0.385] cup_xy0=[0.54, -0.016]
[close] e5 t=210 hand_z=0.205 dxy=0.162 stall=0.422
[s1] step=83100 stages=['FAIL', 'FAIL', 'FAIL', 'FAIL', 'ALIGN', 'FAIL', 'IDLE', 'IDLE'] picks=27 places=23 hand0=[0.106, -0.086, 0.289] cup_xy0=[0.54, -0.016]
[s1] step=83200 stages=['IDLE', 'IDLE', 'IDLE', 'IDLE', 'ALIGN', 'ALIGN', 'IDLE', 'IDLE'] picks=27 places=23 hand0=[-0.405, 0.013, 0.445] cup_xy0=[0.54, -0.016]
[s1] step=83300 stages=['IDLE', 'IDLE', 'IDLE', 'IDLE', 'ALIGN', 'DESCEND', 'IDLE', 'IDLE'] picks=27 places=23 hand0=[0.41, -0.097, 0.822] cup_xy0=[0.54, -0.016]
[s1] close-entry e5: hand=[0.411, -0.028, 0.191] cup_gt=[0.429, -0.038]
[close] e5 t=57 hand_z=0.172 dxy=0.010 stall=0.391
[s1] step=83400 stages=['IDLE', 'IDLE', 'IDLE', 'IDLE', 'ALIGN', 'CLOSE', 'IDLE', 'IDLE'] picks=27 places=23 hand0=[-0.172, 0.088, 0.785] cup_xy0=[0.54, -0.016]
[close] e5 t=117 hand_z=0.172 dxy=0.010 stall=0.391
[s1] step=83500 stages=['IDLE', 'FAIL', 'IDLE', 'IDLE', 'FAIL', 'CLOSE', 'ALIGN', 'IDLE'] picks=27 places=23 hand0=[-0.224, 0.086, 0.563] cup_xy0=[0.54, -0.016]
[close] e5 t=177 hand_z=0.172 dxy=0.010 stall=0.391
[close] e5 t=237 hand_z=0.172 dxy=0.010 stall=0.391
[s1] step=83600 stages=['IDLE', 'IDLE', 'IDLE', 'IDLE', 'IDLE', 'FAIL', 'ALIGN', 'FAIL'] picks=27 places=23 hand0=[-0.377, 0.062, 0.823] cup_xy0=[0.54, -0.016]
[s1] step=83700 stages=['IDLE', 'IDLE', 'IDLE', 'IDLE', 'IDLE', 'IDLE', 'ALIGN', 'IDLE'] picks=27 places=23 hand0=[-0.007, 0.094, 0.317] cup_xy0=[0.54, -0.016]
[s1] step=83800 stages=['FAIL', 'IDLE', 'FAIL', 'FAIL', 'IDLE', 'ALIGN', 'ALIGN', 'IDLE'] picks=27 places=23 hand0=[0.38, 0.0, 0.693] cup_xy0=[0.54, -0.016]
[s1] step=83900 stages=['IDLE', 'IDLE', 'IDLE', 'IDLE', 'FAIL', 'DESCEND', 'IDLE', 'IDLE'] picks=27 places=23 hand0=[-0.328, -0.062, 0.379] cup_xy0=[0.54, -0.016]
[s1] step=84000 stages=['IDLE', 'IDLE', 'IDLE', 'IDLE', 'IDLE', 'DESCEND', 'IDLE', 'FAIL'] picks=27 places=23 hand0=[-0.163, -0.029, 0.727] cup_xy0=[0.54, -0.016]
[s1] step=84100 stages=['IDLE', 'IDLE', 'ALIGN', 'IDLE', 'IDLE', 'DESCEND', 'IDLE', 'IDLE'] picks=27 places=23 hand0=[0.105, 0.107, 0.343] cup_xy0=[0.54, -0.016]
[s1] step=84200 stages=['FAIL', 'FAIL', 'ALIGN', 'IDLE', 'IDLE', 'DESCEND', 'FAIL', 'IDLE'] picks=27 places=23 hand0=[0.181, 0.076, 0.161] cup_xy0=[0.54, -0.016]
[s1] step=84300 stages=['IDLE', 'IDLE', 'ALIGN', 'IDLE', 'IDLE', 'IDLE', 'IDLE', 'IDLE'] picks=27 places=23 hand0=[0.443, 0.0, 0.259] cup_xy0=[0.54, -0.016]
[s1] step=84400 stages=['IDLE', 'IDLE', 'ALIGN', 'IDLE', 'IDLE', 'ALIGN', 'IDLE', 'IDLE'] picks=27 places=23 hand0=[0.377, 0.076, 0.677] cup_xy0=[0.54, -0.016]
[s1] close-entry e5: hand=[0.471, -0.048, 0.19] cup_gt=[0.533, -0.042]
[close] e5 t=19 hand_z=0.162 dxy=0.075 stall=0.359
[s1] step=84500 stages=['IDLE', 'IDLE', 'IDLE', 'IDLE', 'IDLE', 'CLOSE', 'IDLE', 'IDLE'] picks=27 places=23 hand0=[0.315, 0.034, 0.872] cup_xy0=[0.54, -0.016]
[close] e5 t=79 hand_z=0.160 dxy=0.078 stall=0.385
[close] e5 t=139 hand_z=0.160 dxy=0.078 stall=0.385
[s1] step=84600 stages=['IDLE', 'FAIL', 'IDLE', 'IDLE', 'FAIL', 'CLOSE', 'FAIL', 'IDLE'] picks=27 places=23 hand0=[0.35, 0.094, 0.865] cup_xy0=[0.54, -0.016]
[close] e5 t=199 hand_z=0.160 dxy=0.078 stall=0.385
[s1] step=84700 stages=['IDLE', 'IDLE', 'IDLE', 'IDLE', 'IDLE', 'CLOSE', 'IDLE', 'FAIL'] picks=27 places=23 hand0=[-0.074, 0.005, 0.142] cup_xy0=[0.54, -0.016]
[s1] step=84800 stages=['IDLE', 'IDLE', 'FAIL', 'IDLE', 'IDLE', 'IDLE', 'IDLE', 'IDLE'] picks=27 places=23 hand0=[-0.097, 0.113, 1.062] cup_xy0=[0.54, -0.016]
[s1] step=84900 stages=['FAIL', 'IDLE', 'IDLE', 'FAIL', 'IDLE', 'ALIGN', 'IDLE', 'IDLE'] picks=27 places=23 hand0=[0.147, 0.025, 0.146] cup_xy0=[0.54, -0.016]
[s1] step=85000 stages=['IDLE', 'IDLE', 'IDLE', 'IDLE', 'FAIL', 'ALIGN', 'IDLE', 'IDLE'] picks=27 places=23 hand0=[-0.059, -0.029, 0.885] cup_xy0=[0.54, -0.016]
[s1] step=85100 stages=['IDLE', 'IDLE', 'IDLE', 'IDLE', 'IDLE', 'ALIGN', 'IDLE', 'IDLE'] picks=27 places=23 hand0=[0.504, 0.013, 0.33] cup_xy0=[0.54, -0.016]
[s1] step=85200 stages=['IDLE', 'IDLE', 'FAIL', 'IDLE', 'IDLE', 'ALIGN', 'IDLE', 'IDLE'] picks=27 places=23 hand0=[0.422, 0.0, 0.908] cup_xy0=[0.54, -0.016]
[s1] step=85300 stages=['IDLE', 'FAIL', 'IDLE', 'IDLE', 'IDLE', 'DESCEND', 'FAIL', 'IDLE'] picks=27 places=23 hand0=[0.01, 0.0, 0.893] cup_xy0=[0.54, -0.016]
[s1] step=85400 stages=['IDLE', 'IDLE', 'IDLE', 'IDLE', 'IDLE', 'DESCEND', 'IDLE', 'FAIL'] picks=27 places=23 hand0=[0.167, -0.107, 0.354] cup_xy0=[0.54, -0.016]
[s1] step=85500 stages=['IDLE', 'IDLE', 'ALIGN', 'IDLE', 'IDLE', 'DESCEND', 'IDLE', 'IDLE'] picks=27 places=23 hand0=[-0.349, -0.041, 0.385] cup_xy0=[0.54, -0.016]
[s1] step=85600 stages=['FAIL', 'IDLE', 'ALIGN', 'FAIL', 'IDLE', 'DESCEND', 'IDLE', 'IDLE'] picks=27 places=23 hand0=[0.187, 0.107, 1.117] cup_xy0=[0.54, -0.016]
[s1] step=85700 stages=['IDLE', 'IDLE', 'ALIGN', 'IDLE', 'FAIL', 'IDLE', 'IDLE', 'IDLE'] picks=27 places=23 hand0=[-0.102, -0.127, 0.296] cup_xy0=[0.54, -0.016]
[s1] step=85800 stages=['IDLE', 'IDLE', 'ALIGN', 'IDLE', 'IDLE', 'ALIGN', 'ALIGN', 'FAIL'] picks=27 places=23 hand0=[-0.192, -0.099, 0.531] cup_xy0=[0.54, -0.016]
[s1] step=85900 stages=['IDLE', 'IDLE', 'IDLE', 'IDLE', 'ALIGN', 'ALIGN', 'ALIGN', 'IDLE'] picks=27 places=23 hand0=[0.426, -0.113, 0.659] cup_xy0=[0.54, -0.016]
[s1] step=86000 stages=['FAIL', 'FAIL', 'IDLE', 'FAIL', 'ALIGN', 'ALIGN', 'ALIGN', 'IDLE'] picks=27 places=23 hand0=[0.234, 0.0, 0.14] cup_xy0=[0.54, -0.016]
[s1] step=86100 stages=['IDLE', 'IDLE', 'ALIGN', 'IDLE', 'ALIGN', 'ALIGN', 'ALIGN', 'IDLE'] picks=27 places=23 hand0=[0.217, 0.113, 0.332] cup_xy0=[0.54, -0.016]
[s1] step=86200 stages=['IDLE', 'IDLE', 'ALIGN', 'IDLE', 'ALIGN', 'FAIL', 'FAIL', 'IDLE'] picks=27 places=23 hand0=[-0.089, -0.053, 1.039] cup_xy0=[0.54, -0.016]
[s1] step=86300 stages=['IDLE', 'IDLE', 'ALIGN', 'IDLE', 'FAIL', 'IDLE', 'IDLE', 'IDLE'] picks=27 places=23 hand0=[0.14, -0.025, 0.393] cup_xy0=[0.54, -0.016]
[s1] step=86400 stages=['IDLE', 'FAIL', 'ALIGN', 'IDLE', 'IDLE', 'ALIGN', 'IDLE', 'IDLE'] picks=27 places=23 hand0=[-0.292, 0.127, 0.785] cup_xy0=[0.54, -0.016]
[s1] step=86500 stages=['IDLE', 'IDLE', 'FAIL', 'IDLE', 'ALIGN', 'ALIGN', 'IDLE', 'FAIL'] picks=27 places=23 hand0=[-0.029, 0.086, 0.306] cup_xy0=[0.54, -0.016]
[s1] step=86600 stages=['IDLE', 'IDLE', 'ALIGN', 'IDLE', 'ALIGN', 'ALIGN', 'IDLE', 'IDLE'] picks=27 places=23 hand0=[0.456, 0.0, 0.71] cup_xy0=[0.54, -0.016]
[s1] step=86700 stages=['FAIL', 'IDLE', 'ALIGN', 'FAIL', 'ALIGN', 'ALIGN', 'IDLE', 'IDLE'] picks=27 places=23 hand0=[-0.241, 0.053, 0.834] cup_xy0=[0.54, -0.016]
[s1] step=86800 stages=['IDLE', 'IDLE', 'ALIGN', 'IDLE', 'ALIGN', 'FAIL', 'IDLE', 'IDLE'] picks=27 places=23 hand0=[0.167, 0.04, 0.398] cup_xy0=[0.54, -0.016]
[s1] acquire e0: vision=[0.506, 0.002] gt=[0.505, 0.001]
[s1] step=86900 stages=['ALIGN', 'IDLE', 'ALIGN', 'IDLE', 'IDLE', 'IDLE', 'FAIL', 'IDLE'] picks=27 places=23 hand0=[-0.214, 0.097, 0.871] cup_xy0=[0.506, 0.002]
[s1] step=87000 stages=['ALIGN', 'IDLE', 'FAIL', 'IDLE', 'IDLE', 'DESCEND', 'IDLE', 'IDLE'] picks=27 places=23 hand0=[0.44, 0.026, 0.837] cup_xy0=[0.506, 0.002]
[s1] close-entry e5: hand=[0.576, -0.076, 0.189] cup_gt=[0.613, -0.078]
[close] e5 t=29 hand_z=0.158 dxy=0.056 stall=0.349
[s1] step=87100 stages=['ALIGN', 'FAIL', 'IDLE', 'IDLE', 'IDLE', 'CLOSE', 'IDLE', 'IDLE'] picks=27 places=23 hand0=[0.256, 0.049, 0.19] cup_xy0=[0.506, 0.002]
[close] e5 t=89 hand_z=0.158 dxy=0.058 stall=0.387
[close] e5 t=149 hand_z=0.158 dxy=0.058 stall=0.384
[s1] step=87200 stages=['ALIGN', 'IDLE', 'IDLE', 'IDLE', 'FAIL', 'CLOSE', 'IDLE', 'IDLE'] picks=27 places=23 hand0=[0.12, -0.054, 1.156] cup_xy0=[0.506, 0.002]
[close] e5 t=209 hand_z=0.158 dxy=0.058 stall=0.384
[s1] step=87300 stages=['FAIL', 'IDLE', 'IDLE', 'IDLE', 'IDLE', 'FAIL', 'FAIL', 'IDLE'] picks=27 places=23 hand0=[-0.133, -0.003, 0.497] cup_xy0=[0.506, 0.002]
[s1] step=87400 stages=['IDLE', 'IDLE', 'IDLE', 'FAIL', 'ALIGN', 'ALIGN', 'IDLE', 'IDLE'] picks=27 places=23 hand0=[-0.107, -0.034, 1.141] cup_xy0=[0.506, 0.002]
[s1] step=87500 stages=['IDLE', 'FAIL', 'IDLE', 'IDLE', 'ALIGN', 'ALIGN', 'IDLE', 'IDLE'] picks=27 places=23 hand0=[-0.159, -0.026, 0.899] cup_xy0=[0.506, 0.002]
[s1] close-entry e5: hand=[0.52, -0.174, 0.186] cup_gt=[0.567, -0.211]
[close] e5 t=32 hand_z=0.156 dxy=0.072 stall=0.318
[s1] step=87600 stages=['IDLE', 'IDLE', 'IDLE', 'IDLE', 'ALIGN', 'CLOSE', 'IDLE', 'FAIL'] picks=27 places=23 hand0=[-0.303, 0.051, 0.755] cup_xy0=[0.506, 0.002]
[close] e5 t=92 hand_z=0.151 dxy=0.075 stall=0.115
[s1] step=87700 stages=['IDLE', 'IDLE', 'ALIGN', 'IDLE', 'ALIGN', 'CLOSE', 'IDLE', 'IDLE'] picks=27 places=23 hand0=[-0.103, -0.026, 0.356] cup_xy0=[0.506, 0.002]
[close] e5 t=152 hand_z=0.150 dxy=0.075 stall=0.091
[s1] acquire e0: vision=[0.437, 0.052] gt=[0.437, 0.049]
[close] e5 t=212 hand_z=0.150 dxy=0.075 stall=0.093
[s1] step=87800 stages=['ALIGN', 'IDLE', 'ALIGN', 'FAIL', 'FAIL', 'CLOSE', 'IDLE', 'IDLE'] picks=27 places=23 hand0=[-0.177, -0.04, 0.703] cup_xy0=[0.437, 0.052]
[s1] step=87900 stages=['ALIGN', 'IDLE', 'ALIGN', 'IDLE', 'IDLE', 'IDLE', 'IDLE', 'IDLE'] picks=27 places=23 hand0=[0.402, -0.013, 0.227] cup_xy0=[0.437, 0.052]
[s1] step=88000 stages=['ALIGN', 'IDLE', 'ALIGN', 'IDLE', 'IDLE', 'IDLE', 'FAIL', 'IDLE'] picks=27 places=23 hand0=[0.47, 0.086, 0.876] cup_xy0=[0.437, 0.052]
[s1] step=88100 stages=['ALIGN', 'IDLE', 'IDLE', 'IDLE', 'IDLE', 'IDLE', 'IDLE', 'IDLE'] picks=27 places=23 hand0=[0.294, 0.003, 0.793] cup_xy0=[0.437, 0.052]
[s1] step=88200 stages=['FAIL', 'FAIL', 'IDLE', 'IDLE', 'FAIL', 'DESCEND', 'IDLE', 'IDLE'] picks=27 places=23 hand0=[0.5, -0.046, 0.963] cup_xy0=[0.437, 0.052]
[s1] close-entry e5: hand=[0.419, 0.048, 0.183] cup_gt=[0.434, 0.06]
[s1] acquire e0: vision=[0.569, 0.041] gt=[0.564, 0.037]
[s1] step=88300 stages=['ALIGN', 'IDLE', 'IDLE', 'IDLE', 'IDLE', 'CLOSE', 'IDLE', 'FAIL'] picks=27 places=23 hand0=[-0.075, 0.074, 0.956] cup_xy0=[0.569, 0.041]
[close] e5 t=60 hand_z=0.196 dxy=0.017 stall=0.381
[close] e5 t=120 hand_z=0.196 dxy=0.017 stall=0.381
[s1] step=88400 stages=['ALIGN', 'IDLE', 'FAIL', 'IDLE', 'IDLE', 'CLOSE', 'IDLE', 'IDLE'] picks=27 places=23 hand0=[0.362, -0.086, 0.704] cup_xy0=[0.569, 0.041]
[close] e5 t=180 hand_z=0.196 dxy=0.017 stall=0.381
[close] e5 t=240 hand_z=0.196 dxy=0.017 stall=0.381
[s1] step=88500 stages=['ALIGN', 'IDLE', 'IDLE', 'FAIL', 'IDLE', 'CLOSE', 'IDLE', 'IDLE'] picks=27 places=23 hand0=[-0.232, -0.095, 0.296] cup_xy0=[0.569, 0.041]
[s1] step=88600 stages=['ALIGN', 'IDLE', 'IDLE', 'IDLE', 'IDLE', 'ALIGN', 'IDLE', 'IDLE'] picks=27 places=23 hand0=[0.324, -0.054, 0.76] cup_xy0=[0.569, 0.041]
[s1] step=88700 stages=['FAIL', 'IDLE', 'IDLE', 'IDLE', 'IDLE', 'DESCEND', 'FAIL', 'FAIL'] picks=27 places=23 hand0=[0.134, 0.013, 1.175] cup_xy0=[0.569, 0.041]
[s1] close-entry e5: hand=[0.495, -0.004, 0.19] cup_gt=[0.479, -0.029]
[close] e5 t=32 hand_z=0.159 dxy=0.028 stall=0.353
[close] e5 t=92 hand_z=0.159 dxy=0.027 stall=0.366
[s1] step=88800 stages=['IDLE', 'IDLE', 'IDLE', 'IDLE', 'IDLE', 'CLOSE', 'IDLE', 'IDLE'] picks=27 places=23 hand0=[0.216, 0.013, 0.426] cup_xy0=[0.569, 0.041]
[close] e5 t=152 hand_z=0.159 dxy=0.027 stall=0.366
[s1] step=88900 stages=['IDLE', 'FAIL', 'IDLE', 'FAIL', 'FAIL', 'CLOSE', 'IDLE', 'IDLE'] picks=27 places=23 hand0=[-0.151, -0.006, 0.769] cup_xy0=[0.569, 0.041]
[close] e5 t=212 hand_z=0.159 dxy=0.027 stall=0.366
[s1] step=89000 stages=['IDLE', 'IDLE', 'IDLE', 'IDLE', 'IDLE', 'FAIL', 'IDLE', 'IDLE'] picks=27 places=23 hand0=[-0.27, 0.028, 0.267] cup_xy0=[0.569, 0.041]
[s1] step=89100 stages=['FAIL', 'IDLE', 'FAIL', 'IDLE', 'IDLE', 'DESCEND', 'FAIL', 'IDLE'] picks=27 places=23 hand0=[-0.078, 0.081, 0.395] cup_xy0=[0.569, 0.041]
[s1] close-entry e5: hand=[0.491, 0.058, 0.183] cup_gt=[0.491, 0.056]
[s1] step=89200 stages=['IDLE', 'IDLE', 'IDLE', 'IDLE', 'IDLE', 'CLOSE', 'IDLE', 'IDLE'] picks=27 places=23 hand0=[0.177, 0.004, 0.411] cup_xy0=[0.569, 0.041]
[close] e5 t=48 hand_z=0.202 dxy=0.005 stall=0.443
[close] e5 t=108 hand_z=0.202 dxy=0.013 stall=0.443
[s1] step=89300 stages=['IDLE', 'FAIL', 'IDLE', 'IDLE', 'FAIL', 'CLOSE', 'IDLE', 'IDLE'] picks=27 places=23 hand0=[-0.298, -0.009, 0.285] cup_xy0=[0.569, 0.041]
[close] e5 t=168 hand_z=0.202 dxy=0.014 stall=0.443
[close] e5 t=228 hand_z=0.202 dxy=0.014 stall=0.443
[s1] step=89400 stages=['IDLE', 'IDLE', 'IDLE', 'IDLE', 'IDLE', 'CLOSE', 'IDLE', 'FAIL'] picks=27 places=23 hand0=[0.265, 0.006, 0.193] cup_xy0=[0.569, 0.041]
[s1] step=89500 stages=['IDLE', 'IDLE', 'FAIL', 'IDLE', 'IDLE', 'IDLE', 'IDLE', 'IDLE'] picks=27 places=23 hand0=[0.149, -0.107, 0.351] cup_xy0=[0.569, 0.041]
[s1] step=89600 stages=['IDLE', 'IDLE', 'IDLE', 'FAIL', 'IDLE', 'DESCEND', 'IDLE', 'IDLE'] picks=27 places=23 hand0=[0.132, 0.04, 1.046] cup_xy0=[0.569, 0.041]
[s1] close-entry e5: hand=[0.544, 0.01, 0.184] cup_gt=[0.561, 0.026]
[close] e5 t=56 hand_z=0.139 dxy=0.129 stall=-0.000
[s1] step=89700 stages=['IDLE', 'IDLE', 'IDLE', 'IDLE', 'IDLE', 'CLOSE', 'IDLE', 'IDLE'] picks=27 places=23 hand0=[0.144, -0.114, 1.069] cup_xy0=[0.569, 0.041]
[close] e5 t=116 hand_z=0.128 dxy=0.131 stall=0.296
[s1] step=89800 stages=['FAIL', 'IDLE', 'IDLE', 'IDLE', 'IDLE', 'CLOSE', 'FAIL', 'IDLE'] picks=27 places=23 hand0=[0.185, 0.115, 0.195] cup_xy0=[0.569, 0.041]
[close] e5 t=176 hand_z=0.130 dxy=0.135 stall=0.233
[close] e5 t=236 hand_z=0.130 dxy=0.135 stall=0.233
[s1] step=89900 stages=['IDLE', 'IDLE', 'IDLE', 'ALIGN', 'IDLE', 'FAIL', 'IDLE', 'IDLE'] picks=27 places=23 hand0=[0.433, -0.005, 0.683] cup_xy0=[0.569, 0.041]
[s1] ======== RESULT: 27 physical picks, 23 physical pick-move-places ========
