Loading user config located at: '/home/oedeh/.venv/isaacsim5/lib/python3.11/site-packages/isaacsim/kit/data/Kit/Isaac-Sim/5.1/user.config.json'
[Info] [carb] Logging to file: /home/oedeh/.venv/isaacsim5/lib/python3.11/site-packages/isaacsim/kit/logs/Kit/Isaac-Sim/5.1/kit_20260730_205125.log
2026-07-31T01:51:25Z [4ms] [Warning] [omni.ext.plugin] [ext: isaaclab_newton] Extensions config 'extension.toml' doesn't exist '/home/oedeh/IsaacLab/source/isaaclab_newton' or '/home/oedeh/IsaacLab/source/isaaclab_newton/config'
2026-07-31T01:51:25Z [4ms] [Warning] [omni.ext.plugin] [ext: isaaclab_physx] Extensions config 'extension.toml' doesn't exist '/home/oedeh/IsaacLab/source/isaaclab_physx' or '/home/oedeh/IsaacLab/source/isaaclab_physx/config'
2026-07-31T01:51:25Z [4ms] [Warning] [omni.ext.plugin] [ext: isaaclab_ppisp] Extensions config 'extension.toml' doesn't exist '/home/oedeh/IsaacLab/source/isaaclab_ppisp' or '/home/oedeh/IsaacLab/source/isaaclab_ppisp/config'

|---------------------------------------------------------------------------------------------|
| Driver Version: 580.173.02    | Graphics API: Vulkan
|=============================================================================================|
| GPU | Name                             | Active | LDA | GPU Memory | Vendor-ID | LUID       |
|     |                                  |        |     |            | Device-ID | UUID       |
|     |                                  |        |     |            | Bus-ID    |            |
|---------------------------------------------------------------------------------------------|
| 0   | NVIDIA GeForce RTX 5090          | Yes: 0 |     | 32607   MB | 10de      | 0          |
|     |                                  |        |     |            | 2b85      | d9b11bde.. |
|     |                                  |        |     |            | 2         |            |
|=============================================================================================|
| OS: 24.04.4 LTS (Noble Numbat) ubuntu, Version: 24.04.4, Kernel: 6.17.0-22-generic
| XServer Vendor: The X.Org Foundation, XServer Version: 12101011 (1.21.1.11)
| Processor: Intel(R) Core(TM) Ultra 9 285K
| Cores: 24 | Logical Cores: 24
|---------------------------------------------------------------------------------------------|
| Total Memory (MB): 31668 | Free Memory: 26093
| Total Page/Swap (MB): 8191 | Free Page/Swap: 6427
|---------------------------------------------------------------------------------------------|
2026-07-31T01:51:26Z [778ms] [Warning] [gpu.foundation.plugin] CPU performance profile is set to powersave. This profile sets the CPU to the lowest frequency reducing performance.
2026-07-31T01:51:26Z [786ms] [Warning] [gpu.foundation.plugin] PCIe link width current (8) and maximum (16) for device 0 don't match.
2026-07-31T01:51:27Z [2,244ms] [Warning] [omni.log] Source: omni.hydra was already registered.
2026-07-31T01:51:27Z [2,326ms] [Warning] [carb] Acquiring non optional plugin interface which is not listed as dependency: [omni::physx::IPhysxBenchmarks v1.0] (plugin: <default plugin>), by client: omni.physics.physx.plugin. Add it to CARB_PLUGIN_IMPL_DEPS() macro of a client.
2026-07-31T01:51:28Z [2,439ms] [Warning] [omni.isaac.dynamic_control] omni.isaac.dynamic_control is deprecated as of Isaac Sim 4.5. No action is needed from end-users.
2026-07-31T01:51:29Z [3,742ms] [Warning] [pxr.Semantics] pxr.Semantics is deprecated - please use Semantics instead
2026-07-31T01:51:29Z [3,803ms] [Warning] [omni.graph.core.plugin] Found duplicate of category 'Replicator' - was 'Annotators', adding 'Fabric Reader'
2026-07-31T01:51:29Z [3,803ms] [Warning] [omni.graph.core.plugin] Category 'Replicator' not accepted on node type 'omni.replicator.core.FabricReader' in extension 'omni.replicator.core'
2026-07-31T01:51:29Z [3,803ms] [Warning] [omni.replicator.core.scripts.extension] No material configuration file, adding configuration to material settings directly.
2026-07-31T01:51:31Z [6,071ms] [Warning] [omni.fabric.plugin] Warning: attribute viewPickingId not found for bucket id 7

[INFO][AppLauncher]: Using device: cuda:0
[INFO][AppLauncher]: Loading experience file: /home/oedeh/IsaacLab/apps/isaaclab.python.headless.rendering.kit

[36m======================================================================================[0m
[36m[1m[INFO][IsaacLab]: Logging to file: /tmp/isaaclab/logs/isaaclab_2026-07-30_20-51-31.log[0m
[36m======================================================================================[0m

[33m20:51:32 [simulation_context.py] WARNING: The `enable_external_forces_every_iteration` parameter in the PhysxCfg is set to False. If you are experiencing noisy velocities, consider enabling this flag. You may need to slightly increase the number of velocity iterations (setting it to 1 or 2 rather than 0), together with this flag, to improve the accuracy of velocity updates.[0m
[INFO]: Base environment:
	Environment device    : cuda:0
	Environment seed      : None
	Physics step-size     : 0.008333333333333333
	Rendering step-size   : 0.008333333333333333
	Environment step-size : 0.016666666666666666
[33m20:51:32 [manager_based_env.py] WARNING: The render interval (1) is smaller than the decimation (2). Multiple render calls will happen for each environment step. If this is not intended, set the render interval to be equal to the decimation.[0m
[INFO]: Time taken for scene creation : 1.095166 seconds
[INFO]: Scene manager:  <class InteractiveScene>
	Number of environments: 8
	Environment spacing   : 2.5
	Source prim name      : /World/envs/env_0
	Global prim paths     : []
	Replicate physics     : True
[INFO]: Starting the simulation. This may take a few seconds. Please wait...
[INFO]: Time taken for simulation start : 1.358258 seconds
[INFO] Event Manager:  <EventManager> contains 1 active terms.
+-------------------------------------+
| Active Event Terms in Mode: 'reset' |
+--------+----------------------------+
| Index  | Name                       |
+--------+----------------------------+
|   0    | reset_scene_to_default     |
+--------+----------------------------+

[INFO] Recorder Manager:  <RecorderManager> contains 0 active terms.
+---------------------+
| Active Recorder Terms |
+-----------+---------+
|   Index   | Name    |
+-----------+---------+
+-----------+---------+

[INFO] Action Manager:  <ActionManager> contains 2 active terms.
+----------------------------------+
|  Active Action Terms (shape: 8)  |
+--------+-----------+-------------+
| Index  | Name      |   Dimension |
+--------+-----------+-------------+
|   0    | arm       |           7 |
|   1    | gripper   |           1 |
+--------+-----------+-------------+

[INFO] Observation Manager: <ObservationManager> contains 1 groups.
+-----------------------------------------------------+
| Active Observation Terms in Group: 'policy' (shape: (13,)) |
+--------------+-----------------------+--------------+
|    Index     | Name                  |    Shape     |
+--------------+-----------------------+--------------+
|      0       | joint_pos             |    (13,)     |
+--------------+-----------------------+--------------+

[s1] boot hand z-axis (world): [0.713, -0.0, -0.702]
[s1] tool-down enforced (tilt was 45.4 deg)
[s1] hand jac row: 7 (cos=1.00; -1 conv would be 7)
[s1] free-close t=30 finger_joint=0.798
[s1] free-close t=60 finger_joint=0.798
[s1] free-close t=90 finger_joint=0.798
[s1] free-close t=120 finger_joint=0.798
[s1] free-close t=150 finger_joint=0.798
[s1] free-close t=180 finger_joint=0.798
[s1] free-close t=210 finger_joint=0.798
[s1] free-close t=240 finger_joint=0.798
[s1] free-close t=270 finger_joint=0.798
[s1] free-close t=300 finger_joint=0.798
[s1] free-air close settled at 0.798 (current grasp band 0.2-0.70)
[s1] acquire e0: vision=[0.501, 0.002] gt=[0.5, 0.0]
[s1] step=0 stages=['ALIGN', 'ALIGN', 'ALIGN', 'ALIGN', 'ALIGN', 'ALIGN', 'ALIGN', 'ALIGN'] picks=0 places=0 hand0=[0.39, -0.001, 0.457] cup_xy0=[0.501, 0.002]
[s1] close-entry e1: hand=[0.495, 0.002, 0.184] cup_gt=[0.507, 0.001]
[s1] close-entry e5: hand=[0.495, 0.001, 0.184] cup_gt=[0.505, 0.001]
[s1] close-entry e0: hand=[0.497, 0.001, 0.185] cup_gt=[0.512, 0.003]
[s1] close-entry e2: hand=[0.496, 0.001, 0.184] cup_gt=[0.509, 0.002]
[s1] close-entry e3: hand=[0.496, 0.001, 0.184] cup_gt=[0.508, 0.001]
[s1] close-entry e4: hand=[0.496, 0.001, 0.183] cup_gt=[0.508, 0.001]
[s1] close-entry e6: hand=[0.494, 0.0, 0.184] cup_gt=[0.504, 0.001]
[s1] close-entry e7: hand=[0.494, 0.002, 0.184] cup_gt=[0.511, 0.002]
[s1] step=100 stages=['CLOSE', 'CLOSE', 'CLOSE', 'CLOSE', 'CLOSE', 'CLOSE', 'CLOSE', 'CLOSE'] picks=0 places=0 hand0=[0.515, -0.009, 0.218] cup_xy0=[0.501, 0.002]
[close] e0 t=56 hand_z=0.220 dxy=0.041 stall=0.799
[close] e0 t=116 hand_z=0.221 dxy=0.044 stall=0.799
[s1] step=200 stages=['CLOSE', 'CLOSE', 'CLOSE', 'CLOSE', 'CLOSE', 'CLOSE', 'CLOSE', 'CLOSE'] picks=0 places=0 hand0=[0.517, -0.011, 0.221] cup_xy0=[0.501, 0.002]
[close] e0 t=176 hand_z=0.221 dxy=0.045 stall=0.799
[close] e0 t=236 hand_z=0.221 dxy=0.045 stall=0.799
[s1] step=300 stages=['CLOSE', 'CLOSE', 'CLOSE', 'CLOSE', 'CLOSE', 'CLOSE', 'CLOSE', 'CLOSE'] picks=0 places=0 hand0=[0.517, -0.011, 0.221] cup_xy0=[0.501, 0.002]
[s1] acquire e0: vision=[0.543, -0.036] gt=[0.54, -0.037]
[s1] step=400 stages=['ALIGN', 'ALIGN', 'ALIGN', 'ALIGN', 'ALIGN', 'ALIGN', 'ALIGN', 'ALIGN'] picks=0 places=0 hand0=[0.334, -0.025, 0.549] cup_xy0=[0.543, -0.036]
[s1] step=500 stages=['DESCEND', 'DESCEND', 'DESCEND', 'DESCEND', 'DESCEND', 'DESCEND', 'DESCEND', 'DESCEND'] picks=0 places=0 hand0=[0.542, -0.028, 0.342] cup_xy0=[0.543, -0.036]
[s1] close-entry e2: hand=[0.455, 0.083, 0.192] cup_gt=[0.456, 0.073]
[s1] close-entry e4: hand=[0.519, -0.028, 0.182] cup_gt=[0.514, -0.007]
[s1] close-entry e6: hand=[0.474, 0.065, 0.183] cup_gt=[0.475, 0.043]
[s1] close-entry e1: hand=[0.455, 0.032, 0.184] cup_gt=[0.443, 0.031]
[s1] close-entry e5: hand=[0.5, -0.074, 0.184] cup_gt=[0.495, -0.111]
[close] e1 t=15 hand_z=0.202 dxy=0.004 stall=0.461
[s1] close-entry e0: hand=[0.547, -0.03, 0.189] cup_gt=[0.538, -0.042]
[s1] close-entry e3: hand=[0.458, -0.018, 0.183] cup_gt=[0.47, 0.042]
[s1] close-entry e7: hand=[0.545, 0.05, 0.185] cup_gt=[0.56, 0.141]
[close] e0 t=50 hand_z=0.127 dxy=0.047 stall=0.010
[s1] step=600 stages=['CLOSE', 'CLOSE', 'CLOSE', 'CLOSE', 'CLOSE', 'CLOSE', 'CLOSE', 'CLOSE'] picks=0 places=0 hand0=[0.475, -0.131, 0.127] cup_xy0=[0.543, -0.036]
[close] e0 t=110 hand_z=0.123 dxy=0.045 stall=0.089
[s1] step=700 stages=['CLOSE', 'CLOSE', 'CLOSE', 'CLOSE', 'CLOSE', 'CLOSE', 'CLOSE', 'CLOSE'] picks=0 places=0 hand0=[0.476, -0.131, 0.125] cup_xy0=[0.543, -0.036]
[close] e0 t=170 hand_z=0.126 dxy=0.049 stall=0.017
[s1] grasp-geom e2: hand-cup_xy=0.006 cup_gt=[0.456, 0.078, 0.02] vision_xy=[0.454, 0.077]
[s1] GRASP (drive stall) envs [2] stall=[0.474]
[lift] e2 t=10 cup_z=0.021 hand_z=0.175 stall=0.495
[s1] grasp-geom e1: hand-cup_xy=0.005 cup_gt=[0.473, 0.094, 0.059] vision_xy=[0.458, 0.029]
[s1] GRASP (drive stall) envs [1] stall=[0.495]
[close] e0 t=230 hand_z=0.126 dxy=0.049 stall=-0.025
[lift] e1 t=14 cup_z=0.060 hand_z=0.211 stall=0.495
[lift] e1 t=34 cup_z=0.089 hand_z=0.239 stall=0.497
[s1] step=800 stages=['FAIL', 'LIFT', 'LIFT', 'FAIL', 'FAIL', 'FAIL', 'FAIL', 'FAIL'] picks=0 places=0 hand0=[0.478, -0.131, 0.126] cup_xy0=[0.543, -0.036]
[s1] LIFTED envs [1, 2] (physical, friction-held)
[s1] step=900 stages=['IDLE', 'PLACE', 'PLACE', 'IDLE', 'DESCEND', 'ALIGN', 'ALIGN', 'IDLE'] picks=2 places=0 hand0=[0.296, 0.001, 0.588] cup_xy0=[0.543, -0.036]
[s1] acquire e0: vision=[0.557, -0.037] gt=[0.554, -0.037]
[s1] step=1000 stages=['DESCEND', 'RELEASE', 'RELEASE', 'DESCEND', 'DESCEND', 'DESCEND', 'DESCEND', 'DESCEND'] picks=2 places=0 hand0=[0.567, -0.023, 0.368] cup_xy0=[0.557, -0.037]
[s1] PLACED envs [1] (full physical pick-move-place)
[rec] episode 1/60 saved (len=305, env=1)
[s1] PLACED envs [2] (full physical pick-move-place)
[rec] episode 2/60 saved (len=305, env=2)
[s1] close-entry e5: hand=[0.535, 0.037, 0.189] cup_gt=[0.444, 0.143]
[close] e5 t=1 hand_z=0.189 dxy=0.140 stall=0.519
[s1] close-entry e4: hand=[0.376, -0.003, 0.192] cup_gt=[0.421, -0.043]
[s1] close-entry e3: hand=[0.426, -0.043, 0.189] cup_gt=[0.43, -0.035]
[s1] close-entry e0: hand=[0.565, -0.038, 0.191] cup_gt=[0.552, -0.027]
[s1] close-entry e7: hand=[0.577, -0.074, 0.191] cup_gt=[0.516, -0.032]
[close] e0 t=38 hand_z=0.153 dxy=0.086 stall=0.199
[s1] step=1100 stages=['CLOSE', 'IDLE', 'IDLE', 'CLOSE', 'CLOSE', 'CLOSE', 'DESCEND', 'CLOSE'] picks=2 places=2 hand0=[0.523, -0.002, 0.137] cup_xy0=[0.557, -0.037]
[close] e0 t=98 hand_z=0.123 dxy=0.086 stall=0.443
[close] e0 t=158 hand_z=0.121 dxy=0.087 stall=0.412
[s1] step=1200 stages=['CLOSE', 'DESCEND', 'DESCEND', 'CLOSE', 'CLOSE', 'CLOSE', 'DESCEND', 'CLOSE'] picks=2 places=2 hand0=[0.507, -0.004, 0.121] cup_xy0=[0.557, -0.037]
[s1] close-entry e2: hand=[0.572, -0.063, 0.19] cup_gt=[0.57, -0.061]
[s1] close-entry e6: hand=[0.54, 0.081, 0.189] cup_gt=[0.559, 0.044]
[s1] close-entry e1: hand=[0.53, -0.047, 0.189] cup_gt=[0.531, -0.018]
[close] e0 t=218 hand_z=0.126 dxy=0.095 stall=0.179
[s1] step=1300 stages=['FAIL', 'CLOSE', 'CLOSE', 'FAIL', 'FAIL', 'FAIL', 'CLOSE', 'FAIL'] picks=2 places=2 hand0=[0.516, 0.002, 0.126] cup_xy0=[0.557, -0.037]
[close] e1 t=75 hand_z=0.179 dxy=0.042 stall=0.798
[close] e1 t=135 hand_z=0.179 dxy=0.045 stall=0.798
[s1] step=1400 stages=['IDLE', 'CLOSE', 'CLOSE', 'ALIGN', 'ALIGN', 'ALIGN', 'CLOSE', 'IDLE'] picks=2 places=2 hand0=[0.349, -0.011, 0.54] cup_xy0=[0.557, -0.037]
[s1] acquire e0: vision=[0.409, -0.039] gt=[0.411, -0.04]
[close] e1 t=195 hand_z=0.179 dxy=0.045 stall=0.798
[s1] grasp-geom e2: hand-cup_xy=0.010 cup_gt=[0.57, -0.096, 0.02] vision_xy=[0.573, -0.055]
[s1] GRASP (drive stall) envs [2] stall=[0.488]
[s1] close-entry e5: hand=[0.414, -0.081, 0.188] cup_gt=[0.412, -0.074]
[s1] close-entry e3: hand=[0.429, -0.011, 0.189] cup_gt=[0.432, -0.022]
[close] e3 t=7 hand_z=0.180 dxy=0.009 stall=0.243
[lift] e2 t=16 cup_z=0.022 hand_z=0.165 stall=0.496
[s1] step=1500 stages=['DESCEND', 'FAIL', 'LIFT', 'CLOSE', 'DESCEND', 'CLOSE', 'FAIL', 'DESCEND'] picks=2 places=2 hand0=[0.388, 0.024, 0.215] cup_xy0=[0.409, -0.039]
[lift] e2 t=36 cup_z=0.053 hand_z=0.193 stall=0.497
[s1] LIFTED envs [2] (physical, friction-held)
[close] e3 t=67 hand_z=0.169 dxy=0.032 stall=0.390
[s1] close-entry e4: hand=[0.398, 0.072, 0.187] cup_gt=[0.431, 0.062]
[s1] close-entry e0: hand=[0.407, -0.042, 0.185] cup_gt=[0.388, -0.028]
[s1] step=1600 stages=['CLOSE', 'ALIGN', 'RELEASE', 'CLOSE', 'CLOSE', 'CLOSE', 'IDLE', 'DESCEND'] picks=3 places=2 hand0=[0.412, -0.013, 0.186] cup_xy0=[0.409, -0.039]
[close] e0 t=30 hand_z=0.187 dxy=0.009 stall=0.376
[s1] PLACED envs [2] (full physical pick-move-place)
[rec] episode 3/60 saved (len=278, env=2)
[close] e0 t=90 hand_z=0.187 dxy=0.009 stall=0.416
[s1] close-entry e7: hand=[0.415, 0.026, 0.185] cup_gt=[0.436, 0.068]
[s1] step=1700 stages=['CLOSE', 'DESCEND', 'DONE', 'CLOSE', 'CLOSE', 'CLOSE', 'DESCEND', 'CLOSE'] picks=3 places=3 hand0=[0.412, 0.008, 0.187] cup_xy0=[0.409, -0.039]
[s1] close-entry e1: hand=[0.428, -0.075, 0.191] cup_gt=[0.434, -0.035]
[close] e0 t=150 hand_z=0.187 dxy=0.009 stall=0.416
[s1] close-entry e6: hand=[0.324, -0.18, 0.192] cup_gt=[0.319, -0.189]
[close] e0 t=210 hand_z=0.187 dxy=0.009 stall=0.416
[s1] step=1800 stages=['CLOSE', 'CLOSE', 'IDLE', 'IDLE', 'CLOSE', 'IDLE', 'CLOSE', 'CLOSE'] picks=3 places=3 hand0=[0.412, 0.008, 0.187] cup_xy0=[0.409, -0.039]
[close] e1 t=145 hand_z=0.168 dxy=0.070 stall=0.799
[s1] step=1900 stages=['IDLE', 'CLOSE', 'DESCEND', 'DESCEND', 'ALIGN', 'DESCEND', 'CLOSE', 'CLOSE'] picks=3 places=3 hand0=[0.358, 0.035, 0.195] cup_xy0=[0.409, -0.039]
[s1] close-entry e2: hand=[0.561, 0.036, 0.187] cup_gt=[0.559, 0.029]
[close] e1 t=205 hand_z=0.168 dxy=0.071 stall=0.799
[s1] close-entry e5: hand=[0.435, -0.033, 0.189] cup_gt=[0.433, -0.035]
[s1] acquire e0: vision=[0.472, 0.005] gt=[0.503, 0.026]
[s1] close-entry e3: hand=[0.552, -0.078, 0.186] cup_gt=[0.619, 0.034]
[close] e2 t=73 hand_z=0.162 dxy=0.006 stall=0.489
[s1] step=2000 stages=['ALIGN', 'FAIL', 'CLOSE', 'CLOSE', 'ALIGN', 'CLOSE', 'CLOSE', 'IDLE'] picks=3 places=3 hand0=[0.477, -0.017, 0.355] cup_xy0=[0.472, 0.005]
[close] e2 t=133 hand_z=0.162 dxy=0.006 stall=0.489
[s1] close-entry e7: hand=[0.493, 0.004, 0.19] cup_gt=[0.487, 0.005]
[close] e2 t=193 hand_z=0.162 dxy=0.006 stall=0.489
[s1] step=2100 stages=['DESCEND', 'ALIGN', 'CLOSE', 'CLOSE', 'DESCEND', 'CLOSE', 'IDLE', 'CLOSE'] picks=3 places=3 hand0=[0.472, 0.024, 0.193] cup_xy0=[0.472, 0.005]
[s1] close-entry e0: hand=[0.472, 0.012, 0.186] cup_gt=[0.503, 0.026]
[s1] grasp-geom e2: hand-cup_xy=0.006 cup_gt=[0.557, 0.028, 0.02] vision_xy=[0.559, 0.029]
[s1] GRASP (drive stall) envs [2] stall=[0.489]
[close] e0 t=50 hand_z=0.199 dxy=0.055 stall=0.395
[lift] e2 t=12 cup_z=0.021 hand_z=0.164 stall=0.490
[lift] e2 t=32 cup_z=0.054 hand_z=0.194 stall=0.491
[s1] LIFTED envs [2] (physical, friction-held)
[s1] step=2200 stages=['CLOSE', 'DESCEND', 'CARRY', 'CLOSE', 'DESCEND', 'FAIL', 'DESCEND', 'CLOSE'] picks=4 places=3 hand0=[0.476, -0.036, 0.199] cup_xy0=[0.472, 0.005]
[close] e0 t=110 hand_z=0.199 dxy=0.056 stall=0.395
[close] e0 t=170 hand_z=0.199 dxy=0.056 stall=0.395
[s1] close-entry e6: hand=[0.546, -0.014, 0.19] cup_gt=[0.63, 0.09]
[s1] step=2300 stages=['CLOSE', 'DESCEND', 'RELEASE', 'IDLE', 'DESCEND', 'ALIGN', 'CLOSE', 'CLOSE'] picks=4 places=3 hand0=[0.476, -0.036, 0.199] cup_xy0=[0.472, 0.005]
[s1] grasp-geom e7: hand-cup_xy=0.007 cup_gt=[0.486, 0.004, 0.02] vision_xy=[0.486, 0.006]
[s1] GRASP (drive stall) envs [7] stall=[0.489]
[lift] e7 t=11 cup_z=0.021 hand_z=0.169 stall=0.495
[s1] close-entry e1: hand=[0.512, -0.044, 0.192] cup_gt=[0.367, 0.038]
[close] e0 t=230 hand_z=0.199 dxy=0.056 stall=0.395
[lift] e7 t=31 cup_z=0.032 hand_z=0.177 stall=0.497
[lift] e7 t=51 cup_z=0.096 hand_z=0.243 stall=0.499
[s1] LIFTED envs [7] (physical, friction-held)
[s1] PLACED envs [2] (full physical pick-move-place)
[rec] episode 4/60 saved (len=281, env=2)
[s1] close-entry e5: hand=[0.417, -0.036, 0.182] cup_gt=[0.422, -0.029]
[close] e1 t=71 hand_z=0.175 dxy=0.205 stall=0.801
[s1] step=2400 stages=['FAIL', 'CLOSE', 'DONE', 'DESCEND', 'DESCEND', 'CLOSE', 'CLOSE', 'CARRY'] picks=5 places=4 hand0=[0.477, -0.037, 0.2] cup_xy0=[0.472, 0.005]
[s1] close-entry e3: hand=[0.487, 0.027, 0.189] cup_gt=[0.482, -0.027]
[s1] acquire e0: vision=[0.518, -0.047] gt=[0.536, -0.06]
[close] e1 t=131 hand_z=0.175 dxy=0.210 stall=0.801
[s1] step=2500 stages=['ALIGN', 'CLOSE', 'ALIGN', 'CLOSE', 'IDLE', 'CLOSE', 'CLOSE', 'CARRY'] picks=5 places=4 hand0=[0.523, -0.024, 0.374] cup_xy0=[0.518, -0.047]
[close] e1 t=191 hand_z=0.175 dxy=0.211 stall=0.801
[close] e3 t=149 hand_z=0.159 dxy=0.053 stall=0.384
[s1] step=2600 stages=['ALIGN', 'FAIL', 'ALIGN', 'CLOSE', 'IDLE', 'CLOSE', 'IDLE', 'CARRY'] picks=5 places=4 hand0=[0.411, -0.051, 0.333] cup_xy0=[0.518, -0.047]
[close] e3 t=209 hand_z=0.159 dxy=0.053 stall=0.384
[s1] close-entry e2: hand=[0.507, -0.182, 0.184] cup_gt=[0.501, -0.21]
[s1] close-entry e0: hand=[0.521, -0.041, 0.187] cup_gt=[0.543, -0.052]
[close] e0 t=31 hand_z=0.209 dxy=0.019 stall=0.378
[s1] step=2700 stages=['CLOSE', 'ALIGN', 'CLOSE', 'FAIL', 'DESCEND', 'IDLE', 'DESCEND', 'PLACE'] picks=5 places=4 hand0=[0.523, -0.059, 0.209] cup_xy0=[0.518, -0.047]
[s1] close-entry e4: hand=[0.407, 0.04, 0.188] cup_gt=[0.424, 0.039]
[close] e0 t=91 hand_z=0.210 dxy=0.020 stall=0.412
[s1] close-entry e6: hand=[0.441, 0.06, 0.189] cup_gt=[0.44, 0.049]
[s1] step=2800 stages=['CLOSE', 'DESCEND', 'CLOSE', 'ALIGN', 'CLOSE', 'DESCEND', 'CLOSE', 'PLACE'] picks=5 places=4 hand0=[0.523, -0.06, 0.21] cup_xy0=[0.518, -0.047]
[close] e0 t=151 hand_z=0.210 dxy=0.020 stall=0.412
[s1] close-entry e5: hand=[0.555, -0.033, 0.191] cup_gt=[0.551, -0.026]
[close] e0 t=211 hand_z=0.210 dxy=0.020 stall=0.412
[s1] step=2900 stages=['CLOSE', 'DESCEND', 'CLOSE', 'DESCEND', 'CLOSE', 'CLOSE', 'CLOSE', 'PLACE'] picks=5 places=4 hand0=[0.523, -0.06, 0.21] cup_xy0=[0.518, -0.047]
[s1] close-entry e1: hand=[0.378, 0.005, 0.187] cup_gt=[0.277, -0.099]
[close] e1 t=15 hand_z=0.181 dxy=0.125 stall=0.292
[s1] close-entry e3: hand=[0.428, 0.077, 0.191] cup_gt=[0.459, 0.09]
[close] e1 t=75 hand_z=0.180 dxy=0.122 stall=0.408
[s1] step=3000 stages=['IDLE', 'CLOSE', 'IDLE', 'CLOSE', 'FAIL', 'CLOSE', 'CLOSE', 'IDLE'] picks=5 places=4 hand0=[0.335, 0.02, 0.245] cup_xy0=[0.518, -0.047]
[s1] acquire e0: vision=[0.455, 0.058] gt=[0.456, 0.054]
[close] e1 t=135 hand_z=0.180 dxy=0.123 stall=0.408
[s1] step=3100 stages=['ALIGN', 'CLOSE', 'IDLE', 'CLOSE', 'ALIGN', 'FAIL', 'IDLE', 'DESCEND'] picks=5 places=4 hand0=[0.473, 0.028, 0.381] cup_xy0=[0.455, 0.058]
[close] e1 t=195 hand_z=0.180 dxy=0.123 stall=0.408
[s1] close-entry e7: hand=[0.577, -0.016, 0.186] cup_gt=[0.571, -0.027]
[close] e3 t=211 hand_z=0.177 dxy=0.039 stall=0.387
[s1] close-entry e0: hand=[0.459, 0.062, 0.191] cup_gt=[0.454, 0.053]
[s1] step=3200 stages=['CLOSE', 'FAIL', 'IDLE', 'CLOSE', 'DESCEND', 'ALIGN', 'ALIGN', 'CLOSE'] picks=5 places=4 hand0=[0.46, 0.053, 0.185] cup_xy0=[0.455, 0.058]
[s1] close-entry e4: hand=[0.535, 0.076, 0.189] cup_gt=[0.533, 0.067]
[close] e0 t=44 hand_z=0.145 dxy=0.051 stall=0.068
[s1] close-entry e6: hand=[0.439, -0.057, 0.183] cup_gt=[0.451, -0.05]
[close] e0 t=104 hand_z=0.142 dxy=0.054 stall=0.169
[s1] step=3300 stages=['CLOSE', 'ALIGN', 'FAIL', 'IDLE', 'CLOSE', 'DESCEND', 'CLOSE', 'CLOSE'] picks=5 places=4 hand0=[0.429, 0.014, 0.142] cup_xy0=[0.455, 0.058]
[s1] close-entry e5: hand=[0.47, -0.028, 0.184] cup_gt=[0.463, -0.012]
[close] e0 t=164 hand_z=0.142 dxy=0.055 stall=0.168
[s1] step=3400 stages=['CLOSE', 'DESCEND', 'IDLE', 'DESCEND', 'CLOSE', 'CLOSE', 'CLOSE', 'FAIL'] picks=5 places=4 hand0=[0.43, 0.014, 0.142] cup_xy0=[0.455, 0.058]
[s1] close-entry e3: hand=[0.438, 0.031, 0.184] cup_gt=[0.441, 0.024]
[close] e0 t=224 hand_z=0.142 dxy=0.055 stall=0.167
[s1] close-entry e1: hand=[0.492, 0.034, 0.19] cup_gt=[0.522, 0.072]
[close] e1 t=51 hand_z=0.191 dxy=0.037 stall=0.403
[s1] step=3500 stages=['IDLE', 'CLOSE', 'IDLE', 'CLOSE', 'FAIL', 'CLOSE', 'CLOSE', 'ALIGN'] picks=5 places=4 hand0=[0.428, 0.013, 0.152] cup_xy0=[0.455, 0.058]
[close] e1 t=111 hand_z=0.191 dxy=0.041 stall=0.403
[s1] acquire e0: vision=[0.511, -0.037] gt=[0.537, -0.023]
[close] e1 t=171 hand_z=0.191 dxy=0.042 stall=0.403
[s1] step=3600 stages=['ALIGN', 'CLOSE', 'IDLE', 'CLOSE', 'ALIGN', 'FAIL', 'FAIL', 'DESCEND'] picks=5 places=4 hand0=[0.496, 0.07, 0.353] cup_xy0=[0.511, -0.037]
[close] e1 t=231 hand_z=0.191 dxy=0.042 stall=0.403
[s1] step=3700 stages=['ALIGN', 'FAIL', 'IDLE', 'FAIL', 'DESCEND', 'ALIGN', 'DESCEND', 'DESCEND'] picks=5 places=4 hand0=[0.511, -0.024, 0.346] cup_xy0=[0.511, -0.037]
[s1] close-entry e4: hand=[0.411, -0.039, 0.19] cup_gt=[0.441, -0.053]
[s1] close-entry e6: hand=[0.462, -0.043, 0.185] cup_gt=[0.463, -0.032]
[close] e4 t=51 hand_z=0.166 dxy=0.050 stall=0.392
[s1] step=3800 stages=['ALIGN', 'ALIGN', 'IDLE', 'ALIGN', 'CLOSE', 'DESCEND', 'CLOSE', 'DESCEND'] picks=5 places=4 hand0=[0.511, -0.024, 0.349] cup_xy0=[0.511, -0.037]
[close] e4 t=111 hand_z=0.166 dxy=0.050 stall=0.392
[s1] close-entry e7: hand=[0.499, 0.024, 0.184] cup_gt=[0.532, -0.005]
[s1] close-entry e3: hand=[0.556, 0.056, 0.189] cup_gt=[0.555, 0.058]
[close] e3 t=24 hand_z=0.219 dxy=0.013 stall=0.488
[s1] step=3900 stages=['DESCEND', 'DESCEND', 'IDLE', 'CLOSE', 'CLOSE', 'DESCEND', 'CLOSE', 'CLOSE'] picks=5 places=4 hand0=[0.202, -0.366, 0.237] cup_xy0=[0.511, -0.037]
[s1] close-entry e5: hand=[0.477, 0.084, 0.19] cup_gt=[0.527, 0.133]
[s1] close-entry e1: hand=[0.421, -0.02, 0.191] cup_gt=[0.421, -0.033]
[close] e1 t=32 hand_z=0.165 dxy=0.031 stall=0.352
[s1] step=4000 stages=['DESCEND', 'CLOSE', 'FAIL', 'CLOSE', 'FAIL', 'CLOSE', 'FAIL', 'CLOSE'] picks=5 places=4 hand0=[-0.289, 0.155, 0.378] cup_xy0=[0.511, -0.037]
[close] e1 t=92 hand_z=0.164 dxy=0.031 stall=0.389
[close] e1 t=152 hand_z=0.163 dxy=0.031 stall=0.389
[s1] step=4100 stages=['DESCEND', 'CLOSE', 'IDLE', 'CLOSE', 'ALIGN', 'CLOSE', 'ALIGN', 'FAIL'] picks=5 places=4 hand0=[-0.141, 0.09, 0.558] cup_xy0=[0.511, -0.037]
[s1] grasp-geom e3: hand-cup_xy=0.017 cup_gt=[0.585, 0.025, 0.077] vision_xy=[0.555, 0.05]
[s1] GRASP (drive stall) envs [3] stall=[0.497]
[lift] e3 t=3 cup_z=0.077 hand_z=0.224 stall=0.497
[close] e1 t=212 hand_z=0.163 dxy=0.031 stall=0.389
[lift] e3 t=23 cup_z=0.098 hand_z=0.245 stall=0.498
[s1] LIFTED envs [3] (physical, friction-held)
[s1] close-entry e6: hand=[0.48, 0.053, 0.192] cup_gt=[0.48, 0.036]
[close] e6 t=24 hand_z=0.160 dxy=0.018 stall=0.339
[s1] step=4200 stages=['DESCEND', 'FAIL', 'IDLE', 'PLACE', 'ALIGN', 'FAIL', 'CLOSE', 'IDLE'] picks=6 places=4 hand0=[0.065, 0.126, 0.498] cup_xy0=[0.511, -0.037]
[close] e6 t=84 hand_z=0.160 dxy=0.023 stall=0.383
[s1] step=4300 stages=['IDLE', 'ALIGN', 'IDLE', 'RELEASE', 'DESCEND', 'DESCEND', 'CLOSE', 'DESCEND'] picks=6 places=4 hand0=[-0.049, 0.243, 0.507] cup_xy0=[0.511, -0.037]
[s1] PLACED envs [3] (full physical pick-move-place)
[rec] episode 5/60 saved (len=288, env=3)
[close] e6 t=144 hand_z=0.160 dxy=0.023 stall=0.383
[s1] close-entry e5: hand=[0.489, 0.056, 0.188] cup_gt=[0.474, 0.04]
[close] e5 t=27 hand_z=0.159 dxy=0.015 stall=0.339
[s1] close-entry e7: hand=[0.459, 0.082, 0.191] cup_gt=[0.456, 0.068]
[s1] step=4400 stages=['IDLE', 'DESCEND', 'FAIL', 'IDLE', 'DESCEND', 'CLOSE', 'CLOSE', 'CLOSE'] picks=6 places=5 hand0=[0.233, -0.176, 0.394] cup_xy0=[0.511, -0.037]
[s1] close-entry e1: hand=[0.536, 0.037, 0.188] cup_gt=[0.479, -0.006]
[s1] acquire e0: vision=[0.422, -0.058] gt=[0.424, -0.057]
[close] e1 t=39 hand_z=0.171 dxy=0.071 stall=0.390
[close] e1 t=99 hand_z=0.170 dxy=0.078 stall=0.390
[s1] step=4500 stages=['DESCEND', 'CLOSE', 'IDLE', 'IDLE', 'DESCEND', 'CLOSE', 'IDLE', 'CLOSE'] picks=6 places=5 hand0=[0.41, -0.039, 0.283] cup_xy0=[0.422, -0.058]
[s1] close-entry e0: hand=[0.42, -0.065, 0.183] cup_gt=[0.424, -0.057]
[close] e0 t=5 hand_z=0.176 dxy=0.006 stall=0.237
[s1] step=4600 stages=['CLOSE', 'CLOSE', 'IDLE', 'IDLE', 'DESCEND', 'FAIL', 'DESCEND', 'CLOSE'] picks=6 places=5 hand0=[0.414, -0.043, 0.165] cup_xy0=[0.422, -0.058]
[close] e0 t=65 hand_z=0.165 dxy=0.013 stall=0.412
[s1] close-entry e6: hand=[0.502, 0.03, 0.187] cup_gt=[0.559, -0.012]
[close] e0 t=125 hand_z=0.165 dxy=0.013 stall=0.412
[s1] step=4700 stages=['CLOSE', 'FAIL', 'IDLE', 'FAIL', 'IDLE', 'ALIGN', 'CLOSE', 'IDLE'] picks=6 places=5 hand0=[0.414, -0.044, 0.165] cup_xy0=[0.422, -0.058]
[close] e0 t=185 hand_z=0.165 dxy=0.013 stall=0.412
[close] e6 t=137 hand_z=0.175 dxy=0.361 stall=0.409
[s1] step=4800 stages=['FAIL', 'DESCEND', 'IDLE', 'ALIGN', 'ALIGN', 'DESCEND', 'CLOSE', 'DESCEND'] picks=6 places=5 hand0=[0.414, -0.043, 0.165] cup_xy0=[0.422, -0.058]
[s1] close-entry e5: hand=[0.569, 0.078, 0.183] cup_gt=[0.566, 0.071]
[s1] close-entry e7: hand=[0.549, -0.009, 0.183] cup_gt=[0.548, -0.006]
[close] e5 t=19 hand_z=0.202 dxy=0.013 stall=0.309
[s1] close-entry e1: hand=[0.323, -0.023, 0.192] cup_gt=[0.255, -0.051]
[s1] close-entry e4: hand=[0.424, 0.008, 0.192] cup_gt=[0.421, 0.006]
[s1] close-entry e3: hand=[0.47, 0.019, 0.19] cup_gt=[0.514, 0.034]
[s1] acquire e0: vision=[0.541, 0.031] gt=[0.569, 0.035]
[s1] step=4900 stages=['ALIGN', 'CLOSE', 'IDLE', 'CLOSE', 'CLOSE', 'CLOSE', 'CLOSE', 'CLOSE'] picks=6 places=5 hand0=[0.362, 0.026, 0.505] cup_xy0=[0.541, 0.031]
[close] e1 t=55 hand_z=0.187 dxy=0.074 stall=0.406
[close] e1 t=115 hand_z=0.187 dxy=0.074 stall=0.406
[s1] step=5000 stages=['DESCEND', 'CLOSE', 'IDLE', 'CLOSE', 'CLOSE', 'CLOSE', 'ALIGN', 'CLOSE'] picks=6 places=5 hand0=[0.52, 0.098, 0.202] cup_xy0=[0.541, 0.031]
[close] e1 t=175 hand_z=0.187 dxy=0.074 stall=0.406
[s1] close-entry e0: hand=[0.538, 0.038, 0.189] cup_gt=[0.569, 0.03]
[close] e0 t=58 hand_z=0.228 dxy=0.006 stall=0.799
[s1] step=5100 stages=['CLOSE', 'CLOSE', 'FAIL', 'CLOSE', 'CLOSE', 'FAIL', 'DESCEND', 'FAIL'] picks=6 places=5 hand0=[0.568, 0.021, 0.228] cup_xy0=[0.541, 0.031]
[s1] close-entry e6: hand=[0.513, -0.001, 0.188] cup_gt=[0.502, -0.012]
[close] e0 t=118 hand_z=0.228 dxy=0.006 stall=0.799
[s1] step=5200 stages=['CLOSE', 'IDLE', 'IDLE', 'IDLE', 'ALIGN', 'IDLE', 'CLOSE', 'ALIGN'] picks=6 places=5 hand0=[0.568, 0.021, 0.228] cup_xy0=[0.541, 0.031]
[close] e0 t=178 hand_z=0.228 dxy=0.006 stall=0.799
[close] e0 t=238 hand_z=0.228 dxy=0.006 stall=0.799
[s1] step=5300 stages=['FAIL', 'DESCEND', 'IDLE', 'DESCEND', 'DESCEND', 'DESCEND', 'CLOSE', 'DESCEND'] picks=6 places=5 hand0=[0.568, 0.02, 0.228] cup_xy0=[0.541, 0.031]
[s1] close-entry e4: hand=[0.444, -0.012, 0.19] cup_gt=[0.445, -0.008]
[s1] close-entry e5: hand=[0.392, 0.103, 0.191] cup_gt=[0.435, 0.08]
[s1] close-entry e3: hand=[0.497, 0.046, 0.189] cup_gt=[0.501, 0.087]
[close] e3 t=1 hand_z=0.189 dxy=0.042 stall=0.523
[s1] close-entry e7: hand=[0.451, 0.062, 0.19] cup_gt=[0.451, 0.072]
[s1] acquire e0: vision=[0.434, 0.055] gt=[0.444, 0.063]
[s1] close-entry e1: hand=[0.388, -0.06, 0.188] cup_gt=[0.422, -0.06]
[close] e1 t=12 hand_z=0.186 dxy=0.038 stall=0.324
[s1] step=5400 stages=['ALIGN', 'CLOSE', 'IDLE', 'CLOSE', 'CLOSE', 'CLOSE', 'FAIL', 'CLOSE'] picks=6 places=5 hand0=[0.389, 0.0, 0.451] cup_xy0=[0.434, 0.055]
[close] e1 t=72 hand_z=0.185 dxy=0.044 stall=0.391
[s1] step=5500 stages=['DESCEND', 'CLOSE', 'FAIL', 'CLOSE', 'CLOSE', 'CLOSE', 'ALIGN', 'CLOSE'] picks=6 places=5 hand0=[0.379, 0.159, 0.222] cup_xy0=[0.434, 0.055]
[close] e1 t=132 hand_z=0.185 dxy=0.044 stall=0.391
[s1] close-entry e0: hand=[0.437, 0.048, 0.192] cup_gt=[0.472, 0.027]
[close] e0 t=26 hand_z=0.185 dxy=0.060 stall=0.736
[s1] step=5600 stages=['CLOSE', 'CLOSE', 'IDLE', 'FAIL', 'FAIL', 'FAIL', 'DESCEND', 'CLOSE'] picks=6 places=5 hand0=[0.411, 0.13, 0.184] cup_xy0=[0.434, 0.055]
[s1] close-entry e6: hand=[0.403, -0.012, 0.191] cup_gt=[0.394, -0.009]
[close] e0 t=86 hand_z=0.184 dxy=0.043 stall=0.800
[close] e0 t=146 hand_z=0.184 dxy=0.041 stall=0.800
[s1] step=5700 stages=['CLOSE', 'IDLE', 'IDLE', 'ALIGN', 'DESCEND', 'ALIGN', 'CLOSE', 'IDLE'] picks=6 places=5 hand0=[0.409, 0.134, 0.184] cup_xy0=[0.434, 0.055]
[close] e0 t=206 hand_z=0.184 dxy=0.041 stall=0.800
[s1] close-entry e3: hand=[0.465, -0.057, 0.188] cup_gt=[0.462, -0.066]
[s1] close-entry e4: hand=[0.479, 0.028, 0.19] cup_gt=[0.479, 0.065]
[s1] step=5800 stages=['FAIL', 'DESCEND', 'IDLE', 'CLOSE', 'CLOSE', 'DESCEND', 'CLOSE', 'DESCEND'] picks=6 places=5 hand0=[0.409, 0.134, 0.184] cup_xy0=[0.434, 0.055]
[close] e3 t=32 hand_z=0.188 dxy=0.003 stall=0.604
[s1] close-entry e1: hand=[0.438, -0.002, 0.185] cup_gt=[0.421, -0.021]
[s1] close-entry e7: hand=[0.425, -0.032, 0.191] cup_gt=[0.433, -0.022]
[close] e1 t=45 hand_z=0.158 dxy=0.248 stall=0.332
[s1] acquire e0: vision=[0.562, -0.002] gt=[0.559, -0.003]
[s1] step=5900 stages=['ALIGN', 'CLOSE', 'ALIGN', 'CLOSE', 'CLOSE', 'DESCEND', 'FAIL', 'CLOSE'] picks=6 places=5 hand0=[0.36, 0.018, 0.627] cup_xy0=[0.562, -0.002]
[close] e1 t=105 hand_z=0.157 dxy=0.318 stall=0.295
[s1] close-entry e0: hand=[0.563, -0.004, 0.189] cup_gt=[0.569, 0.042]
[close] e0 t=3 hand_z=0.194 dxy=0.046 stall=0.540
[s1] step=6000 stages=['CLOSE', 'CLOSE', 'ALIGN', 'CLOSE', 'CLOSE', 'DESCEND', 'ALIGN', 'CLOSE'] picks=6 places=5 hand0=[0.566, 0.009, 0.194] cup_xy0=[0.562, -0.002]
[s1] grasp-geom e3: hand-cup_xy=0.013 cup_gt=[0.443, -0.082, 0.022] vision_xy=[0.464, -0.064]
[s1] GRASP (drive stall) envs [3] stall=[0.517]
[lift] e3 t=11 cup_z=0.021 hand_z=0.156 stall=0.401
[close] e0 t=63 hand_z=0.219 dxy=0.020 stall=0.801
[lift] e3 t=31 cup_z=0.020 hand_z=0.178 stall=0.800
[lift] e3 t=51 cup_z=0.020 hand_z=0.242 stall=0.801
[lift] e3 t=71 cup_z=0.020 hand_z=0.291 stall=0.801
[s1] step=6100 stages=['CLOSE', 'FAIL', 'ALIGN', 'LIFT', 'IDLE', 'DESCEND', 'DESCEND', 'FAIL'] picks=6 places=5 hand0=[0.559, 0.114, 0.22] cup_xy0=[0.562, -0.002]
[close] e0 t=123 hand_z=0.220 dxy=0.024 stall=0.801
[lift] e3 t=91 cup_z=0.020 hand_z=0.326 stall=0.802
[lift] e3 t=111 cup_z=0.020 hand_z=0.352 stall=0.802
[s1] close-entry e6: hand=[0.455, 0.011, 0.189] cup_gt=[0.493, 0.003]
[lift] e3 t=131 cup_z=0.020 hand_z=0.339 stall=0.802
[close] e0 t=183 hand_z=0.220 dxy=0.024 stall=0.801
[lift] e3 t=151 cup_z=0.020 hand_z=0.344 stall=0.803
[lift] e3 t=171 cup_z=0.020 hand_z=0.349 stall=0.802
[s1] step=6200 stages=['CLOSE', 'ALIGN', 'ALIGN', 'LIFT', 'DESCEND', 'FAIL', 'CLOSE', 'IDLE'] picks=6 places=5 hand0=[0.558, 0.115, 0.22] cup_xy0=[0.562, -0.002]
[lift] e3 t=191 cup_z=0.020 hand_z=0.349 stall=0.803
[close] e6 t=96 hand_z=0.196 dxy=0.069 stall=0.420
[lift] e3 t=211 cup_z=0.020 hand_z=0.349 stall=0.802
[lift] e3 t=231 cup_z=0.020 hand_z=0.350 stall=0.802
[lift] e3 t=251 cup_z=0.020 hand_z=0.351 stall=0.802
[s1] close-entry e4: hand=[0.521, 0.022, 0.183] cup_gt=[0.492, -0.022]
[close] e4 t=10 hand_z=0.189 dxy=0.043 stall=0.280
[lift] e3 t=271 cup_z=0.020 hand_z=0.351 stall=0.802
[s1] step=6300 stages=['IDLE', 'DESCEND', 'FAIL', 'LIFT', 'CLOSE', 'IDLE', 'CLOSE', 'DESCEND'] picks=6 places=5 hand0=[0.558, 0.114, 0.219] cup_xy0=[0.562, -0.002]
[lift] e3 t=291 cup_z=0.020 hand_z=0.350 stall=0.802
[s1] close-entry e7: hand=[0.486, -0.066, 0.192] cup_gt=[0.504, -0.024]
[s1] close-entry e1: hand=[0.486, 0.016, 0.191] cup_gt=[0.477, 0.026]
[lift] e3 t=311 cup_z=0.020 hand_z=0.350 stall=0.802
[close] e1 t=32 hand_z=0.162 dxy=0.007 stall=0.373
[lift] e3 t=331 cup_z=0.020 hand_z=0.350 stall=0.802
[s1] acquire e0: vision=[0.519, -0.051] gt=[0.517, -0.051]
[lift] e3 t=351 cup_z=0.020 hand_z=0.350 stall=0.802
[lift] e3 t=371 cup_z=0.020 hand_z=0.350 stall=0.802
[s1] step=6400 stages=['DESCEND', 'CLOSE', 'IDLE', 'LIFT', 'CLOSE', 'DESCEND', 'FAIL', 'CLOSE'] picks=6 places=5 hand0=[0.496, -0.085, 0.315] cup_xy0=[0.519, -0.051]
[close] e1 t=92 hand_z=0.160 dxy=0.006 stall=0.383
[lift] e3 t=391 cup_z=0.020 hand_z=0.350 stall=0.802
[s1] close-entry e5: hand=[0.454, 0.013, 0.188] cup_gt=[0.455, 0.016]
[s1] close-entry e0: hand=[0.523, -0.051, 0.19] cup_gt=[0.513, -0.049]
[close] e0 t=22 hand_z=0.165 dxy=0.007 stall=0.485
[s1] step=6500 stages=['CLOSE', 'CLOSE', 'IDLE', 'IDLE', 'CLOSE', 'CLOSE', 'ALIGN', 'CLOSE'] picks=6 places=5 hand0=[0.503, -0.039, 0.165] cup_xy0=[0.519, -0.051]
[close] e0 t=82 hand_z=0.165 dxy=0.009 stall=0.495
[s1] close-entry e3: hand=[0.434, 0.005, 0.191] cup_gt=[0.469, -0.01]
[close] e0 t=142 hand_z=0.165 dxy=0.009 stall=0.494
[s1] step=6600 stages=['CLOSE', 'FAIL', 'IDLE', 'CLOSE', 'IDLE', 'CLOSE', 'DESCEND', 'FAIL'] picks=6 places=5 hand0=[0.503, -0.039, 0.165] cup_xy0=[0.519, -0.051]
[s1] close-entry e6: hand=[0.466, -0.088, 0.191] cup_gt=[0.477, -0.076]
[close] e0 t=202 hand_z=0.165 dxy=0.009 stall=0.494
[s1] grasp-geom e0: hand-cup_xy=0.009 cup_gt=[0.505, -0.03, 0.021] vision_xy=[0.519, -0.051]
[s1] GRASP (drive stall) envs [0] stall=[0.494]
[lift] e0 t=1 cup_z=0.021 hand_z=0.165 stall=0.495
[s1] step=6700 stages=['LIFT', 'ALIGN', 'FAIL', 'CLOSE', 'DESCEND', 'FAIL', 'CLOSE', 'DESCEND'] picks=6 places=5 hand0=[0.503, -0.039, 0.165] cup_xy0=[0.519, -0.051]
[close] e3 t=131 hand_z=0.175 dxy=0.058 stall=0.797
[lift] e0 t=21 cup_z=0.026 hand_z=0.169 stall=0.495
[lift] e0 t=41 cup_z=0.085 hand_z=0.227 stall=0.495
[s1] LIFTED envs [0] (physical, friction-held)
[s1] close-entry e4: hand=[0.528, -0.051, 0.189] cup_gt=[0.525, -0.057]
[close] e3 t=191 hand_z=0.175 dxy=0.058 stall=0.797
[s1] step=6800 stages=['PLACE', 'DESCEND', 'IDLE', 'CLOSE', 'CLOSE', 'IDLE', 'CLOSE', 'DESCEND'] picks=7 places=5 hand0=[0.528, -0.218, 0.346] cup_xy0=[0.519, -0.051]
[s1] close-entry e7: hand=[0.485, -0.03, 0.19] cup_gt=[0.493, -0.081]
[s1] close-entry e1: hand=[0.585, -0.019, 0.19] cup_gt=[0.58, -0.033]
[close] e1 t=7 hand_z=0.176 dxy=0.009 stall=0.258
[close] e1 t=67 hand_z=0.158 dxy=0.012 stall=0.362
[s1] step=6900 stages=['RELEASE', 'CLOSE', 'IDLE', 'IDLE', 'CLOSE', 'DESCEND', 'FAIL', 'CLOSE'] picks=7 places=5 hand0=[0.542, -0.162, 0.169] cup_xy0=[0.519, -0.051]
[s1] PLACED envs [0] (full physical pick-move-place)
[rec] episode 6/60 saved (len=281, env=0)
[close] e1 t=127 hand_z=0.158 dxy=0.012 stall=0.387
[s1] close-entry e5: hand=[0.429, -0.004, 0.19] cup_gt=[0.428, -0.007]
[s1] step=7000 stages=['IDLE', 'CLOSE', 'IDLE', 'DESCEND', 'FAIL', 'CLOSE', 'ALIGN', 'CLOSE'] picks=7 places=6 hand0=[0.436, -0.15, 0.248] cup_xy0=[0.519, -0.051]
[close] e1 t=187 hand_z=0.158 dxy=0.012 stall=0.387
[s1] acquire e0: vision=[0.531, 0.042] gt=[0.58, 0.079]
[close] e5 t=114 hand_z=0.174 dxy=0.014 stall=0.392
[s1] close-entry e6: hand=[0.511, -0.015, 0.186] cup_gt=[0.559, 0.021]
[s1] close-entry e3: hand=[0.489, -0.047, 0.187] cup_gt=[0.329, -0.14]
[s1] step=7100 stages=['ALIGN', 'FAIL', 'IDLE', 'CLOSE', 'IDLE', 'CLOSE', 'CLOSE', 'FAIL'] picks=7 places=6 hand0=[0.519, 0.092, 0.349] cup_xy0=[0.531, 0.042]
[close] e3 t=43 hand_z=0.167 dxy=0.309 stall=0.798
[close] e3 t=103 hand_z=0.166 dxy=0.339 stall=0.798
[s1] step=7200 stages=['DESCEND', 'ALIGN', 'IDLE', 'CLOSE', 'DESCEND', 'CLOSE', 'CLOSE', 'DESCEND'] picks=7 places=6 hand0=[0.53, 0.038, 0.193] cup_xy0=[0.531, 0.042]
[s1] close-entry e0: hand=[0.532, 0.043, 0.191] cup_gt=[0.58, 0.079]
[close] e0 t=60 hand_z=0.184 dxy=0.050 stall=0.801
[s1] close-entry e4: hand=[0.464, -0.028, 0.182] cup_gt=[0.519, 0.005]
[s1] close-entry e7: hand=[0.496, -0.064, 0.184] cup_gt=[0.497, -0.066]
[s1] step=7300 stages=['CLOSE', 'DESCEND', 'IDLE', 'CLOSE', 'CLOSE', 'IDLE', 'CLOSE', 'CLOSE'] picks=7 places=6 hand0=[0.541, 0.113, 0.183] cup_xy0=[0.531, 0.042]
[close] e0 t=120 hand_z=0.183 dxy=0.051 stall=0.801
[s1] close-entry e1: hand=[0.427, 0.096, 0.192] cup_gt=[0.43, 0.099]
[close] e0 t=180 hand_z=0.183 dxy=0.052 stall=0.801
[s1] step=7400 stages=['CLOSE', 'CLOSE', 'FAIL', 'IDLE', 'CLOSE', 'DESCEND', 'IDLE', 'CLOSE'] picks=7 places=6 hand0=[0.54, 0.113, 0.183] cup_xy0=[0.531, 0.042]
[close] e0 t=240 hand_z=0.183 dxy=0.052 stall=0.801
[s1] close-entry e5: hand=[0.559, 0.006, 0.19] cup_gt=[0.589, 0.037]
[close] e1 t=156 hand_z=0.183 dxy=0.010 stall=0.370
[s1] step=7500 stages=['FAIL', 'CLOSE', 'IDLE', 'DESCEND', 'CLOSE', 'CLOSE', 'DESCEND', 'CLOSE'] picks=7 places=6 hand0=[0.541, 0.112, 0.183] cup_xy0=[0.531, 0.042]
[s1] close-entry e3: hand=[0.315, 0.019, 0.191] cup_gt=[0.247, 0.067]
[close] e1 t=216 hand_z=0.183 dxy=0.010 stall=0.370
[s1] acquire e0: vision=[0.467, -0.008] gt=[0.467, -0.008]
[s1] close-entry e6: hand=[0.44, 0.079, 0.192] cup_gt=[0.44, 0.073]
[s1] step=7600 stages=['DESCEND', 'FAIL', 'IDLE', 'CLOSE', 'ALIGN', 'CLOSE', 'CLOSE', 'IDLE'] picks=7 places=6 hand0=[0.467, 0.004, 0.356] cup_xy0=[0.467, -0.008]
[close] e3 t=84 hand_z=0.192 dxy=0.096 stall=0.799
[close] e3 t=144 hand_z=0.192 dxy=0.096 stall=0.799
[s1] step=7700 stages=['DESCEND', 'ALIGN', 'IDLE', 'CLOSE', 'DESCEND', 'CLOSE', 'CLOSE', 'ALIGN'] picks=7 places=6 hand0=[0.46, -0.034, 0.18] cup_xy0=[0.467, -0.008]
[s1] close-entry e4: hand=[0.552, 0.032, 0.191] cup_gt=[0.569, 0.012]
[s1] close-entry e0: hand=[0.463, -0.003, 0.184] cup_gt=[0.392, 0.002]
[close] e0 t=28 hand_z=0.215 dxy=0.122 stall=0.747
[close] e0 t=88 hand_z=0.218 dxy=0.146 stall=0.800
[s1] step=7800 stages=['CLOSE', 'DESCEND', 'IDLE', 'FAIL', 'CLOSE', 'IDLE', 'CLOSE', 'DESCEND'] picks=7 places=6 hand0=[0.488, 0.036, 0.218] cup_xy0=[0.467, -0.008]
[s1] close-entry e7: hand=[0.523, 0.07, 0.19] cup_gt=[0.52, 0.058]
[close] e0 t=148 hand_z=0.218 dxy=0.150 stall=0.800
[s1] step=7900 stages=['CLOSE', 'DESCEND', 'IDLE', 'ALIGN', 'CLOSE', 'DESCEND', 'IDLE', 'CLOSE'] picks=7 places=6 hand0=[0.488, 0.036, 0.218] cup_xy0=[0.467, -0.008]
[close] e0 t=208 hand_z=0.218 dxy=0.150 stall=0.800
[close] e7 t=172 hand_z=0.162 dxy=0.020 stall=0.329
[s1] close-entry e5: hand=[0.433, -0.067, 0.182] cup_gt=[0.448, -0.071]
[s1] step=8000 stages=['FAIL', 'DESCEND', 'IDLE', 'DESCEND', 'FAIL', 'CLOSE', 'ALIGN', 'CLOSE'] picks=7 places=6 hand0=[0.487, 0.035, 0.217] cup_xy0=[0.467, -0.008]
[s1] close-entry e3: hand=[0.466, 0.012, 0.192] cup_gt=[0.5, 0.026]
[close] e3 t=2 hand_z=0.190 dxy=0.037 stall=0.547
[s1] acquire e0: vision=[0.56, 0.066] gt=[0.576, 0.08]
[s1] close-entry e6: hand=[0.415, -0.031, 0.192] cup_gt=[0.446, -0.038]
[close] e3 t=62 hand_z=0.171 dxy=0.047 stall=0.799
[s1] step=8100 stages=['DESCEND', 'DESCEND', 'FAIL', 'CLOSE', 'DESCEND', 'CLOSE', 'CLOSE', 'FAIL'] picks=7 places=6 hand0=[0.507, 0.222, 0.29] cup_xy0=[0.56, 0.066]
[close] e3 t=122 hand_z=0.171 dxy=0.047 stall=0.799
[s1] close-entry e4: hand=[0.438, -0.019, 0.191] cup_gt=[0.442, -0.008]
[s1] step=8200 stages=['DESCEND', 'FAIL', 'IDLE', 'CLOSE', 'CLOSE', 'CLOSE', 'CLOSE', 'IDLE'] picks=7 places=6 hand0=[0.567, 0.047, 0.193] cup_xy0=[0.56, 0.066]
[close] e3 t=182 hand_z=0.171 dxy=0.047 stall=0.799
[s1] close-entry e0: hand=[0.56, 0.072, 0.19] cup_gt=[0.647, 0.066]
[close] e0 t=51 hand_z=0.165 dxy=0.204 stall=0.401
[s1] step=8300 stages=['CLOSE', 'IDLE', 'IDLE', 'FAIL', 'CLOSE', 'IDLE', 'CLOSE', 'ALIGN'] picks=7 places=6 hand0=[0.54, 0.11, 0.165] cup_xy0=[0.56, 0.066]
[close] e0 t=111 hand_z=0.165 dxy=0.223 stall=0.400
[close] e0 t=171 hand_z=0.165 dxy=0.226 stall=0.400
[s1] step=8400 stages=['CLOSE', 'DESCEND', 'IDLE', 'ALIGN', 'CLOSE', 'ALIGN', 'FAIL', 'ALIGN'] picks=7 places=6 hand0=[0.54, 0.111, 0.165] cup_xy0=[0.56, 0.066]
[s1] close-entry e1: hand=[0.474, -0.082, 0.186] cup_gt=[0.485, -0.08]
[close] e0 t=231 hand_z=0.165 dxy=0.226 stall=0.400
[s1] step=8500 stages=['FAIL', 'CLOSE', 'FAIL', 'DESCEND', 'FAIL', 'DESCEND', 'ALIGN', 'ALIGN'] picks=7 places=6 hand0=[0.539, 0.111, 0.164] cup_xy0=[0.56, 0.066]
[close] e1 t=103 hand_z=0.160 dxy=0.024 stall=0.392
[s1] acquire e0: vision=[0.5, 0.075] gt=[0.499, 0.071]
[s1] close-entry e3: hand=[0.543, 0.055, 0.187] cup_gt=[0.567, 0.056]
[close] e1 t=163 hand_z=0.160 dxy=0.024 stall=0.392
[s1] step=8600 stages=['ALIGN', 'CLOSE', 'IDLE', 'CLOSE', 'ALIGN', 'DESCEND', 'DESCEND', 'DESCEND'] picks=7 places=6 hand0=[0.486, 0.031, 0.412] cup_xy0=[0.5, 0.075]
[s1] close-entry e7: hand=[0.434, -0.004, 0.185] cup_gt=[0.436, 0.024]
[close] e1 t=223 hand_z=0.160 dxy=0.024 stall=0.392
[s1] close-entry e4: hand=[0.578, -0.053, 0.187] cup_gt=[0.571, -0.045]
[close] e3 t=129 hand_z=0.173 dxy=0.019 stall=0.490
[s1] step=8700 stages=['DESCEND', 'FAIL', 'IDLE', 'CLOSE', 'CLOSE', 'DESCEND', 'DESCEND', 'CLOSE'] picks=7 places=6 hand0=[0.496, 0.08, 0.182] cup_xy0=[0.5, 0.075]
[s1] close-entry e0: hand=[0.497, 0.072, 0.183] cup_gt=[0.489, 0.079]
[close] e0 t=57 hand_z=0.196 dxy=0.020 stall=0.407
[s1] step=8800 stages=['CLOSE', 'ALIGN', 'IDLE', 'CLOSE', 'CLOSE', 'DESCEND', 'DESCEND', 'CLOSE'] picks=7 places=6 hand0=[0.507, 0.052, 0.196] cup_xy0=[0.5, 0.075]
[s1] grasp-geom e3: hand-cup_xy=0.019 cup_gt=[0.531, 0.128, 0.022] vision_xy=[0.543, 0.06]
[s1] GRASP (drive stall) envs [3] stall=[0.49]
[close] e0 t=117 hand_z=0.196 dxy=0.020 stall=0.407
[lift] e3 t=8 cup_z=0.024 hand_z=0.175 stall=0.490
[lift] e3 t=28 cup_z=0.067 hand_z=0.219 stall=0.491
[s1] LIFTED envs [3] (physical, friction-held)
[close] e0 t=177 hand_z=0.196 dxy=0.020 stall=0.407
[s1] step=8900 stages=['CLOSE', 'DESCEND', 'IDLE', 'CARRY', 'CLOSE', 'FAIL', 'DESCEND', 'FAIL'] picks=8 places=6 hand0=[0.507, 0.052, 0.196] cup_xy0=[0.5, 0.075]
[s1] close-entry e1: hand=[0.465, -0.057, 0.184] cup_gt=[0.48, -0.053]
[close] e0 t=237 hand_z=0.196 dxy=0.020 stall=0.407
[close] e1 t=82 hand_z=0.175 dxy=0.051 stall=0.389
[s1] step=9000 stages=['FAIL', 'CLOSE', 'IDLE', 'RELEASE', 'IDLE', 'IDLE', 'FAIL', 'IDLE'] picks=8 places=6 hand0=[0.507, 0.05, 0.196] cup_xy0=[0.5, 0.075]
[s1] PLACED envs [3] (full physical pick-move-place)
[rec] episode 7/60 saved (len=343, env=3)
[close] e1 t=142 hand_z=0.175 dxy=0.051 stall=0.389
[s1] acquire e0: vision=[0.526, 0.052] gt=[0.54, 0.05]
[s1] step=9100 stages=['ALIGN', 'CLOSE', 'IDLE', 'DONE', 'DESCEND', 'DESCEND', 'IDLE', 'DESCEND'] picks=8 places=7 hand0=[0.499, -0.121, 0.337] cup_xy0=[0.526, 0.052]
[s1] close-entry e5: hand=[0.422, 0.011, 0.183] cup_gt=[0.427, 0.004]
[close] e1 t=202 hand_z=0.175 dxy=0.051 stall=0.389
[s1] close-entry e7: hand=[0.239, 0.068, 0.189] cup_gt=[0.235, 0.042]
[s1] close-entry e4: hand=[0.498, 0.08, 0.189] cup_gt=[0.458, 0.04]
[close] e4 t=44 hand_z=0.213 dxy=0.103 stall=0.419
[s1] step=9200 stages=['ALIGN', 'FAIL', 'FAIL', 'DESCEND', 'CLOSE', 'CLOSE', 'DESCEND', 'CLOSE'] picks=8 places=7 hand0=[0.507, -0.071, 0.347] cup_xy0=[0.526, 0.052]
[close] e4 t=104 hand_z=0.214 dxy=0.102 stall=0.419
[s1] close-entry e3: hand=[0.498, 0.055, 0.183] cup_gt=[0.471, 0.025]
[close] e3 t=26 hand_z=0.170 dxy=0.053 stall=0.737
[s1] step=9300 stages=['ALIGN', 'ALIGN', 'IDLE', 'CLOSE', 'CLOSE', 'CLOSE', 'DESCEND', 'CLOSE'] picks=8 places=7 hand0=[0.51, -0.067, 0.349] cup_xy0=[0.526, 0.052]
[close] e3 t=86 hand_z=0.169 dxy=0.083 stall=0.800
[s1] close-entry e1: hand=[0.496, 0.017, 0.192] cup_gt=[0.493, 0.012]
[s1] step=9400 stages=['ALIGN', 'CLOSE', 'IDLE', 'CLOSE', 'FAIL', 'FAIL', 'DESCEND', 'FAIL'] picks=8 places=7 hand0=[0.512, -0.065, 0.352] cup_xy0=[0.526, 0.052]
[close] e1 t=31 hand_z=0.190 dxy=0.005 stall=0.362
[s1] close-entry e6: hand=[0.499, 0.022, 0.187] cup_gt=[0.533, 0.051]
[close] e1 t=91 hand_z=0.185 dxy=0.027 stall=0.408
[s1] step=9500 stages=['FAIL', 'CLOSE', 'IDLE', 'CLOSE', 'IDLE', 'ALIGN', 'CLOSE', 'ALIGN'] picks=8 places=7 hand0=[0.509, -0.062, 0.343] cup_xy0=[0.526, 0.052]
[close] e1 t=151 hand_z=0.185 dxy=0.027 stall=0.408
[s1] close-entry e5: hand=[0.583, 0.036, 0.189] cup_gt=[0.575, 0.034]
[close] e1 t=211 hand_z=0.185 dxy=0.027 stall=0.408
[s1] step=9600 stages=['IDLE', 'CLOSE', 'FAIL', 'IDLE', 'DESCEND', 'CLOSE', 'CLOSE', 'DESCEND'] picks=8 places=7 hand0=[0.312, -0.027, 0.249] cup_xy0=[0.526, 0.052]
[s1] close-entry e7: hand=[0.439, -0.084, 0.184] cup_gt=[0.437, -0.08]
[s1] close-entry e4: hand=[0.583, -0.04, 0.188] cup_gt=[0.612, -0.001]
[s1] acquire e0: vision=[0.579, 0.011] gt=[0.575, 0.008]
[close] e4 t=44 hand_z=0.214 dxy=0.078 stall=0.402
[s1] step=9700 stages=['ALIGN', 'IDLE', 'IDLE', 'DESCEND', 'CLOSE', 'CLOSE', 'CLOSE', 'CLOSE'] picks=8 places=7 hand0=[0.569, 0.079, 0.366] cup_xy0=[0.579, 0.011]
[close] e4 t=104 hand_z=0.216 dxy=0.097 stall=0.403
[s1] close-entry e3: hand=[0.432, 0.099, 0.192] cup_gt=[0.457, 0.054]
[close] e3 t=25 hand_z=0.176 dxy=0.100 stall=0.723
[s1] close-entry e0: hand=[0.582, 0.005, 0.189] cup_gt=[0.576, 0.01]
[s1] step=9800 stages=['CLOSE', 'DESCEND', 'IDLE', 'CLOSE', 'CLOSE', 'CLOSE', 'ALIGN', 'CLOSE'] picks=8 places=7 hand0=[0.562, 0.062, 0.166] cup_xy0=[0.579, 0.011]
[close] e0 t=54 hand_z=0.161 dxy=0.028 stall=0.713
[s1] close-entry e1: hand=[0.441, 0.004, 0.189] cup_gt=[0.442, -0.005]
[close] e0 t=114 hand_z=0.161 dxy=0.030 stall=0.715
[s1] step=9900 stages=['CLOSE', 'CLOSE', 'IDLE', 'CLOSE', 'FAIL', 'IDLE', 'DESCEND', 'FAIL'] picks=8 places=7 hand0=[0.547, 0.126, 0.161] cup_xy0=[0.579, 0.011]
[s1] close-entry e6: hand=[0.514, -0.023, 0.192] cup_gt=[0.511, -0.007]
[close] e0 t=174 hand_z=0.161 dxy=0.031 stall=0.715
[s1] step=10000 stages=['CLOSE', 'CLOSE', 'IDLE', 'FAIL', 'IDLE', 'DESCEND', 'CLOSE', 'ALIGN'] picks=8 places=7 hand0=[0.54, 0.133, 0.151] cup_xy0=[0.579, 0.011]
[close] e0 t=234 hand_z=0.138 dxy=0.049 stall=0.443
[s1] close-entry e5: hand=[0.503, -0.008, 0.188] cup_gt=[0.501, -0.019]
[close] e1 t=204 hand_z=0.168 dxy=0.030 stall=0.374
[s1] step=10100 stages=['IDLE', 'CLOSE', 'IDLE', 'IDLE', 'IDLE', 'CLOSE', 'CLOSE', 'ALIGN'] picks=8 places=7 hand0=[0.443, 0.019, 0.205] cup_xy0=[0.579, 0.011]
[close] e5 t=87 hand_z=0.207 dxy=0.054 stall=0.392
[s1] acquire e0: vision=[0.48, 0.011] gt=[0.48, 0.01]
[s1] close-entry e3: hand=[0.458, 0.018, 0.188] cup_gt=[0.451, 0.017]
[close] e3 t=34 hand_z=0.172 dxy=0.002 stall=0.490
[s1] step=10200 stages=['DESCEND', 'IDLE', 'IDLE', 'CLOSE', 'IDLE', 'CLOSE', 'FAIL', 'DESCEND'] picks=8 places=7 hand0=[0.43, -0.033, 0.238] cup_xy0=[0.48, 0.011]
[close] e3 t=94 hand_z=0.171 dxy=0.002 stall=0.489
[s1] close-entry e0: hand=[0.482, 0.011, 0.191] cup_gt=[0.485, 0.02]
[s1] close-entry e7: hand=[0.476, -0.044, 0.183] cup_gt=[0.473, -0.034]
[s1] step=10300 stages=['CLOSE', 'DESCEND', 'FAIL', 'CLOSE', 'ALIGN', 'FAIL', 'IDLE', 'CLOSE'] picks=8 places=7 hand0=[0.455, 0.047, 0.158] cup_xy0=[0.48, 0.011]
[close] e0 t=57 hand_z=0.158 dxy=0.054 stall=0.388
[s1] close-entry e1: hand=[0.468, -0.018, 0.183] cup_gt=[0.469, -0.019]
[close] e0 t=117 hand_z=0.158 dxy=0.054 stall=0.388
[s1] step=10400 stages=['CLOSE', 'CLOSE', 'IDLE', 'CLOSE', 'DESCEND', 'ALIGN', 'DESCEND', 'CLOSE'] picks=8 places=7 hand0=[0.455, 0.047, 0.158] cup_xy0=[0.48, 0.011]
[s1] grasp-geom e3: hand-cup_xy=0.002 cup_gt=[0.433, 0.005, 0.022] vision_xy=[0.453, 0.011]
[s1] GRASP (drive stall) envs [3] stall=[0.489]
[s1] close-entry e6: hand=[0.536, -0.026, 0.184] cup_gt=[0.535, -0.033]
[lift] e3 t=13 cup_z=0.022 hand_z=0.172 stall=0.490
[s1] close-entry e4: hand=[0.434, 0.061, 0.192] cup_gt=[0.458, 0.079]
[close] e0 t=177 hand_z=0.158 dxy=0.054 stall=0.388
[lift] e3 t=33 cup_z=0.054 hand_z=0.204 stall=0.492
[s1] LIFTED envs [3] (physical, friction-held)
[s1] close-entry e5: hand=[0.514, 0.004, 0.191] cup_gt=[0.526, 0.024]
[close] e0 t=237 hand_z=0.158 dxy=0.054 stall=0.388
[s1] step=10500 stages=['CLOSE', 'CLOSE', 'IDLE', 'PLACE', 'CLOSE', 'CLOSE', 'CLOSE', 'CLOSE'] picks=9 places=7 hand0=[0.455, 0.047, 0.158] cup_xy0=[0.48, 0.011]
[close] e1 t=239 hand_z=0.200 dxy=0.015 stall=0.374
[s1] step=10600 stages=['IDLE', 'FAIL', 'IDLE', 'RELEASE', 'CLOSE', 'CLOSE', 'CLOSE', 'IDLE'] picks=9 places=7 hand0=[0.348, -0.028, 0.493] cup_xy0=[0.48, 0.011]
[close] e4 t=191 hand_z=0.187 dxy=0.106 stall=0.798
[s1] acquire e0: vision=[0.449, 0.068] gt=[0.45, 0.064]
[s1] PLACED envs [3] (full physical pick-move-place)
[rec] episode 8/60 saved (len=275, env=3)
[close] e5 t=182 hand_z=0.157 dxy=0.045 stall=0.337
[s1] step=10700 stages=['DESCEND', 'ALIGN', 'IDLE', 'DONE', 'FAIL', 'CLOSE', 'FAIL', 'DESCEND'] picks=9 places=8 hand0=[0.441, 0.104, 0.191] cup_xy0=[0.449, 0.068]
[s1] close-entry e0: hand=[0.451, 0.073, 0.189] cup_gt=[0.451, 0.058]
[close] e0 t=28 hand_z=0.160 dxy=0.050 stall=0.355
[s1] close-entry e7: hand=[0.492, -0.025, 0.188] cup_gt=[0.51, -0.057]
[close] e0 t=88 hand_z=0.160 dxy=0.076 stall=0.373
[s1] step=10800 stages=['CLOSE', 'DESCEND', 'IDLE', 'DESCEND', 'ALIGN', 'FAIL', 'DESCEND', 'CLOSE'] picks=9 places=8 hand0=[0.43, 0.003, 0.16] cup_xy0=[0.449, 0.068]
[close] e0 t=148 hand_z=0.160 dxy=0.080 stall=0.373
[s1] close-entry e6: hand=[0.481, 0.061, 0.186] cup_gt=[0.457, 0.075]
[s1] step=10900 stages=['CLOSE', 'DESCEND', 'IDLE', 'DESCEND', 'DESCEND', 'DESCEND', 'CLOSE', 'CLOSE'] picks=9 places=8 hand0=[0.43, 0.002, 0.16] cup_xy0=[0.449, 0.068]
[s1] close-entry e3: hand=[0.469, 0.071, 0.182] cup_gt=[0.474, 0.07]
[s1] close-entry e4: hand=[0.576, -0.037, 0.189] cup_gt=[0.502, 0.001]
[close] e0 t=208 hand_z=0.160 dxy=0.080 stall=0.373
[close] e3 t=70 hand_z=0.198 dxy=0.009 stall=0.489
[s1] close-entry e5: hand=[0.483, -0.055, 0.191] cup_gt=[0.482, -0.048]
[s1] step=11000 stages=['FAIL', 'DESCEND', 'FAIL', 'CLOSE', 'CLOSE', 'CLOSE', 'CLOSE', 'FAIL'] picks=9 places=8 hand0=[0.427, 0.001, 0.157] cup_xy0=[0.449, 0.068]
[close] e3 t=130 hand_z=0.198 dxy=0.009 stall=0.489
[s1] acquire e0: vision=[0.542, 0.013] gt=[0.538, 0.011]
[close] e3 t=190 hand_z=0.198 dxy=0.009 stall=0.489
[s1] step=11100 stages=['ALIGN', 'DESCEND', 'IDLE', 'CLOSE', 'CLOSE', 'CLOSE', 'CLOSE', 'ALIGN'] picks=9 places=8 hand0=[0.534, -0.071, 0.349] cup_xy0=[0.542, 0.013]
[s1] grasp-geom e3: hand-cup_xy=0.009 cup_gt=[0.482, 0.113, 0.057] vision_xy=[0.475, 0.074]
[s1] GRASP (drive stall) envs [3] stall=[0.489]
[close] e5 t=175 hand_z=0.185 dxy=0.007 stall=0.405
[lift] e3 t=9 cup_z=0.059 hand_z=0.199 stall=0.490
[lift] e3 t=29 cup_z=0.079 hand_z=0.219 stall=0.491
[s1] LIFTED envs [3] (physical, friction-held)
[s1] step=11200 stages=['DESCEND', 'DESCEND', 'IDLE', 'CARRY', 'FAIL', 'CLOSE', 'IDLE', 'DESCEND'] picks=10 places=8 hand0=[0.54, -0.012, 0.19] cup_xy0=[0.542, 0.013]
[s1] close-entry e0: hand=[0.541, 0.017, 0.183] cup_gt=[0.57, -0.024]
[close] e0 t=8 hand_z=0.192 dxy=0.078 stall=0.278
[s1] close-entry e7: hand=[0.501, 0.076, 0.192] cup_gt=[0.513, 0.027]
[close] e0 t=68 hand_z=0.197 dxy=0.126 stall=0.393
[s1] step=11300 stages=['CLOSE', 'IDLE', 'IDLE', 'PLACE', 'ALIGN', 'IDLE', 'ALIGN', 'CLOSE'] picks=10 places=8 hand0=[0.551, 0.089, 0.197] cup_xy0=[0.542, 0.013]
[close] e0 t=128 hand_z=0.197 dxy=0.128 stall=0.393
[s1] close-entry e4: hand=[0.516, 0.072, 0.192] cup_gt=[0.511, 0.06]
[s1] close-entry e1: hand=[0.417, 0.023, 0.184] cup_gt=[0.437, 0.049]
[close] e0 t=188 hand_z=0.197 dxy=0.128 stall=0.393
[s1] step=11400 stages=['CLOSE', 'CLOSE', 'FAIL', 'RELEASE', 'CLOSE', 'DESCEND', 'DESCEND', 'CLOSE'] picks=10 places=8 hand0=[0.551, 0.089, 0.197] cup_xy0=[0.542, 0.013]
[s1] close-entry e6: hand=[0.576, -0.076, 0.191] cup_gt=[0.576, -0.129]
[s1] PLACED envs [3] (full physical pick-move-place)
[rec] episode 9/60 saved (len=335, env=3)
[close] e1 t=65 hand_z=0.197 dxy=0.106 stall=0.414
[s1] close-entry e5: hand=[0.531, -0.03, 0.192] cup_gt=[0.527, -0.032]
[s1] step=11500 stages=['FAIL', 'CLOSE', 'IDLE', 'DONE', 'CLOSE', 'CLOSE', 'CLOSE', 'FAIL'] picks=10 places=9 hand0=[0.552, 0.087, 0.198] cup_xy0=[0.542, 0.013]
[close] e1 t=125 hand_z=0.197 dxy=0.114 stall=0.414
[s1] acquire e0: vision=[0.486, 0.045] gt=[0.485, 0.041]
[close] e1 t=185 hand_z=0.197 dxy=0.114 stall=0.414
[s1] step=11600 stages=['DESCEND', 'CLOSE', 'IDLE', 'DESCEND', 'CLOSE', 'CLOSE', 'CLOSE', 'ALIGN'] picks=10 places=9 hand0=[0.494, 0.043, 0.345] cup_xy0=[0.486, 0.045]
[close] e5 t=180 hand_z=0.160 dxy=0.015 stall=0.393
[s1] close-entry e3: hand=[0.51, -0.079, 0.182] cup_gt=[0.421, -0.086]
[s1] close-entry e0: hand=[0.493, 0.042, 0.191] cup_gt=[0.49, 0.033]
[s1] close-entry e7: hand=[0.561, 0.002, 0.183] cup_gt=[0.567, 0.012]
[close] e0 t=31 hand_z=0.159 dxy=0.027 stall=0.353
[s1] step=11700 stages=['CLOSE', 'IDLE', 'IDLE', 'CLOSE', 'IDLE', 'CLOSE', 'FAIL', 'CLOSE'] picks=10 places=9 hand0=[0.482, -0.034, 0.159] cup_xy0=[0.486, 0.045]
[close] e0 t=91 hand_z=0.159 dxy=0.028 stall=0.386
[s1] step=11800 stages=['CLOSE', 'ALIGN', 'IDLE', 'CLOSE', 'DESCEND', 'IDLE', 'ALIGN', 'CLOSE'] picks=10 places=9 hand0=[0.482, -0.04, 0.158] cup_xy0=[0.486, 0.045]
[close] e0 t=151 hand_z=0.158 dxy=0.028 stall=0.390
[s1] close-entry e4: hand=[0.501, -0.06, 0.187] cup_gt=[0.491, -0.105]
[s1] close-entry e1: hand=[0.478, 0.019, 0.183] cup_gt=[0.479, 0.025]
[close] e0 t=211 hand_z=0.158 dxy=0.028 stall=0.390
[s1] step=11900 stages=['CLOSE', 'CLOSE', 'IDLE', 'CLOSE', 'CLOSE', 'DESCEND', 'DESCEND', 'CLOSE'] picks=10 places=9 hand0=[0.482, -0.041, 0.158] cup_xy0=[0.486, 0.045]
[s1] close-entry e6: hand=[0.567, -0.003, 0.184] cup_gt=[0.567, -0.008]
[s1] close-entry e5: hand=[0.573, -0.065, 0.183] cup_gt=[0.568, -0.061]
[close] e1 t=74 hand_z=0.211 dxy=0.018 stall=0.390
[close] e1 t=134 hand_z=0.211 dxy=0.018 stall=0.390
[s1] step=12000 stages=['IDLE', 'CLOSE', 'IDLE', 'IDLE', 'CLOSE', 'CLOSE', 'CLOSE', 'IDLE'] picks=10 places=9 hand0=[0.373, -0.028, 0.313] cup_xy0=[0.486, 0.045]
[s1] acquire e0: vision=[0.424, -0.007] gt=[0.425, -0.008]
[close] e1 t=194 hand_z=0.211 dxy=0.018 stall=0.390
[s1] step=12100 stages=['DESCEND', 'CLOSE', 'FAIL', 'ALIGN', 'FAIL', 'CLOSE', 'CLOSE', 'DESCEND'] picks=10 places=9 hand0=[0.43, 0.037, 0.346] cup_xy0=[0.424, -0.007]
[close] e5 t=190 hand_z=0.219 dxy=0.045 stall=0.419
[s1] close-entry e0: hand=[0.422, -0.013, 0.183] cup_gt=[0.41, -0.001]
[close] e0 t=5 hand_z=0.175 dxy=0.017 stall=0.284
[s1] step=12200 stages=['CLOSE', 'ALIGN', 'IDLE', 'DESCEND', 'IDLE', 'FAIL', 'FAIL', 'DESCEND'] picks=10 places=9 hand0=[0.405, 0.011, 0.164] cup_xy0=[0.424, -0.007]
[s1] close-entry e3: hand=[0.516, 0.077, 0.183] cup_gt=[0.501, 0.075]
[close] e0 t=65 hand_z=0.163 dxy=0.054 stall=0.396
[s1] close-entry e7: hand=[0.452, 0.063, 0.184] cup_gt=[0.455, 0.065]
[s1] close-entry e4: hand=[0.507, 0.038, 0.184] cup_gt=[0.509, 0.04]
[close] e0 t=125 hand_z=0.163 dxy=0.062 stall=0.396
[s1] step=12300 stages=['CLOSE', 'DESCEND', 'IDLE', 'CLOSE', 'CLOSE', 'IDLE', 'ALIGN', 'CLOSE'] picks=10 places=9 hand0=[0.404, 0.013, 0.163] cup_xy0=[0.424, -0.007]
[s1] close-entry e1: hand=[0.442, 0.01, 0.183] cup_gt=[0.444, 0.008]
[close] e0 t=185 hand_z=0.163 dxy=0.063 stall=0.396
[s1] step=12400 stages=['CLOSE', 'CLOSE', 'IDLE', 'CLOSE', 'CLOSE', 'DESCEND', 'DESCEND', 'CLOSE'] picks=10 places=9 hand0=[0.404, 0.013, 0.163] cup_xy0=[0.424, -0.007]
[s1] close-entry e5: hand=[0.437, 0.014, 0.183] cup_gt=[0.461, 0.062]
[close] e1 t=94 hand_z=0.202 dxy=0.011 stall=0.388
[close] e1 t=154 hand_z=0.202 dxy=0.011 stall=0.388
[s1] step=12500 stages=['IDLE', 'CLOSE', 'IDLE', 'FAIL', 'CLOSE', 'CLOSE', 'DESCEND', 'FAIL'] picks=10 places=9 hand0=[0.396, 0.043, 0.322] cup_xy0=[0.424, -0.007]
[s1] acquire e0: vision=[0.44, -0.039] gt=[0.488, -0.058]
[s1] close-entry e6: hand=[0.524, -0.081, 0.19] cup_gt=[0.683, -0.093]
[close] e1 t=214 hand_z=0.202 dxy=0.011 stall=0.388
[close] e5 t=185 hand_z=0.188 dxy=0.017 stall=0.411
[s1] step=12600 stages=['DESCEND', 'FAIL', 'IDLE', 'IDLE', 'IDLE', 'CLOSE', 'CLOSE', 'ALIGN'] picks=10 places=9 hand0=[0.44, -0.07, 0.354] cup_xy0=[0.44, -0.039]
[close] e6 t=124 hand_z=0.170 dxy=0.273 stall=0.411
[s1] close-entry e0: hand=[0.443, -0.034, 0.19] cup_gt=[0.488, -0.058]
[s1] step=12700 stages=['CLOSE', 'ALIGN', 'IDLE', 'DESCEND', 'DESCEND', 'FAIL', 'CLOSE', 'DESCEND'] picks=10 places=9 hand0=[0.431, -0.027, 0.168] cup_xy0=[0.44, -0.039]
[s1] close-entry e3: hand=[0.526, 0.044, 0.191] cup_gt=[0.523, 0.033]
[s1] close-entry e7: hand=[0.48, 0.024, 0.19] cup_gt=[0.481, 0.077]
[close] e0 t=45 hand_z=0.167 dxy=0.067 stall=0.415
[s1] close-entry e4: hand=[0.466, 0.076, 0.19] cup_gt=[0.467, 0.072]
[close] e0 t=105 hand_z=0.167 dxy=0.067 stall=0.415
[s1] close-entry e1: hand=[0.472, -0.037, 0.185] cup_gt=[0.475, -0.03]
[s1] step=12800 stages=['CLOSE', 'CLOSE', 'FAIL', 'CLOSE', 'CLOSE', 'ALIGN', 'FAIL', 'CLOSE'] picks=10 places=9 hand0=[0.43, -0.026, 0.167] cup_xy0=[0.44, -0.039]
[close] e0 t=165 hand_z=0.167 dxy=0.067 stall=0.415
[s1] close-entry e5: hand=[0.425, 0.08, 0.186] cup_gt=[0.443, 0.096]
[close] e0 t=225 hand_z=0.167 dxy=0.067 stall=0.415
[s1] step=12900 stages=['CLOSE', 'CLOSE', 'IDLE', 'CLOSE', 'CLOSE', 'CLOSE', 'ALIGN', 'CLOSE'] picks=10 places=9 hand0=[0.43, -0.026, 0.167] cup_xy0=[0.44, -0.039]
[close] e1 t=170 hand_z=0.191 dxy=0.005 stall=0.398
[s1] step=13000 stages=['IDLE', 'CLOSE', 'IDLE', 'FAIL', 'CLOSE', 'CLOSE', 'DESCEND', 'FAIL'] picks=10 places=9 hand0=[0.373, -0.026, 0.294] cup_xy0=[0.44, -0.039]
[close] e1 t=230 hand_z=0.191 dxy=0.005 stall=0.398
[s1] acquire e0: vision=[0.392, -0.001] gt=[0.423, 0.02]
[s1] close-entry e6: hand=[0.539, 0.046, 0.188] cup_gt=[0.541, 0.038]
[close] e5 t=198 hand_z=0.189 dxy=0.088 stall=0.425
[s1] step=13100 stages=['ALIGN', 'IDLE', 'IDLE', 'DESCEND', 'IDLE', 'CLOSE', 'CLOSE', 'DESCEND'] picks=10 places=9 hand0=[0.401, 0.009, 0.361] cup_xy0=[0.392, -0.001]
[close] e6 t=94 hand_z=0.159 dxy=0.026 stall=0.397
[s1] close-entry e3: hand=[0.542, 0.01, 0.183] cup_gt=[0.542, 0.014]
[close] e3 t=53 hand_z=0.216 dxy=0.053 stall=0.409
[s1] step=13200 stages=['DESCEND', 'ALIGN', 'FAIL', 'CLOSE', 'DESCEND', 'IDLE', 'CLOSE', 'DESCEND'] picks=10 places=9 hand0=[0.398, -0.012, 0.2] cup_xy0=[0.392, -0.001]
[s1] close-entry e0: hand=[0.394, -0.001, 0.19] cup_gt=[0.418, 0.02]
[s1] close-entry e7: hand=[0.421, 0.015, 0.191] cup_gt=[0.425, 0.001]
[close] e0 t=57 hand_z=0.172 dxy=0.086 stall=0.394
[s1] close-entry e4: hand=[0.465, 0.053, 0.19] cup_gt=[0.462, 0.051]
[s1] step=13300 stages=['CLOSE', 'DESCEND', 'IDLE', 'CLOSE', 'CLOSE', 'DESCEND', 'FAIL', 'CLOSE'] picks=10 places=9 hand0=[0.378, 0.017, 0.172] cup_xy0=[0.392, -0.001]
[close] e0 t=117 hand_z=0.172 dxy=0.108 stall=0.394
[s1] close-entry e5: hand=[0.571, 0.08, 0.185] cup_gt=[0.567, 0.069]
[close] e0 t=177 hand_z=0.172 dxy=0.111 stall=0.394
[s1] step=13400 stages=['CLOSE', 'DESCEND', 'IDLE', 'FAIL', 'CLOSE', 'CLOSE', 'IDLE', 'CLOSE'] picks=10 places=9 hand0=[0.378, 0.017, 0.172] cup_xy0=[0.392, -0.001]
[close] e0 t=237 hand_z=0.172 dxy=0.112 stall=0.394
[close] e4 t=223 hand_z=0.175 dxy=0.003 stall=0.426
[s1] step=13500 stages=['FAIL', 'DESCEND', 'IDLE', 'ALIGN', 'CLOSE', 'CLOSE', 'ALIGN', 'FAIL'] picks=10 places=9 hand0=[0.379, 0.016, 0.172] cup_xy0=[0.392, -0.001]
[close] e5 t=218 hand_z=0.221 dxy=0.041 stall=0.393
[s1] acquire e0: vision=[0.424, -0.009] gt=[0.434, -0.013]
[s1] close-entry e6: hand=[0.555, -0.051, 0.191] cup_gt=[0.585, -0.088]
[s1] step=13600 stages=['ALIGN', 'DESCEND', 'IDLE', 'DESCEND', 'IDLE', 'FAIL', 'CLOSE', 'DESCEND'] picks=10 places=9 hand0=[0.394, -0.092, 0.336] cup_xy0=[0.424, -0.009]
[s1] close-entry e3: hand=[0.446, -0.033, 0.184] cup_gt=[0.472, -0.033]
[close] e3 t=18 hand_z=0.205 dxy=0.020 stall=0.329
[s1] close-entry e7: hand=[0.489, -0.025, 0.188] cup_gt=[0.498, -0.006]
[close] e3 t=78 hand_z=0.209 dxy=0.021 stall=0.416
[s1] step=13700 stages=['DESCEND', 'FAIL', 'IDLE', 'CLOSE', 'DESCEND', 'ALIGN', 'CLOSE', 'CLOSE'] picks=10 places=9 hand0=[0.396, -0.005, 0.219] cup_xy0=[0.424, -0.009]
[s1] close-entry e4: hand=[0.349, -0.094, 0.182] cup_gt=[0.352, -0.09]
[close] e3 t=138 hand_z=0.209 dxy=0.023 stall=0.416
[s1] close-entry e0: hand=[0.426, -0.003, 0.192] cup_gt=[0.434, -0.016]
[close] e0 t=53 hand_z=0.179 dxy=0.013 stall=0.382
[s1] step=13800 stages=['CLOSE', 'ALIGN', 'IDLE', 'CLOSE', 'CLOSE', 'DESCEND', 'CLOSE', 'CLOSE'] picks=10 places=9 hand0=[0.421, -0.035, 0.179] cup_xy0=[0.424, -0.009]
[s1] close-entry e5: hand=[0.545, 0.025, 0.184] cup_gt=[0.491, 0.05]
[close] e0 t=113 hand_z=0.179 dxy=0.013 stall=0.384
[s1] step=13900 stages=['CLOSE', 'DESCEND', 'FAIL', 'FAIL', 'CLOSE', 'CLOSE', 'FAIL', 'CLOSE'] picks=10 places=9 hand0=[0.421, -0.035, 0.179] cup_xy0=[0.424, -0.009]
[s1] close-entry e1: hand=[0.453, 0.034, 0.187] cup_gt=[0.455, 0.037]
[close] e0 t=173 hand_z=0.179 dxy=0.013 stall=0.384
[close] e0 t=233 hand_z=0.179 dxy=0.013 stall=0.384
[s1] step=14000 stages=['FAIL', 'CLOSE', 'IDLE', 'DESCEND', 'FAIL', 'CLOSE', 'DESCEND', 'IDLE'] picks=10 places=9 hand0=[0.42, -0.035, 0.179] cup_xy0=[0.424, -0.009]
[close] e1 t=125 hand_z=0.197 dxy=0.008 stall=0.381
[s1] close-entry e3: hand=[0.56, 0.017, 0.192] cup_gt=[0.56, -0.031]
[s1] close-entry e7: hand=[0.488, 0.041, 0.188] cup_gt=[0.49, 0.008]
[s1] close-entry e6: hand=[0.433, 0.027, 0.191] cup_gt=[0.434, 0.023]
[close] e1 t=185 hand_z=0.197 dxy=0.008 stall=0.382
[s1] step=14100 stages=['IDLE', 'CLOSE', 'IDLE', 'CLOSE', 'ALIGN', 'FAIL', 'CLOSE', 'CLOSE'] picks=10 places=9 hand0=[0.361, -0.104, 0.464] cup_xy0=[0.424, -0.009]
[s1] acquire e0: vision=[0.5, 0.07] gt=[0.499, 0.066]
[close] e3 t=93 hand_z=0.166 dxy=0.019 stall=0.381
[s1] step=14200 stages=['DESCEND', 'FAIL', 'IDLE', 'CLOSE', 'DESCEND', 'ALIGN', 'CLOSE', 'CLOSE'] picks=10 places=9 hand0=[0.485, 0.138, 0.317] cup_xy0=[0.5, 0.07]
[s1] close-entry e4: hand=[0.574, -0.028, 0.188] cup_gt=[0.593, -0.058]
[close] e3 t=153 hand_z=0.166 dxy=0.019 stall=0.381
[s1] close-entry e0: hand=[0.502, 0.074, 0.19] cup_gt=[0.497, 0.064]
[close] e0 t=30 hand_z=0.181 dxy=0.017 stall=0.372
[s1] close-entry e5: hand=[0.469, -0.04, 0.191] cup_gt=[0.478, -0.027]
[s1] step=14300 stages=['CLOSE', 'ALIGN', 'FAIL', 'CLOSE', 'CLOSE', 'CLOSE', 'CLOSE', 'CLOSE'] picks=10 places=9 hand0=[0.492, 0.028, 0.181] cup_xy0=[0.5, 0.07]
[close] e0 t=90 hand_z=0.181 dxy=0.016 stall=0.401
[s1] close-entry e1: hand=[0.535, 0.062, 0.192] cup_gt=[0.527, 0.097]
[close] e0 t=150 hand_z=0.181 dxy=0.016 stall=0.401
[s1] step=14400 stages=['CLOSE', 'CLOSE', 'IDLE', 'IDLE', 'CLOSE', 'CLOSE', 'IDLE', 'IDLE'] picks=10 places=9 hand0=[0.492, 0.027, 0.181] cup_xy0=[0.5, 0.07]
[close] e0 t=210 hand_z=0.181 dxy=0.016 stall=0.401
[s1] step=14500 stages=['FAIL', 'CLOSE', 'IDLE', 'DESCEND', 'FAIL', 'CLOSE', 'ALIGN', 'DESCEND'] picks=10 places=9 hand0=[0.491, 0.025, 0.181] cup_xy0=[0.5, 0.07]
[close] e1 t=149 hand_z=0.168 dxy=0.025 stall=0.414
[s1] close-entry e3: hand=[0.442, 0.021, 0.191] cup_gt=[0.439, 0.024]
[s1] close-entry e7: hand=[0.43, -0.022, 0.187] cup_gt=[0.432, -0.02]
[close] e1 t=209 hand_z=0.168 dxy=0.025 stall=0.414
[s1] step=14600 stages=['IDLE', 'CLOSE', 'IDLE', 'CLOSE', 'DESCEND', 'IDLE', 'DESCEND', 'CLOSE'] picks=10 places=9 hand0=[0.382, 0.072, 0.471] cup_xy0=[0.5, 0.07]
[s1] close-entry e6: hand=[0.505, -0.026, 0.185] cup_gt=[0.542, -0.003]
[s1] acquire e0: vision=[0.419, 0.06] gt=[0.44, 0.057]
[close] e3 t=113 hand_z=0.170 dxy=0.011 stall=0.398
[s1] close-entry e4: hand=[0.434, -0.007, 0.191] cup_gt=[0.433, -0.005]
[close] e3 t=173 hand_z=0.169 dxy=0.012 stall=0.398
[s1] step=14700 stages=['DESCEND', 'IDLE', 'IDLE', 'CLOSE', 'CLOSE', 'DESCEND', 'CLOSE', 'CLOSE'] picks=10 places=9 hand0=[0.378, -0.004, 0.22] cup_xy0=[0.419, 0.06]
[close] e3 t=233 hand_z=0.169 dxy=0.012 stall=0.398
[s1] close-entry e5: hand=[0.485, -0.018, 0.189] cup_gt=[0.484, -0.028]
[s1] step=14800 stages=['DESCEND', 'ALIGN', 'IDLE', 'FAIL', 'CLOSE', 'CLOSE', 'CLOSE', 'CLOSE'] picks=10 places=9 hand0=[0.424, 0.062, 0.195] cup_xy0=[0.419, 0.06]
[s1] close-entry e0: hand=[0.42, 0.06, 0.19] cup_gt=[0.414, 0.079]
[close] e0 t=18 hand_z=0.172 dxy=0.012 stall=0.348
[close] e0 t=78 hand_z=0.169 dxy=0.012 stall=0.374
[s1] close-entry e1: hand=[0.573, 0.048, 0.184] cup_gt=[0.571, 0.035]
[s1] step=14900 stages=['CLOSE', 'CLOSE', 'IDLE', 'ALIGN', 'FAIL', 'CLOSE', 'FAIL', 'ALIGN'] picks=10 places=9 hand0=[0.4, 0.048, 0.168] cup_xy0=[0.419, 0.06]
[close] e0 t=138 hand_z=0.168 dxy=0.012 stall=0.374
[close] e0 t=198 hand_z=0.168 dxy=0.012 stall=0.374
[s1] step=15000 stages=['CLOSE', 'CLOSE', 'FAIL', 'DESCEND', 'ALIGN', 'CLOSE', 'DESCEND', 'ALIGN'] picks=10 places=9 hand0=[0.4, 0.048, 0.168] cup_xy0=[0.419, 0.06]
[s1] close-entry e3: hand=[0.395, 0.033, 0.191] cup_gt=[0.418, 0.042]
[s1] close-entry e6: hand=[0.533, 0.008, 0.191] cup_gt=[0.539, -0.009]
[close] e1 t=170 hand_z=0.206 dxy=0.039 stall=0.409
[s1] step=15100 stages=['FAIL', 'CLOSE', 'IDLE', 'CLOSE', 'DESCEND', 'IDLE', 'CLOSE', 'DESCEND'] picks=10 places=9 hand0=[0.397, 0.043, 0.165] cup_xy0=[0.419, 0.06]
[close] e1 t=230 hand_z=0.206 dxy=0.039 stall=0.409
[s1] close-entry e4: hand=[0.428, -0.023, 0.183] cup_gt=[0.424, -0.028]
[s1] acquire e0: vision=[0.468, -0.091] gt=[0.481, -0.076]
[close] e3 t=180 hand_z=0.192 dxy=0.080 stall=0.390
[s1] step=15200 stages=['ALIGN', 'IDLE', 'IDLE', 'CLOSE', 'CLOSE', 'DESCEND', 'CLOSE', 'DESCEND'] picks=10 places=9 hand0=[0.462, -0.117, 0.347] cup_xy0=[0.468, -0.091]
[s1] close-entry e5: hand=[0.552, -0.016, 0.184] cup_gt=[0.552, -0.017]
[close] e3 t=240 hand_z=0.192 dxy=0.080 stall=0.390
[close] e4 t=176 hand_z=0.199 dxy=0.019 stall=0.402
[s1] step=15300 stages=['DESCEND', 'DESCEND', 'IDLE', 'FAIL', 'CLOSE', 'CLOSE', 'FAIL', 'DESCEND'] picks=10 places=9 hand0=[0.467, -0.108, 0.19] cup_xy0=[0.468, -0.091]
[s1] close-entry e0: hand=[0.465, -0.098, 0.189] cup_gt=[0.477, -0.076]
[s1] close-entry e1: hand=[0.507, 0.062, 0.192] cup_gt=[0.501, 0.062]
[close] e0 t=58 hand_z=0.154 dxy=0.037 stall=0.276
[s1] step=15400 stages=['CLOSE', 'CLOSE', 'IDLE', 'DESCEND', 'FAIL', 'CLOSE', 'ALIGN', 'DESCEND'] picks=10 places=9 hand0=[0.433, -0.07, 0.152] cup_xy0=[0.468, -0.091]
[close] e0 t=118 hand_z=0.133 dxy=0.684 stall=0.438
[s1] close-entry e3: hand=[0.543, -0.041, 0.187] cup_gt=[0.537, -0.062]
[close] e0 t=178 hand_z=0.129 dxy=0.919 stall=0.054
[s1] step=15500 stages=['CLOSE', 'CLOSE', 'IDLE', 'CLOSE', 'DESCEND', 'FAIL', 'DESCEND', 'FAIL'] picks=10 places=9 hand0=[0.391, -0.081, 0.126] cup_xy0=[0.468, -0.091]
[close] e0 t=238 hand_z=0.130 dxy=0.948 stall=0.206
[s1] close-entry e6: hand=[0.558, -0.049, 0.191] cup_gt=[0.582, -0.099]
[s1] close-entry e4: hand=[0.497, -0.064, 0.188] cup_gt=[0.482, -0.088]
[close] e3 t=132 hand_z=0.179 dxy=0.051 stall=0.388
[s1] step=15600 stages=['FAIL', 'FAIL', 'IDLE', 'CLOSE', 'CLOSE', 'ALIGN', 'CLOSE', 'ALIGN'] picks=10 places=9 hand0=[0.404, -0.078, 0.13] cup_xy0=[0.468, -0.091]
[close] e3 t=192 hand_z=0.179 dxy=0.051 stall=0.388
[s1] acquire e0: vision=[0.456, 0.062] gt=[0.457, 0.058]
[s1] step=15700 stages=['ALIGN', 'IDLE', 'FAIL', 'CLOSE', 'CLOSE', 'DESCEND', 'CLOSE', 'DESCEND'] picks=10 places=9 hand0=[0.453, 0.066, 0.362] cup_xy0=[0.456, 0.062]
[s1] close-entry e7: hand=[0.568, 0.006, 0.19] cup_gt=[0.539, -0.07]
[close] e4 t=141 hand_z=0.161 dxy=0.017 stall=0.390
[close] e4 t=201 hand_z=0.161 dxy=0.017 stall=0.390
[s1] close-entry e0: hand=[0.452, 0.06, 0.184] cup_gt=[0.451, 0.061]
[s1] step=15800 stages=['CLOSE', 'DESCEND', 'IDLE', 'IDLE', 'CLOSE', 'DESCEND', 'CLOSE', 'CLOSE'] picks=10 places=9 hand0=[0.426, 0.122, 0.166] cup_xy0=[0.456, 0.062]
[s1] close-entry e5: hand=[0.54, -0.084, 0.183] cup_gt=[0.542, -0.099]
[s1] close-entry e1: hand=[0.503, -0.025, 0.191] cup_gt=[0.532, -0.06]
[close] e0 t=60 hand_z=0.162 dxy=0.022 stall=0.407
[close] e0 t=120 hand_z=0.162 dxy=0.022 stall=0.407
[s1] step=15900 stages=['CLOSE', 'CLOSE', 'IDLE', 'DESCEND', 'IDLE', 'CLOSE', 'IDLE', 'CLOSE'] picks=10 places=9 hand0=[0.419, 0.137, 0.162] cup_xy0=[0.456, 0.062]
[s1] close-entry e3: hand=[0.497, 0.013, 0.186] cup_gt=[0.499, -0.028]
[close] e0 t=180 hand_z=0.162 dxy=0.022 stall=0.407
[s1] step=16000 stages=['CLOSE', 'CLOSE', 'IDLE', 'CLOSE', 'DESCEND', 'CLOSE', 'DESCEND', 'FAIL'] picks=10 places=9 hand0=[0.419, 0.137, 0.162] cup_xy0=[0.456, 0.062]
[close] e0 t=240 hand_z=0.162 dxy=0.022 stall=0.407
[s1] close-entry e6: hand=[0.535, 0.021, 0.186] cup_gt=[0.539, 0.036]
[close] e3 t=125 hand_z=0.173 dxy=0.011 stall=0.395
[s1] close-entry e4: hand=[0.474, -0.057, 0.184] cup_gt=[0.45, -0.087]
[s1] step=16100 stages=['IDLE', 'FAIL', 'FAIL', 'CLOSE', 'CLOSE', 'FAIL', 'CLOSE', 'ALIGN'] picks=10 places=9 hand0=[0.309, 0.079, 0.242] cup_xy0=[0.456, 0.062]
[s1] acquire e0: vision=[0.503, 0.047] gt=[0.502, 0.044]
[close] e3 t=185 hand_z=0.173 dxy=0.011 stall=0.395
[close] e4 t=117 hand_z=0.159 dxy=0.096 stall=0.400
[s1] step=16200 stages=['DESCEND', 'ALIGN', 'IDLE', 'FAIL', 'CLOSE', 'ALIGN', 'CLOSE', 'DESCEND'] picks=10 places=9 hand0=[0.478, 0.026, 0.267] cup_xy0=[0.503, 0.047]
[close] e4 t=177 hand_z=0.159 dxy=0.096 stall=0.400
[s1] close-entry e7: hand=[0.475, -0.044, 0.185] cup_gt=[0.483, -0.035]
[s1] close-entry e0: hand=[0.507, 0.052, 0.192] cup_gt=[0.53, 0.089]
[s1] step=16300 stages=['CLOSE', 'DESCEND', 'IDLE', 'ALIGN', 'CLOSE', 'DESCEND', 'FAIL', 'CLOSE'] picks=10 places=9 hand0=[0.513, 0.006, 0.199] cup_xy0=[0.503, 0.047]
[s1] close-entry e5: hand=[0.403, 0.06, 0.19] cup_gt=[0.352, 0.082]
[s1] close-entry e1: hand=[0.481, 0.059, 0.191] cup_gt=[0.479, 0.05]
[close] e0 t=31 hand_z=0.203 dxy=0.135 stall=0.365
[close] e0 t=91 hand_z=0.205 dxy=0.166 stall=0.404
[s1] step=16400 stages=['CLOSE', 'CLOSE', 'IDLE', 'DESCEND', 'IDLE', 'CLOSE', 'ALIGN', 'CLOSE'] picks=10 places=9 hand0=[0.514, -0.04, 0.205] cup_xy0=[0.503, 0.047]
[s1] close-entry e3: hand=[0.485, -0.058, 0.19] cup_gt=[0.479, -0.068]
[close] e0 t=151 hand_z=0.205 dxy=0.170 stall=0.404
[close] e0 t=211 hand_z=0.205 dxy=0.170 stall=0.404
[s1] step=16500 stages=['CLOSE', 'CLOSE', 'IDLE', 'CLOSE', 'ALIGN', 'CLOSE', 'DESCEND', 'CLOSE'] picks=10 places=9 hand0=[0.514, -0.04, 0.205] cup_xy0=[0.503, 0.047]
[s1] close-entry e6: hand=[0.56, 0.085, 0.185] cup_gt=[0.552, 0.072]
[close] e3 t=131 hand_z=0.165 dxy=0.023 stall=0.414
[s1] step=16600 stages=['IDLE', 'FAIL', 'IDLE', 'CLOSE', 'DESCEND', 'FAIL', 'CLOSE', 'IDLE'] picks=10 places=9 hand0=[0.443, -0.015, 0.243] cup_xy0=[0.503, 0.047]
[close] e3 t=191 hand_z=0.165 dxy=0.023 stall=0.414
[s1] acquire e0: vision=[0.573, -0.069] gt=[0.569, -0.068]
[s1] close-entry e4: hand=[0.477, -0.001, 0.183] cup_gt=[0.526, 0.032]
[close] e4 t=53 hand_z=0.174 dxy=0.067 stall=0.392
[s1] step=16700 stages=['ALIGN', 'ALIGN', 'IDLE', 'FAIL', 'CLOSE', 'ALIGN', 'CLOSE', 'DESCEND'] picks=10 places=9 hand0=[0.571, -0.054, 0.325] cup_xy0=[0.573, -0.069]
[close] e4 t=113 hand_z=0.174 dxy=0.067 stall=0.392
[s1] close-entry e7: hand=[0.567, -0.028, 0.19] cup_gt=[0.476, -0.001]
[s1] close-entry e0: hand=[0.576, -0.061, 0.191] cup_gt=[0.527, -0.023]
[close] e0 t=24 hand_z=0.195 dxy=0.121 stall=0.358
[s1] step=16800 stages=['CLOSE', 'DESCEND', 'FAIL', 'IDLE', 'CLOSE', 'DESCEND', 'FAIL', 'CLOSE'] picks=10 places=9 hand0=[0.557, -0.137, 0.195] cup_xy0=[0.573, -0.069]
[s1] close-entry e1: hand=[0.527, -0.049, 0.183] cup_gt=[0.548, -0.03]
[s1] close-entry e5: hand=[0.468, -0.036, 0.19] cup_gt=[0.469, -0.049]
[close] e0 t=84 hand_z=0.197 dxy=0.137 stall=0.412
[s1] step=16900 stages=['CLOSE', 'CLOSE', 'IDLE', 'DESCEND', 'FAIL', 'CLOSE', 'DESCEND', 'CLOSE'] picks=10 places=9 hand0=[0.551, -0.154, 0.197] cup_xy0=[0.573, -0.069]
[close] e0 t=144 hand_z=0.197 dxy=0.138 stall=0.412
[s1] close-entry e6: hand=[0.503, 0.058, 0.188] cup_gt=[0.536, 0.097]
[s1] close-entry e3: hand=[0.495, -0.039, 0.19] cup_gt=[0.49, -0.039]
[close] e0 t=204 hand_z=0.197 dxy=0.138 stall=0.412
[s1] step=17000 stages=['CLOSE', 'CLOSE', 'IDLE', 'CLOSE', 'ALIGN', 'CLOSE', 'CLOSE', 'FAIL'] picks=10 places=9 hand0=[0.551, -0.154, 0.197] cup_xy0=[0.573, -0.069]
[close] e1 t=208 hand_z=0.223 dxy=0.072 stall=0.410
[close] e3 t=158 hand_z=0.159 dxy=0.010 stall=0.376
[s1] step=17100 stages=['IDLE', 'FAIL', 'IDLE', 'CLOSE', 'DESCEND', 'FAIL', 'CLOSE', 'IDLE'] picks=10 places=9 hand0=[0.329, -0.041, 0.188] cup_xy0=[0.573, -0.069]
[close] e3 t=218 hand_z=0.159 dxy=0.010 stall=0.376
[s1] close-entry e4: hand=[0.419, -0.005, 0.19] cup_gt=[0.471, -0.022]
[s1] step=17200 stages=['IDLE', 'ALIGN', 'FAIL', 'FAIL', 'CLOSE', 'IDLE', 'FAIL', 'DESCEND'] picks=10 places=9 hand0=[0.391, -0.008, 0.46] cup_xy0=[0.573, -0.069]
[close] e4 t=46 hand_z=0.180 dxy=0.060 stall=0.404
[s1] close-entry e1: hand=[0.475, -0.0, 0.188] cup_gt=[0.463, -0.015]
[close] e1 t=3 hand_z=0.183 dxy=0.008 stall=0.255
[s1] close-entry e7: hand=[0.46, -0.066, 0.19] cup_gt=[0.463, -0.052]
[s1] step=17300 stages=['IDLE', 'CLOSE', 'IDLE', 'IDLE', 'CLOSE', 'ALIGN', 'ALIGN', 'CLOSE'] picks=10 places=9 hand0=[0.39, -0.001, 0.457] cup_xy0=[0.573, -0.069]
[close] e1 t=63 hand_z=0.161 dxy=0.057 stall=0.398
[close] e1 t=123 hand_z=0.161 dxy=0.057 stall=0.398
[s1] step=17400 stages=['FAIL', 'CLOSE', 'IDLE', 'DESCEND', 'CLOSE', 'DESCEND', 'DESCEND', 'CLOSE'] picks=10 places=9 hand0=[0.389, -0.001, 0.457] cup_xy0=[0.573, -0.069]
[s1] close-entry e6: hand=[0.573, -0.066, 0.19] cup_gt=[0.565, -0.064]
[s1] close-entry e5: hand=[0.458, -0.07, 0.185] cup_gt=[0.466, -0.065]
[s1] acquire e0: vision=[0.469, -0.006] gt=[0.529, 0.0]
[close] e1 t=183 hand_z=0.161 dxy=0.057 stall=0.398
[s1] close-entry e3: hand=[0.542, 0.051, 0.191] cup_gt=[0.577, 0.038]
[s1] step=17500 stages=['ALIGN', 'CLOSE', 'IDLE', 'CLOSE', 'IDLE', 'CLOSE', 'CLOSE', 'CLOSE'] picks=10 places=9 hand0=[0.469, 0.014, 0.36] cup_xy0=[0.469, -0.006]
[close] e3 t=54 hand_z=0.177 dxy=0.074 stall=0.409
[s1] close-entry e0: hand=[0.472, -0.001, 0.191] cup_gt=[0.529, 0.0]
[close] e0 t=17 hand_z=0.219 dxy=0.071 stall=0.334
[s1] step=17600 stages=['CLOSE', 'IDLE', 'IDLE', 'CLOSE', 'ALIGN', 'CLOSE', 'CLOSE', 'IDLE'] picks=10 places=9 hand0=[0.488, -0.078, 0.226] cup_xy0=[0.469, -0.006]
[close] e0 t=77 hand_z=0.227 dxy=0.098 stall=0.394
[close] e0 t=137 hand_z=0.227 dxy=0.099 stall=0.394
[s1] step=17700 stages=['CLOSE', 'DESCEND', 'IDLE', 'CLOSE', 'DESCEND', 'FAIL', 'FAIL', 'DESCEND'] picks=10 places=9 hand0=[0.487, -0.089, 0.227] cup_xy0=[0.469, -0.006]
[s1] close-entry e4: hand=[0.47, 0.018, 0.192] cup_gt=[0.472, 0.019]
[s1] close-entry e7: hand=[0.57, -0.042, 0.191] cup_gt=[0.555, -0.083]
[close] e0 t=197 hand_z=0.227 dxy=0.099 stall=0.394
[s1] close-entry e1: hand=[0.456, -0.048, 0.184] cup_gt=[0.472, 0.006]
[s1] step=17800 stages=['CLOSE', 'CLOSE', 'IDLE', 'IDLE', 'CLOSE', 'DESCEND', 'ALIGN', 'CLOSE'] picks=10 places=9 hand0=[0.487, -0.089, 0.227] cup_xy0=[0.469, -0.006]
[close] e1 t=50 hand_z=0.213 dxy=0.033 stall=0.406
[close] e1 t=110 hand_z=0.214 dxy=0.033 stall=0.405
[s1] close-entry e6: hand=[0.579, 0.074, 0.19] cup_gt=[0.561, 0.095]
[s1] step=17900 stages=['IDLE', 'CLOSE', 'FAIL', 'DESCEND', 'CLOSE', 'DESCEND', 'CLOSE', 'CLOSE'] picks=10 places=9 hand0=[0.328, -0.041, 0.587] cup_xy0=[0.469, -0.006]
[s1] acquire e0: vision=[0.501, -0.02] gt=[0.499, -0.021]
[close] e1 t=170 hand_z=0.214 dxy=0.033 stall=0.405
[s1] close-entry e3: hand=[0.427, 0.053, 0.19] cup_gt=[0.43, 0.056]
[s1] close-entry e5: hand=[0.537, 0.011, 0.186] cup_gt=[0.562, 0.066]
[s1] close-entry e0: hand=[0.497, -0.021, 0.182] cup_gt=[0.504, -0.019]
[close] e0 t=6 hand_z=0.188 dxy=0.013 stall=0.239
[s1] step=18000 stages=['CLOSE', 'CLOSE', 'IDLE', 'CLOSE', 'FAIL', 'CLOSE', 'CLOSE', 'FAIL'] picks=10 places=9 hand0=[0.5, -0.031, 0.188] cup_xy0=[0.501, -0.02]
[close] e0 t=66 hand_z=0.203 dxy=0.016 stall=0.382
[s1] step=18100 stages=['CLOSE', 'ALIGN', 'IDLE', 'CLOSE', 'ALIGN', 'CLOSE', 'CLOSE', 'IDLE'] picks=10 places=9 hand0=[0.507, -0.056, 0.203] cup_xy0=[0.501, -0.02]
[close] e0 t=126 hand_z=0.203 dxy=0.016 stall=0.382
[s1] grasp-geom e6: hand-cup_xy=0.121 cup_gt=[0.466, 0.109, 0.02] vision_xy=[0.576, 0.076]
[s1] GRASP (drive stall) envs [6] stall=[0.691]
[lift] e6 t=5 cup_z=0.020 hand_z=0.162 stall=0.746
[lift] e6 t=25 cup_z=0.020 hand_z=0.176 stall=0.800
[close] e0 t=186 hand_z=0.203 dxy=0.016 stall=0.382
[lift] e6 t=45 cup_z=0.020 hand_z=0.226 stall=0.802
[s1] grasp-geom e3: hand-cup_xy=0.020 cup_gt=[0.432, 0.048, 0.022] vision_xy=[0.428, 0.06]
[s1] GRASP (drive stall) envs [3] stall=[0.688]
[lift] e3 t=16 cup_z=0.021 hand_z=0.161 stall=0.781
[s1] step=18200 stages=['CLOSE', 'DESCEND', 'IDLE', 'LIFT', 'DESCEND', 'FAIL', 'LIFT', 'ALIGN'] picks=10 places=9 hand0=[0.507, -0.057, 0.203] cup_xy0=[0.501, -0.02]
[s1] close-entry e1: hand=[0.503, 0.014, 0.186] cup_gt=[0.511, -0.025]
[s1] close-entry e4: hand=[0.389, -0.056, 0.192] cup_gt=[0.42, -0.073]
[lift] e3 t=36 cup_z=0.020 hand_z=0.189 stall=0.800
[close] e1 t=23 hand_z=0.162 dxy=0.067 stall=0.359
[lift] e3 t=56 cup_z=0.020 hand_z=0.254 stall=0.801
[lift] e3 t=76 cup_z=0.020 hand_z=0.307 stall=0.801
[s1] close-entry e7: hand=[0.467, 0.06, 0.189] cup_gt=[0.485, 0.082]
[lift] e3 t=96 cup_z=0.020 hand_z=0.350 stall=0.801
[close] e1 t=83 hand_z=0.158 dxy=0.092 stall=0.361
[lift] e3 t=116 cup_z=0.020 hand_z=0.349 stall=0.802
[s1] step=18300 stages=['IDLE', 'CLOSE', 'IDLE', 'LIFT', 'CLOSE', 'ALIGN', 'LIFT', 'CLOSE'] picks=10 places=9 hand0=[0.488, -0.047, 0.223] cup_xy0=[0.501, -0.02]
[lift] e3 t=136 cup_z=0.020 hand_z=0.351 stall=0.802
[s1] acquire e0: vision=[0.565, -0.031] gt=[0.561, -0.031]
[lift] e3 t=156 cup_z=0.020 hand_z=0.353 stall=0.802
[close] e1 t=143 hand_z=0.158 dxy=0.094 stall=0.361
[lift] e3 t=176 cup_z=0.020 hand_z=0.352 stall=0.802
[lift] e3 t=196 cup_z=0.020 hand_z=0.350 stall=0.802
[lift] e3 t=216 cup_z=0.020 hand_z=0.349 stall=0.802
[s1] step=18400 stages=['DESCEND', 'CLOSE', 'IDLE', 'LIFT', 'CLOSE', 'DESCEND', 'LIFT', 'CLOSE'] picks=10 places=9 hand0=[0.573, -0.035, 0.351] cup_xy0=[0.565, -0.031]
[s1] close-entry e5: hand=[0.526, 0.025, 0.187] cup_gt=[0.519, 0.014]
[close] e1 t=203 hand_z=0.158 dxy=0.094 stall=0.361
[lift] e3 t=236 cup_z=0.020 hand_z=0.349 stall=0.802
[s1] close-entry e0: hand=[0.562, -0.034, 0.184] cup_gt=[0.563, -0.03]
[lift] e3 t=256 cup_z=0.020 hand_z=0.350 stall=0.802
[lift] e3 t=276 cup_z=0.020 hand_z=0.350 stall=0.802
[close] e0 t=41 hand_z=0.222 dxy=0.017 stall=0.386
[lift] e3 t=296 cup_z=0.020 hand_z=0.351 stall=0.802
[lift] e3 t=316 cup_z=0.020 hand_z=0.350 stall=0.802
[s1] step=18500 stages=['CLOSE', 'FAIL', 'IDLE', 'LIFT', 'FAIL', 'CLOSE', 'LIFT', 'CLOSE'] picks=10 places=9 hand0=[0.58, -0.034, 0.223] cup_xy0=[0.565, -0.031]
[lift] e3 t=336 cup_z=0.020 hand_z=0.350 stall=0.802
[close] e0 t=101 hand_z=0.223 dxy=0.017 stall=0.386
[lift] e3 t=356 cup_z=0.020 hand_z=0.350 stall=0.802
[lift] e3 t=376 cup_z=0.020 hand_z=0.350 stall=0.802
[lift] e3 t=396 cup_z=0.020 hand_z=0.350 stall=0.802
[close] e0 t=161 hand_z=0.223 dxy=0.017 stall=0.386
[s1] step=18600 stages=['CLOSE', 'DESCEND', 'FAIL', 'FAIL', 'ALIGN', 'CLOSE', 'IDLE', 'IDLE'] picks=10 places=9 hand0=[0.58, -0.034, 0.223] cup_xy0=[0.565, -0.031]
[close] e0 t=221 hand_z=0.223 dxy=0.017 stall=0.386
[s1] close-entry e1: hand=[0.491, -0.07, 0.185] cup_gt=[0.491, -0.06]
[s1] step=18700 stages=['FAIL', 'CLOSE', 'IDLE', 'ALIGN', 'DESCEND', 'FAIL', 'DESCEND', 'DESCEND'] picks=10 places=9 hand0=[0.58, -0.035, 0.223] cup_xy0=[0.565, -0.031]
[close] e1 t=48 hand_z=0.222 dxy=0.021 stall=0.415
[s1] close-entry e4: hand=[0.43, -0.074, 0.192] cup_gt=[0.425, -0.077]
[s1] close-entry e6: hand=[0.537, 0.044, 0.188] cup_gt=[0.514, 0.04]
[close] e1 t=108 hand_z=0.223 dxy=0.019 stall=0.415
[s1] acquire e0: vision=[0.526, -0.014] gt=[0.524, -0.015]
[s1] step=18800 stages=['ALIGN', 'CLOSE', 'IDLE', 'DESCEND', 'CLOSE', 'ALIGN', 'CLOSE', 'DESCEND'] picks=10 places=9 hand0=[0.41, -0.054, 0.481] cup_xy0=[0.526, -0.014]
[s1] close-entry e7: hand=[0.48, -0.005, 0.19] cup_gt=[0.533, -0.021]
[s1] close-entry e3: hand=[0.443, -0.011, 0.191] cup_gt=[0.445, -0.01]
[close] e1 t=168 hand_z=0.223 dxy=0.018 stall=0.415
[s1] close-entry e5: hand=[0.548, -0.081, 0.183] cup_gt=[0.565, -0.032]
[s1] close-entry e0: hand=[0.526, -0.021, 0.187] cup_gt=[0.518, -0.003]
[close] e0 t=12 hand_z=0.165 dxy=0.007 stall=0.264
[s1] step=18900 stages=['CLOSE', 'CLOSE', 'IDLE', 'CLOSE', 'CLOSE', 'CLOSE', 'CLOSE', 'CLOSE'] picks=10 places=9 hand0=[0.5, 0.032, 0.165] cup_xy0=[0.526, -0.014]
[close] e0 t=72 hand_z=0.160 dxy=0.013 stall=0.410
[s1] step=19000 stages=['CLOSE', 'IDLE', 'FAIL', 'CLOSE', 'FAIL', 'CLOSE', 'FAIL', 'CLOSE'] picks=10 places=9 hand0=[0.484, 0.065, 0.16] cup_xy0=[0.526, -0.014]
[close] e0 t=132 hand_z=0.160 dxy=0.013 stall=0.410
[s1] grasp-geom e3: hand-cup_xy=0.003 cup_gt=[0.42, -0.038, 0.031] vision_xy=[0.44, -0.006]
[s1] GRASP (drive stall) envs [3] stall=[0.481]
[close] e0 t=192 hand_z=0.160 dxy=0.013 stall=0.410
[lift] e3 t=17 cup_z=0.038 hand_z=0.175 stall=0.481
[lift] e3 t=37 cup_z=0.092 hand_z=0.229 stall=0.482
[s1] step=19100 stages=['CLOSE', 'DESCEND', 'IDLE', 'LIFT', 'ALIGN', 'CLOSE', 'IDLE', 'FAIL'] picks=10 places=9 hand0=[0.484, 0.065, 0.16] cup_xy0=[0.526, -0.014]
[s1] LIFTED envs [3] (physical, friction-held)
[s1] close-entry e1: hand=[0.498, -0.063, 0.187] cup_gt=[0.495, -0.068]
[close] e1 t=40 hand_z=0.200 dxy=0.018 stall=0.387
[s1] step=19200 stages=['IDLE', 'CLOSE', 'IDLE', 'PLACE', 'DESCEND', 'ALIGN', 'ALIGN', 'DESCEND'] picks=11 places=9 hand0=[0.417, 0.084, 0.238] cup_xy0=[0.526, -0.014]
[s1] acquire e0: vision=[0.437, 0.008] gt=[0.441, 0.01]
[s1] close-entry e4: hand=[0.491, -0.015, 0.188] cup_gt=[0.481, -0.029]
[close] e1 t=100 hand_z=0.200 dxy=0.019 stall=0.387
[s1] close-entry e7: hand=[0.474, 0.045, 0.184] cup_gt=[0.48, 0.032]
[s1] step=19300 stages=['DESCEND', 'CLOSE', 'IDLE', 'RELEASE', 'CLOSE', 'DESCEND', 'DESCEND', 'CLOSE'] picks=11 places=9 hand0=[0.438, 0.017, 0.191] cup_xy0=[0.437, 0.008]
[s1] close-entry e5: hand=[0.518, 0.04, 0.19] cup_gt=[0.519, 0.027]
[s1] close-entry e0: hand=[0.442, 0.01, 0.191] cup_gt=[0.447, 0.009]
[close] e0 t=15 hand_z=0.183 dxy=0.016 stall=0.280
[s1] close-entry e6: hand=[0.505, -0.055, 0.191] cup_gt=[0.549, -0.078]
[close] e0 t=75 hand_z=0.179 dxy=0.014 stall=0.386
[s1] step=19400 stages=['CLOSE', 'CLOSE', 'IDLE', 'IDLE', 'CLOSE', 'CLOSE', 'CLOSE', 'CLOSE'] picks=11 places=9 hand0=[0.433, -0.02, 0.179] cup_xy0=[0.437, 0.008]
[close] e0 t=135 hand_z=0.179 dxy=0.014 stall=0.386
[close] e0 t=195 hand_z=0.179 dxy=0.014 stall=0.386
[s1] step=19500 stages=['CLOSE', 'ALIGN', 'IDLE', 'DESCEND', 'FAIL', 'CLOSE', 'CLOSE', 'CLOSE'] picks=11 places=9 hand0=[0.433, -0.02, 0.179] cup_xy0=[0.437, 0.008]
[s1] close-entry e3: hand=[0.417, -0.004, 0.187] cup_gt=[0.418, 0.005]
[close] e3 t=16 hand_z=0.168 dxy=0.001 stall=0.461
[s1] step=19600 stages=['FAIL', 'DESCEND', 'IDLE', 'CLOSE', 'ALIGN', 'FAIL', 'FAIL', 'IDLE'] picks=11 places=9 hand0=[0.431, -0.022, 0.177] cup_xy0=[0.437, 0.008]
[close] e3 t=76 hand_z=0.158 dxy=0.001 stall=0.466
[s1] close-entry e1: hand=[0.58, 0.011, 0.185] cup_gt=[0.563, -0.024]
[s1] acquire e0: vision=[0.556, 0.029] gt=[0.553, 0.026]
[close] e1 t=60 hand_z=0.156 dxy=0.138 stall=0.324
[s1] step=19700 stages=['DESCEND', 'CLOSE', 'FAIL', 'CLOSE', 'DESCEND', 'DESCEND', 'IDLE', 'ALIGN'] picks=11 places=9 hand0=[0.557, 0.026, 0.295] cup_xy0=[0.556, 0.029]
[s1] close-entry e0: hand=[0.557, 0.021, 0.19] cup_gt=[0.578, 0.01]
[close] e0 t=3 hand_z=0.194 dxy=0.023 stall=0.225
[s1] close-entry e4: hand=[0.552, -0.036, 0.191] cup_gt=[0.536, -0.028]
[s1] close-entry e7: hand=[0.566, 0.044, 0.191] cup_gt=[0.584, -0.004]
[close] e0 t=63 hand_z=0.215 dxy=0.042 stall=0.401
[s1] step=19800 stages=['CLOSE', 'CLOSE', 'IDLE', 'FAIL', 'CLOSE', 'DESCEND', 'DESCEND', 'CLOSE'] picks=11 places=9 hand0=[0.567, 0.051, 0.215] cup_xy0=[0.556, 0.029]
[s1] close-entry e6: hand=[0.541, 0.002, 0.183] cup_gt=[0.537, -0.002]
[close] e0 t=123 hand_z=0.215 dxy=0.043 stall=0.401
[s1] close-entry e5: hand=[0.467, -0.102, 0.189] cup_gt=[0.507, -0.143]
[s1] step=19900 stages=['CLOSE', 'FAIL', 'IDLE', 'ALIGN', 'CLOSE', 'CLOSE', 'CLOSE', 'CLOSE'] picks=11 places=9 hand0=[0.567, 0.051, 0.215] cup_xy0=[0.556, 0.029]
[close] e0 t=183 hand_z=0.215 dxy=0.043 stall=0.401
[close] e4 t=233 hand_z=0.163 dxy=0.007 stall=0.404
[s1] close-entry e3: hand=[0.459, -0.014, 0.191] cup_gt=[0.451, -0.014]
[s1] step=20000 stages=['FAIL', 'ALIGN', 'IDLE', 'CLOSE', 'FAIL', 'CLOSE', 'CLOSE', 'CLOSE'] picks=11 places=9 hand0=[0.566, 0.05, 0.214] cup_xy0=[0.556, 0.029]
[close] e3 t=51 hand_z=0.223 dxy=0.010 stall=0.492
[s1] acquire e0: vision=[0.522, 0.046] gt=[0.52, 0.043]
[close] e3 t=111 hand_z=0.223 dxy=0.010 stall=0.492
[s1] step=20100 stages=['ALIGN', 'DESCEND', 'IDLE', 'CLOSE', 'IDLE', 'CLOSE', 'FAIL', 'IDLE'] picks=11 places=9 hand0=[0.393, -0.014, 0.515] cup_xy0=[0.522, 0.046]
[close] e3 t=171 hand_z=0.223 dxy=0.010 stall=0.492
[s1] close-entry e1: hand=[0.457, -0.099, 0.192] cup_gt=[0.497, -0.075]
[s1] step=20200 stages=['DESCEND', 'CLOSE', 'IDLE', 'CLOSE', 'ALIGN', 'IDLE', 'ALIGN', 'DESCEND'] picks=11 places=9 hand0=[0.524, 0.032, 0.189] cup_xy0=[0.522, 0.046]
[s1] close-entry e0: hand=[0.521, 0.041, 0.182] cup_gt=[0.519, 0.044]
[s1] close-entry e7: hand=[0.474, 0.052, 0.183] cup_gt=[0.468, 0.046]
[close] e0 t=19 hand_z=0.164 dxy=0.006 stall=0.324
[s1] grasp-geom e3: hand-cup_xy=0.010 cup_gt=[0.496, 0.035, 0.081] vision_xy=[0.46, -0.007]
[s1] GRASP (drive stall) envs [3] stall=[0.492]
[lift] e3 t=10 cup_z=0.081 hand_z=0.223 stall=0.493
[lift] e3 t=30 cup_z=0.092 hand_z=0.233 stall=0.494
[s1] LIFTED envs [3] (physical, friction-held)
[close] e0 t=79 hand_z=0.159 dxy=0.004 stall=0.389
[s1] step=20300 stages=['CLOSE', 'CLOSE', 'IDLE', 'CARRY', 'DESCEND', 'DESCEND', 'DESCEND', 'CLOSE'] picks=12 places=9 hand0=[0.509, 0.1, 0.159] cup_xy0=[0.522, 0.046]
[s1] close-entry e6: hand=[0.382, 0.006, 0.192] cup_gt=[0.369, -0.013]
[s1] close-entry e5: hand=[0.514, -0.052, 0.183] cup_gt=[0.513, -0.058]
[close] e0 t=139 hand_z=0.159 dxy=0.004 stall=0.389
[s1] close-entry e4: hand=[0.415, -0.136, 0.186] cup_gt=[0.438, -0.151]
[close] e0 t=199 hand_z=0.159 dxy=0.004 stall=0.389
[s1] step=20400 stages=['CLOSE', 'CLOSE', 'IDLE', 'PLACE', 'CLOSE', 'CLOSE', 'CLOSE', 'CLOSE'] picks=12 places=9 hand0=[0.509, 0.1, 0.159] cup_xy0=[0.522, 0.046]
[close] e4 t=90 hand_z=0.195 dxy=0.069 stall=0.412
[s1] PLACED envs [3] (full physical pick-move-place)
[rec] episode 10/60 saved (len=298, env=3)
[s1] step=20500 stages=['FAIL', 'IDLE', 'IDLE', 'DONE', 'CLOSE', 'CLOSE', 'CLOSE', 'FAIL'] picks=12 places=10 hand0=[0.509, 0.099, 0.159] cup_xy0=[0.522, 0.046]
[close] e4 t=150 hand_z=0.195 dxy=0.069 stall=0.412
[s1] acquire e0: vision=[0.443, -0.065] gt=[0.473, -0.069]
[close] e4 t=210 hand_z=0.195 dxy=0.069 stall=0.412
[s1] step=20600 stages=['ALIGN', 'DESCEND', 'IDLE', 'IDLE', 'CLOSE', 'FAIL', 'FAIL', 'DESCEND'] picks=12 places=10 hand0=[0.371, -0.201, 0.29] cup_xy0=[0.443, -0.065]
[s1] close-entry e1: hand=[0.525, -0.02, 0.19] cup_gt=[0.526, 0.026]
[s1] close-entry e7: hand=[0.487, -0.048, 0.185] cup_gt=[0.556, 0.045]
[close] e1 t=47 hand_z=0.200 dxy=0.007 stall=0.651
[s1] step=20700 stages=['DESCEND', 'CLOSE', 'IDLE', 'DESCEND', 'IDLE', 'IDLE', 'ALIGN', 'CLOSE'] picks=12 places=10 hand0=[0.448, -0.019, 0.251] cup_xy0=[0.443, -0.065]
[s1] close-entry e0: hand=[0.446, -0.059, 0.191] cup_gt=[0.471, -0.072]
[s1] close-entry e3: hand=[0.492, -0.02, 0.187] cup_gt=[0.487, -0.029]
[close] e0 t=32 hand_z=0.163 dxy=0.042 stall=0.400
[s1] step=20800 stages=['CLOSE', 'CLOSE', 'FAIL', 'CLOSE', 'DESCEND', 'DESCEND', 'ALIGN', 'CLOSE'] picks=12 places=10 hand0=[0.424, -0.126, 0.162] cup_xy0=[0.443, -0.065]
[close] e0 t=92 hand_z=0.162 dxy=0.049 stall=0.396
[s1] close-entry e5: hand=[0.465, 0.077, 0.182] cup_gt=[0.47, 0.086]
[s1] close-entry e4: hand=[0.442, -0.018, 0.19] cup_gt=[0.443, -0.013]
[close] e0 t=152 hand_z=0.162 dxy=0.050 stall=0.396
[s1] step=20900 stages=['CLOSE', 'FAIL', 'IDLE', 'CLOSE', 'CLOSE', 'CLOSE', 'DESCEND', 'CLOSE'] picks=12 places=10 hand0=[0.424, -0.126, 0.162] cup_xy0=[0.443, -0.065]
[close] e0 t=212 hand_z=0.162 dxy=0.050 stall=0.396
[close] e4 t=123 hand_z=0.168 dxy=0.018 stall=0.412
[s1] step=21000 stages=['FAIL', 'IDLE', 'IDLE', 'FAIL', 'CLOSE', 'CLOSE', 'DESCEND', 'IDLE'] picks=12 places=10 hand0=[0.422, -0.128, 0.16] cup_xy0=[0.443, -0.065]
[close] e4 t=183 hand_z=0.168 dxy=0.018 stall=0.412
[s1] acquire e0: vision=[0.441, -0.051] gt=[0.442, -0.051]
[s1] step=21100 stages=['ALIGN', 'DESCEND', 'IDLE', 'IDLE', 'CLOSE', 'FAIL', 'DESCEND', 'DESCEND'] picks=12 places=10 hand0=[0.39, 0.111, 0.316] cup_xy0=[0.441, -0.051]
[s1] close-entry e1: hand=[0.475, 0.054, 0.19] cup_gt=[0.469, 0.038]
[close] e1 t=9 hand_z=0.187 dxy=0.009 stall=0.450
[s1] close-entry e7: hand=[0.531, -0.03, 0.191] cup_gt=[0.528, -0.033]
[close] e1 t=69 hand_z=0.187 dxy=0.007 stall=0.474
[s1] step=21200 stages=['DESCEND', 'CLOSE', 'IDLE', 'DESCEND', 'IDLE', 'ALIGN', 'DESCEND', 'CLOSE'] picks=12 places=10 hand0=[0.426, 0.053, 0.229] cup_xy0=[0.441, -0.051]
[s1] close-entry e0: hand=[0.441, -0.057, 0.188] cup_gt=[0.442, -0.063]
[close] e0 t=1 hand_z=0.188 dxy=0.006 stall=0.203
[close] e0 t=61 hand_z=0.191 dxy=0.022 stall=0.380
[s1] step=21300 stages=['CLOSE', 'CLOSE', 'IDLE', 'DESCEND', 'ALIGN', 'DESCEND', 'IDLE', 'CLOSE'] picks=12 places=10 hand0=[0.446, -0.009, 0.191] cup_xy0=[0.441, -0.051]
[s1] close-entry e3: hand=[0.492, -0.026, 0.183] cup_gt=[0.504, -0.024]
[s1] close-entry e5: hand=[0.499, -0.065, 0.192] cup_gt=[0.494, -0.06]
[s1] grasp-geom e1: hand-cup_xy=0.007 cup_gt=[0.47, 0.047, 0.02] vision_xy=[0.472, 0.046]
[s1] GRASP (drive stall) envs [1] stall=[0.474]
[close] e0 t=121 hand_z=0.191 dxy=0.022 stall=0.380
[lift] e1 t=8 cup_z=0.020 hand_z=0.191 stall=0.523
[lift] e1 t=28 cup_z=0.028 hand_z=0.199 stall=0.735
[lift] e1 t=48 cup_z=0.020 hand_z=0.235 stall=0.799
[s1] step=21400 stages=['CLOSE', 'LIFT', 'IDLE', 'CLOSE', 'DESCEND', 'CLOSE', 'DESCEND', 'FAIL'] picks=12 places=10 hand0=[0.446, -0.008, 0.191] cup_xy0=[0.441, -0.051]
[s1] close-entry e4: hand=[0.446, -0.057, 0.189] cup_gt=[0.494, -0.071]
[s1] close-entry e6: hand=[0.547, -0.082, 0.189] cup_gt=[0.529, -0.046]
[close] e0 t=181 hand_z=0.191 dxy=0.022 stall=0.380
[lift] e1 t=68 cup_z=0.020 hand_z=0.294 stall=0.802
[lift] e1 t=88 cup_z=0.020 hand_z=0.319 stall=0.802
[lift] e1 t=108 cup_z=0.020 hand_z=0.332 stall=0.802
[close] e0 t=241 hand_z=0.191 dxy=0.022 stall=0.380
[lift] e1 t=128 cup_z=0.020 hand_z=0.325 stall=0.801
[lift] e1 t=148 cup_z=0.020 hand_z=0.329 stall=0.802
[s1] step=21500 stages=['FAIL', 'LIFT', 'FAIL', 'CLOSE', 'CLOSE', 'CLOSE', 'CLOSE', 'ALIGN'] picks=12 places=10 hand0=[0.442, -0.005, 0.187] cup_xy0=[0.441, -0.051]
[lift] e1 t=168 cup_z=0.020 hand_z=0.341 stall=0.802
[close] e3 t=233 hand_z=0.170 dxy=0.006 stall=0.497
[lift] e1 t=188 cup_z=0.020 hand_z=0.349 stall=0.802
[s1] grasp-geom e3: hand-cup_xy=0.006 cup_gt=[0.476, -0.079, 0.02] vision_xy=[0.495, -0.03]
[s1] GRASP (drive stall) envs [3] stall=[0.497]
[lift] e1 t=208 cup_z=0.020 hand_z=0.350 stall=0.801
[lift] e1 t=228 cup_z=0.020 hand_z=0.350 stall=0.801
[s1] LIFTED envs [3] (physical, friction-held)
[s1] acquire e0: vision=[0.438, 0.069] gt=[0.439, 0.065]
[close] e4 t=199 hand_z=0.161 dxy=0.086 stall=0.390
[lift] e1 t=248 cup_z=0.020 hand_z=0.350 stall=0.801
[s1] step=21600 stages=['ALIGN', 'LIFT', 'IDLE', 'CARRY', 'CLOSE', 'FAIL', 'CLOSE', 'DESCEND'] picks=13 places=10 hand0=[0.394, 0.016, 0.429] cup_xy0=[0.438, 0.069]
[lift] e1 t=268 cup_z=0.020 hand_z=0.350 stall=0.801
[s1] close-entry e7: hand=[0.55, 0.037, 0.185] cup_gt=[0.547, 0.026]
[lift] e1 t=288 cup_z=0.020 hand_z=0.350 stall=0.801
[s1] grasp-geom e6: hand-cup_xy=0.631 cup_gt=[0.138, -0.471, 0.02] vision_xy=[0.542, -0.079]
[s1] GRASP (drive stall) envs [6] stall=[0.616]
[close] e7 t=39 hand_z=0.159 dxy=0.057 stall=0.392
[lift] e1 t=308 cup_z=0.020 hand_z=0.350 stall=0.801
[lift] e1 t=328 cup_z=0.020 hand_z=0.350 stall=0.801
[s1] close-entry e0: hand=[0.436, 0.076, 0.187] cup_gt=[0.442, 0.061]
[lift] e1 t=348 cup_z=0.020 hand_z=0.350 stall=0.801
[s1] step=21700 stages=['CLOSE', 'LIFT', 'IDLE', 'RELEASE', 'FAIL', 'ALIGN', 'LIFT', 'CLOSE'] picks=13 places=10 hand0=[0.434, 0.035, 0.175] cup_xy0=[0.438, 0.069]
[close] e0 t=37 hand_z=0.172 dxy=0.017 stall=0.377
[lift] e1 t=368 cup_z=0.020 hand_z=0.350 stall=0.801
[lift] e1 t=388 cup_z=0.020 hand_z=0.350 stall=0.801
[lift] e6 t=116 cup_z=0.020 hand_z=0.352 stall=0.801
[s1] PLACED envs [3] (full physical pick-move-place)
[rec] episode 11/60 saved (len=330, env=3)
[close] e0 t=97 hand_z=0.172 dxy=0.019 stall=0.376
[lift] e6 t=136 cup_z=0.020 hand_z=0.350 stall=0.801
[lift] e6 t=156 cup_z=0.020 hand_z=0.351 stall=0.801
[s1] step=21800 stages=['CLOSE', 'FAIL', 'IDLE', 'DONE', 'ALIGN', 'DESCEND', 'LIFT', 'CLOSE'] picks=13 places=11 hand0=[0.433, 0.019, 0.172] cup_xy0=[0.438, 0.069]
[s1] close-entry e5: hand=[0.482, 0.076, 0.183] cup_gt=[0.546, 0.078]
[lift] e6 t=176 cup_z=0.020 hand_z=0.351 stall=0.801
[close] e0 t=157 hand_z=0.172 dxy=0.019 stall=0.376
[lift] e6 t=196 cup_z=0.020 hand_z=0.350 stall=0.801
[lift] e6 t=216 cup_z=0.020 hand_z=0.350 stall=0.801
[lift] e6 t=236 cup_z=0.020 hand_z=0.350 stall=0.801
[close] e0 t=217 hand_z=0.172 dxy=0.019 stall=0.376
[lift] e6 t=256 cup_z=0.020 hand_z=0.350 stall=0.801
[s1] step=21900 stages=['CLOSE', 'DESCEND', 'FAIL', 'ALIGN', 'ALIGN', 'CLOSE', 'LIFT', 'FAIL'] picks=13 places=11 hand0=[0.433, 0.019, 0.172] cup_xy0=[0.438, 0.069]
[lift] e6 t=276 cup_z=0.020 hand_z=0.350 stall=0.801
[lift] e6 t=296 cup_z=0.020 hand_z=0.350 stall=0.801
[close] e5 t=160 hand_z=0.211 dxy=0.070 stall=0.408
[lift] e6 t=316 cup_z=0.020 hand_z=0.350 stall=0.801
[lift] e6 t=336 cup_z=0.020 hand_z=0.350 stall=0.801
[s1] close-entry e1: hand=[0.475, 0.079, 0.191] cup_gt=[0.243, 0.139]
[lift] e6 t=356 cup_z=0.020 hand_z=0.350 stall=0.801
[s1] step=22000 stages=['IDLE', 'CLOSE', 'IDLE', 'DESCEND', 'ALIGN', 'CLOSE', 'LIFT', 'ALIGN'] picks=13 places=11 hand0=[0.338, -0.004, 0.238] cup_xy0=[0.438, 0.069]
[s1] close-entry e3: hand=[0.521, -0.015, 0.188] cup_gt=[0.514, -0.009]
[s1] acquire e0: vision=[0.456, 0.083] gt=[0.456, 0.079]
[close] e1 t=37 hand_z=0.174 dxy=0.271 stall=0.799
[lift] e6 t=376 cup_z=0.020 hand_z=0.350 stall=0.801
[lift] e6 t=396 cup_z=0.020 hand_z=0.350 stall=0.801
[s1] close-entry e7: hand=[0.562, -0.016, 0.192] cup_gt=[0.572, -0.006]
[close] e1 t=97 hand_z=0.172 dxy=0.282 stall=0.799
[s1] step=22100 stages=['DESCEND', 'CLOSE', 'IDLE', 'CLOSE', 'ALIGN', 'FAIL', 'FAIL', 'CLOSE'] picks=13 places=11 hand0=[0.385, 0.174, 0.245] cup_xy0=[0.456, 0.083]
[close] e1 t=157 hand_z=0.172 dxy=0.284 stall=0.799
[s1] close-entry e0: hand=[0.46, 0.086, 0.192] cup_gt=[0.46, 0.074]
[close] e0 t=38 hand_z=0.174 dxy=0.008 stall=0.409
[s1] step=22200 stages=['CLOSE', 'CLOSE', 'IDLE', 'CLOSE', 'FAIL', 'DESCEND', 'ALIGN', 'CLOSE'] picks=13 places=11 hand0=[0.456, 0.052, 0.174] cup_xy0=[0.456, 0.083]
[s1] close-entry e5: hand=[0.479, 0.072, 0.187] cup_gt=[0.477, 0.059]
[close] e0 t=98 hand_z=0.173 dxy=0.009 stall=0.411
[s1] step=22300 stages=['CLOSE', 'IDLE', 'IDLE', 'FAIL', 'IDLE', 'CLOSE', 'DESCEND', 'CLOSE'] picks=13 places=11 hand0=[0.456, 0.05, 0.173] cup_xy0=[0.456, 0.083]
[close] e0 t=158 hand_z=0.173 dxy=0.009 stall=0.411
[close] e0 t=218 hand_z=0.173 dxy=0.009 stall=0.411
[s1] step=22400 stages=['CLOSE', 'DESCEND', 'IDLE', 'ALIGN', 'DESCEND', 'CLOSE', 'DESCEND', 'IDLE'] picks=13 places=11 hand0=[0.456, 0.05, 0.173] cup_xy0=[0.456, 0.083]
[s1] close-entry e6: hand=[0.498, 0.063, 0.19] cup_gt=[0.498, 0.033]
[s1] close-entry e4: hand=[0.462, 0.006, 0.186] cup_gt=[0.46, -0.005]
[close] e4 t=27 hand_z=0.155 dxy=0.051 stall=0.254
[s1] close-entry e1: hand=[0.541, -0.001, 0.187] cup_gt=[0.57, 0.128]
[s1] acquire e0: vision=[0.566, -0.08] gt=[0.562, -0.078]
[close] e1 t=46 hand_z=0.209 dxy=0.267 stall=0.801
[s1] step=22500 stages=['ALIGN', 'CLOSE', 'IDLE', 'DESCEND', 'CLOSE', 'FAIL', 'CLOSE', 'DESCEND'] picks=13 places=11 hand0=[0.348, -0.002, 0.546] cup_xy0=[0.566, -0.08]
[s1] close-entry e7: hand=[0.539, 0.036, 0.189] cup_gt=[0.517, 0.05]
[close] e1 t=106 hand_z=0.209 dxy=0.294 stall=0.801
[s1] step=22600 stages=['DESCEND', 'CLOSE', 'FAIL', 'DESCEND', 'CLOSE', 'ALIGN', 'CLOSE', 'CLOSE'] picks=13 places=11 hand0=[0.548, -0.149, 0.186] cup_xy0=[0.566, -0.08]
[close] e1 t=166 hand_z=0.209 dxy=0.297 stall=0.801
[s1] close-entry e0: hand=[0.566, -0.075, 0.186] cup_gt=[0.593, -0.024]
[s1] grasp-geom e6: hand-cup_xy=0.000 cup_gt=[0.501, -0.023, 0.022] vision_xy=[0.497, 0.058]
[s1] GRASP (drive stall) envs [6] stall=[0.63]
[lift] e6 t=13 cup_z=0.020 hand_z=0.200 stall=0.688
[close] e0 t=44 hand_z=0.169 dxy=0.133 stall=0.408
[lift] e6 t=33 cup_z=0.020 hand_z=0.218 stall=0.800
[s1] close-entry e5: hand=[0.581, 0.027, 0.191] cup_gt=[0.574, 0.038]
[lift] e6 t=53 cup_z=0.020 hand_z=0.285 stall=0.801
[s1] step=22700 stages=['CLOSE', 'FAIL', 'IDLE', 'DESCEND', 'FAIL', 'CLOSE', 'LIFT', 'CLOSE'] picks=13 places=11 hand0=[0.549, -0.16, 0.169] cup_xy0=[0.566, -0.08]
[lift] e6 t=73 cup_z=0.020 hand_z=0.330 stall=0.800
[close] e0 t=104 hand_z=0.169 dxy=0.137 stall=0.408
[lift] e6 t=93 cup_z=0.020 hand_z=0.357 stall=0.800
[lift] e6 t=113 cup_z=0.020 hand_z=0.350 stall=0.800
[lift] e6 t=133 cup_z=0.020 hand_z=0.347 stall=0.801
[close] e0 t=164 hand_z=0.169 dxy=0.138 stall=0.408
[lift] e6 t=153 cup_z=0.020 hand_z=0.348 stall=0.801
[s1] step=22800 stages=['CLOSE', 'IDLE', 'IDLE', 'DESCEND', 'IDLE', 'CLOSE', 'LIFT', 'FAIL'] picks=13 places=11 hand0=[0.548, -0.161, 0.169] cup_xy0=[0.566, -0.08]
[lift] e6 t=173 cup_z=0.020 hand_z=0.351 stall=0.801
[s1] close-entry e3: hand=[0.528, -0.042, 0.184] cup_gt=[0.212, -0.093]
[lift] e6 t=193 cup_z=0.020 hand_z=0.352 stall=0.800
[close] e0 t=224 hand_z=0.169 dxy=0.138 stall=0.408
[lift] e6 t=213 cup_z=0.020 hand_z=0.350 stall=0.800
[lift] e6 t=233 cup_z=0.020 hand_z=0.349 stall=0.800
[lift] e6 t=253 cup_z=0.020 hand_z=0.349 stall=0.800
[s1] step=22900 stages=['FAIL', 'DESCEND', 'IDLE', 'CLOSE', 'DESCEND', 'CLOSE', 'LIFT', 'ALIGN'] picks=13 places=11 hand0=[0.547, -0.162, 0.168] cup_xy0=[0.566, -0.08]
[close] e3 t=92 hand_z=0.175 dxy=0.356 stall=0.389
[lift] e6 t=273 cup_z=0.020 hand_z=0.350 stall=0.800
[s1] close-entry e4: hand=[0.426, -0.014, 0.186] cup_gt=[0.437, -0.006]
[lift] e6 t=293 cup_z=0.020 hand_z=0.351 stall=0.800
[s1] close-entry e1: hand=[0.385, -0.004, 0.192] cup_gt=[0.361, 0.005]
[lift] e6 t=313 cup_z=0.020 hand_z=0.350 stall=0.800
[close] e1 t=34 hand_z=0.183 dxy=0.055 stall=0.793
[lift] e6 t=333 cup_z=0.020 hand_z=0.350 stall=0.800
[s1] close-entry e7: hand=[0.488, 0.005, 0.191] cup_gt=[0.484, -0.003]
[lift] e6 t=353 cup_z=0.020 hand_z=0.350 stall=0.800
[s1] step=23000 stages=['IDLE', 'CLOSE', 'IDLE', 'CLOSE', 'CLOSE', 'IDLE', 'LIFT', 'CLOSE'] picks=13 places=11 hand0=[0.356, 0.017, 0.496] cup_xy0=[0.566, -0.08]
[s1] acquire e0: vision=[0.558, -0.054] gt=[0.554, -0.053]
[lift] e6 t=373 cup_z=0.020 hand_z=0.350 stall=0.800
[close] e1 t=94 hand_z=0.182 dxy=0.073 stall=0.800
[lift] e6 t=393 cup_z=0.020 hand_z=0.350 stall=0.800
[close] e1 t=154 hand_z=0.182 dxy=0.075 stall=0.800
[s1] step=23100 stages=['DESCEND', 'CLOSE', 'IDLE', 'FAIL', 'CLOSE', 'DESCEND', 'FAIL', 'CLOSE'] picks=13 places=11 hand0=[0.552, -0.048, 0.177] cup_xy0=[0.558, -0.054]
[s1] close-entry e0: hand=[0.558, -0.061, 0.19] cup_gt=[0.531, -0.07]
[close] e0 t=51 hand_z=0.215 dxy=0.072 stall=0.386
[s1] step=23200 stages=['CLOSE', 'FAIL', 'IDLE', 'ALIGN', 'FAIL', 'DESCEND', 'DESCEND', 'CLOSE'] picks=13 places=11 hand0=[0.578, -0.044, 0.215] cup_xy0=[0.558, -0.054]
[s1] close-entry e5: hand=[0.43, -0.071, 0.191] cup_gt=[0.427, -0.068]
[close] e0 t=111 hand_z=0.215 dxy=0.077 stall=0.386
[s1] close-entry e6: hand=[0.445, -0.036, 0.188] cup_gt=[0.444, -0.043]
[close] e0 t=171 hand_z=0.215 dxy=0.078 stall=0.386
[s1] close-entry e3: hand=[0.461, 0.066, 0.186] cup_gt=[0.463, 0.056]
[s1] step=23300 stages=['CLOSE', 'IDLE', 'FAIL', 'CLOSE', 'ALIGN', 'CLOSE', 'CLOSE', 'IDLE'] picks=13 places=11 hand0=[0.578, -0.044, 0.215] cup_xy0=[0.558, -0.054]
[close] e0 t=231 hand_z=0.215 dxy=0.078 stall=0.386
[s1] close-entry e4: hand=[0.454, 0.059, 0.191] cup_gt=[0.451, 0.052]
[close] e3 t=102 hand_z=0.159 dxy=0.047 stall=0.392
[s1] step=23400 stages=['FAIL', 'DESCEND', 'IDLE', 'CLOSE', 'CLOSE', 'CLOSE', 'CLOSE', 'ALIGN'] picks=13 places=11 hand0=[0.578, -0.046, 0.216] cup_xy0=[0.558, -0.054]
[s1] acquire e0: vision=[0.482, 0.068] gt=[0.499, 0.071]
[close] e3 t=162 hand_z=0.159 dxy=0.047 stall=0.392
[s1] close-entry e1: hand=[0.454, 0.068, 0.192] cup_gt=[0.502, 0.06]
[s1] close-entry e7: hand=[0.433, 0.032, 0.188] cup_gt=[0.425, 0.038]
[s1] step=23500 stages=['ALIGN', 'CLOSE', 'IDLE', 'CLOSE', 'CLOSE', 'FAIL', 'FAIL', 'CLOSE'] picks=13 places=11 hand0=[0.481, 0.006, 0.368] cup_xy0=[0.482, 0.068]
[close] e1 t=32 hand_z=0.187 dxy=0.076 stall=0.776
[close] e1 t=92 hand_z=0.187 dxy=0.081 stall=0.798
[s1] step=23600 stages=['DESCEND', 'CLOSE', 'IDLE', 'FAIL', 'CLOSE', 'ALIGN', 'ALIGN', 'CLOSE'] picks=13 places=11 hand0=[0.272, 0.282, 0.192] cup_xy0=[0.482, 0.068]
[close] e1 t=152 hand_z=0.187 dxy=0.081 stall=0.798
[s1] close-entry e5: hand=[0.557, 0.002, 0.183] cup_gt=[0.526, 0.045]
[close] e1 t=212 hand_z=0.187 dxy=0.081 stall=0.798
[s1] step=23700 stages=['DESCEND', 'CLOSE', 'FAIL', 'IDLE', 'IDLE', 'CLOSE', 'DESCEND', 'CLOSE'] picks=13 places=11 hand0=[0.453, 0.038, 0.177] cup_xy0=[0.482, 0.068]
[s1] close-entry e0: hand=[0.481, 0.062, 0.186] cup_gt=[0.503, 0.085]
[s1] close-entry e6: hand=[0.502, -0.04, 0.191] cup_gt=[0.504, -0.078]
[close] e0 t=36 hand_z=0.171 dxy=0.024 stall=0.387
[s1] step=23800 stages=['CLOSE', 'IDLE', 'IDLE', 'IDLE', 'DESCEND', 'CLOSE', 'CLOSE', 'FAIL'] picks=13 places=11 hand0=[0.472, 0.097, 0.171] cup_xy0=[0.482, 0.068]
[close] e0 t=96 hand_z=0.171 dxy=0.024 stall=0.387
[s1] close-entry e4: hand=[0.46, -0.064, 0.188] cup_gt=[0.439, -0.112]
[close] e0 t=156 hand_z=0.171 dxy=0.024 stall=0.387
[s1] step=23900 stages=['CLOSE', 'DESCEND', 'IDLE', 'IDLE', 'CLOSE', 'CLOSE', 'CLOSE', 'ALIGN'] picks=13 places=11 hand0=[0.472, 0.097, 0.171] cup_xy0=[0.482, 0.068]
[close] e0 t=216 hand_z=0.171 dxy=0.024 stall=0.387
[s1] close-entry e1: hand=[0.527, -0.054, 0.187] cup_gt=[0.519, -0.033]
[s1] grasp-geom e6: hand-cup_xy=0.011 cup_gt=[0.481, -0.126, 0.02] vision_xy=[0.499, -0.038]
[s1] GRASP (drive stall) envs [6] stall=[0.691]
[lift] e6 t=13 cup_z=0.020 hand_z=0.196 stall=0.652
[close] e1 t=60 hand_z=0.163 dxy=0.045 stall=0.799
[lift] e6 t=33 cup_z=0.020 hand_z=0.214 stall=0.801
[s1] step=24000 stages=['FAIL', 'CLOSE', 'IDLE', 'ALIGN', 'CLOSE', 'IDLE', 'LIFT', 'ALIGN'] picks=13 places=11 hand0=[0.471, 0.1, 0.171] cup_xy0=[0.482, 0.068]
[lift] e6 t=53 cup_z=0.020 hand_z=0.276 stall=0.802
[lift] e6 t=73 cup_z=0.020 hand_z=0.328 stall=0.802
[close] e1 t=120 hand_z=0.161 dxy=0.049 stall=0.799
[lift] e6 t=93 cup_z=0.020 hand_z=0.345 stall=0.801
[lift] e6 t=113 cup_z=0.020 hand_z=0.345 stall=0.801
[s1] acquire e0: vision=[0.512, 0.068] gt=[0.51, 0.063]
[lift] e6 t=133 cup_z=0.020 hand_z=0.351 stall=0.801
[s1] step=24100 stages=['ALIGN', 'CLOSE', 'IDLE', 'DESCEND', 'FAIL', 'DESCEND', 'LIFT', 'ALIGN'] picks=13 places=11 hand0=[0.497, -0.038, 0.421] cup_xy0=[0.512, 0.068]
[close] e1 t=180 hand_z=0.161 dxy=0.050 stall=0.799
[lift] e6 t=153 cup_z=0.020 hand_z=0.351 stall=0.801
[lift] e6 t=173 cup_z=0.020 hand_z=0.351 stall=0.802
[lift] e6 t=193 cup_z=0.020 hand_z=0.351 stall=0.801
[s1] close-entry e5: hand=[0.353, 0.061, 0.189] cup_gt=[0.336, 0.078]
[close] e1 t=240 hand_z=0.161 dxy=0.050 stall=0.799
[lift] e6 t=213 cup_z=0.020 hand_z=0.351 stall=0.801
[lift] e6 t=233 cup_z=0.020 hand_z=0.351 stall=0.801
[s1] step=24200 stages=['DESCEND', 'FAIL', 'IDLE', 'DESCEND', 'ALIGN', 'CLOSE', 'LIFT', 'ALIGN'] picks=13 places=11 hand0=[0.496, 0.092, 0.239] cup_xy0=[0.512, 0.068]
[lift] e6 t=253 cup_z=0.020 hand_z=0.350 stall=0.801
[s1] close-entry e3: hand=[0.53, -0.033, 0.189] cup_gt=[0.525, -0.036]
[close] e3 t=17 hand_z=0.199 dxy=0.021 stall=0.310
[lift] e6 t=273 cup_z=0.020 hand_z=0.350 stall=0.801
[lift] e6 t=293 cup_z=0.020 hand_z=0.350 stall=0.801
[lift] e6 t=313 cup_z=0.020 hand_z=0.350 stall=0.801
[s1] close-entry e4: hand=[0.56, -0.025, 0.188] cup_gt=[0.561, -0.032]
[close] e3 t=77 hand_z=0.201 dxy=0.073 stall=0.411
[lift] e6 t=333 cup_z=0.020 hand_z=0.350 stall=0.801
[s1] step=24300 stages=['DESCEND', 'ALIGN', 'IDLE', 'CLOSE', 'CLOSE', 'CLOSE', 'LIFT', 'FAIL'] picks=13 places=11 hand0=[0.158, 0.276, 0.176] cup_xy0=[0.512, 0.068]
[lift] e6 t=353 cup_z=0.020 hand_z=0.350 stall=0.801
[lift] e6 t=373 cup_z=0.020 hand_z=0.350 stall=0.801
[close] e3 t=137 hand_z=0.201 dxy=0.081 stall=0.411
[lift] e6 t=393 cup_z=0.020 hand_z=0.350 stall=0.801
[s1] step=24400 stages=['DESCEND', 'DESCEND', 'FAIL', 'CLOSE', 'CLOSE', 'CLOSE', 'FAIL', 'ALIGN'] picks=13 places=11 hand0=[0.521, 0.029, 0.299] cup_xy0=[0.512, 0.068]
[s1] close-entry e1: hand=[0.305, -0.07, 0.191] cup_gt=[0.226, -0.095]
[close] e1 t=16 hand_z=0.181 dxy=0.072 stall=0.616
[close] e1 t=76 hand_z=0.180 dxy=0.072 stall=0.799
[s1] close-entry e0: hand=[0.508, 0.071, 0.185] cup_gt=[0.558, 0.101]
[s1] step=24500 stages=['CLOSE', 'CLOSE', 'IDLE', 'FAIL', 'CLOSE', 'IDLE', 'ALIGN', 'DESCEND'] picks=13 places=11 hand0=[0.507, 0.03, 0.173] cup_xy0=[0.512, 0.068]
[s1] close-entry e7: hand=[0.496, 0.027, 0.191] cup_gt=[0.511, 0.035]
[close] e0 t=58 hand_z=0.171 dxy=0.101 stall=0.408
[s1] close-entry e6: hand=[0.487, 0.072, 0.186] cup_gt=[0.501, 0.069]
[close] e0 t=118 hand_z=0.171 dxy=0.102 stall=0.408
[s1] step=24600 stages=['CLOSE', 'CLOSE', 'IDLE', 'ALIGN', 'IDLE', 'DESCEND', 'CLOSE', 'CLOSE'] picks=13 places=11 hand0=[0.505, 0.016, 0.171] cup_xy0=[0.512, 0.068]
[close] e0 t=178 hand_z=0.171 dxy=0.102 stall=0.408
[s1] close-entry e5: hand=[0.37, -0.045, 0.184] cup_gt=[0.436, 0.004]
[s1] step=24700 stages=['CLOSE', 'FAIL', 'IDLE', 'DESCEND', 'DESCEND', 'CLOSE', 'CLOSE', 'CLOSE'] picks=13 places=11 hand0=[0.505, 0.016, 0.171] cup_xy0=[0.512, 0.068]
[s1] close-entry e3: hand=[0.566, 0.036, 0.192] cup_gt=[0.589, 0.081]
[close] e0 t=238 hand_z=0.171 dxy=0.102 stall=0.408
[s1] close-entry e4: hand=[0.479, -0.039, 0.19] cup_gt=[0.478, -0.049]
[close] e3 t=62 hand_z=0.196 dxy=0.120 stall=0.410
[s1] step=24800 stages=['IDLE', 'ALIGN', 'FAIL', 'CLOSE', 'CLOSE', 'CLOSE', 'CLOSE', 'FAIL'] picks=13 places=11 hand0=[0.34, 0.024, 0.184] cup_xy0=[0.512, 0.068]
[s1] acquire e0: vision=[0.447, -0.051] gt=[0.448, -0.052]
[close] e3 t=122 hand_z=0.196 dxy=0.122 stall=0.410
[s1] close-entry e1: hand=[0.476, 0.021, 0.192] cup_gt=[0.532, 0.009]
[close] e1 t=41 hand_z=0.183 dxy=0.082 stall=0.798
[s1] step=24900 stages=['DESCEND', 'CLOSE', 'IDLE', 'CLOSE', 'CLOSE', 'CLOSE', 'IDLE', 'DESCEND'] picks=13 places=11 hand0=[0.41, 0.012, 0.237] cup_xy0=[0.447, -0.051]
[close] e1 t=101 hand_z=0.183 dxy=0.085 stall=0.798
[s1] close-entry e0: hand=[0.443, -0.056, 0.185] cup_gt=[0.438, -0.032]
[s1] step=25000 stages=['CLOSE', 'CLOSE', 'IDLE', 'FAIL', 'FAIL', 'ALIGN', 'ALIGN', 'DESCEND'] picks=13 places=11 hand0=[0.427, -0.016, 0.167] cup_xy0=[0.447, -0.051]
[s1] close-entry e7: hand=[0.439, -0.015, 0.191] cup_gt=[0.436, -0.005]
[close] e0 t=32 hand_z=0.160 dxy=0.013 stall=0.398
[close] e0 t=92 hand_z=0.159 dxy=0.018 stall=0.396
[s1] step=25100 stages=['CLOSE', 'CLOSE', 'IDLE', 'ALIGN', 'IDLE', 'DESCEND', 'DESCEND', 'CLOSE'] picks=13 places=11 hand0=[0.416, 0.003, 0.159] cup_xy0=[0.447, -0.051]
[s1] close-entry e6: hand=[0.551, 0.011, 0.185] cup_gt=[0.519, 0.008]
[close] e0 t=152 hand_z=0.159 dxy=0.018 stall=0.396
[s1] close-entry e5: hand=[0.557, 0.087, 0.188] cup_gt=[0.402, 0.327]
[close] e0 t=212 hand_z=0.159 dxy=0.017 stall=0.396
[s1] step=25200 stages=['CLOSE', 'ALIGN', 'IDLE', 'DESCEND', 'DESCEND', 'CLOSE', 'CLOSE', 'CLOSE'] picks=13 places=11 hand0=[0.416, 0.003, 0.159] cup_xy0=[0.447, -0.051]
[s1] close-entry e3: hand=[0.445, -0.063, 0.191] cup_gt=[0.457, -0.06]
[close] e3 t=35 hand_z=0.178 dxy=0.024 stall=0.417
[s1] close-entry e4: hand=[0.515, -0.064, 0.188] cup_gt=[0.563, -0.058]
[s1] step=25300 stages=['IDLE', 'DESCEND', 'IDLE', 'CLOSE', 'CLOSE', 'CLOSE', 'CLOSE', 'FAIL'] picks=13 places=11 hand0=[0.333, 0.03, 0.168] cup_xy0=[0.447, -0.051]
[s1] close-entry e1: hand=[0.549, 0.064, 0.186] cup_gt=[0.54, 0.064]
[close] e1 t=8 hand_z=0.170 dxy=0.001 stall=0.468
[s1] acquire e0: vision=[0.496, -0.001] gt=[0.532, 0.023]
[close] e1 t=68 hand_z=0.160 dxy=0.007 stall=0.489
[s1] step=25400 stages=['ALIGN', 'CLOSE', 'IDLE', 'CLOSE', 'CLOSE', 'FAIL', 'FAIL', 'ALIGN'] picks=13 places=11 hand0=[0.472, 0.103, 0.326] cup_xy0=[0.496, -0.001]
[close] e1 t=128 hand_z=0.160 dxy=0.007 stall=0.489
[s1] close-entry e0: hand=[0.497, -0.007, 0.191] cup_gt=[0.531, 0.024]
[close] e0 t=6 hand_z=0.181 dxy=0.039 stall=0.289
[s1] step=25500 stages=['CLOSE', 'CLOSE', 'FAIL', 'FAIL', 'CLOSE', 'ALIGN', 'IDLE', 'ALIGN'] picks=13 places=11 hand0=[0.498, 0.008, 0.181] cup_xy0=[0.496, -0.001]
[s1] grasp-geom e1: hand-cup_xy=0.007 cup_gt=[0.539, 0.064, 0.02] vision_xy=[0.544, 0.069]
[s1] GRASP (drive stall) envs [1] stall=[0.489]
[close] e0 t=66 hand_z=0.155 dxy=0.050 stall=0.239
[lift] e1 t=7 cup_z=0.020 hand_z=0.161 stall=0.493
[lift] e1 t=27 cup_z=0.031 hand_z=0.171 stall=0.495
[s1] close-entry e7: hand=[0.449, -0.04, 0.183] cup_gt=[0.484, -0.052]
[s1] LIFTED envs [1] (physical, friction-held)
[s1] step=25600 stages=['CLOSE', 'CARRY', 'IDLE', 'ALIGN', 'IDLE', 'DESCEND', 'IDLE', 'CLOSE'] picks=14 places=11 hand0=[0.487, 0.041, 0.155] cup_xy0=[0.496, -0.001]
[close] e0 t=126 hand_z=0.155 dxy=0.050 stall=0.238
[s1] close-entry e5: hand=[0.455, 0.077, 0.192] cup_gt=[0.452, 0.067]
[close] e0 t=186 hand_z=0.155 dxy=0.050 stall=0.238
[s1] step=25700 stages=['CLOSE', 'RELEASE', 'IDLE', 'DESCEND', 'DESCEND', 'CLOSE', 'IDLE', 'CLOSE'] picks=14 places=11 hand0=[0.487, 0.041, 0.155] cup_xy0=[0.496, -0.001]
[s1] close-entry e3: hand=[0.426, 0.008, 0.188] cup_gt=[0.432, 0.015]
[s1] close-entry e4: hand=[0.58, 0.002, 0.184] cup_gt=[0.58, 0.005]
[close] e3 t=26 hand_z=0.170 dxy=0.029 stall=0.355
[s1] PLACED envs [1] (full physical pick-move-place)
[rec] episode 12/60 saved (len=295, env=1)
[close] e3 t=86 hand_z=0.169 dxy=0.033 stall=0.389
[s1] step=25800 stages=['IDLE', 'DONE', 'IDLE', 'CLOSE', 'CLOSE', 'CLOSE', 'ALIGN', 'CLOSE'] picks=14 places=12 hand0=[0.47, 0.028, 0.186] cup_xy0=[0.496, -0.001]
[close] e3 t=146 hand_z=0.169 dxy=0.033 stall=0.389
[s1] acquire e0: vision=[0.399, -0.06] gt=[0.423, -0.069]
[s1] step=25900 stages=['ALIGN', 'ALIGN', 'IDLE', 'CLOSE', 'CLOSE', 'FAIL', 'DESCEND', 'IDLE'] picks=14 places=12 hand0=[0.336, -0.147, 0.277] cup_xy0=[0.399, -0.06]
[close] e3 t=206 hand_z=0.169 dxy=0.033 stall=0.389
[s1] step=26000 stages=['DESCEND', 'DESCEND', 'IDLE', 'FAIL', 'FAIL', 'IDLE', 'DESCEND', 'DESCEND'] picks=14 places=12 hand0=[0.407, -0.036, 0.211] cup_xy0=[0.399, -0.06]
[s1] close-entry e0: hand=[0.403, -0.064, 0.19] cup_gt=[0.42, -0.073]
[s1] close-entry e6: hand=[0.515, 0.023, 0.183] cup_gt=[0.568, 0.041]
[close] e0 t=34 hand_z=0.167 dxy=0.042 stall=0.388
[close] e0 t=94 hand_z=0.167 dxy=0.042 stall=0.395
[s1] step=26100 stages=['CLOSE', 'DESCEND', 'IDLE', 'DESCEND', 'IDLE', 'ALIGN', 'CLOSE', 'DESCEND'] picks=14 places=12 hand0=[0.386, -0.089, 0.167] cup_xy0=[0.399, -0.06]
[s1] close-entry e1: hand=[0.471, -0.067, 0.182] cup_gt=[0.502, -0.098]
[s1] close-entry e7: hand=[0.497, 0.079, 0.182] cup_gt=[0.499, 0.079]
[s1] close-entry e3: hand=[0.506, -0.027, 0.191] cup_gt=[0.502, -0.04]
[close] e0 t=154 hand_z=0.167 dxy=0.042 stall=0.395
[s1] close-entry e5: hand=[0.495, -0.037, 0.192] cup_gt=[0.516, -0.046]
[s1] step=26200 stages=['CLOSE', 'CLOSE', 'FAIL', 'CLOSE', 'DESCEND', 'CLOSE', 'CLOSE', 'CLOSE'] picks=14 places=12 hand0=[0.386, -0.089, 0.167] cup_xy0=[0.399, -0.06]
[close] e0 t=214 hand_z=0.167 dxy=0.042 stall=0.395
[s1] close-entry e4: hand=[0.417, -0.044, 0.185] cup_gt=[0.445, -0.069]
[close] e1 t=161 hand_z=0.193 dxy=0.034 stall=0.799
[s1] step=26300 stages=['FAIL', 'CLOSE', 'IDLE', 'CLOSE', 'CLOSE', 'CLOSE', 'FAIL', 'CLOSE'] picks=14 places=12 hand0=[0.385, -0.092, 0.165] cup_xy0=[0.399, -0.06]
[close] e1 t=221 hand_z=0.193 dxy=0.034 stall=0.799
[s1] acquire e0: vision=[0.516, 0.034] gt=[0.514, 0.031]
[s1] grasp-geom e7: hand-cup_xy=0.010 cup_gt=[0.499, 0.131, 0.034] vision_xy=[0.502, 0.073]
[s1] GRASP (drive stall) envs [7] stall=[0.477]
[lift] e7 t=20 cup_z=0.045 hand_z=0.209 stall=0.478
[s1] LIFTED envs [7] (physical, friction-held)
[close] e4 t=162 hand_z=0.162 dxy=0.053 stall=0.413
[s1] step=26400 stages=['ALIGN', 'FAIL', 'IDLE', 'FAIL', 'CLOSE', 'CLOSE', 'ALIGN', 'CARRY'] picks=15 places=12 hand0=[0.465, 0.151, 0.378] cup_xy0=[0.516, 0.034]
[close] e4 t=222 hand_z=0.162 dxy=0.053 stall=0.413
[s1] step=26500 stages=['ALIGN', 'ALIGN', 'IDLE', 'ALIGN', 'FAIL', 'FAIL', 'DESCEND', 'CARRY'] picks=15 places=12 hand0=[0.518, 0.049, 0.354] cup_xy0=[0.516, 0.034]
[s1] close-entry e6: hand=[0.456, -0.005, 0.184] cup_gt=[0.505, 0.02]
[close] e6 t=20 hand_z=0.209 dxy=0.037 stall=0.329
[close] e6 t=80 hand_z=0.214 dxy=0.043 stall=0.402
[s1] step=26600 stages=['DESCEND', 'DESCEND', 'FAIL', 'DESCEND', 'ALIGN', 'ALIGN', 'CLOSE', 'CARRY'] picks=15 places=12 hand0=[0.277, -0.286, 0.177] cup_xy0=[0.516, 0.034]
[close] e6 t=140 hand_z=0.214 dxy=0.042 stall=0.402
[s1] close-entry e1: hand=[0.515, 0.002, 0.186] cup_gt=[0.476, -0.009]
[s1] close-entry e3: hand=[0.464, -0.05, 0.183] cup_gt=[0.47, -0.051]
[close] e1 t=49 hand_z=0.206 dxy=0.032 stall=0.792
[s1] step=26700 stages=['DESCEND', 'CLOSE', 'IDLE', 'CLOSE', 'ALIGN', 'DESCEND', 'CLOSE', 'CARRY'] picks=15 places=12 hand0=[-0.291, 0.138, 0.345] cup_xy0=[0.516, 0.034]
[close] e1 t=109 hand_z=0.205 dxy=0.021 stall=0.792
[s1] close-entry e5: hand=[0.521, 0.037, 0.191] cup_gt=[0.556, 0.067]
[s1] step=26800 stages=['DESCEND', 'CLOSE', 'IDLE', 'CLOSE', 'DESCEND', 'CLOSE', 'FAIL', 'FAIL'] picks=15 places=12 hand0=[-0.103, 0.134, 0.495] cup_xy0=[0.516, 0.034]
[close] e1 t=169 hand_z=0.205 dxy=0.019 stall=0.792
[close] e1 t=229 hand_z=0.205 dxy=0.019 stall=0.792
[s1] step=26900 stages=['DESCEND', 'FAIL', 'IDLE', 'FAIL', 'DESCEND', 'CLOSE', 'DESCEND', 'IDLE'] picks=15 places=12 hand0=[0.089, 0.127, 0.533] cup_xy0=[0.516, 0.034]
[s1] close-entry e6: hand=[0.515, 0.02, 0.191] cup_gt=[0.517, 0.007]
[close] e5 t=141 hand_z=0.167 dxy=0.105 stall=0.412
[close] e5 t=201 hand_z=0.167 dxy=0.105 stall=0.412
[s1] step=27000 stages=['IDLE', 'IDLE', 'IDLE', 'IDLE', 'DESCEND', 'CLOSE', 'CLOSE', 'DESCEND'] picks=15 places=12 hand0=[-0.109, 0.295, 0.398] cup_xy0=[0.516, 0.034]
[s1] close-entry e7: hand=[0.518, -0.025, 0.191] cup_gt=[0.41, -0.029]
[close] e6 t=144 hand_z=0.159 dxy=0.044 stall=0.373
[s1] acquire e0: vision=[0.553, 0.049] gt=[0.549, 0.045]
[s1] step=27100 stages=['ALIGN', 'DESCEND', 'IDLE', 'ALIGN', 'DESCEND', 'FAIL', 'CLOSE', 'CLOSE'] picks=15 places=12 hand0=[0.4, 0.031, 0.432] cup_xy0=[0.553, 0.049]
[close] e6 t=204 hand_z=0.160 dxy=0.045 stall=0.375
[s1] close-entry e1: hand=[0.387, 0.077, 0.187] cup_gt=[0.379, 0.081]
[close] e1 t=58 hand_z=0.161 dxy=0.035 stall=0.396
[s1] step=27200 stages=['ALIGN', 'CLOSE', 'IDLE', 'DESCEND', 'IDLE', 'ALIGN', 'FAIL', 'CLOSE'] picks=15 places=12 hand0=[0.513, 0.21, 0.358] cup_xy0=[0.553, 0.049]
[s1] close-entry e3: hand=[0.57, 0.041, 0.188] cup_gt=[0.492, -0.116]
[close] e1 t=118 hand_z=0.161 dxy=0.037 stall=0.396
[close] e1 t=178 hand_z=0.161 dxy=0.037 stall=0.396
[s1] step=27300 stages=['ALIGN', 'CLOSE', 'FAIL', 'CLOSE', 'DESCEND', 'DESCEND', 'ALIGN', 'FAIL'] picks=15 places=12 hand0=[0.58, 0.079, 0.358] cup_xy0=[0.553, 0.049]
[s1] close-entry e5: hand=[0.4, -0.069, 0.192] cup_gt=[0.401, -0.09]
[close] e1 t=238 hand_z=0.161 dxy=0.037 stall=0.396
[s1] close-entry e4: hand=[0.429, 0.042, 0.19] cup_gt=[0.427, 0.054]
[s1] step=27400 stages=['ALIGN', 'FAIL', 'IDLE', 'CLOSE', 'CLOSE', 'CLOSE', 'DESCEND', 'ALIGN'] picks=15 places=12 hand0=[0.587, 0.057, 0.343] cup_xy0=[0.553, 0.049]
[close] e3 t=204 hand_z=0.199 dxy=0.485 stall=0.393
[close] e4 t=92 hand_z=0.163 dxy=0.006 stall=0.416
[s1] step=27500 stages=['FAIL', 'DESCEND', 'IDLE', 'FAIL', 'CLOSE', 'CLOSE', 'DESCEND', 'DESCEND'] picks=15 places=12 hand0=[0.588, 0.051, 0.341] cup_xy0=[0.553, 0.049]
[s1] close-entry e7: hand=[0.44, 0.003, 0.191] cup_gt=[0.44, -0.006]
[s1] close-entry e1: hand=[0.474, 0.006, 0.188] cup_gt=[0.483, -0.001]
[close] e1 t=19 hand_z=0.171 dxy=0.012 stall=0.331
[close] e1 t=79 hand_z=0.170 dxy=0.010 stall=0.367
[s1] step=27600 stages=['IDLE', 'CLOSE', 'IDLE', 'ALIGN', 'CLOSE', 'FAIL', 'DESCEND', 'CLOSE'] picks=15 places=12 hand0=[0.378, -0.009, 0.587] cup_xy0=[0.553, 0.049]
[s1] acquire e0: vision=[0.471, -0.075] gt=[0.466, -0.066]
[close] e1 t=139 hand_z=0.170 dxy=0.010 stall=0.367
[s1] close-entry e3: hand=[0.382, -0.004, 0.192] cup_gt=[0.379, 0.006]
[s1] step=27700 stages=['DESCEND', 'CLOSE', 'FAIL', 'CLOSE', 'IDLE', 'ALIGN', 'DESCEND', 'CLOSE'] picks=15 places=12 hand0=[0.45, -0.123, 0.238] cup_xy0=[0.471, -0.075]
[close] e1 t=199 hand_z=0.170 dxy=0.010 stall=0.367
[s1] close-entry e0: hand=[0.467, -0.08, 0.183] cup_gt=[0.464, -0.068]
[close] e0 t=32 hand_z=0.166 dxy=0.012 stall=0.371
[s1] close-entry e5: hand=[0.494, 0.001, 0.191] cup_gt=[0.482, -0.04]
[s1] step=27800 stages=['CLOSE', 'FAIL', 'IDLE', 'CLOSE', 'ALIGN', 'CLOSE', 'IDLE', 'FAIL'] picks=15 places=12 hand0=[0.454, -0.045, 0.165] cup_xy0=[0.471, -0.075]
[close] e0 t=92 hand_z=0.165 dxy=0.013 stall=0.398
[close] e0 t=152 hand_z=0.165 dxy=0.013 stall=0.398
[s1] step=27900 stages=['CLOSE', 'ALIGN', 'IDLE', 'CLOSE', 'DESCEND', 'CLOSE', 'DESCEND', 'ALIGN'] picks=15 places=12 hand0=[0.454, -0.045, 0.165] cup_xy0=[0.471, -0.075]
[s1] close-entry e4: hand=[0.421, -0.037, 0.186] cup_gt=[0.457, -0.077]
[close] e0 t=212 hand_z=0.165 dxy=0.013 stall=0.398
[s1] close-entry e1: hand=[0.583, 0.04, 0.191] cup_gt=[0.573, 0.046]
[s1] step=28000 stages=['FAIL', 'CLOSE', 'IDLE', 'FAIL', 'CLOSE', 'CLOSE', 'DESCEND', 'ALIGN'] picks=15 places=12 hand0=[0.453, -0.044, 0.165] cup_xy0=[0.471, -0.075]
[s1] close-entry e6: hand=[0.443, -0.086, 0.186] cup_gt=[0.503, -0.037]
[close] e1 t=41 hand_z=0.154 dxy=0.135 stall=0.202
[s1] close-entry e7: hand=[0.469, -0.02, 0.19] cup_gt=[0.452, -0.037]
[close] e1 t=101 hand_z=0.155 dxy=0.156 stall=0.195
[s1] step=28100 stages=['IDLE', 'CLOSE', 'IDLE', 'ALIGN', 'CLOSE', 'IDLE', 'CLOSE', 'CLOSE'] picks=15 places=12 hand0=[0.341, 0.036, 0.55] cup_xy0=[0.471, -0.075]
[s1] acquire e0: vision=[0.439, -0.032] gt=[0.438, -0.031]
[close] e1 t=161 hand_z=0.155 dxy=0.158 stall=0.195
[s1] close-entry e0: hand=[0.435, -0.038, 0.184] cup_gt=[0.438, -0.031]
[close] e0 t=9 hand_z=0.186 dxy=0.007 stall=0.264
[s1] step=28200 stages=['CLOSE', 'CLOSE', 'IDLE', 'DESCEND', 'FAIL', 'ALIGN', 'CLOSE', 'CLOSE'] picks=15 places=12 hand0=[0.437, -0.025, 0.186] cup_xy0=[0.439, -0.032]
[close] e0 t=69 hand_z=0.189 dxy=0.003 stall=0.375
[s1] close-entry e5: hand=[0.541, 0.057, 0.19] cup_gt=[0.535, 0.044]
[s1] step=28300 stages=['CLOSE', 'IDLE', 'IDLE', 'DESCEND', 'ALIGN', 'CLOSE', 'FAIL', 'CLOSE'] picks=15 places=12 hand0=[0.439, -0.012, 0.19] cup_xy0=[0.439, -0.032]
[close] e0 t=129 hand_z=0.190 dxy=0.004 stall=0.375
[close] e0 t=189 hand_z=0.190 dxy=0.004 stall=0.375
[s1] step=28400 stages=['CLOSE', 'DESCEND', 'FAIL', 'DESCEND', 'DESCEND', 'CLOSE', 'DESCEND', 'IDLE'] picks=15 places=12 hand0=[0.439, -0.012, 0.19] cup_xy0=[0.439, -0.032]
[s1] close-entry e4: hand=[0.436, -0.038, 0.184] cup_gt=[0.439, -0.038]
[close] e4 t=9 hand_z=0.183 dxy=0.003 stall=0.292
[s1] close-entry e6: hand=[0.571, 0.067, 0.185] cup_gt=[0.596, 0.034]
[s1] close-entry e1: hand=[0.444, -0.063, 0.192] cup_gt=[0.442, -0.063]
[close] e1 t=45 hand_z=0.159 dxy=0.019 stall=0.392
[s1] step=28500 stages=['IDLE', 'CLOSE', 'IDLE', 'DESCEND', 'CLOSE', 'CLOSE', 'CLOSE', 'ALIGN'] picks=15 places=12 hand0=[0.385, -0.022, 0.211] cup_xy0=[0.439, -0.032]
[s1] acquire e0: vision=[0.55, 0.002] gt=[0.546, 0.0]
[close] e1 t=105 hand_z=0.159 dxy=0.019 stall=0.391
[s1] step=28600 stages=['DESCEND', 'CLOSE', 'IDLE', 'FAIL', 'CLOSE', 'IDLE', 'CLOSE', 'DESCEND'] picks=15 places=12 hand0=[0.535, 0.041, 0.329] cup_xy0=[0.55, 0.002]
[close] e1 t=165 hand_z=0.159 dxy=0.019 stall=0.391
[s1] close-entry e0: hand=[0.552, -0.004, 0.188] cup_gt=[0.537, -0.019]
[close] e0 t=15 hand_z=0.201 dxy=0.036 stall=0.301
[s1] step=28700 stages=['CLOSE', 'FAIL', 'IDLE', 'IDLE', 'FAIL', 'DESCEND', 'FAIL', 'DESCEND'] picks=15 places=12 hand0=[0.55, 0.071, 0.205] cup_xy0=[0.55, 0.002]
[close] e0 t=75 hand_z=0.206 dxy=0.071 stall=0.428
[close] e0 t=135 hand_z=0.206 dxy=0.071 stall=0.428
[s1] step=28800 stages=['CLOSE', 'IDLE', 'IDLE', 'DESCEND', 'ALIGN', 'DESCEND', 'ALIGN', 'DESCEND'] picks=15 places=12 hand0=[0.549, 0.079, 0.206] cup_xy0=[0.55, 0.002]
[close] e0 t=195 hand_z=0.206 dxy=0.071 stall=0.428
[s1] close-entry e5: hand=[0.425, -0.054, 0.191] cup_gt=[0.45, -0.09]
[s1] close-entry e1: hand=[0.452, 0.033, 0.192] cup_gt=[0.449, 0.027]
[s1] step=28900 stages=['CLOSE', 'CLOSE', 'IDLE', 'DESCEND', 'DESCEND', 'CLOSE', 'DESCEND', 'DESCEND'] picks=15 places=12 hand0=[0.549, 0.079, 0.206] cup_xy0=[0.55, 0.002]
[s1] close-entry e4: hand=[0.55, -0.002, 0.191] cup_gt=[0.571, 0.04]
[s1] close-entry e6: hand=[0.466, -0.027, 0.192] cup_gt=[0.462, -0.028]
[close] e1 t=42 hand_z=0.168 dxy=0.021 stall=0.409
[s1] close-entry e3: hand=[0.527, 0.072, 0.183] cup_gt=[0.573, 0.058]
[close] e1 t=102 hand_z=0.167 dxy=0.021 stall=0.409
[s1] step=29000 stages=['IDLE', 'CLOSE', 'IDLE', 'CLOSE', 'CLOSE', 'CLOSE', 'CLOSE', 'FAIL'] picks=15 places=12 hand0=[0.329, 0.02, 0.306] cup_xy0=[0.55, 0.002]
[s1] acquire e0: vision=[0.498, -0.073] gt=[0.498, -0.071]
[close] e1 t=162 hand_z=0.167 dxy=0.021 stall=0.409
[close] e1 t=222 hand_z=0.167 dxy=0.021 stall=0.409
[s1] step=29100 stages=['DESCEND', 'CLOSE', 'FAIL', 'CLOSE', 'CLOSE', 'CLOSE', 'CLOSE', 'IDLE'] picks=15 places=12 hand0=[0.482, -0.137, 0.22] cup_xy0=[0.498, -0.073]
[s1] close-entry e0: hand=[0.496, -0.076, 0.184] cup_gt=[0.489, -0.068]
[close] e0 t=35 hand_z=0.207 dxy=0.018 stall=0.375
[s1] step=29200 stages=['CLOSE', 'IDLE', 'IDLE', 'FAIL', 'FAIL', 'ALIGN', 'FAIL', 'IDLE'] picks=15 places=12 hand0=[0.504, -0.111, 0.208] cup_xy0=[0.498, -0.073]
[close] e0 t=95 hand_z=0.208 dxy=0.017 stall=0.407
[close] e0 t=155 hand_z=0.208 dxy=0.017 stall=0.407
[s1] step=29300 stages=['CLOSE', 'DESCEND', 'IDLE', 'ALIGN', 'DESCEND', 'DESCEND', 'DESCEND', 'IDLE'] picks=15 places=12 hand0=[0.504, -0.111, 0.208] cup_xy0=[0.498, -0.073]
[s1] close-entry e5: hand=[0.497, -0.023, 0.184] cup_gt=[0.496, -0.034]
[close] e0 t=215 hand_z=0.208 dxy=0.017 stall=0.407
[s1] close-entry e1: hand=[0.551, -0.056, 0.185] cup_gt=[0.548, -0.06]
[s1] close-entry e6: hand=[0.526, 0.097, 0.191] cup_gt=[0.555, 0.074]
[s1] close-entry e4: hand=[0.549, 0.068, 0.182] cup_gt=[0.561, 0.051]
[s1] close-entry e3: hand=[0.56, 0.051, 0.186] cup_gt=[0.561, 0.043]
[close] e1 t=49 hand_z=0.223 dxy=0.026 stall=0.417
[s1] step=29400 stages=['FAIL', 'CLOSE', 'IDLE', 'CLOSE', 'CLOSE', 'CLOSE', 'CLOSE', 'IDLE'] picks=15 places=12 hand0=[0.504, -0.112, 0.208] cup_xy0=[0.498, -0.073]
[close] e1 t=109 hand_z=0.224 dxy=0.027 stall=0.417
[s1] acquire e0: vision=[0.436, 0.062] gt=[0.437, 0.058]
[s1] step=29500 stages=['ALIGN', 'CLOSE', 'FAIL', 'CLOSE', 'CLOSE', 'CLOSE', 'CLOSE', 'ALIGN'] picks=15 places=12 hand0=[0.442, 0.02, 0.337] cup_xy0=[0.436, 0.062]
[close] e1 t=169 hand_z=0.224 dxy=0.027 stall=0.417
[close] e1 t=229 hand_z=0.224 dxy=0.027 stall=0.417
[s1] close-entry e7: hand=[0.469, -0.038, 0.185] cup_gt=[0.464, -0.046]
[s1] step=29600 stages=['DESCEND', 'FAIL', 'IDLE', 'CLOSE', 'CLOSE', 'FAIL', 'CLOSE', 'CLOSE'] picks=15 places=12 hand0=[0.268, 0.235, 0.185] cup_xy0=[0.436, 0.062]
[close] e7 t=49 hand_z=0.173 dxy=0.006 stall=0.493
[s1] close-entry e0: hand=[0.436, 0.056, 0.189] cup_gt=[0.426, 0.017]
[close] e0 t=52 hand_z=0.165 dxy=0.065 stall=0.407
[s1] step=29700 stages=['CLOSE', 'ALIGN', 'IDLE', 'IDLE', 'IDLE', 'ALIGN', 'IDLE', 'CLOSE'] picks=15 places=12 hand0=[0.405, 0.12, 0.165] cup_xy0=[0.436, 0.062]
[s1] close-entry e5: hand=[0.551, -0.05, 0.184] cup_gt=[0.553, -0.045]
[close] e0 t=112 hand_z=0.164 dxy=0.066 stall=0.407
[s1] step=29800 stages=['CLOSE', 'DESCEND', 'IDLE', 'ALIGN', 'DESCEND', 'CLOSE', 'DESCEND', 'CLOSE'] picks=15 places=12 hand0=[0.405, 0.12, 0.164] cup_xy0=[0.436, 0.062]
[s1] close-entry e1: hand=[0.532, 0.051, 0.19] cup_gt=[0.525, 0.041]
[close] e0 t=172 hand_z=0.164 dxy=0.066 stall=0.407
[s1] close-entry e6: hand=[0.448, 0.086, 0.185] cup_gt=[0.453, 0.069]
[s1] grasp-geom e7: hand-cup_xy=0.006 cup_gt=[0.454, -0.055, 0.021] vision_xy=[0.467, -0.045]
[s1] GRASP (drive stall) envs [7] stall=[0.493]
[lift] e7 t=8 cup_z=0.022 hand_z=0.174 stall=0.495
[lift] e7 t=28 cup_z=0.036 hand_z=0.183 stall=0.500
[close] e0 t=232 hand_z=0.164 dxy=0.066 stall=0.407
[lift] e7 t=48 cup_z=0.095 hand_z=0.243 stall=0.501
[s1] LIFTED envs [7] (physical, friction-held)
[s1] step=29900 stages=['FAIL', 'CLOSE', 'IDLE', 'DESCEND', 'DESCEND', 'CLOSE', 'CLOSE', 'CARRY'] picks=16 places=12 hand0=[0.405, 0.121, 0.164] cup_xy0=[0.436, 0.062]
[s1] close-entry e4: hand=[0.48, 0.037, 0.189] cup_gt=[0.51, 0.075]
[close] e1 t=126 hand_z=0.160 dxy=0.018 stall=0.406
[close] e1 t=186 hand_z=0.160 dxy=0.018 stall=0.406
[s1] step=30000 stages=['IDLE', 'CLOSE', 'IDLE', 'DESCEND', 'CLOSE', 'FAIL', 'CLOSE', 'CARRY'] picks=16 places=12 hand0=[0.327, 0.004, 0.56] cup_xy0=[0.436, 0.062]
[s1] acquire e0: vision=[0.55, 0.012] gt=[0.545, 0.01]
[close] e4 t=152 hand_z=0.197 dxy=0.026 stall=0.411
[s1] step=30100 stages=['DESCEND', 'FAIL', 'IDLE', 'DESCEND', 'CLOSE', 'IDLE', 'FAIL', 'CARRY'] picks=16 places=12 hand0=[0.527, -0.088, 0.232] cup_xy0=[0.55, 0.012]
[close] e4 t=212 hand_z=0.197 dxy=0.026 stall=0.411
[s1] close-entry e0: hand=[0.551, 0.018, 0.189] cup_gt=[0.506, 0.042]
[close] e0 t=51 hand_z=0.202 dxy=0.124 stall=0.386
[s1] step=30200 stages=['CLOSE', 'ALIGN', 'FAIL', 'DESCEND', 'FAIL', 'DESCEND', 'ALIGN', 'CARRY'] picks=16 places=12 hand0=[0.559, -0.032, 0.202] cup_xy0=[0.55, 0.012]
[close] e0 t=111 hand_z=0.202 dxy=0.132 stall=0.386
[s1] close-entry e5: hand=[0.486, -0.068, 0.191] cup_gt=[0.483, -0.083]
[close] e0 t=171 hand_z=0.202 dxy=0.133 stall=0.386
[s1] step=30300 stages=['CLOSE', 'DESCEND', 'IDLE', 'FAIL', 'DESCEND', 'CLOSE', 'DESCEND', 'PLACE'] picks=16 places=12 hand0=[0.559, -0.032, 0.202] cup_xy0=[0.55, 0.012]
[s1] close-entry e6: hand=[0.545, 0.048, 0.183] cup_gt=[0.499, 0.041]
[close] e0 t=231 hand_z=0.202 dxy=0.133 stall=0.386
[s1] close-entry e1: hand=[0.483, -0.054, 0.185] cup_gt=[0.52, -0.084]
[s1] step=30400 stages=['FAIL', 'CLOSE', 'IDLE', 'IDLE', 'DESCEND', 'CLOSE', 'CLOSE', 'PLACE'] picks=16 places=12 hand0=[0.559, -0.034, 0.203] cup_xy0=[0.55, 0.012]
[close] e1 t=55 hand_z=0.177 dxy=0.019 stall=0.369
[s1] acquire e0: vision=[0.463, 0.034] gt=[0.464, 0.031]
[s1] close-entry e4: hand=[0.409, -0.042, 0.189] cup_gt=[0.436, -0.039]
[close] e1 t=115 hand_z=0.177 dxy=0.019 stall=0.369
[s1] step=30500 stages=['ALIGN', 'CLOSE', 'IDLE', 'DESCEND', 'CLOSE', 'CLOSE', 'CLOSE', 'PLACE'] picks=16 places=12 hand0=[0.426, 0.08, 0.41] cup_xy0=[0.463, 0.034]
[close] e1 t=175 hand_z=0.177 dxy=0.019 stall=0.369
[s1] close-entry e3: hand=[0.476, -0.007, 0.192] cup_gt=[0.508, -0.009]
[close] e1 t=235 hand_z=0.177 dxy=0.019 stall=0.369
[s1] step=30600 stages=['DESCEND', 'CLOSE', 'IDLE', 'CLOSE', 'CLOSE', 'IDLE', 'FAIL', 'IDLE'] picks=16 places=12 hand0=[0.468, 0.078, 0.227] cup_xy0=[0.463, 0.034]
[s1] close-entry e0: hand=[0.464, 0.038, 0.189] cup_gt=[0.462, 0.028]
[close] e0 t=51 hand_z=0.156 dxy=0.040 stall=0.327
[s1] step=30700 stages=['CLOSE', 'IDLE', 'IDLE', 'CLOSE', 'CLOSE', 'DESCEND', 'ALIGN', 'DESCEND'] picks=16 places=12 hand0=[0.448, -0.011, 0.156] cup_xy0=[0.463, 0.034]
[close] e0 t=111 hand_z=0.155 dxy=0.040 stall=0.302
[s1] close-entry e7: hand=[0.48, 0.051, 0.192] cup_gt=[0.476, 0.041]
[close] e0 t=171 hand_z=0.154 dxy=0.040 stall=0.258
[s1] step=30800 stages=['CLOSE', 'ALIGN', 'IDLE', 'CLOSE', 'IDLE', 'DESCEND', 'DESCEND', 'CLOSE'] picks=16 places=12 hand0=[0.446, -0.01, 0.154] cup_xy0=[0.463, 0.034]
[s1] close-entry e5: hand=[0.531, -0.072, 0.188] cup_gt=[0.568, -0.062]
[s1] close-entry e6: hand=[0.46, 0.058, 0.191] cup_gt=[0.458, 0.044]
[close] e0 t=231 hand_z=0.153 dxy=0.040 stall=0.201
[s1] close-entry e4: hand=[0.468, -0.057, 0.184] cup_gt=[0.504, -0.073]
[close] e4 t=10 hand_z=0.199 dxy=0.035 stall=0.278
[s1] step=30900 stages=['FAIL', 'DESCEND', 'FAIL', 'IDLE', 'CLOSE', 'CLOSE', 'CLOSE', 'CLOSE'] picks=16 places=12 hand0=[0.442, -0.011, 0.151] cup_xy0=[0.463, 0.034]
[s1] close-entry e1: hand=[0.434, 0.078, 0.191] cup_gt=[0.435, 0.091]
[close] e1 t=41 hand_z=0.162 dxy=0.044 stall=0.412
[s1] acquire e0: vision=[0.491, 0.026] gt=[0.49, 0.023]
[s1] grasp-geom e7: hand-cup_xy=0.013 cup_gt=[0.464, 0.039, 0.02] vision_xy=[0.477, 0.046]
[s1] GRASP (drive stall) envs [7] stall=[0.493]
[lift] e7 t=7 cup_z=0.020 hand_z=0.165 stall=0.494
[s1] step=31000 stages=['ALIGN', 'CLOSE', 'IDLE', 'DESCEND', 'CLOSE', 'CLOSE', 'CLOSE', 'LIFT'] picks=16 places=12 hand0=[0.456, 0.156, 0.317] cup_xy0=[0.491, 0.026]
[close] e1 t=101 hand_z=0.161 dxy=0.051 stall=0.412
[lift] e7 t=27 cup_z=0.045 hand_z=0.187 stall=0.495
[s1] close-entry e3: hand=[0.571, 0.059, 0.192] cup_gt=[0.565, 0.052]
[s1] LIFTED envs [7] (physical, friction-held)
[close] e1 t=161 hand_z=0.161 dxy=0.059 stall=0.412
[s1] step=31100 stages=['DESCEND', 'CLOSE', 'IDLE', 'CLOSE', 'CLOSE', 'FAIL', 'FAIL', 'PLACE'] picks=17 places=12 hand0=[0.497, 0.046, 0.236] cup_xy0=[0.491, 0.026]
[s1] close-entry e0: hand=[0.488, 0.031, 0.184] cup_gt=[0.49, 0.024]
[close] e0 t=19 hand_z=0.194 dxy=0.021 stall=0.310
[close] e0 t=79 hand_z=0.197 dxy=0.023 stall=0.387
[s1] step=31200 stages=['CLOSE', 'FAIL', 'IDLE', 'CLOSE', 'IDLE', 'ALIGN', 'ALIGN', 'RELEASE'] picks=17 places=12 hand0=[0.493, -0.007, 0.197] cup_xy0=[0.491, 0.026]
[s1] PLACED envs [7] (full physical pick-move-place)
[rec] episode 13/60 saved (len=272, env=7)
[close] e0 t=139 hand_z=0.197 dxy=0.022 stall=0.388
[s1] close-entry e5: hand=[0.455, 0.077, 0.189] cup_gt=[0.455, 0.058]
[s1] step=31300 stages=['CLOSE', 'ALIGN', 'FAIL', 'FAIL', 'DESCEND', 'CLOSE', 'DESCEND', 'IDLE'] picks=17 places=13 hand0=[0.493, -0.008, 0.197] cup_xy0=[0.491, 0.026]
[close] e0 t=199 hand_z=0.197 dxy=0.022 stall=0.388
[s1] close-entry e4: hand=[0.459, -0.044, 0.192] cup_gt=[0.459, -0.041]
[close] e4 t=50 hand_z=0.168 dxy=0.008 stall=0.369
[s1] step=31400 stages=['FAIL', 'ALIGN', 'IDLE', 'ALIGN', 'CLOSE', 'CLOSE', 'DESCEND', 'DESCEND'] picks=17 places=13 hand0=[0.493, -0.009, 0.197] cup_xy0=[0.491, 0.026]
[s1] close-entry e6: hand=[0.573, 0.023, 0.189] cup_gt=[0.626, -0.004]
[s1] close-entry e7: hand=[0.426, 0.02, 0.189] cup_gt=[0.428, 0.01]
[close] e4 t=110 hand_z=0.167 dxy=0.008 stall=0.368
[s1] acquire e0: vision=[0.405, 0.014] gt=[0.422, -0.004]
[s1] close-entry e3: hand=[0.488, 0.046, 0.191] cup_gt=[0.48, 0.031]
[close] e3 t=19 hand_z=0.159 dxy=0.038 stall=0.328
[s1] step=31500 stages=['DESCEND', 'DESCEND', 'IDLE', 'CLOSE', 'CLOSE', 'CLOSE', 'CLOSE', 'CLOSE'] picks=17 places=13 hand0=[0.412, 0.001, 0.372] cup_xy0=[0.405, 0.014]
[close] e3 t=79 hand_z=0.159 dxy=0.091 stall=0.379
[s1] close-entry e0: hand=[0.401, 0.015, 0.192] cup_gt=[0.421, -0.004]
[s1] step=31600 stages=['CLOSE', 'DESCEND', 'IDLE', 'CLOSE', 'FAIL', 'IDLE', 'CLOSE', 'CLOSE'] picks=17 places=13 hand0=[0.347, 0.155, 0.159] cup_xy0=[0.405, 0.014]
[close] e0 t=60 hand_z=0.159 dxy=0.187 stall=0.395
[s1] grasp-geom e7: hand-cup_xy=0.029 cup_gt=[0.389, -0.215, 0.021] vision_xy=[0.425, 0.015]
[s1] GRASP (drive stall) envs [7] stall=[0.635]
[close] e0 t=120 hand_z=0.159 dxy=0.191 stall=0.395
[lift] e7 t=6 cup_z=0.020 hand_z=0.160 stall=0.540
[lift] e7 t=26 cup_z=0.020 hand_z=0.160 stall=0.696
[s1] step=31700 stages=['CLOSE', 'DESCEND', 'IDLE', 'CLOSE', 'ALIGN', 'DESCEND', 'FAIL', 'LIFT'] picks=17 places=13 hand0=[0.341, 0.169, 0.159] cup_xy0=[0.405, 0.014]
[lift] e7 t=46 cup_z=0.020 hand_z=0.165 stall=0.800
[close] e0 t=180 hand_z=0.159 dxy=0.191 stall=0.395
[lift] e7 t=66 cup_z=0.020 hand_z=0.208 stall=0.801
[s1] close-entry e1: hand=[0.55, 0.08, 0.183] cup_gt=[0.576, 0.077]
[lift] e7 t=86 cup_z=0.020 hand_z=0.269 stall=0.802
[lift] e7 t=106 cup_z=0.020 hand_z=0.331 stall=0.803
[s1] close-entry e5: hand=[0.471, 0.027, 0.19] cup_gt=[0.504, 0.025]
[close] e0 t=240 hand_z=0.159 dxy=0.191 stall=0.395
[lift] e7 t=126 cup_z=0.020 hand_z=0.349 stall=0.802
[s1] step=31800 stages=['CLOSE', 'CLOSE', 'IDLE', 'IDLE', 'DESCEND', 'CLOSE', 'ALIGN', 'LIFT'] picks=17 places=13 hand0=[0.341, 0.169, 0.159] cup_xy0=[0.405, 0.014]
[lift] e7 t=146 cup_z=0.020 hand_z=0.340 stall=0.803
[lift] e7 t=166 cup_z=0.020 hand_z=0.349 stall=0.801
[close] e1 t=113 hand_z=0.226 dxy=0.063 stall=0.393
[lift] e7 t=186 cup_z=0.020 hand_z=0.350 stall=0.801
[lift] e7 t=206 cup_z=0.020 hand_z=0.352 stall=0.802
[lift] e7 t=226 cup_z=0.020 hand_z=0.352 stall=0.802
[s1] step=31900 stages=['IDLE', 'CLOSE', 'IDLE', 'DESCEND', 'DESCEND', 'CLOSE', 'DESCEND', 'LIFT'] picks=17 places=13 hand0=[0.317, -0.075, 0.584] cup_xy0=[0.405, 0.014]
[s1] close-entry e6: hand=[0.567, 0.058, 0.189] cup_gt=[0.511, 0.064]
[s1] acquire e0: vision=[0.452, -0.069] gt=[0.453, -0.068]
[close] e1 t=173 hand_z=0.226 dxy=0.063 stall=0.393
[lift] e7 t=246 cup_z=0.020 hand_z=0.352 stall=0.802
[lift] e7 t=266 cup_z=0.020 hand_z=0.351 stall=0.802
[lift] e7 t=286 cup_z=0.020 hand_z=0.351 stall=0.802
[s1] close-entry e3: hand=[0.383, 0.175, 0.192] cup_gt=[0.379, 0.195]
[close] e1 t=233 hand_z=0.226 dxy=0.063 stall=0.393
[lift] e7 t=306 cup_z=0.020 hand_z=0.350 stall=0.802
[lift] e7 t=326 cup_z=0.020 hand_z=0.350 stall=0.802
[s1] step=32000 stages=['DESCEND', 'FAIL', 'FAIL', 'CLOSE', 'DESCEND', 'CLOSE', 'CLOSE', 'LIFT'] picks=17 places=13 hand0=[0.454, -0.026, 0.185] cup_xy0=[0.452, -0.069]
[s1] close-entry e4: hand=[0.53, 0.037, 0.188] cup_gt=[0.527, 0.038]
[lift] e7 t=346 cup_z=0.020 hand_z=0.350 stall=0.801
[close] e3 t=64 hand_z=0.168 dxy=0.011 stall=0.412
[lift] e7 t=366 cup_z=0.020 hand_z=0.350 stall=0.801
[s1] close-entry e0: hand=[0.45, -0.07, 0.184] cup_gt=[0.517, -0.049]
[lift] e7 t=386 cup_z=0.020 hand_z=0.350 stall=0.801
[close] e0 t=50 hand_z=0.209 dxy=0.125 stall=0.427
[s1] step=32100 stages=['CLOSE', 'ALIGN', 'IDLE', 'CLOSE', 'CLOSE', 'IDLE', 'CLOSE', 'FAIL'] picks=17 places=13 hand0=[0.457, -0.114, 0.209] cup_xy0=[0.452, -0.069]
[close] e0 t=110 hand_z=0.210 dxy=0.134 stall=0.427
[s1] step=32200 stages=['CLOSE', 'DESCEND', 'IDLE', 'CLOSE', 'CLOSE', 'DESCEND', 'FAIL', 'ALIGN'] picks=17 places=13 hand0=[0.456, -0.116, 0.21] cup_xy0=[0.452, -0.069]
[s1] close-entry e5: hand=[0.457, 0.058, 0.19] cup_gt=[0.473, 0.066]
[s1] close-entry e1: hand=[0.567, -0.046, 0.183] cup_gt=[0.75, -0.042]
[close] e0 t=170 hand_z=0.210 dxy=0.135 stall=0.427
[close] e0 t=230 hand_z=0.210 dxy=0.135 stall=0.427
[s1] close-entry e7: hand=[0.469, 0.076, 0.185] cup_gt=[0.46, 0.076]
[s1] step=32300 stages=['FAIL', 'CLOSE', 'IDLE', 'IDLE', 'FAIL', 'CLOSE', 'ALIGN', 'CLOSE'] picks=17 places=13 hand0=[0.456, -0.116, 0.21] cup_xy0=[0.452, -0.069]
[close] e1 t=125 hand_z=0.226 dxy=0.415 stall=0.392
[s1] acquire e0: vision=[0.544, 0.024] gt=[0.541, 0.021]
[s1] close-entry e6: hand=[0.461, -0.294, 0.191] cup_gt=[0.406, -0.347]
[close] e1 t=185 hand_z=0.226 dxy=0.418 stall=0.392
[s1] step=32400 stages=['ALIGN', 'CLOSE', 'FAIL', 'DESCEND', 'DESCEND', 'CLOSE', 'CLOSE', 'CLOSE'] picks=17 places=13 hand0=[0.425, -0.041, 0.495] cup_xy0=[0.544, 0.024]
[s1] close-entry e3: hand=[0.455, 0.078, 0.192] cup_gt=[0.454, 0.069]
[s1] close-entry e4: hand=[0.503, 0.015, 0.192] cup_gt=[0.5, 0.005]
[close] e3 t=28 hand_z=0.172 dxy=0.013 stall=0.353
[s1] step=32500 stages=['DESCEND', 'FAIL', 'IDLE', 'CLOSE', 'CLOSE', 'FAIL', 'CLOSE', 'CLOSE'] picks=17 places=13 hand0=[0.525, -0.057, 0.214] cup_xy0=[0.544, 0.024]
[close] e3 t=88 hand_z=0.170 dxy=0.014 stall=0.395
[s1] grasp-geom e7: hand-cup_xy=0.009 cup_gt=[0.489, 0.147, 0.081] vision_xy=[0.471, 0.074]
[s1] GRASP (drive stall) envs [7] stall=[0.489]
[lift] e7 t=19 cup_z=0.083 hand_z=0.233 stall=0.489
[s1] close-entry e0: hand=[0.545, 0.024, 0.19] cup_gt=[0.486, 0.004]
[s1] LIFTED envs [7] (physical, friction-held)
[close] e0 t=31 hand_z=0.164 dxy=0.068 stall=0.771
[s1] step=32600 stages=['CLOSE', 'DESCEND', 'IDLE', 'CLOSE', 'CLOSE', 'ALIGN', 'CLOSE', 'CARRY'] picks=18 places=13 hand0=[0.532, 0.057, 0.162] cup_xy0=[0.544, 0.024]
[close] e0 t=91 hand_z=0.162 dxy=0.071 stall=0.800
[s1] close-entry e1: hand=[0.528, 0.057, 0.191] cup_gt=[0.544, 0.057]
[s1] close-entry e5: hand=[0.529, 0.073, 0.19] cup_gt=[0.559, 0.095]
[close] e0 t=151 hand_z=0.162 dxy=0.071 stall=0.801
[s1] step=32700 stages=['CLOSE', 'CLOSE', 'IDLE', 'FAIL', 'FAIL', 'CLOSE', 'IDLE', 'RELEASE'] picks=18 places=13 hand0=[0.531, 0.058, 0.162] cup_xy0=[0.544, 0.024]
[s1] PLACED envs [7] (full physical pick-move-place)
[rec] episode 14/60 saved (len=301, env=7)
[close] e0 t=211 hand_z=0.162 dxy=0.071 stall=0.801
[s1] step=32800 stages=['FAIL', 'CLOSE', 'IDLE', 'ALIGN', 'ALIGN', 'CLOSE', 'DESCEND', 'DONE'] picks=18 places=14 hand0=[0.532, 0.058, 0.162] cup_xy0=[0.544, 0.024]
[close] e1 t=175 hand_z=0.177 dxy=0.093 stall=0.414
[s1] close-entry e4: hand=[0.449, 0.005, 0.19] cup_gt=[0.48, -0.151]
[close] e1 t=235 hand_z=0.177 dxy=0.093 stall=0.414
[s1] acquire e0: vision=[0.442, -0.081] gt=[0.443, -0.079]
[s1] close-entry e6: hand=[0.42, 0.021, 0.185] cup_gt=[0.422, 0.026]
[s1] step=32900 stages=['ALIGN', 'FAIL', 'IDLE', 'DESCEND', 'CLOSE', 'CLOSE', 'CLOSE', 'DESCEND'] picks=18 places=14 hand0=[0.306, -0.075, 0.559] cup_xy0=[0.442, -0.081]
[s1] close-entry e3: hand=[0.575, -0.054, 0.187] cup_gt=[0.559, -0.13]
[close] e3 t=32 hand_z=0.172 dxy=0.156 stall=0.397
[s1] close-entry e7: hand=[0.44, 0.01, 0.19] cup_gt=[0.446, 0.042]
[close] e3 t=92 hand_z=0.170 dxy=0.166 stall=0.420
[s1] step=33000 stages=['DESCEND', 'ALIGN', 'IDLE', 'CLOSE', 'CLOSE', 'IDLE', 'CLOSE', 'CLOSE'] picks=18 places=14 hand0=[0.401, -0.134, 0.231] cup_xy0=[0.442, -0.081]
[close] e3 t=152 hand_z=0.170 dxy=0.166 stall=0.420
[s1] close-entry e0: hand=[0.445, -0.085, 0.19] cup_gt=[0.481, -0.077]
[s1] step=33100 stages=['CLOSE', 'DESCEND', 'FAIL', 'CLOSE', 'CLOSE', 'ALIGN', 'CLOSE', 'CLOSE'] picks=18 places=14 hand0=[0.423, -0.085, 0.167] cup_xy0=[0.442, -0.081]
[close] e0 t=44 hand_z=0.165 dxy=0.071 stall=0.799
[s1] close-entry e1: hand=[0.477, 0.05, 0.19] cup_gt=[0.475, 0.048]
[close] e0 t=104 hand_z=0.165 dxy=0.076 stall=0.799
[s1] step=33200 stages=['CLOSE', 'CLOSE', 'IDLE', 'FAIL', 'ALIGN', 'DESCEND', 'IDLE', 'CLOSE'] picks=18 places=14 hand0=[0.421, -0.085, 0.165] cup_xy0=[0.442, -0.081]
[s1] close-entry e5: hand=[0.462, 0.062, 0.186] cup_gt=[0.463, 0.053]
[s1] grasp-geom e7: hand-cup_xy=0.035 cup_gt=[0.462, 0.109, 0.02] vision_xy=[0.437, 0.015]
[s1] GRASP (drive stall) envs [7] stall=[0.697]
[close] e0 t=164 hand_z=0.165 dxy=0.077 stall=0.799
[lift] e7 t=20 cup_z=0.020 hand_z=0.185 stall=0.799
[lift] e7 t=40 cup_z=0.020 hand_z=0.213 stall=0.801
[lift] e7 t=60 cup_z=0.020 hand_z=0.266 stall=0.802
[close] e0 t=224 hand_z=0.165 dxy=0.077 stall=0.799
[lift] e7 t=80 cup_z=0.020 hand_z=0.291 stall=0.802
[s1] step=33300 stages=['CLOSE', 'CLOSE', 'IDLE', 'ALIGN', 'DESCEND', 'CLOSE', 'DESCEND', 'LIFT'] picks=18 places=14 hand0=[0.421, -0.085, 0.165] cup_xy0=[0.442, -0.081]
[s1] close-entry e4: hand=[0.465, 0.002, 0.192] cup_gt=[0.46, 0.002]
[lift] e7 t=100 cup_z=0.020 hand_z=0.305 stall=0.801
[lift] e7 t=120 cup_z=0.020 hand_z=0.332 stall=0.802
[close] e1 t=239 hand_z=0.177 dxy=0.011 stall=0.386
[lift] e7 t=140 cup_z=0.020 hand_z=0.345 stall=0.801
[lift] e7 t=160 cup_z=0.020 hand_z=0.352 stall=0.801
[s1] close-entry e6: hand=[0.43, -0.05, 0.191] cup_gt=[0.452, -0.058]
[lift] e7 t=180 cup_z=0.020 hand_z=0.352 stall=0.801
[s1] step=33400 stages=['IDLE', 'FAIL', 'IDLE', 'DESCEND', 'CLOSE', 'CLOSE', 'CLOSE', 'LIFT'] picks=18 places=14 hand0=[0.322, -0.067, 0.193] cup_xy0=[0.442, -0.081]
[close] e4 t=111 hand_z=0.159 dxy=0.015 stall=0.369
[lift] e7 t=200 cup_z=0.020 hand_z=0.352 stall=0.801
[s1] close-entry e3: hand=[0.441, 0.014, 0.19] cup_gt=[0.443, -0.003]
[lift] e7 t=220 cup_z=0.020 hand_z=0.351 stall=0.801
[s1] acquire e0: vision=[0.445, -0.002] gt=[0.446, -0.003]
[lift] e7 t=240 cup_z=0.020 hand_z=0.350 stall=0.801
[close] e3 t=56 hand_z=0.164 dxy=0.005 stall=0.382
[lift] e7 t=260 cup_z=0.020 hand_z=0.350 stall=0.801
[lift] e7 t=280 cup_z=0.020 hand_z=0.350 stall=0.801
[s1] step=33500 stages=['ALIGN', 'ALIGN', 'IDLE', 'CLOSE', 'CLOSE', 'FAIL', 'CLOSE', 'LIFT'] picks=18 places=14 hand0=[0.438, -0.042, 0.338] cup_xy0=[0.445, -0.002]
[lift] e7 t=300 cup_z=0.020 hand_z=0.350 stall=0.801
[close] e3 t=116 hand_z=0.164 dxy=0.007 stall=0.382
[lift] e7 t=320 cup_z=0.020 hand_z=0.350 stall=0.801
[lift] e7 t=340 cup_z=0.020 hand_z=0.350 stall=0.801
[lift] e7 t=360 cup_z=0.020 hand_z=0.350 stall=0.801
[s1] close-entry e0: hand=[0.453, -0.002, 0.189] cup_gt=[0.443, -0.004]
[close] e0 t=14 hand_z=0.169 dxy=0.018 stall=0.476
[lift] e7 t=380 cup_z=0.020 hand_z=0.350 stall=0.801
[s1] step=33600 stages=['CLOSE', 'DESCEND', 'IDLE', 'CLOSE', 'FAIL', 'ALIGN', 'CLOSE', 'LIFT'] picks=18 places=14 hand0=[0.43, -0.009, 0.169] cup_xy0=[0.445, -0.002]
[lift] e7 t=400 cup_z=0.020 hand_z=0.350 stall=0.801
[close] e0 t=74 hand_z=0.163 dxy=0.019 stall=0.490
[s1] close-entry e1: hand=[0.459, 0.055, 0.191] cup_gt=[0.487, 0.036]
[s1] step=33700 stages=['CLOSE', 'CLOSE', 'IDLE', 'FAIL', 'ALIGN', 'DESCEND', 'IDLE', 'ALIGN'] picks=18 places=14 hand0=[0.42, -0.017, 0.163] cup_xy0=[0.445, -0.002]
[close] e0 t=134 hand_z=0.163 dxy=0.019 stall=0.490
[s1] close-entry e5: hand=[0.472, -0.011, 0.191] cup_gt=[0.5, -0.025]
[s1] close-entry e4: hand=[0.58, 0.025, 0.191] cup_gt=[0.561, 0.039]
[close] e0 t=194 hand_z=0.163 dxy=0.019 stall=0.490
[s1] close-entry e7: hand=[0.479, 0.071, 0.189] cup_gt=[0.474, 0.075]
[s1] step=33800 stages=['CLOSE', 'CLOSE', 'FAIL', 'ALIGN', 'CLOSE', 'CLOSE', 'DESCEND', 'CLOSE'] picks=18 places=14 hand0=[0.419, -0.017, 0.163] cup_xy0=[0.445, -0.002]
[s1] grasp-geom e0: hand-cup_xy=0.019 cup_gt=[0.401, -0.015, 0.028] vision_xy=[0.445, -0.002]
[s1] GRASP (drive stall) envs [0] stall=[0.49]
[close] e1 t=177 hand_z=0.159 dxy=0.226 stall=0.396
[lift] e0 t=13 cup_z=0.028 hand_z=0.163 stall=0.494
[lift] e0 t=33 cup_z=0.057 hand_z=0.188 stall=0.495
[s1] close-entry e6: hand=[0.58, -0.059, 0.191] cup_gt=[0.577, -0.076]
[s1] LIFTED envs [0] (physical, friction-held)
[close] e1 t=237 hand_z=0.159 dxy=0.227 stall=0.396
[s1] step=33900 stages=['CARRY', 'CLOSE', 'IDLE', 'DESCEND', 'CLOSE', 'CLOSE', 'CLOSE', 'CLOSE'] picks=19 places=14 hand0=[0.407, 0.043, 0.252] cup_xy0=[0.445, -0.002]
[s1] close-entry e3: hand=[0.446, -0.034, 0.192] cup_gt=[0.44, -0.038]
[close] e3 t=1 hand_z=0.192 dxy=0.007 stall=0.226
[s1] step=34000 stages=['PLACE', 'IDLE', 'IDLE', 'CLOSE', 'CLOSE', 'CLOSE', 'CLOSE', 'CLOSE'] picks=19 places=14 hand0=[0.397, -0.246, 0.262] cup_xy0=[0.445, -0.002]
[close] e3 t=61 hand_z=0.163 dxy=0.007 stall=0.413
[close] e3 t=121 hand_z=0.162 dxy=0.007 stall=0.414
[s1] step=34100 stages=['RELEASE', 'DESCEND', 'IDLE', 'CLOSE', 'IDLE', 'IDLE', 'CLOSE', 'IDLE'] picks=19 places=14 hand0=[0.464, -0.138, 0.186] cup_xy0=[0.445, -0.002]
[s1] PLACED envs [0] (full physical pick-move-place)
[rec] episode 15/60 saved (len=338, env=0)
[close] e3 t=181 hand_z=0.162 dxy=0.007 stall=0.414
[s1] close-entry e1: hand=[0.499, 0.077, 0.191] cup_gt=[0.491, 0.063]
[close] e1 t=22 hand_z=0.161 dxy=0.037 stall=0.338
[s1] step=34200 stages=['IDLE', 'CLOSE', 'FAIL', 'CLOSE', 'DESCEND', 'ALIGN', 'IDLE', 'ALIGN'] picks=19 places=15 hand0=[0.307, -0.098, 0.18] cup_xy0=[0.445, -0.002]
[s1] acquire e0: vision=[0.419, 0.034] gt=[0.425, 0.035]
[close] e1 t=82 hand_z=0.159 dxy=0.043 stall=0.392
[s1] close-entry e4: hand=[0.456, 0.021, 0.19] cup_gt=[0.466, 0.079]
[s1] close-entry e7: hand=[0.32, -0.048, 0.191] cup_gt=[0.352, -0.043]
[s1] step=34300 stages=['DESCEND', 'CLOSE', 'IDLE', 'IDLE', 'CLOSE', 'DESCEND', 'DESCEND', 'CLOSE'] picks=19 places=15 hand0=[0.264, 0.258, 0.235] cup_xy0=[0.419, 0.034]
[close] e1 t=142 hand_z=0.159 dxy=0.043 stall=0.391
[s1] close-entry e6: hand=[0.557, -0.023, 0.189] cup_gt=[0.537, -0.04]
[close] e1 t=202 hand_z=0.159 dxy=0.043 stall=0.391
[s1] step=34400 stages=['DESCEND', 'CLOSE', 'IDLE', 'ALIGN', 'CLOSE', 'DESCEND', 'CLOSE', 'CLOSE'] picks=19 places=15 hand0=[0.382, 0.095, 0.221] cup_xy0=[0.419, 0.034]
[close] e4 t=171 hand_z=0.195 dxy=0.031 stall=0.358
[s1] close-entry e0: hand=[0.417, 0.027, 0.187] cup_gt=[0.458, 0.063]
[s1] close-entry e3: hand=[0.462, -0.062, 0.192] cup_gt=[0.515, -0.072]
[close] e0 t=15 hand_z=0.174 dxy=0.128 stall=0.645
[s1] step=34500 stages=['CLOSE', 'IDLE', 'IDLE', 'CLOSE', 'CLOSE', 'DESCEND', 'CLOSE', 'CLOSE'] picks=19 places=15 hand0=[0.405, 0.065, 0.174] cup_xy0=[0.419, 0.034]
[close] e0 t=75 hand_z=0.171 dxy=0.210 stall=0.798
[s1] step=34600 stages=['CLOSE', 'ALIGN', 'IDLE', 'CLOSE', 'IDLE', 'DESCEND', 'FAIL', 'ALIGN'] picks=19 places=15 hand0=[0.398, 0.087, 0.171] cup_xy0=[0.419, 0.034]
[close] e0 t=135 hand_z=0.171 dxy=0.220 stall=0.798
[close] e0 t=195 hand_z=0.171 dxy=0.221 stall=0.798
[s1] step=34700 stages=['CLOSE', 'DESCEND', 'IDLE', 'CLOSE', 'DESCEND', 'FAIL', 'IDLE', 'DESCEND'] picks=19 places=15 hand0=[0.398, 0.087, 0.171] cup_xy0=[0.419, 0.034]
[s1] close-entry e7: hand=[0.528, -0.063, 0.183] cup_gt=[0.525, -0.112]
[close] e7 t=36 hand_z=0.180 dxy=0.017 stall=0.396
[close] e7 t=96 hand_z=0.179 dxy=0.016 stall=0.403
[s1] step=34800 stages=['IDLE', 'DESCEND', 'IDLE', 'IDLE', 'DESCEND', 'IDLE', 'ALIGN', 'CLOSE'] picks=19 places=15 hand0=[0.33, 0.096, 0.234] cup_xy0=[0.419, 0.034]
[s1] acquire e0: vision=[0.52, -0.059] gt=[0.517, -0.059]
[s1] close-entry e4: hand=[0.534, -0.06, 0.19] cup_gt=[0.537, -0.04]
[close] e4 t=22 hand_z=0.179 dxy=0.003 stall=0.354
[s1] step=34900 stages=['DESCEND', 'DESCEND', 'ALIGN', 'ALIGN', 'CLOSE', 'DESCEND', 'DESCEND', 'CLOSE'] picks=19 places=15 hand0=[0.516, 0.004, 0.293] cup_xy0=[0.52, -0.059]
[s1] close-entry e6: hand=[0.46, 0.0, 0.19] cup_gt=[0.454, -0.004]
[s1] close-entry e5: hand=[0.508, -0.075, 0.192] cup_gt=[0.491, -0.092]
[close] e4 t=82 hand_z=0.173 dxy=0.009 stall=0.368
[s1] close-entry e0: hand=[0.522, -0.052, 0.192] cup_gt=[0.499, -0.086]
[s1] close-entry e1: hand=[0.532, 0.026, 0.189] cup_gt=[0.571, 0.027]
[s1] close-entry e3: hand=[0.569, -0.068, 0.185] cup_gt=[0.596, -0.038]
[close] e0 t=40 hand_z=0.184 dxy=0.072 stall=0.800
[s1] step=35000 stages=['CLOSE', 'CLOSE', 'ALIGN', 'CLOSE', 'CLOSE', 'CLOSE', 'CLOSE', 'FAIL'] picks=19 places=15 hand0=[0.49, -0.145, 0.184] cup_xy0=[0.52, -0.059]
[close] e0 t=100 hand_z=0.184 dxy=0.087 stall=0.800
[close] e0 t=160 hand_z=0.184 dxy=0.089 stall=0.800
[s1] step=35100 stages=['CLOSE', 'CLOSE', 'ALIGN', 'CLOSE', 'FAIL', 'CLOSE', 'CLOSE', 'ALIGN'] picks=19 places=15 hand0=[0.489, -0.148, 0.184] cup_xy0=[0.52, -0.059]
[close] e0 t=220 hand_z=0.184 dxy=0.089 stall=0.800
[s1] close-entry e7: hand=[0.556, -0.019, 0.188] cup_gt=[0.582, 0.006]
[s1] step=35200 stages=['FAIL', 'FAIL', 'ALIGN', 'CLOSE', 'ALIGN', 'FAIL', 'FAIL', 'CLOSE'] picks=19 places=15 hand0=[0.489, -0.148, 0.184] cup_xy0=[0.52, -0.059]
[close] e7 t=22 hand_z=0.203 dxy=0.067 stall=0.359
[close] e7 t=82 hand_z=0.206 dxy=0.080 stall=0.413
[s1] step=35300 stages=['IDLE', 'IDLE', 'FAIL', 'IDLE', 'DESCEND', 'ALIGN', 'ALIGN', 'CLOSE'] picks=19 places=15 hand0=[0.368, -0.024, 0.499] cup_xy0=[0.52, -0.059]
[s1] acquire e0: vision=[0.521, 0.016] gt=[0.519, 0.014]
[s1] close-entry e4: hand=[0.566, -0.069, 0.185] cup_gt=[0.526, -0.073]
[close] e4 t=25 hand_z=0.223 dxy=0.055 stall=0.373
[close] e4 t=85 hand_z=0.227 dxy=0.066 stall=0.413
[s1] step=35400 stages=['DESCEND', 'DESCEND', 'IDLE', 'DESCEND', 'CLOSE', 'DESCEND', 'DESCEND', 'CLOSE'] picks=19 places=15 hand0=[0.52, -0.025, 0.188] cup_xy0=[0.521, 0.016]
[s1] close-entry e1: hand=[0.57, 0.037, 0.183] cup_gt=[0.569, 0.026]
[s1] close-entry e0: hand=[0.521, 0.012, 0.186] cup_gt=[0.54, 0.013]
[s1] close-entry e3: hand=[0.496, 0.038, 0.19] cup_gt=[0.497, 0.024]
[close] e0 t=13 hand_z=0.172 dxy=0.014 stall=0.467
[s1] close-entry e5: hand=[0.53, 0.042, 0.192] cup_gt=[0.499, 0.065]
[s1] step=35500 stages=['CLOSE', 'CLOSE', 'IDLE', 'CLOSE', 'CLOSE', 'CLOSE', 'DESCEND', 'FAIL'] picks=19 places=15 hand0=[0.496, 0.075, 0.171] cup_xy0=[0.521, 0.016]
[close] e0 t=73 hand_z=0.171 dxy=0.017 stall=0.497
[close] e0 t=133 hand_z=0.171 dxy=0.017 stall=0.497
[s1] step=35600 stages=['CLOSE', 'CLOSE', 'IDLE', 'CLOSE', 'FAIL', 'CLOSE', 'DESCEND', 'ALIGN'] picks=19 places=15 hand0=[0.496, 0.076, 0.171] cup_xy0=[0.521, 0.016]
[close] e0 t=193 hand_z=0.171 dxy=0.017 stall=0.497
[s1] grasp-geom e0: hand-cup_xy=0.017 cup_gt=[0.503, 0.091, 0.022] vision_xy=[0.521, 0.016]
[s1] GRASP (drive stall) envs [0] stall=[0.497]
[s1] close-entry e7: hand=[0.571, -0.051, 0.19] cup_gt=[0.598, 0.064]
[close] e5 t=203 hand_z=0.197 dxy=0.085 stall=0.381
[lift] e0 t=12 cup_z=0.025 hand_z=0.174 stall=0.497
[s1] step=35700 stages=['LIFT', 'FAIL', 'IDLE', 'FAIL', 'ALIGN', 'CLOSE', 'DESCEND', 'CLOSE'] picks=19 places=15 hand0=[0.48, 0.076, 0.174] cup_xy0=[0.521, 0.016]
[lift] e0 t=32 cup_z=0.076 hand_z=0.225 stall=0.499
[s1] LIFTED envs [0] (physical, friction-held)
[close] e7 t=67 hand_z=0.179 dxy=0.086 stall=0.411
[s1] step=35800 stages=['PLACE', 'ALIGN', 'IDLE', 'IDLE', 'DESCEND', 'IDLE', 'FAIL', 'CLOSE'] picks=20 places=15 hand0=[0.513, -0.192, 0.334] cup_xy0=[0.521, 0.016]
[close] e7 t=127 hand_z=0.179 dxy=0.088 stall=0.411
[s1] close-entry e4: hand=[0.476, -0.003, 0.186] cup_gt=[0.481, -0.015]
[close] e4 t=40 hand_z=0.213 dxy=0.015 stall=0.400
[s1] step=35900 stages=['RELEASE', 'DESCEND', 'IDLE', 'DESCEND', 'CLOSE', 'ALIGN', 'ALIGN', 'CLOSE'] picks=20 places=15 hand0=[0.544, -0.096, 0.203] cup_xy0=[0.521, 0.016]
[close] e4 t=100 hand_z=0.213 dxy=0.016 stall=0.400
[s1] close-entry e1: hand=[0.458, 0.022, 0.19] cup_gt=[0.502, -0.004]
[s1] close-entry e5: hand=[0.241, -0.099, 0.187] cup_gt=[0.19, -0.144]
[close] e1 t=48 hand_z=0.160 dxy=0.075 stall=0.413
[s1] step=36000 stages=['IDLE', 'CLOSE', 'FAIL', 'DESCEND', 'CLOSE', 'CLOSE', 'DESCEND', 'IDLE'] picks=20 places=15 hand0=[0.531, -0.078, 0.211] cup_xy0=[0.521, 0.016]
[s1] close-entry e6: hand=[0.543, 0.011, 0.186] cup_gt=[0.504, 0.004]
[close] e1 t=108 hand_z=0.160 dxy=0.075 stall=0.413
[s1] acquire e0: vision=[0.499, -0.008] gt=[0.53, 0.014]
[s1] step=36100 stages=['ALIGN', 'CLOSE', 'IDLE', 'DESCEND', 'FAIL', 'CLOSE', 'CLOSE', 'DESCEND'] picks=20 places=15 hand0=[0.476, 0.118, 0.323] cup_xy0=[0.499, -0.008]
[close] e1 t=168 hand_z=0.160 dxy=0.075 stall=0.413
[close] e1 t=228 hand_z=0.160 dxy=0.075 stall=0.413
[s1] close-entry e7: hand=[0.502, 0.011, 0.184] cup_gt=[0.532, -0.07]
[s1] step=36200 stages=['DESCEND', 'FAIL', 'IDLE', 'DESCEND', 'ALIGN', 'CLOSE', 'CLOSE', 'CLOSE'] picks=20 places=15 hand0=[0.489, 0.086, 0.206] cup_xy0=[0.499, -0.008]
[s1] close-entry e0: hand=[0.497, -0.011, 0.183] cup_gt=[0.53, 0.014]
[close] e0 t=17 hand_z=0.203 dxy=0.085 stall=0.634
[s1] close-entry e4: hand=[0.484, 0.013, 0.192] cup_gt=[0.477, 0.024]
[close] e0 t=77 hand_z=0.210 dxy=0.111 stall=0.798
[s1] step=36300 stages=['CLOSE', 'IDLE', 'IDLE', 'FAIL', 'CLOSE', 'ALIGN', 'FAIL', 'CLOSE'] picks=20 places=15 hand0=[0.493, -0.091, 0.21] cup_xy0=[0.499, -0.008]
[close] e0 t=137 hand_z=0.210 dxy=0.112 stall=0.798
[s1] close-entry e5: hand=[0.58, 0.015, 0.191] cup_gt=[0.572, 0.011]
[s1] step=36400 stages=['CLOSE', 'DESCEND', 'FAIL', 'ALIGN', 'CLOSE', 'CLOSE', 'ALIGN', 'CLOSE'] picks=20 places=15 hand0=[0.492, -0.091, 0.21] cup_xy0=[0.499, -0.008]
[close] e0 t=197 hand_z=0.210 dxy=0.112 stall=0.798
[s1] close-entry e1: hand=[0.563, 0.049, 0.191] cup_gt=[0.559, 0.052]
[close] e1 t=29 hand_z=0.191 dxy=0.027 stall=0.651
[s1] step=36500 stages=['FAIL', 'CLOSE', 'IDLE', 'ALIGN', 'CLOSE', 'CLOSE', 'DESCEND', 'IDLE'] picks=20 places=15 hand0=[0.492, -0.093, 0.211] cup_xy0=[0.499, -0.008]
[s1] close-entry e6: hand=[0.509, -0.022, 0.183] cup_gt=[0.541, -0.063]
[s1] grasp-geom e4: hand-cup_xy=0.028 cup_gt=[0.406, 0.143, 0.021] vision_xy=[0.478, 0.018]
[s1] GRASP (drive stall) envs [4] stall=[0.491]
[close] e1 t=89 hand_z=0.169 dxy=0.034 stall=0.800
[lift] e4 t=10 cup_z=0.022 hand_z=0.161 stall=0.497
[s1] acquire e0: vision=[0.525, 0.068] gt=[0.523, 0.064]
[lift] e4 t=30 cup_z=0.044 hand_z=0.180 stall=0.499
[s1] LIFTED envs [4] (physical, friction-held)
[close] e1 t=149 hand_z=0.167 dxy=0.035 stall=0.800
[s1] step=36600 stages=['ALIGN', 'CLOSE', 'IDLE', 'ALIGN', 'CARRY', 'CLOSE', 'CLOSE', 'DESCEND'] picks=21 places=15 hand0=[0.53, -0.009, 0.323] cup_xy0=[0.525, 0.068]
[close] e1 t=209 hand_z=0.167 dxy=0.035 stall=0.800
[s1] close-entry e7: hand=[0.471, -0.077, 0.19] cup_gt=[0.474, -0.073]
[s1] step=36700 stages=['DESCEND', 'FAIL', 'IDLE', 'ALIGN', 'PLACE', 'IDLE', 'CLOSE', 'CLOSE'] picks=21 places=15 hand0=[0.183, 0.386, 0.194] cup_xy0=[0.525, 0.068]
[close] e6 t=213 hand_z=0.187 dxy=0.014 stall=0.402
[close] e7 t=97 hand_z=0.166 dxy=0.027 stall=0.409
[s1] step=36800 stages=['DESCEND', 'IDLE', 'IDLE', 'IDLE', 'PLACE', 'ALIGN', 'FAIL', 'CLOSE'] picks=21 places=15 hand0=[-0.288, 0.171, 0.298] cup_xy0=[0.525, 0.068]
[close] e7 t=157 hand_z=0.166 dxy=0.027 stall=0.409
[s1] close-entry e5: hand=[0.25, 0.223, 0.192] cup_gt=[0.251, 0.241]
[close] e5 t=33 hand_z=0.180 dxy=0.019 stall=0.396
[s1] step=36900 stages=['DESCEND', 'DESCEND', 'IDLE', 'ALIGN', 'RELEASE', 'CLOSE', 'DESCEND', 'CLOSE'] picks=21 places=15 hand0=[0.136, 0.303, 0.262] cup_xy0=[0.525, 0.068]
[s1] PLACED envs [4] (full physical pick-move-place)
[rec] episode 16/60 saved (len=385, env=4)
[s1] close-entry e1: hand=[0.539, 0.062, 0.187] cup_gt=[0.523, 0.094]
[close] e1 t=3 hand_z=0.187 dxy=0.044 stall=0.190
[s1] step=37000 stages=['DESCEND', 'CLOSE', 'IDLE', 'DESCEND', 'DONE', 'CLOSE', 'DESCEND', 'IDLE'] picks=21 places=16 hand0=[0.566, -0.059, 0.205] cup_xy0=[0.525, 0.068]
[close] e1 t=63 hand_z=0.154 dxy=0.061 stall=0.141
[s1] close-entry e6: hand=[0.352, -0.069, 0.192] cup_gt=[0.313, -0.043]
[s1] close-entry e3: hand=[0.549, 0.07, 0.191] cup_gt=[0.551, 0.084]
[close] e1 t=123 hand_z=0.153 dxy=0.057 stall=0.119
[s1] step=37100 stages=['FAIL', 'CLOSE', 'FAIL', 'CLOSE', 'ALIGN', 'CLOSE', 'CLOSE', 'DESCEND'] picks=21 places=16 hand0=[-0.19, -0.254, -0.09] cup_xy0=[0.525, 0.068]
[close] e1 t=183 hand_z=0.153 dxy=0.057 stall=0.119
[s1] close-entry e4: hand=[0.578, 0.024, 0.183] cup_gt=[0.582, 0.007]
[s1] close-entry e7: hand=[0.426, 0.037, 0.191] cup_gt=[0.43, 0.023]
[close] e3 t=160 hand_z=0.119 dxy=0.372 stall=0.013
[s1] step=37200 stages=['IDLE', 'FAIL', 'IDLE', 'CLOSE', 'CLOSE', 'IDLE', 'CLOSE', 'CLOSE'] picks=21 places=16 hand0=[0.217, -0.198, 0.253] cup_xy0=[0.525, 0.068]
[close] e3 t=220 hand_z=0.116 dxy=0.374 stall=0.013
[s1] step=37300 stages=['IDLE', 'IDLE', 'IDLE', 'FAIL', 'CLOSE', 'DESCEND', 'FAIL', 'CLOSE'] picks=21 places=16 hand0=[-0.266, 0.0, 0.875] cup_xy0=[0.525, 0.068]
[close] e4 t=173 hand_z=0.204 dxy=0.011 stall=0.677
[s1] close-entry e5: hand=[0.467, 0.042, 0.186] cup_gt=[0.492, 0.045]
[close] e4 t=233 hand_z=0.204 dxy=0.011 stall=0.677
[s1] grasp-geom e4: hand-cup_xy=0.011 cup_gt=[0.584, -0.094, 0.023] vision_xy=[0.578, 0.028]
[s1] GRASP (drive stall) envs [4] stall=[0.677]
[lift] e4 t=12 cup_z=0.024 hand_z=0.207 stall=0.735
[s1] step=37400 stages=['IDLE', 'DESCEND', 'IDLE', 'ALIGN', 'LIFT', 'CLOSE', 'IDLE', 'CLOSE'] picks=21 places=16 hand0=[0.076, 0.035, -0.1] cup_xy0=[0.525, 0.068]
[lift] e4 t=32 cup_z=0.020 hand_z=0.218 stall=0.802
[s1] close-entry e1: hand=[0.542, 0.017, 0.192] cup_gt=[0.539, 0.011]
[close] e1 t=12 hand_z=0.159 dxy=0.013 stall=0.268
[lift] e4 t=52 cup_z=0.020 hand_z=0.277 stall=0.802
[lift] e4 t=72 cup_z=0.020 hand_z=0.357 stall=0.803
[lift] e4 t=92 cup_z=0.020 hand_z=0.353 stall=0.801
[close] e1 t=72 hand_z=0.130 dxy=0.056 stall=-0.003
[lift] e4 t=112 cup_z=0.020 hand_z=0.350 stall=0.801
[s1] step=37500 stages=['IDLE', 'CLOSE', 'IDLE', 'DESCEND', 'LIFT', 'CLOSE', 'DESCEND', 'IDLE'] picks=21 places=16 hand0=[-0.017, -0.014, 0.285] cup_xy0=[0.525, 0.068]
[s1] close-entry e3: hand=[0.446, -0.087, 0.183] cup_gt=[0.445, -0.075]
[lift] e4 t=132 cup_z=0.020 hand_z=0.353 stall=0.801
[lift] e4 t=152 cup_z=0.020 hand_z=0.349 stall=0.801
[close] e1 t=132 hand_z=0.128 dxy=0.054 stall=-0.043
[lift] e4 t=172 cup_z=0.020 hand_z=0.350 stall=0.801
[lift] e4 t=192 cup_z=0.020 hand_z=0.351 stall=0.801
[s1] close-entry e6: hand=[0.535, 0.085, 0.191] cup_gt=[0.515, 0.091]
[s1] close-entry e7: hand=[0.44, 0.08, 0.191] cup_gt=[0.442, 0.071]
[lift] e4 t=212 cup_z=0.020 hand_z=0.350 stall=0.801
[s1] step=37600 stages=['IDLE', 'CLOSE', 'IDLE', 'CLOSE', 'LIFT', 'FAIL', 'CLOSE', 'CLOSE'] picks=21 places=16 hand0=[0.209, 0.009, -0.203] cup_xy0=[0.525, 0.068]
[close] e1 t=192 hand_z=0.131 dxy=0.051 stall=0.020
[lift] e4 t=232 cup_z=0.020 hand_z=0.350 stall=0.801
[lift] e4 t=252 cup_z=0.020 hand_z=0.350 stall=0.801
[lift] e4 t=272 cup_z=0.020 hand_z=0.350 stall=0.801
[close] e3 t=174 hand_z=0.158 dxy=0.000 stall=0.363
[lift] e4 t=292 cup_z=0.020 hand_z=0.350 stall=0.801
[lift] e4 t=312 cup_z=0.020 hand_z=0.350 stall=0.801
[s1] step=37700 stages=['IDLE', 'FAIL', 'IDLE', 'CLOSE', 'LIFT', 'ALIGN', 'CLOSE', 'CLOSE'] picks=21 places=16 hand0=[-0.101, 0.121, 0.415] cup_xy0=[0.525, 0.068]
[lift] e4 t=332 cup_z=0.020 hand_z=0.350 stall=0.801
[close] e3 t=234 hand_z=0.158 dxy=0.000 stall=0.362
[lift] e4 t=352 cup_z=0.020 hand_z=0.350 stall=0.801
[lift] e4 t=372 cup_z=0.020 hand_z=0.350 stall=0.801
[lift] e4 t=392 cup_z=0.020 hand_z=0.350 stall=0.801
[close] e6 t=212 hand_z=0.232 dxy=0.063 stall=0.388
[s1] step=37800 stages=['FAIL', 'ALIGN', 'FAIL', 'FAIL', 'FAIL', 'DESCEND', 'CLOSE', 'CLOSE'] picks=21 places=16 hand0=[0.506, -0.04, 0.964] cup_xy0=[0.525, 0.068]
[s1] close-entry e5: hand=[0.514, -0.029, 0.182] cup_gt=[0.514, -0.036]
[close] e5 t=59 hand_z=0.208 dxy=0.001 stall=0.409
[s1] close-entry e1: hand=[0.518, 0.004, 0.191] cup_gt=[0.512, -0.002]
[s1] step=37900 stages=['IDLE', 'CLOSE', 'IDLE', 'DESCEND', 'ALIGN', 'CLOSE', 'IDLE', 'IDLE'] picks=21 places=16 hand0=[-0.22, 0.041, 0.892] cup_xy0=[0.525, 0.068]
[close] e1 t=32 hand_z=0.172 dxy=0.011 stall=0.343
[close] e1 t=92 hand_z=0.171 dxy=0.013 stall=0.371
[s1] close-entry e3: hand=[0.487, 0.062, 0.191] cup_gt=[0.517, 0.077]
[s1] step=38000 stages=['IDLE', 'CLOSE', 'IDLE', 'CLOSE', 'DESCEND', 'CLOSE', 'DESCEND', 'DESCEND'] picks=21 places=16 hand0=[-0.378, 0.074, 0.033] cup_xy0=[0.525, 0.068]
[s1] close-entry e4: hand=[0.476, 0.036, 0.185] cup_gt=[0.467, -0.001]
[close] e1 t=152 hand_z=0.171 dxy=0.013 stall=0.371
[s1] close-entry e6: hand=[0.466, -0.055, 0.187] cup_gt=[0.466, -0.047]
[s1] close-entry e7: hand=[0.445, 0.072, 0.192] cup_gt=[0.449, 0.058]
[close] e1 t=212 hand_z=0.171 dxy=0.013 stall=0.371
[s1] step=38100 stages=['IDLE', 'CLOSE', 'IDLE', 'CLOSE', 'CLOSE', 'FAIL', 'CLOSE', 'CLOSE'] picks=21 places=16 hand0=[0.635, -0.326, 0.769] cup_xy0=[0.525, 0.068]
[close] e3 t=174 hand_z=0.161 dxy=0.079 stall=0.379
[s1] step=38200 stages=['IDLE', 'IDLE', 'FAIL', 'CLOSE', 'CLOSE', 'DESCEND', 'CLOSE', 'CLOSE'] picks=21 places=16 hand0=[0.305, 0.04, 0.457] cup_xy0=[0.525, 0.068]
[close] e3 t=234 hand_z=0.161 dxy=0.079 stall=0.379
[s1] close-entry e5: hand=[0.516, -0.046, 0.191] cup_gt=[0.515, -0.045]
[close] e5 t=41 hand_z=0.164 dxy=0.016 stall=0.415
[s1] step=38300 stages=['IDLE', 'DESCEND', 'IDLE', 'IDLE', 'FAIL', 'CLOSE', 'FAIL', 'CLOSE'] picks=21 places=16 hand0=[0.384, -0.094, 0.519] cup_xy0=[0.525, 0.068]
[close] e5 t=101 hand_z=0.163 dxy=0.016 stall=0.415
[s1] close-entry e1: hand=[0.436, 0.04, 0.189] cup_gt=[0.414, 0.019]
[close] e1 t=15 hand_z=0.186 dxy=0.036 stall=0.298
[s1] step=38400 stages=['IDLE', 'CLOSE', 'IDLE', 'ALIGN', 'ALIGN', 'CLOSE', 'ALIGN', 'IDLE'] picks=21 places=16 hand0=[0.712, -0.084, 0.675] cup_xy0=[0.525, 0.068]
[close] e1 t=75 hand_z=0.172 dxy=0.048 stall=0.418
[s1] close-entry e3: hand=[0.471, -0.078, 0.184] cup_gt=[0.473, -0.072]
[s1] step=38500 stages=['FAIL', 'CLOSE', 'IDLE', 'CLOSE', 'DESCEND', 'FAIL', 'DESCEND', 'DESCEND'] picks=21 places=16 hand0=[0.584, 0.115, 0.172] cup_xy0=[0.525, 0.068]
[close] e1 t=135 hand_z=0.171 dxy=0.052 stall=0.418
[s1] close-entry e6: hand=[0.528, 0.038, 0.191] cup_gt=[0.526, 0.087]
[s1] close-entry e4: hand=[0.367, -0.028, 0.189] cup_gt=[0.389, -0.056]
[s1] close-entry e7: hand=[0.576, 0.004, 0.191] cup_gt=[0.565, -0.013]
[close] e1 t=195 hand_z=0.171 dxy=0.059 stall=0.418
[s1] step=38600 stages=['IDLE', 'CLOSE', 'IDLE', 'CLOSE', 'CLOSE', 'ALIGN', 'CLOSE', 'CLOSE'] picks=21 places=16 hand0=[0.466, 0.108, 0.003] cup_xy0=[0.525, 0.068]
[close] e3 t=156 hand_z=0.208 dxy=0.018 stall=0.393
[close] e3 t=216 hand_z=0.208 dxy=0.018 stall=0.393
[s1] step=38700 stages=['IDLE', 'IDLE', 'IDLE', 'CLOSE', 'CLOSE', 'DESCEND', 'CLOSE', 'CLOSE'] picks=21 places=16 hand0=[-0.161, -0.172, 0.584] cup_xy0=[0.525, 0.068]
[s1] close-entry e5: hand=[0.399, 0.033, 0.192] cup_gt=[0.4, 0.022]
[close] e4 t=227 hand_z=0.191 dxy=0.028 stall=0.800
[s1] step=38800 stages=['IDLE', 'ALIGN', 'IDLE', 'IDLE', 'FAIL', 'CLOSE', 'FAIL', 'FAIL'] picks=21 places=16 hand0=[-0.447, -0.14, 0.864] cup_xy0=[0.525, 0.068]
[close] e5 t=120 hand_z=0.182 dxy=0.013 stall=0.377
[close] e5 t=180 hand_z=0.182 dxy=0.013 stall=0.377
[s1] step=38900 stages=['FAIL', 'DESCEND', 'FAIL', 'DESCEND', 'ALIGN', 'CLOSE', 'ALIGN', 'IDLE'] picks=21 places=16 hand0=[-0.019, -0.304, 0.373] cup_xy0=[0.525, 0.068]
[s1] close-entry e3: hand=[0.512, 0.061, 0.189] cup_gt=[0.505, 0.114]
[s1] close-entry e4: hand=[0.478, 0.008, 0.192] cup_gt=[0.482, 0.008]
[close] e3 t=34 hand_z=0.184 dxy=0.009 stall=0.374
[s1] close-entry e1: hand=[0.514, -0.034, 0.184] cup_gt=[0.549, -0.041]
[close] e1 t=28 hand_z=0.198 dxy=0.062 stall=0.370
[s1] step=39000 stages=['IDLE', 'CLOSE', 'IDLE', 'CLOSE', 'CLOSE', 'FAIL', 'DESCEND', 'DESCEND'] picks=21 places=16 hand0=[-0.202, -0.091, 0.97] cup_xy0=[0.525, 0.068]
[s1] close-entry e6: hand=[0.574, -0.042, 0.183] cup_gt=[0.57, -0.049]
[s1] close-entry e7: hand=[0.464, -0.051, 0.19] cup_gt=[0.463, -0.045]
[close] e1 t=88 hand_z=0.198 dxy=0.068 stall=0.409
[s1] step=39100 stages=['IDLE', 'CLOSE', 'IDLE', 'CLOSE', 'CLOSE', 'ALIGN', 'CLOSE', 'CLOSE'] picks=21 places=16 hand0=[0.359, -0.168, 0.005] cup_xy0=[0.525, 0.068]
[close] e1 t=148 hand_z=0.198 dxy=0.068 stall=0.409
[s1] grasp-geom e4: hand-cup_xy=0.002 cup_gt=[0.485, -0.009, 0.02] vision_xy=[0.475, 0.011]
[s1] GRASP (drive stall) envs [4] stall=[0.486]
[close] e1 t=208 hand_z=0.198 dxy=0.068 stall=0.409
[lift] e4 t=11 cup_z=0.020 hand_z=0.175 stall=0.491
[lift] e4 t=31 cup_z=0.030 hand_z=0.184 stall=0.493
[s1] step=39200 stages=['IDLE', 'CLOSE', 'IDLE', 'FAIL', 'LIFT', 'DESCEND', 'CLOSE', 'CLOSE'] picks=21 places=16 hand0=[0.15, 0.124, 0.466] cup_xy0=[0.525, 0.068]
[s1] close-entry e5: hand=[0.391, -0.006, 0.192] cup_gt=[0.428, 0.034]
[lift] e4 t=51 cup_z=0.095 hand_z=0.249 stall=0.495
[s1] LIFTED envs [4] (physical, friction-held)
[close] e5 t=28 hand_z=0.181 dxy=0.039 stall=0.377
[close] e5 t=88 hand_z=0.181 dxy=0.039 stall=0.423
[s1] step=39300 stages=['IDLE', 'IDLE', 'FAIL', 'DESCEND', 'PLACE', 'CLOSE', 'FAIL', 'FAIL'] picks=22 places=16 hand0=[0.703, 0.388, 0.231] cup_xy0=[0.525, 0.068]
[close] e5 t=148 hand_z=0.181 dxy=0.039 stall=0.423
[s1] step=39400 stages=['IDLE', 'DESCEND', 'IDLE', 'DESCEND', 'RELEASE', 'CLOSE', 'ALIGN', 'ALIGN'] picks=22 places=16 hand0=[-0.581, 0.214, -0.14] cup_xy0=[0.525, 0.068]
[s1] close-entry e3: hand=[0.422, -0.077, 0.191] cup_gt=[0.413, -0.091]
[s1] close-entry e1: hand=[0.557, 0.067, 0.187] cup_gt=[0.554, 0.068]
[close] e1 t=2 hand_z=0.181 dxy=0.001 stall=0.244
[s1] PLACED envs [4] (full physical pick-move-place)
[rec] episode 17/60 saved (len=274, env=4)
[close] e1 t=62 hand_z=0.138 dxy=0.054 stall=0.157
[s1] close-entry e6: hand=[0.431, 0.057, 0.19] cup_gt=[0.452, 0.076]
[s1] step=39500 stages=['IDLE', 'CLOSE', 'IDLE', 'CLOSE', 'IDLE', 'FAIL', 'CLOSE', 'DESCEND'] picks=22 places=17 hand0=[-0.159, -0.055, 0.698] cup_xy0=[0.525, 0.068]
[s1] close-entry e7: hand=[0.506, -0.037, 0.184] cup_gt=[0.558, -0.05]
[close] e1 t=122 hand_z=0.135 dxy=0.089 stall=0.194
[close] e1 t=182 hand_z=0.135 dxy=0.093 stall=0.194
[s1] step=39600 stages=['FAIL', 'CLOSE', 'IDLE', 'CLOSE', 'DESCEND', 'ALIGN', 'CLOSE', 'CLOSE'] picks=22 places=17 hand0=[-0.253, 0.121, 0.208] cup_xy0=[0.525, 0.068]
[close] e6 t=175 hand_z=0.167 dxy=0.040 stall=0.382
[s1] close-entry e4: hand=[0.498, 0.019, 0.19] cup_gt=[0.515, -0.029]
[s1] step=39700 stages=['IDLE', 'FAIL', 'IDLE', 'FAIL', 'CLOSE', 'DESCEND', 'CLOSE', 'CLOSE'] picks=22 places=17 hand0=[-0.114, -0.251, 0.007] cup_xy0=[0.525, 0.068]
[close] e4 t=37 hand_z=0.186 dxy=0.133 stall=0.801
[s1] close-entry e5: hand=[0.461, 0.006, 0.189] cup_gt=[0.507, 0.001]
[close] e4 t=97 hand_z=0.187 dxy=0.188 stall=0.801
[s1] step=39800 stages=['IDLE', 'ALIGN', 'IDLE', 'ALIGN', 'CLOSE', 'CLOSE', 'IDLE', 'FAIL'] picks=22 places=17 hand0=[-0.463, 0.054, 0.527] cup_xy0=[0.525, 0.068]
[close] e4 t=157 hand_z=0.187 dxy=0.196 stall=0.801
[close] e4 t=217 hand_z=0.187 dxy=0.197 stall=0.801
[s1] step=39900 stages=['IDLE', 'DESCEND', 'IDLE', 'DESCEND', 'CLOSE', 'CLOSE', 'DESCEND', 'ALIGN'] picks=22 places=17 hand0=[0.012, -0.207, 0.447] cup_xy0=[0.525, 0.068]
[s1] close-entry e6: hand=[0.455, -0.019, 0.183] cup_gt=[0.477, 0.001]
[s1] close-entry e3: hand=[0.483, 0.061, 0.185] cup_gt=[0.533, 0.095]
[close] e3 t=2 hand_z=0.183 dxy=0.063 stall=0.511
[s1] step=40000 stages=['IDLE', 'DESCEND', 'FAIL', 'CLOSE', 'IDLE', 'FAIL', 'CLOSE', 'DESCEND'] picks=22 places=17 hand0=[-0.606, 0.278, 0.578] cup_xy0=[0.525, 0.068]
[close] e3 t=62 hand_z=0.162 dxy=0.130 stall=0.799
[s1] close-entry e1: hand=[0.488, 0.079, 0.187] cup_gt=[0.516, 0.065]
[s1] close-entry e7: hand=[0.444, -0.062, 0.192] cup_gt=[0.443, -0.061]
[close] e1 t=54 hand_z=0.167 dxy=0.037 stall=0.419
[s1] step=40100 stages=['IDLE', 'CLOSE', 'IDLE', 'CLOSE', 'DESCEND', 'ALIGN', 'CLOSE', 'CLOSE'] picks=22 places=17 hand0=[-0.369, -0.088, -0.412] cup_xy0=[0.525, 0.068]
[close] e1 t=114 hand_z=0.166 dxy=0.038 stall=0.419
[s1] close-entry e4: hand=[0.455, -0.044, 0.183] cup_gt=[0.462, -0.084]
[close] e1 t=174 hand_z=0.166 dxy=0.038 stall=0.419
[s1] step=40200 stages=['IDLE', 'CLOSE', 'IDLE', 'FAIL', 'CLOSE', 'DESCEND', 'FAIL', 'CLOSE'] picks=22 places=17 hand0=[-0.012, -0.053, 0.376] cup_xy0=[0.525, 0.068]
[s1] close-entry e5: hand=[0.562, 0.026, 0.189] cup_gt=[0.568, 0.072]
[close] e1 t=234 hand_z=0.166 dxy=0.038 stall=0.419
[s1] step=40300 stages=['FAIL', 'FAIL', 'IDLE', 'ALIGN', 'CLOSE', 'CLOSE', 'ALIGN', 'FAIL'] picks=22 places=17 hand0=[0.144, 0.16, 0.311] cup_xy0=[0.525, 0.068]
[close] e4 t=135 hand_z=0.207 dxy=0.089 stall=0.799
[close] e4 t=195 hand_z=0.207 dxy=0.089 stall=0.799
[s1] step=40400 stages=['IDLE', 'ALIGN', 'IDLE', 'DESCEND', 'CLOSE', 'CLOSE', 'DESCEND', 'IDLE'] picks=22 places=17 hand0=[0.153, 0.168, 0.37] cup_xy0=[0.525, 0.068]
[s1] close-entry e6: hand=[0.487, 0.058, 0.186] cup_gt=[0.505, 0.077]
[close] e5 t=210 hand_z=0.192 dxy=0.020 stall=0.394
[s1] close-entry e3: hand=[0.465, 0.018, 0.183] cup_gt=[0.463, 0.018]
[s1] close-entry e1: hand=[0.429, 0.054, 0.187] cup_gt=[0.427, 0.04]
[close] e1 t=12 hand_z=0.172 dxy=0.022 stall=0.290
[s1] step=40500 stages=['IDLE', 'CLOSE', 'IDLE', 'CLOSE', 'IDLE', 'FAIL', 'CLOSE', 'DESCEND'] picks=22 places=17 hand0=[-0.049, 0.139, 0.486] cup_xy0=[0.525, 0.068]
[close] e1 t=72 hand_z=0.167 dxy=0.042 stall=0.392
[s1] close-entry e7: hand=[0.462, -0.056, 0.187] cup_gt=[0.461, -0.057]
[s1] step=40600 stages=['IDLE', 'CLOSE', 'IDLE', 'CLOSE', 'ALIGN', 'ALIGN', 'CLOSE', 'CLOSE'] picks=22 places=17 hand0=[-0.069, 0.018, 0.385] cup_xy0=[0.525, 0.068]
[close] e1 t=132 hand_z=0.167 dxy=0.042 stall=0.392
[close] e1 t=192 hand_z=0.167 dxy=0.042 stall=0.392
[s1] grasp-geom e3: hand-cup_xy=0.004 cup_gt=[0.475, 0.056, 0.037] vision_xy=[0.469, 0.019]
[s1] GRASP (drive stall) envs [3] stall=[0.502]
[lift] e3 t=16 cup_z=0.039 hand_z=0.198 stall=0.502
[s1] step=40700 stages=['FAIL', 'CLOSE', 'FAIL', 'LIFT', 'DESCEND', 'DESCEND', 'FAIL', 'CLOSE'] picks=22 places=17 hand0=[-0.097, -0.076, 0.206] cup_xy0=[0.525, 0.068]
[lift] e3 t=36 cup_z=0.076 hand_z=0.235 stall=0.504
[s1] LIFTED envs [3] (physical, friction-held)
[close] e7 t=180 hand_z=0.195 dxy=0.026 stall=0.409
[s1] close-entry e4: hand=[0.459, -0.054, 0.191] cup_gt=[0.484, -0.049]
[s1] close-entry e5: hand=[0.512, -0.014, 0.183] cup_gt=[0.484, 0.039]
[close] e4 t=53 hand_z=0.162 dxy=0.058 stall=0.797
[s1] step=40800 stages=['IDLE', 'IDLE', 'IDLE', 'PLACE', 'CLOSE', 'CLOSE', 'ALIGN', 'CLOSE'] picks=23 places=17 hand0=[-0.17, 0.241, 0.467] cup_xy0=[0.525, 0.068]
[close] e4 t=113 hand_z=0.162 dxy=0.060 stall=0.798
[s1] close-entry e6: hand=[0.555, 0.012, 0.185] cup_gt=[0.553, 0.014]
[s1] step=40900 stages=['IDLE', 'ALIGN', 'IDLE', 'RELEASE', 'CLOSE', 'CLOSE', 'CLOSE', 'IDLE'] picks=23 places=17 hand0=[-0.698, 0.139, 0.632] cup_xy0=[0.525, 0.068]
[close] e4 t=173 hand_z=0.162 dxy=0.060 stall=0.798
[s1] PLACED envs [3] (full physical pick-move-place)
[rec] episode 18/60 saved (len=328, env=3)
[close] e4 t=233 hand_z=0.162 dxy=0.060 stall=0.798
[s1] step=41000 stages=['IDLE', 'DESCEND', 'IDLE', 'DONE', 'FAIL', 'FAIL', 'CLOSE', 'DESCEND'] picks=23 places=18 hand0=[-0.049, -0.179, 0.196] cup_xy0=[0.525, 0.068]
[s1] close-entry e7: hand=[0.29, -0.075, 0.183] cup_gt=[0.321, -0.047]
[close] e6 t=171 hand_z=0.218 dxy=0.019 stall=0.406
[s1] close-entry e1: hand=[0.386, 0.052, 0.187] cup_gt=[0.435, 0.051]
[close] e1 t=49 hand_z=0.189 dxy=0.066 stall=0.384
[s1] step=41100 stages=['IDLE', 'CLOSE', 'FAIL', 'DESCEND', 'IDLE', 'IDLE', 'CLOSE', 'CLOSE'] picks=23 places=18 hand0=[-0.199, 0.177, 0.665] cup_xy0=[0.525, 0.068]
[close] e1 t=109 hand_z=0.189 dxy=0.066 stall=0.384
[s1] close-entry e3: hand=[0.432, -0.083, 0.184] cup_gt=[0.432, -0.083]
[s1] step=41200 stages=['IDLE', 'CLOSE', 'IDLE', 'CLOSE', 'DESCEND', 'ALIGN', 'IDLE', 'CLOSE'] picks=23 places=18 hand0=[0.277, 0.407, 0.246] cup_xy0=[0.525, 0.068]
[s1] close-entry e4: hand=[0.466, -0.033, 0.188] cup_gt=[0.46, -0.041]
[close] e1 t=169 hand_z=0.189 dxy=0.066 stall=0.384
[close] e1 t=229 hand_z=0.189 dxy=0.066 stall=0.384
[s1] step=41300 stages=['IDLE', 'FAIL', 'IDLE', 'CLOSE', 'CLOSE', 'ALIGN', 'DESCEND', 'FAIL'] picks=23 places=18 hand0=[0.566, 0.315, 0.696] cup_xy0=[0.525, 0.068]
[s1] close-entry e6: hand=[0.47, 0.011, 0.183] cup_gt=[0.489, 0.007]
[close] e3 t=151 hand_z=0.208 dxy=0.010 stall=0.496
[close] e3 t=211 hand_z=0.208 dxy=0.010 stall=0.496
[s1] step=41400 stages=['FAIL', 'ALIGN', 'IDLE', 'CLOSE', 'CLOSE', 'ALIGN', 'CLOSE', 'ALIGN'] picks=23 places=18 hand0=[-0.49, -0.345, 0.418] cup_xy0=[0.525, 0.068]
[s1] grasp-geom e3: hand-cup_xy=0.010 cup_gt=[0.467, -0.053, 0.056] vision_xy=[0.436, -0.078]
[s1] GRASP (drive stall) envs [3] stall=[0.496]
[lift] e3 t=10 cup_z=0.055 hand_z=0.208 stall=0.496
[close] e6 t=154 hand_z=0.201 dxy=0.070 stall=0.410
[lift] e3 t=30 cup_z=0.068 hand_z=0.220 stall=0.498
[s1] LIFTED envs [3] (physical, friction-held)
[s1] step=41500 stages=['IDLE', 'DESCEND', 'IDLE', 'CARRY', 'FAIL', 'ALIGN', 'CLOSE', 'DESCEND'] picks=24 places=18 hand0=[0.032, -0.34, 0.638] cup_xy0=[0.525, 0.068]
[s1] close-entry e7: hand=[0.552, 0.045, 0.183] cup_gt=[0.582, 0.01]
[close] e6 t=214 hand_z=0.201 dxy=0.070 stall=0.410
[s1] close-entry e1: hand=[0.492, -0.022, 0.183] cup_gt=[0.519, -0.011]
[close] e1 t=18 hand_z=0.213 dxy=0.048 stall=0.339
[s1] step=41600 stages=['IDLE', 'CLOSE', 'IDLE', 'CARRY', 'ALIGN', 'IDLE', 'FAIL', 'CLOSE'] picks=24 places=18 hand0=[-0.176, 0.038, 1.064] cup_xy0=[0.525, 0.068]
[close] e1 t=78 hand_z=0.222 dxy=0.056 stall=0.418
[close] e1 t=138 hand_z=0.222 dxy=0.053 stall=0.418
[s1] step=41700 stages=['IDLE', 'CLOSE', 'IDLE', 'CARRY', 'DESCEND', 'DESCEND', 'DESCEND', 'CLOSE'] picks=24 places=18 hand0=[-0.154, 0.016, 0.043] cup_xy0=[0.525, 0.068]
[s1] close-entry e4: hand=[0.526, -0.05, 0.187] cup_gt=[0.535, -0.097]
[s1] close-entry e5: hand=[0.516, 0.036, 0.191] cup_gt=[0.509, 0.024]
[s1] close-entry e6: hand=[0.513, -0.064, 0.185] cup_gt=[0.526, 0.008]
[close] e1 t=198 hand_z=0.222 dxy=0.053 stall=0.418
[s1] step=41800 stages=['FAIL', 'CLOSE', 'FAIL', 'PLACE', 'CLOSE', 'CLOSE', 'CLOSE', 'FAIL'] picks=24 places=18 hand0=[-0.741, -0.122, 0.561] cup_xy0=[0.525, 0.068]
[close] e4 t=100 hand_z=0.203 dxy=0.047 stall=0.412
[close] e4 t=160 hand_z=0.203 dxy=0.047 stall=0.412
[s1] step=41900 stages=['IDLE', 'ALIGN', 'IDLE', 'PLACE', 'CLOSE', 'CLOSE', 'CLOSE', 'DESCEND'] picks=24 places=18 hand0=[0.073, 0.073, 0.329] cup_xy0=[0.525, 0.068]
[close] e4 t=220 hand_z=0.203 dxy=0.047 stall=0.412
[s1] close-entry e7: hand=[0.54, 0.005, 0.185] cup_gt=[0.532, -0.004]
[close] e7 t=42 hand_z=0.156 dxy=0.039 stall=0.297
[s1] step=42000 stages=['IDLE', 'DESCEND', 'IDLE', 'PLACE', 'FAIL', 'FAIL', 'FAIL', 'CLOSE'] picks=24 places=18 hand0=[-0.11, 0.041, 0.086] cup_xy0=[0.525, 0.068]
[close] e7 t=102 hand_z=0.149 dxy=0.097 stall=-0.001
[s1] close-entry e1: hand=[0.43, -0.029, 0.191] cup_gt=[0.429, -0.042]
[s1] step=42100 stages=['IDLE', 'CLOSE', 'IDLE', 'IDLE', 'ALIGN', 'ALIGN', 'IDLE', 'CLOSE'] picks=24 places=18 hand0=[0.008, -0.439, -0.0] cup_xy0=[0.525, 0.068]
[close] e1 t=59 hand_z=0.171 dxy=0.007 stall=0.388
[close] e1 t=119 hand_z=0.171 dxy=0.007 stall=0.388
[s1] step=42200 stages=['IDLE', 'CLOSE', 'IDLE', 'DESCEND', 'DESCEND', 'DESCEND', 'DESCEND', 'FAIL'] picks=24 places=18 hand0=[-0.014, -0.551, 0.645] cup_xy0=[0.525, 0.068]
[s1] close-entry e3: hand=[0.451, -0.007, 0.19] cup_gt=[0.448, -0.016]
[s1] close-entry e4: hand=[0.561, -0.034, 0.188] cup_gt=[0.598, 0.029]
[s1] close-entry e6: hand=[0.558, -0.075, 0.188] cup_gt=[0.578, -0.059]
[close] e1 t=179 hand_z=0.171 dxy=0.007 stall=0.388
[s1] close-entry e5: hand=[0.436, -0.038, 0.191] cup_gt=[0.435, -0.049]
[close] e1 t=239 hand_z=0.171 dxy=0.007 stall=0.388
[s1] step=42300 stages=['IDLE', 'CLOSE', 'IDLE', 'CLOSE', 'CLOSE', 'CLOSE', 'CLOSE', 'IDLE'] picks=24 places=18 hand0=[0.092, -0.401, 0.33] cup_xy0=[0.525, 0.068]
[close] e3 t=155 hand_z=0.191 dxy=0.004 stall=0.743
[s1] step=42400 stages=['IDLE', 'IDLE', 'IDLE', 'CLOSE', 'CLOSE', 'CLOSE', 'CLOSE', 'DESCEND'] picks=24 places=18 hand0=[0.468, -0.027, 0.648] cup_xy0=[0.525, 0.068]
[close] e3 t=215 hand_z=0.191 dxy=0.004 stall=0.743
[s1] close-entry e7: hand=[0.487, -0.02, 0.183] cup_gt=[0.506, -0.057]
[close] e5 t=226 hand_z=0.173 dxy=0.023 stall=0.390
[s1] step=42500 stages=['FAIL', 'DESCEND', 'IDLE', 'FAIL', 'FAIL', 'FAIL', 'FAIL', 'CLOSE'] picks=24 places=18 hand0=[0.041, 0.012, 0.269] cup_xy0=[0.525, 0.068]
[s1] close-entry e1: hand=[0.528, 0.03, 0.185] cup_gt=[0.508, 0.014]
[close] e1 t=24 hand_z=0.212 dxy=0.036 stall=0.354
[close] e1 t=84 hand_z=0.216 dxy=0.034 stall=0.434
[s1] step=42600 stages=['IDLE', 'CLOSE', 'IDLE', 'ALIGN', 'ALIGN', 'IDLE', 'ALIGN', 'CLOSE'] picks=24 places=18 hand0=[-0.045, 0.196, -0.495] cup_xy0=[0.525, 0.068]
[close] e1 t=144 hand_z=0.216 dxy=0.035 stall=0.434
[s1] close-entry e6: hand=[0.549, 0.069, 0.185] cup_gt=[0.475, 0.025]
[s1] close-entry e4: hand=[0.499, 0.062, 0.182] cup_gt=[0.512, 0.102]
[s1] step=42700 stages=['IDLE', 'CLOSE', 'IDLE', 'DESCEND', 'CLOSE', 'DESCEND', 'CLOSE', 'CLOSE'] picks=24 places=18 hand0=[0.657, -0.129, 0.161] cup_xy0=[0.525, 0.068]
[s1] close-entry e3: hand=[0.579, -0.003, 0.187] cup_gt=[0.531, -0.041]
[s1] close-entry e5: hand=[0.57, 0.047, 0.189] cup_gt=[0.565, 0.031]
[close] e1 t=204 hand_z=0.216 dxy=0.035 stall=0.434
[close] e3 t=76 hand_z=0.205 dxy=0.074 stall=0.801
[s1] step=42800 stages=['IDLE', 'FAIL', 'IDLE', 'CLOSE', 'CLOSE', 'CLOSE', 'CLOSE', 'IDLE'] picks=24 places=18 hand0=[-0.041, 0.058, -0.022] cup_xy0=[0.525, 0.068]
[close] e3 t=136 hand_z=0.205 dxy=0.075 stall=0.801
[close] e3 t=196 hand_z=0.205 dxy=0.075 stall=0.801
[s1] step=42900 stages=['IDLE', 'ALIGN', 'FAIL', 'CLOSE', 'CLOSE', 'CLOSE', 'CLOSE', 'DESCEND'] picks=24 places=18 hand0=[0.212, 0.003, 0.327] cup_xy0=[0.525, 0.068]
[s1] close-entry e7: hand=[0.556, -0.044, 0.189] cup_gt=[0.573, -0.027]
[close] e7 t=19 hand_z=0.210 dxy=0.038 stall=0.335
[s1] step=43000 stages=['IDLE', 'DESCEND', 'IDLE', 'FAIL', 'IDLE', 'FAIL', 'IDLE', 'CLOSE'] picks=24 places=18 hand0=[0.177, 0.191, 0.244] cup_xy0=[0.525, 0.068]
[s1] close-entry e1: hand=[0.511, 0.083, 0.182] cup_gt=[0.533, 0.066]
[close] e1 t=9 hand_z=0.193 dxy=0.043 stall=0.262
[close] e1 t=69 hand_z=0.205 dxy=0.071 stall=0.402
[s1] step=43100 stages=['IDLE', 'CLOSE', 'IDLE', 'ALIGN', 'DESCEND', 'DESCEND', 'ALIGN', 'CLOSE'] picks=24 places=18 hand0=[0.089, 0.127, 1.022] cup_xy0=[0.525, 0.068]
[close] e1 t=129 hand_z=0.205 dxy=0.071 stall=0.402
[s1] close-entry e5: hand=[0.447, 0.084, 0.186] cup_gt=[0.442, 0.069]
[s1] close-entry e4: hand=[0.545, -0.073, 0.185] cup_gt=[0.507, -0.108]
[s1] close-entry e3: hand=[0.232, 0.309, 0.191] cup_gt=[0.21, 0.341]
[close] e1 t=189 hand_z=0.205 dxy=0.071 stall=0.402
[s1] step=43200 stages=['FAIL', 'CLOSE', 'IDLE', 'CLOSE', 'CLOSE', 'CLOSE', 'DESCEND', 'FAIL'] picks=24 places=18 hand0=[-0.176, -0.169, 0.644] cup_xy0=[0.525, 0.068]
[s1] close-entry e6: hand=[0.494, 0.051, 0.19] cup_gt=[0.532, 0.042]
[close] e3 t=83 hand_z=0.162 dxy=0.043 stall=0.798
[s1] step=43300 stages=['IDLE', 'FAIL', 'IDLE', 'CLOSE', 'CLOSE', 'CLOSE', 'CLOSE', 'IDLE'] picks=24 places=18 hand0=[0.619, -0.222, -0.195] cup_xy0=[0.525, 0.068]
[close] e3 t=143 hand_z=0.162 dxy=0.043 stall=0.798
[close] e3 t=203 hand_z=0.162 dxy=0.043 stall=0.798
[s1] step=43400 stages=['IDLE', 'ALIGN', 'IDLE', 'CLOSE', 'CLOSE', 'FAIL', 'CLOSE', 'DESCEND'] picks=24 places=18 hand0=[-0.49, 0.269, -0.314] cup_xy0=[0.525, 0.068]
[close] e6 t=211 hand_z=0.194 dxy=0.100 stall=0.419
[s1] close-entry e7: hand=[0.449, -0.014, 0.19] cup_gt=[0.474, 0.007]
[close] e7 t=29 hand_z=0.159 dxy=0.074 stall=0.400
[s1] step=43500 stages=['IDLE', 'DESCEND', 'IDLE', 'IDLE', 'IDLE', 'IDLE', 'FAIL', 'CLOSE'] picks=24 places=18 hand0=[0.22, 0.02, 0.444] cup_xy0=[0.525, 0.068]
[close] e7 t=89 hand_z=0.159 dxy=0.072 stall=0.408
[s1] close-entry e1: hand=[0.552, 0.054, 0.191] cup_gt=[0.544, 0.057]
[s1] step=43600 stages=['FAIL', 'CLOSE', 'ALIGN', 'DESCEND', 'DESCEND', 'DESCEND', 'ALIGN', 'CLOSE'] picks=24 places=18 hand0=[0.405, -0.476, -0.088] cup_xy0=[0.525, 0.068]
[s1] close-entry e4: hand=[0.463, -0.024, 0.191] cup_gt=[0.429, -0.036]
[close] e1 t=57 hand_z=0.224 dxy=0.039 stall=0.413
[s1] close-entry e5: hand=[0.422, -0.057, 0.191] cup_gt=[0.47, -0.07]
[close] e1 t=117 hand_z=0.224 dxy=0.040 stall=0.413
[s1] close-entry e3: hand=[0.452, 0.001, 0.185] cup_gt=[0.606, -0.098]
[s1] step=43700 stages=['IDLE', 'CLOSE', 'ALIGN', 'CLOSE', 'CLOSE', 'CLOSE', 'DESCEND', 'CLOSE'] picks=24 places=18 hand0=[0.33, -0.229, 0.721] cup_xy0=[0.525, 0.068]
[s1] close-entry e6: hand=[0.491, 0.03, 0.185] cup_gt=[0.487, 0.023]
[close] e1 t=177 hand_z=0.224 dxy=0.040 stall=0.413
[close] e1 t=237 hand_z=0.224 dxy=0.040 stall=0.413
[s1] step=43800 stages=['IDLE', 'CLOSE', 'ALIGN', 'CLOSE', 'CLOSE', 'CLOSE', 'CLOSE', 'IDLE'] picks=24 places=18 hand0=[0.422, -0.082, 0.989] cup_xy0=[0.525, 0.068]
[close] e3 t=165 hand_z=0.169 dxy=0.199 stall=0.800
[s1] step=43900 stages=['IDLE', 'IDLE', 'ALIGN', 'CLOSE', 'FAIL', 'FAIL', 'CLOSE', 'ALIGN'] picks=24 places=18 hand0=[0.251, 0.13, 0.41] cup_xy0=[0.525, 0.068]
[close] e3 t=225 hand_z=0.169 dxy=0.199 stall=0.800
[s1] step=44000 stages=['IDLE', 'ALIGN', 'IDLE', 'IDLE', 'DESCEND', 'IDLE', 'FAIL', 'DESCEND'] picks=24 places=18 hand0=[0.564, -0.143, 0.543] cup_xy0=[0.525, 0.068]
[s1] step=44100 stages=['IDLE', 'DESCEND', 'IDLE', 'DESCEND', 'DESCEND', 'ALIGN', 'ALIGN', 'DESCEND'] picks=24 places=18 hand0=[0.455, 0.083, -0.218] cup_xy0=[0.525, 0.068]
[s1] close-entry e1: hand=[0.469, 0.06, 0.191] cup_gt=[0.484, 0.048]
[s1] close-entry e3: hand=[0.575, -0.078, 0.189] cup_gt=[0.563, -0.075]
[close] e1 t=45 hand_z=0.173 dxy=0.010 stall=0.372
[s1] step=44200 stages=['IDLE', 'CLOSE', 'IDLE', 'CLOSE', 'DESCEND', 'DESCEND', 'DESCEND', 'DESCEND'] picks=24 places=18 hand0=[0.609, -0.067, 0.808] cup_xy0=[0.525, 0.068]
[s1] close-entry e4: hand=[0.452, -0.077, 0.191] cup_gt=[0.395, -0.052]
[close] e1 t=105 hand_z=0.173 dxy=0.010 stall=0.372
[s1] close-entry e6: hand=[0.479, -0.005, 0.183] cup_gt=[0.514, 0.057]
[close] e1 t=165 hand_z=0.173 dxy=0.010 stall=0.372
[s1] step=44300 stages=['FAIL', 'CLOSE', 'FAIL', 'CLOSE', 'CLOSE', 'DESCEND', 'CLOSE', 'DESCEND'] picks=24 places=18 hand0=[-0.255, 0.167, 0.557] cup_xy0=[0.525, 0.068]
[close] e1 t=225 hand_z=0.173 dxy=0.010 stall=0.372
[close] e4 t=198 hand_z=0.177 dxy=0.136 stall=0.380
[s1] step=44400 stages=['IDLE', 'FAIL', 'IDLE', 'FAIL', 'CLOSE', 'DESCEND', 'CLOSE', 'FAIL'] picks=24 places=18 hand0=[-0.53, 0.026, 0.3] cup_xy0=[0.525, 0.068]
[close] e6 t=227 hand_z=0.200 dxy=0.036 stall=0.394
[s1] step=44500 stages=['IDLE', 'ALIGN', 'IDLE', 'IDLE', 'FAIL', 'DESCEND', 'FAIL', 'DESCEND'] picks=24 places=18 hand0=[-0.032, -0.019, 0.459] cup_xy0=[0.525, 0.068]
[s1] close-entry e7: hand=[0.464, 0.044, 0.19] cup_gt=[0.467, 0.033]
[close] e7 t=31 hand_z=0.165 dxy=0.022 stall=0.363
[s1] step=44600 stages=['IDLE', 'DESCEND', 'IDLE', 'DESCEND', 'ALIGN', 'FAIL', 'ALIGN', 'CLOSE'] picks=24 places=18 hand0=[0.064, 0.004, 1.172] cup_xy0=[0.525, 0.068]
[close] e7 t=91 hand_z=0.164 dxy=0.020 stall=0.355
[s1] close-entry e3: hand=[0.535, 0.056, 0.191] cup_gt=[0.513, 0.098]
[s1] close-entry e1: hand=[0.544, 0.008, 0.192] cup_gt=[0.561, 0.024]
[close] e1 t=53 hand_z=0.165 dxy=0.058 stall=0.417
[s1] step=44700 stages=['FAIL', 'CLOSE', 'FAIL', 'CLOSE', 'DESCEND', 'IDLE', 'DESCEND', 'CLOSE'] picks=24 places=18 hand0=[0.351, 0.013, 1.09] cup_xy0=[0.525, 0.068]
[s1] close-entry e6: hand=[0.435, -0.056, 0.184] cup_gt=[0.417, -0.039]
[s1] close-entry e4: hand=[0.569, 0.086, 0.184] cup_gt=[0.57, 0.077]
[close] e1 t=113 hand_z=0.164 dxy=0.061 stall=0.417
[s1] step=44800 stages=['IDLE', 'CLOSE', 'IDLE', 'CLOSE', 'CLOSE', 'IDLE', 'CLOSE', 'FAIL'] picks=24 places=18 hand0=[-0.363, 0.067, 0.018] cup_xy0=[0.525, 0.068]
[close] e1 t=173 hand_z=0.164 dxy=0.061 stall=0.417
[close] e1 t=233 hand_z=0.164 dxy=0.061 stall=0.417
[s1] step=44900 stages=['IDLE', 'FAIL', 'IDLE', 'FAIL', 'CLOSE', 'IDLE', 'CLOSE', 'ALIGN'] picks=24 places=18 hand0=[-0.14, -0.017, -0.112] cup_xy0=[0.525, 0.068]
[close] e4 t=220 hand_z=0.150 dxy=0.075 stall=-0.037
[s1] step=45000 stages=['IDLE', 'ALIGN', 'IDLE', 'ALIGN', 'FAIL', 'IDLE', 'FAIL', 'DESCEND'] picks=24 places=18 hand0=[0.025, 0.199, 0.586] cup_xy0=[0.525, 0.068]
[s1] close-entry e7: hand=[0.453, -0.026, 0.182] cup_gt=[0.456, -0.025]
[close] e7 t=39 hand_z=0.206 dxy=0.015 stall=0.387
[s1] step=45100 stages=['IDLE', 'DESCEND', 'IDLE', 'DESCEND', 'IDLE', 'IDLE', 'ALIGN', 'CLOSE'] picks=24 places=18 hand0=[0.163, -0.083, 0.922] cup_xy0=[0.525, 0.068]
[close] e7 t=99 hand_z=0.206 dxy=0.016 stall=0.416
[s1] close-entry e1: hand=[0.453, 0.066, 0.192] cup_gt=[0.459, 0.052]
[s1] close-entry e3: hand=[0.58, 0.046, 0.191] cup_gt=[0.569, -0.019]
[close] e1 t=60 hand_z=0.172 dxy=0.011 stall=0.371
[s1] step=45200 stages=['IDLE', 'CLOSE', 'IDLE', 'CLOSE', 'IDLE', 'IDLE', 'DESCEND', 'CLOSE'] picks=24 places=18 hand0=[0.154, -0.072, 0.27] cup_xy0=[0.525, 0.068]
[s1] close-entry e6: hand=[0.568, -0.031, 0.187] cup_gt=[0.59, 0.033]
[close] e1 t=120 hand_z=0.172 dxy=0.011 stall=0.369
[close] e1 t=180 hand_z=0.172 dxy=0.011 stall=0.369
[s1] step=45300 stages=['IDLE', 'CLOSE', 'IDLE', 'CLOSE', 'IDLE', 'FAIL', 'CLOSE', 'FAIL'] picks=24 places=18 hand0=[0.277, 0.002, 0.147] cup_xy0=[0.525, 0.068]
[close] e1 t=240 hand_z=0.172 dxy=0.011 stall=0.370
[s1] step=45400 stages=['FAIL', 'FAIL', 'FAIL', 'FAIL', 'IDLE', 'IDLE', 'CLOSE', 'ALIGN'] picks=24 places=18 hand0=[-0.224, -0.202, 0.313] cup_xy0=[0.525, 0.068]
[close] e6 t=213 hand_z=0.203 dxy=0.198 stall=0.382
[s1] step=45500 stages=['IDLE', 'DESCEND', 'IDLE', 'ALIGN', 'IDLE', 'IDLE', 'FAIL', 'DESCEND'] picks=24 places=18 hand0=[-0.173, -0.102, 0.765] cup_xy0=[0.525, 0.068]
[s1] close-entry e7: hand=[0.48, 0.048, 0.186] cup_gt=[0.484, 0.004]
[close] e7 t=23 hand_z=0.164 dxy=0.056 stall=0.364
[s1] close-entry e1: hand=[0.442, 0.083, 0.191] cup_gt=[0.447, 0.068]
[close] e1 t=18 hand_z=0.174 dxy=0.008 stall=0.326
[s1] step=45600 stages=['IDLE', 'CLOSE', 'IDLE', 'DESCEND', 'IDLE', 'IDLE', 'ALIGN', 'CLOSE'] picks=24 places=18 hand0=[0.821, 0.027, 0.415] cup_xy0=[0.525, 0.068]
[s1] close-entry e3: hand=[0.457, -0.036, 0.186] cup_gt=[0.469, -0.047]
[close] e1 t=78 hand_z=0.170 dxy=0.011 stall=0.398
[s1] step=45700 stages=['IDLE', 'CLOSE', 'IDLE', 'CLOSE', 'FAIL', 'IDLE', 'DESCEND', 'CLOSE'] picks=24 places=18 hand0=[0.625, 0.024, 0.291] cup_xy0=[0.525, 0.068]
[s1] close-entry e6: hand=[0.509, -0.054, 0.191] cup_gt=[0.494, -0.069]
[close] e1 t=138 hand_z=0.170 dxy=0.011 stall=0.400
[close] e1 t=198 hand_z=0.170 dxy=0.011 stall=0.400
[s1] step=45800 stages=['IDLE', 'CLOSE', 'IDLE', 'CLOSE', 'IDLE', 'IDLE', 'CLOSE', 'FAIL'] picks=24 places=18 hand0=[0.063, -0.249, 0.627] cup_xy0=[0.525, 0.068]
[close] e3 t=237 hand_z=0.188 dxy=0.024 stall=0.385
[close] e6 t=187 hand_z=0.159 dxy=0.047 stall=0.409
[s1] step=45900 stages=['IDLE', 'IDLE', 'IDLE', 'FAIL', 'IDLE', 'IDLE', 'CLOSE', 'DESCEND'] picks=24 places=18 hand0=[-0.357, -0.033, 0.11] cup_xy0=[0.525, 0.068]
[s1] step=46000 stages=['IDLE', 'DESCEND', 'IDLE', 'DESCEND', 'IDLE', 'FAIL', 'FAIL', 'DESCEND'] picks=24 places=18 hand0=[0.291, 0.392, 0.05] cup_xy0=[0.525, 0.068]
[s1] close-entry e7: hand=[0.465, 0.016, 0.186] cup_gt=[0.465, 0.02]
[close] e7 t=16 hand_z=0.193 dxy=0.015 stall=0.291
[s1] close-entry e1: hand=[0.53, -0.041, 0.192] cup_gt=[0.558, -0.003]
[s1] close-entry e3: hand=[0.443, 0.003, 0.191] cup_gt=[0.442, -0.001]
[close] e1 t=32 hand_z=0.173 dxy=0.033 stall=0.384
[s1] step=46100 stages=['FAIL', 'CLOSE', 'FAIL', 'CLOSE', 'FAIL', 'IDLE', 'IDLE', 'CLOSE'] picks=24 places=18 hand0=[0.306, 0.347, -0.287] cup_xy0=[0.525, 0.068]
[close] e1 t=92 hand_z=0.173 dxy=0.037 stall=0.417
[close] e1 t=152 hand_z=0.173 dxy=0.037 stall=0.417
[s1] step=46200 stages=['IDLE', 'CLOSE', 'IDLE', 'CLOSE', 'IDLE', 'IDLE', 'IDLE', 'CLOSE'] picks=24 places=18 hand0=[-0.067, 0.233, 0.222] cup_xy0=[0.525, 0.068]
[close] e1 t=212 hand_z=0.173 dxy=0.037 stall=0.417
[s1] step=46300 stages=['IDLE', 'FAIL', 'IDLE', 'CLOSE', 'IDLE', 'IDLE', 'ALIGN', 'FAIL'] picks=24 places=18 hand0=[-0.083, -0.062, -0.446] cup_xy0=[0.525, 0.068]
[s1] step=46400 stages=['IDLE', 'IDLE', 'IDLE', 'ALIGN', 'IDLE', 'FAIL', 'ALIGN', 'DESCEND'] picks=24 places=18 hand0=[-0.05, -0.0, 0.374] cup_xy0=[0.525, 0.068]
[s1] step=46500 stages=['FAIL', 'DESCEND', 'FAIL', 'DESCEND', 'ALIGN', 'IDLE', 'ALIGN', 'DESCEND'] picks=24 places=18 hand0=[0.014, -0.0, -0.446] cup_xy0=[0.525, 0.068]
[s1] close-entry e7: hand=[0.513, 0.022, 0.183] cup_gt=[0.508, 0.032]
[s1] close-entry e1: hand=[0.462, -0.071, 0.187] cup_gt=[0.461, -0.061]
[s1] close-entry e3: hand=[0.444, -0.013, 0.192] cup_gt=[0.443, -0.005]
[close] e1 t=31 hand_z=0.167 dxy=0.053 stall=0.075
[s1] step=46600 stages=['IDLE', 'CLOSE', 'IDLE', 'CLOSE', 'ALIGN', 'IDLE', 'ALIGN', 'CLOSE'] picks=24 places=18 hand0=[-0.223, 0.0, 0.437] cup_xy0=[0.525, 0.068]
[close] e1 t=91 hand_z=0.123 dxy=0.140 stall=-0.000
[close] e1 t=151 hand_z=0.123 dxy=0.157 stall=0.151
[s1] step=46700 stages=['IDLE', 'CLOSE', 'IDLE', 'CLOSE', 'ALIGN', 'IDLE', 'IDLE', 'CLOSE'] picks=24 places=18 hand0=[-0.19, 0.0, 0.066] cup_xy0=[0.525, 0.068]
[close] e1 t=211 hand_z=0.122 dxy=0.167 stall=0.235
[s1] grasp-geom e3: hand-cup_xy=0.004 cup_gt=[0.433, 0.034, 0.02] vision_xy=[0.441, -0.007]
[s1] GRASP (drive stall) envs [3] stall=[0.492]
[lift] e3 t=19 cup_z=0.021 hand_z=0.171 stall=0.502
[s1] step=46800 stages=['IDLE', 'FAIL', 'IDLE', 'LIFT', 'ALIGN', 'IDLE', 'IDLE', 'FAIL'] picks=24 places=18 hand0=[0.403, 0.0, 0.505] cup_xy0=[0.525, 0.068]
[lift] e3 t=39 cup_z=0.038 hand_z=0.184 stall=0.503
[lift] e3 t=59 cup_z=0.093 hand_z=0.239 stall=0.503
[s1] LIFTED envs [3] (physical, friction-held)
[s1] step=46900 stages=['IDLE', 'ALIGN', 'IDLE', 'CARRY', 'FAIL', 'IDLE', 'IDLE', 'ALIGN'] picks=25 places=18 hand0=[0.108, -0.0, -0.474] cup_xy0=[0.525, 0.068]
[s1] step=47000 stages=['IDLE', 'DESCEND', 'IDLE', 'PLACE', 'IDLE', 'IDLE', 'FAIL', 'DESCEND'] picks=25 places=18 hand0=[0.344, 0.0, 0.632] cup_xy0=[0.525, 0.068]
[s1] close-entry e1: hand=[0.563, -0.053, 0.189] cup_gt=[0.5, -0.095]
[close] e1 t=58 hand_z=0.216 dxy=0.071 stall=0.392
[s1] step=47100 stages=['IDLE', 'CLOSE', 'IDLE', 'RELEASE', 'IDLE', 'FAIL', 'IDLE', 'DESCEND'] picks=25 places=18 hand0=[-0.187, 0.0, -0.466] cup_xy0=[0.525, 0.068]
[s1] PLACED envs [3] (full physical pick-move-place)
[rec] episode 19/60 saved (len=356, env=3)
[close] e1 t=118 hand_z=0.217 dxy=0.072 stall=0.392
[s1] close-entry e7: hand=[0.526, 0.047, 0.192] cup_gt=[0.53, 0.042]
[s1] step=47200 stages=['FAIL', 'CLOSE', 'FAIL', 'IDLE', 'IDLE', 'IDLE', 'IDLE', 'CLOSE'] picks=25 places=19 hand0=[0.262, 0.0, 0.951] cup_xy0=[0.525, 0.068]
[close] e1 t=178 hand_z=0.217 dxy=0.072 stall=0.392
[close] e1 t=238 hand_z=0.217 dxy=0.072 stall=0.392
[s1] step=47300 stages=['IDLE', 'FAIL', 'IDLE', 'DESCEND', 'FAIL', 'IDLE', 'IDLE', 'CLOSE'] picks=25 places=19 hand0=[0.576, -0.0, 0.015] cup_xy0=[0.525, 0.068]
[close] e7 t=147 hand_z=0.177 dxy=0.010 stall=0.411
[s1] close-entry e3: hand=[0.443, -0.005, 0.189] cup_gt=[0.487, 0.026]
[close] e3 t=33 hand_z=0.166 dxy=0.065 stall=0.781
[s1] step=47400 stages=['IDLE', 'ALIGN', 'IDLE', 'CLOSE', 'IDLE', 'IDLE', 'FAIL', 'CLOSE'] picks=25 places=19 hand0=[0.289, 0.0, 0.961] cup_xy0=[0.525, 0.068]
[close] e3 t=93 hand_z=0.166 dxy=0.066 stall=0.800
[s1] close-entry e1: hand=[0.527, -0.017, 0.184] cup_gt=[0.519, -0.027]
[s1] step=47500 stages=['IDLE', 'CLOSE', 'IDLE', 'CLOSE', 'IDLE', 'FAIL', 'IDLE', 'IDLE'] picks=25 places=19 hand0=[0.328, -0.0, 0.132] cup_xy0=[0.525, 0.068]
[close] e1 t=25 hand_z=0.160 dxy=0.008 stall=0.366
[close] e1 t=85 hand_z=0.159 dxy=0.008 stall=0.405
[s1] step=47600 stages=['IDLE', 'CLOSE', 'FAIL', 'CLOSE', 'IDLE', 'IDLE', 'IDLE', 'ALIGN'] picks=25 places=19 hand0=[-0.35, -0.0, 0.939] cup_xy0=[0.525, 0.068]
[close] e1 t=145 hand_z=0.159 dxy=0.008 stall=0.405
[close] e1 t=205 hand_z=0.159 dxy=0.008 stall=0.405
[s1] step=47700 stages=['IDLE', 'CLOSE', 'IDLE', 'IDLE', 'IDLE', 'IDLE', 'IDLE', 'DESCEND'] picks=25 places=19 hand0=[0.327, 0.0, 0.413] cup_xy0=[0.525, 0.068]
[s1] close-entry e7: hand=[0.522, -0.068, 0.191] cup_gt=[0.52, -0.06]
[close] e7 t=39 hand_z=0.175 dxy=0.004 stall=0.504
[s1] step=47800 stages=['IDLE', 'IDLE', 'IDLE', 'ALIGN', 'IDLE', 'IDLE', 'IDLE', 'CLOSE'] picks=25 places=19 hand0=[-0.141, 0.0, -0.448] cup_xy0=[0.525, 0.068]
[close] e7 t=99 hand_z=0.175 dxy=0.006 stall=0.505
[close] e7 t=159 hand_z=0.175 dxy=0.006 stall=0.505
[s1] step=47900 stages=['FAIL', 'ALIGN', 'IDLE', 'DESCEND', 'IDLE', 'IDLE', 'IDLE', 'CLOSE'] picks=25 places=19 hand0=[-0.347, -0.0, 0.672] cup_xy0=[0.525, 0.068]
[close] e7 t=219 hand_z=0.175 dxy=0.006 stall=0.505
[s1] grasp-geom e7: hand-cup_xy=0.006 cup_gt=[0.506, 0.008, 0.02] vision_xy=[0.52, -0.064]
[s1] GRASP (drive stall) envs [7] stall=[0.505]
[lift] e7 t=18 cup_z=0.031 hand_z=0.187 stall=0.504
[s1] acquire e0: vision=[0.581, 0.149] gt=[0.575, 0.143]
[lift] e7 t=38 cup_z=0.093 hand_z=0.249 stall=0.504
[s1] step=48000 stages=['ALIGN', 'DESCEND', 'IDLE', 'DESCEND', 'FAIL', 'IDLE', 'IDLE', 'LIFT'] picks=25 places=19 hand0=[-0.15, 0.0, 0.262] cup_xy0=[0.581, 0.149]
[s1] LIFTED envs [7] (physical, friction-held)
[s1] close-entry e1: hand=[0.466, 0.062, 0.189] cup_gt=[0.452, 0.073]
[close] e1 t=4 hand_z=0.195 dxy=0.022 stall=0.253
[s1] close-entry e3: hand=[0.494, 0.085, 0.183] cup_gt=[0.543, 0.078]
[s1] step=48100 stages=['ALIGN', 'CLOSE', 'IDLE', 'CLOSE', 'IDLE', 'IDLE', 'FAIL', 'RELEASE'] picks=26 places=19 hand0=[-0.373, -0.0, 0.286] cup_xy0=[0.581, 0.149]
[close] e1 t=64 hand_z=0.207 dxy=0.033 stall=0.406
[s1] PLACED envs [7] (full physical pick-move-place)
[rec] episode 20/60 saved (len=300, env=7)
[close] e1 t=124 hand_z=0.207 dxy=0.035 stall=0.406
[s1] step=48200 stages=['ALIGN', 'CLOSE', 'IDLE', 'CLOSE', 'IDLE', 'FAIL', 'IDLE', 'DONE'] picks=26 places=20 hand0=[0.208, 0.0, 0.425] cup_xy0=[0.581, 0.149]
[close] e1 t=184 hand_z=0.207 dxy=0.036 stall=0.406
[close] e3 t=214 hand_z=0.189 dxy=0.058 stall=0.801
[s1] step=48300 stages=['ALIGN', 'FAIL', 'FAIL', 'CLOSE', 'IDLE', 'IDLE', 'IDLE', 'ALIGN'] picks=26 places=20 hand0=[0.516, 0.0, 0.723] cup_xy0=[0.581, 0.149]
[s1] step=48400 stages=['FAIL', 'IDLE', 'IDLE', 'IDLE', 'FAIL', 'IDLE', 'IDLE', 'DESCEND'] picks=26 places=20 hand0=[0.0, 0.035, -0.502] cup_xy0=[0.581, 0.149]
[s1] close-entry e7: hand=[0.471, -0.053, 0.184] cup_gt=[0.468, -0.061]
[close] e7 t=4 hand_z=0.183 dxy=0.006 stall=0.586
[close] e7 t=64 hand_z=0.167 dxy=0.010 stall=0.495
[s1] step=48500 stages=['IDLE', 'DESCEND', 'IDLE', 'DESCEND', 'IDLE', 'IDLE', 'FAIL', 'CLOSE'] picks=26 places=20 hand0=[-0.263, 0.0, -0.194] cup_xy0=[0.581, 0.149]
[close] e7 t=124 hand_z=0.161 dxy=0.012 stall=0.496
[s1] close-entry e1: hand=[0.503, 0.012, 0.188] cup_gt=[0.547, 0.001]
[s1] close-entry e3: hand=[0.529, 0.028, 0.19] cup_gt=[0.515, 0.03]
[close] e1 t=60 hand_z=0.193 dxy=0.113 stall=0.385
[s1] step=48600 stages=['IDLE', 'CLOSE', 'IDLE', 'CLOSE', 'IDLE', 'IDLE', 'IDLE', 'CLOSE'] picks=26 places=20 hand0=[0.0, 0.053, 0.514] cup_xy0=[0.581, 0.149]
[close] e1 t=120 hand_z=0.193 dxy=0.114 stall=0.385
[s1] step=48700 stages=['IDLE', 'CLOSE', 'IDLE', 'CLOSE', 'IDLE', 'IDLE', 'IDLE', 'FAIL'] picks=26 places=20 hand0=[-0.286, 0.0, 0.702] cup_xy0=[0.581, 0.149]
[close] e1 t=180 hand_z=0.193 dxy=0.114 stall=0.385
[close] e1 t=240 hand_z=0.193 dxy=0.114 stall=0.385
[s1] grasp-geom e3: hand-cup_xy=0.033 cup_gt=[0.446, 0.111, 0.02] vision_xy=[0.527, 0.033]
[s1] GRASP (drive stall) envs [3] stall=[0.476]
[lift] e3 t=6 cup_z=0.021 hand_z=0.160 stall=0.496
[s1] step=48800 stages=['FAIL', 'FAIL', 'IDLE', 'LIFT', 'IDLE', 'IDLE', 'IDLE', 'IDLE'] picks=26 places=20 hand0=[0.334, -0.0, -0.158] cup_xy0=[0.581, 0.149]
[lift] e3 t=26 cup_z=0.060 hand_z=0.198 stall=0.497
[s1] LIFTED envs [3] (physical, friction-held)
[s1] step=48900 stages=['IDLE', 'ALIGN', 'IDLE', 'CARRY', 'IDLE', 'FAIL', 'IDLE', 'DESCEND'] picks=27 places=20 hand0=[0.0, -0.094, 0.391] cup_xy0=[0.581, 0.149]
[s1] acquire e0: vision=[0.624, -0.052] gt=[0.62, -0.052]
[s1] close-entry e7: hand=[0.515, -0.08, 0.189] cup_gt=[0.524, -0.119]
[s1] close-entry e1: hand=[0.554, 0.02, 0.19] cup_gt=[0.548, 0.016]
[s1] step=49000 stages=['ALIGN', 'CLOSE', 'FAIL', 'RELEASE', 'IDLE', 'IDLE', 'IDLE', 'CLOSE'] picks=27 places=20 hand0=[0.0, 0.168, 0.752] cup_xy0=[0.624, -0.052]
[close] e1 t=25 hand_z=0.163 dxy=0.016 stall=0.353
[s1] PLACED envs [3] (full physical pick-move-place)
[rec] episode 21/60 saved (len=309, env=3)
[close] e1 t=85 hand_z=0.160 dxy=0.016 stall=0.402
[s1] step=49100 stages=['ALIGN', 'CLOSE', 'IDLE', 'DONE', 'FAIL', 'IDLE', 'IDLE', 'CLOSE'] picks=27 places=21 hand0=[-0.285, -0.1, 0.871] cup_xy0=[0.624, -0.052]
[close] e1 t=145 hand_z=0.160 dxy=0.016 stall=0.401
[close] e1 t=205 hand_z=0.160 dxy=0.016 stall=0.401
[s1] step=49200 stages=['ALIGN', 'CLOSE', 'IDLE', 'ALIGN', 'IDLE', 'IDLE', 'FAIL', 'CLOSE'] picks=27 places=21 hand0=[0.27, 0.056, 1.027] cup_xy0=[0.624, -0.052]
[s1] step=49300 stages=['ALIGN', 'IDLE', 'IDLE', 'DESCEND', 'IDLE', 'FAIL', 'IDLE', 'IDLE'] picks=27 places=21 hand0=[-0.285, 0.0, 0.373] cup_xy0=[0.624, -0.052]
[s1] close-entry e3: hand=[0.48, 0.013, 0.19] cup_gt=[0.52, 0.003]
[close] e3 t=51 hand_z=0.163 dxy=0.077 stall=0.799
[s1] step=49400 stages=['IDLE', 'ALIGN', 'FAIL', 'CLOSE', 'IDLE', 'IDLE', 'IDLE', 'DESCEND'] picks=27 places=21 hand0=[0.138, -0.0, -0.243] cup_xy0=[0.624, -0.052]
[s1] close-entry e7: hand=[0.568, 0.022, 0.192] cup_gt=[0.565, 0.036]
[close] e3 t=111 hand_z=0.163 dxy=0.077 stall=0.799
[s1] close-entry e1: hand=[0.567, -0.063, 0.192] cup_gt=[0.593, 0.003]
[close] e1 t=31 hand_z=0.226 dxy=0.005 stall=0.391
[s1] step=49500 stages=['IDLE', 'CLOSE', 'IDLE', 'CLOSE', 'IDLE', 'IDLE', 'IDLE', 'CLOSE'] picks=27 places=21 hand0=[0.007, 0.324, -0.323] cup_xy0=[0.624, -0.052]
[close] e1 t=91 hand_z=0.230 dxy=0.007 stall=0.402
[s1] step=49600 stages=['IDLE', 'CLOSE', 'IDLE', 'FAIL', 'IDLE', 'IDLE', 'IDLE', 'CLOSE'] picks=27 places=21 hand0=[-0.0, -0.413, 0.366] cup_xy0=[0.624, -0.052]
[close] e1 t=151 hand_z=0.230 dxy=0.007 stall=0.402
[close] e1 t=211 hand_z=0.230 dxy=0.007 stall=0.402
[s1] step=49700 stages=['FAIL', 'CLOSE', 'IDLE', 'IDLE', 'IDLE', 'IDLE', 'IDLE', 'FAIL'] picks=27 places=21 hand0=[0.404, 0.119, 0.612] cup_xy0=[0.624, -0.052]
[s1] step=49800 stages=['IDLE', 'IDLE', 'IDLE', 'IDLE', 'FAIL', 'IDLE', 'IDLE', 'ALIGN'] picks=27 places=21 hand0=[-0.186, -0.133, 0.232] cup_xy0=[0.624, -0.052]
[s1] close-entry e7: hand=[0.273, -0.201, 0.192] cup_gt=[0.268, -0.23]
[s1] step=49900 stages=['IDLE', 'DESCEND', 'IDLE', 'IDLE', 'IDLE', 'IDLE', 'FAIL', 'CLOSE'] picks=27 places=21 hand0=[0.0, 0.582, -0.118] cup_xy0=[0.624, -0.052]
[close] e7 t=22 hand_z=0.183 dxy=0.016 stall=0.341
[s1] close-entry e1: hand=[0.545, -0.057, 0.191] cup_gt=[0.505, -0.122]
[close] e1 t=9 hand_z=0.181 dxy=0.088 stall=0.269
[s1] step=50000 stages=['IDLE', 'CLOSE', 'IDLE', 'ALIGN', 'IDLE', 'FAIL', 'IDLE', 'CLOSE'] picks=27 places=21 hand0=[-0.113, -0.2, 0.789] cup_xy0=[0.624, -0.052]
[close] e1 t=69 hand_z=0.172 dxy=0.111 stall=0.381
[close] e1 t=129 hand_z=0.172 dxy=0.113 stall=0.381
[s1] step=50100 stages=['IDLE', 'CLOSE', 'FAIL', 'DESCEND', 'IDLE', 'IDLE', 'IDLE', 'CLOSE'] picks=27 places=21 hand0=[-0.05, -0.427, 0.406] cup_xy0=[0.624, -0.052]
[s1] close-entry e3: hand=[0.455, 0.066, 0.189] cup_gt=[0.497, 0.079]
[close] e1 t=189 hand_z=0.172 dxy=0.113 stall=0.381
[s1] step=50200 stages=['IDLE', 'CLOSE', 'IDLE', 'CLOSE', 'FAIL', 'IDLE', 'IDLE', 'FAIL'] picks=27 places=21 hand0=[0.42, -0.05, 0.852] cup_xy0=[0.624, -0.052]
[close] e3 t=92 hand_z=0.215 dxy=0.067 stall=0.797
[close] e3 t=152 hand_z=0.215 dxy=0.068 stall=0.796
[s1] step=50300 stages=['IDLE', 'IDLE', 'IDLE', 'CLOSE', 'IDLE', 'IDLE', 'FAIL', 'ALIGN'] picks=27 places=21 hand0=[0.322, -0.052, 0.564] cup_xy0=[0.624, -0.052]
[close] e3 t=212 hand_z=0.215 dxy=0.068 stall=0.796
[s1] step=50400 stages=['IDLE', 'ALIGN', 'IDLE', 'FAIL', 'IDLE', 'FAIL', 'IDLE', 'DESCEND'] picks=27 places=21 hand0=[0.145, -0.004, 0.147] cup_xy0=[0.624, -0.052]
[s1] close-entry e1: hand=[0.545, -0.021, 0.189] cup_gt=[0.577, -0.069]
[s1] step=50500 stages=['IDLE', 'CLOSE', 'IDLE', 'ALIGN', 'IDLE', 'IDLE', 'IDLE', 'DESCEND'] picks=27 places=21 hand0=[0.108, -0.053, -0.173] cup_xy0=[0.624, -0.052]
[close] e1 t=53 hand_z=0.199 dxy=0.039 stall=0.410
[close] e1 t=113 hand_z=0.199 dxy=0.042 stall=0.410
[s1] close-entry e7: hand=[0.502, 0.084, 0.184] cup_gt=[0.507, 0.071]
[s1] step=50600 stages=['IDLE', 'CLOSE', 'IDLE', 'DESCEND', 'IDLE', 'IDLE', 'IDLE', 'CLOSE'] picks=27 places=21 hand0=[0.347, -0.034, 0.954] cup_xy0=[0.624, -0.052]
[close] e1 t=173 hand_z=0.199 dxy=0.042 stall=0.410
[s1] close-entry e3: hand=[0.49, 0.035, 0.183] cup_gt=[0.587, -0.004]
[close] e1 t=233 hand_z=0.199 dxy=0.042 stall=0.410
[s1] step=50700 stages=['IDLE', 'CLOSE', 'IDLE', 'CLOSE', 'IDLE', 'IDLE', 'IDLE', 'CLOSE'] picks=27 places=21 hand0=[0.044, -0.104, 0.895] cup_xy0=[0.624, -0.052]
[close] e3 t=113 hand_z=0.214 dxy=0.071 stall=0.799
[s1] step=50800 stages=['FAIL', 'IDLE', 'FAIL', 'CLOSE', 'IDLE', 'IDLE', 'IDLE', 'CLOSE'] picks=27 places=21 hand0=[0.0, -0.346, 0.199] cup_xy0=[0.624, -0.052]
[close] e3 t=173 hand_z=0.215 dxy=0.071 stall=0.799
[close] e3 t=233 hand_z=0.215 dxy=0.071 stall=0.799
[s1] step=50900 stages=['IDLE', 'DESCEND', 'IDLE', 'FAIL', 'FAIL', 'IDLE', 'IDLE', 'IDLE'] picks=27 places=21 hand0=[-0.318, 0.053, -0.299] cup_xy0=[0.624, -0.052]
[s1] close-entry e1: hand=[0.534, -0.022, 0.184] cup_gt=[0.529, -0.03]
[close] e1 t=22 hand_z=0.172 dxy=0.018 stall=0.261
[close] e1 t=82 hand_z=0.172 dxy=0.015 stall=0.364
[s1] step=51000 stages=['IDLE', 'CLOSE', 'IDLE', 'IDLE', 'IDLE', 'IDLE', 'FAIL', 'DESCEND'] picks=27 places=21 hand0=[0.44, -0.033, 0.054] cup_xy0=[0.624, -0.052]
[s1] close-entry e7: hand=[0.554, -0.079, 0.187] cup_gt=[0.566, -0.066]
[close] e1 t=142 hand_z=0.172 dxy=0.015 stall=0.364
[s1] close-entry e3: hand=[0.471, -0.03, 0.19] cup_gt=[0.479, -0.03]
[s1] step=51100 stages=['IDLE', 'CLOSE', 'IDLE', 'CLOSE', 'IDLE', 'FAIL', 'IDLE', 'CLOSE'] picks=27 places=21 hand0=[0.086, -0.091, 1.009] cup_xy0=[0.624, -0.052]
[close] e1 t=202 hand_z=0.172 dxy=0.015 stall=0.364
[close] e3 t=109 hand_z=0.198 dxy=0.055 stall=0.798
[s1] step=51200 stages=['IDLE', 'FAIL', 'FAIL', 'CLOSE', 'IDLE', 'IDLE', 'IDLE', 'CLOSE'] picks=27 places=21 hand0=[-0.083, -0.379, 0.999] cup_xy0=[0.624, -0.052]
[close] e3 t=169 hand_z=0.198 dxy=0.057 stall=0.798
[close] e3 t=229 hand_z=0.198 dxy=0.058 stall=0.798
[s1] step=51300 stages=['IDLE', 'ALIGN', 'IDLE', 'CLOSE', 'FAIL', 'IDLE', 'IDLE', 'FAIL'] picks=27 places=21 hand0=[0.052, 0.011, 0.253] cup_xy0=[0.624, -0.052]
[s1] step=51400 stages=['IDLE', 'DESCEND', 'IDLE', 'IDLE', 'IDLE', 'IDLE', 'IDLE', 'ALIGN'] picks=27 places=21 hand0=[-0.17, 0.091, -0.144] cup_xy0=[0.624, -0.052]
[s1] close-entry e1: hand=[0.461, 0.008, 0.182] cup_gt=[0.436, 0.012]
[close] e1 t=9 hand_z=0.196 dxy=0.055 stall=0.258
[s1] step=51500 stages=['FAIL', 'CLOSE', 'IDLE', 'DESCEND', 'IDLE', 'IDLE', 'IDLE', 'DESCEND'] picks=27 places=21 hand0=[-0.213, -0.103, 0.352] cup_xy0=[0.624, -0.052]
[s1] close-entry e3: hand=[0.569, 0.072, 0.185] cup_gt=[0.569, 0.053]
[close] e1 t=69 hand_z=0.206 dxy=0.122 stall=0.433
[s1] close-entry e7: hand=[0.545, 0.005, 0.185] cup_gt=[0.578, 0.031]
[close] e1 t=129 hand_z=0.206 dxy=0.132 stall=0.433
[s1] step=51600 stages=['IDLE', 'CLOSE', 'IDLE', 'CLOSE', 'IDLE', 'IDLE', 'IDLE', 'CLOSE'] picks=27 places=21 hand0=[0.0, 0.176, -0.445] cup_xy0=[0.624, -0.052]
[close] e1 t=189 hand_z=0.206 dxy=0.134 stall=0.433
[s1] step=51700 stages=['IDLE', 'CLOSE', 'IDLE', 'CLOSE', 'IDLE', 'IDLE', 'FAIL', 'CLOSE'] picks=27 places=21 hand0=[0.008, -0.199, 0.021] cup_xy0=[0.624, -0.052]
[close] e3 t=187 hand_z=0.166 dxy=0.042 stall=0.800
[close] e7 t=189 hand_z=0.179 dxy=0.059 stall=0.407
[s1] step=51800 stages=['IDLE', 'IDLE', 'IDLE', 'FAIL', 'IDLE', 'FAIL', 'IDLE', 'CLOSE'] picks=27 places=21 hand0=[0.482, 0.033, 0.359] cup_xy0=[0.624, -0.052]
[s1] close-entry e1: hand=[0.455, 0.008, 0.191] cup_gt=[0.474, -0.01]
[close] e1 t=19 hand_z=0.186 dxy=0.030 stall=0.229
[s1] step=51900 stages=['FAIL', 'CLOSE', 'FAIL', 'ALIGN', 'IDLE', 'IDLE', 'IDLE', 'IDLE'] picks=27 places=21 hand0=[0.136, 0.46, 0.027] cup_xy0=[0.624, -0.052]
[close] e1 t=79 hand_z=0.171 dxy=0.064 stall=0.414
[s1] close-entry e3: hand=[0.461, 0.062, 0.185] cup_gt=[0.456, 0.05]
[s1] step=52000 stages=['IDLE', 'CLOSE', 'IDLE', 'CLOSE', 'FAIL', 'IDLE', 'IDLE', 'ALIGN'] picks=27 places=21 hand0=[-0.12, -0.229, -0.089] cup_xy0=[0.624, -0.052]
[close] e1 t=139 hand_z=0.171 dxy=0.064 stall=0.414
[s1] close-entry e7: hand=[0.56, -0.058, 0.183] cup_gt=[0.518, -0.063]
[close] e1 t=199 hand_z=0.171 dxy=0.064 stall=0.414
[s1] step=52100 stages=['IDLE', 'CLOSE', 'IDLE', 'CLOSE', 'IDLE', 'IDLE', 'FAIL', 'CLOSE'] picks=27 places=21 hand0=[-0.061, 0.183, -0.37] cup_xy0=[0.624, -0.052]
[close] e3 t=164 hand_z=0.162 dxy=0.028 stall=0.755
[close] e3 t=224 hand_z=0.162 dxy=0.029 stall=0.761
[s1] step=52200 stages=['IDLE', 'IDLE', 'IDLE', 'CLOSE', 'IDLE', 'FAIL', 'IDLE', 'CLOSE'] picks=27 places=21 hand0=[-0.333, 0.069, 0.184] cup_xy0=[0.624, -0.052]
[close] e7 t=186 hand_z=0.229 dxy=0.058 stall=0.419
[s1] step=52300 stages=['IDLE', 'DESCEND', 'FAIL', 'IDLE', 'IDLE', 'IDLE', 'IDLE', 'CLOSE'] picks=27 places=21 hand0=[-0.249, 0.034, 0.865] cup_xy0=[0.624, -0.052]
[s1] close-entry e1: hand=[0.566, 0.051, 0.19] cup_gt=[0.561, 0.042]
[close] e1 t=9 hand_z=0.176 dxy=0.015 stall=0.254
[close] e1 t=69 hand_z=0.158 dxy=0.025 stall=0.359
[s1] step=52400 stages=['IDLE', 'CLOSE', 'IDLE', 'ALIGN', 'IDLE', 'IDLE', 'IDLE', 'IDLE'] picks=27 places=21 hand0=[-0.021, 0.255, -0.184] cup_xy0=[0.624, -0.052]
[close] e1 t=129 hand_z=0.158 dxy=0.027 stall=0.357
[close] e1 t=189 hand_z=0.158 dxy=0.027 stall=0.358
[s1] step=52500 stages=['IDLE', 'CLOSE', 'IDLE', 'DESCEND', 'IDLE', 'IDLE', 'IDLE', 'DESCEND'] picks=27 places=21 hand0=[0.065, 0.338, 0.58] cup_xy0=[0.624, -0.052]
[s1] close-entry e3: hand=[0.431, 0.056, 0.191] cup_gt=[0.469, 0.055]
[s1] close-entry e7: hand=[0.517, -0.074, 0.184] cup_gt=[0.548, -0.032]
[close] e3 t=7 hand_z=0.186 dxy=0.043 stall=0.549
[s1] step=52600 stages=['FAIL', 'FAIL', 'IDLE', 'CLOSE', 'IDLE', 'IDLE', 'IDLE', 'CLOSE'] picks=27 places=21 hand0=[-0.045, 0.172, 0.415] cup_xy0=[0.624, -0.052]
[close] e3 t=67 hand_z=0.181 dxy=0.064 stall=0.799
[close] e3 t=127 hand_z=0.181 dxy=0.065 stall=0.799
[s1] step=52700 stages=['IDLE', 'ALIGN', 'IDLE', 'CLOSE', 'FAIL', 'IDLE', 'IDLE', 'CLOSE'] picks=27 places=21 hand0=[-0.046, -0.114, 1.098] cup_xy0=[0.624, -0.052]
[close] e3 t=187 hand_z=0.181 dxy=0.065 stall=0.799
[s1] step=52800 stages=['IDLE', 'DESCEND', 'IDLE', 'FAIL', 'IDLE', 'IDLE', 'FAIL', 'FAIL'] picks=27 places=21 hand0=[-0.057, 0.111, 0.842] cup_xy0=[0.624, -0.052]
[s1] close-entry e1: hand=[0.517, -0.012, 0.192] cup_gt=[0.518, -0.054]
[close] e1 t=46 hand_z=0.188 dxy=0.009 stall=0.377
[s1] step=52900 stages=['IDLE', 'CLOSE', 'IDLE', 'IDLE', 'IDLE', 'FAIL', 'IDLE', 'ALIGN'] picks=27 places=21 hand0=[0.138, -0.001, 0.901] cup_xy0=[0.624, -0.052]
[close] e1 t=106 hand_z=0.189 dxy=0.009 stall=0.377
[close] e1 t=166 hand_z=0.189 dxy=0.009 stall=0.377
[s1] close-entry e3: hand=[0.476, 0.063, 0.19] cup_gt=[0.477, 0.039]
[s1] step=53000 stages=['IDLE', 'CLOSE', 'FAIL', 'CLOSE', 'IDLE', 'IDLE', 'IDLE', 'DESCEND'] picks=27 places=21 hand0=[-0.131, 0.463, 0.527] cup_xy0=[0.624, -0.052]
[close] e1 t=226 hand_z=0.189 dxy=0.009 stall=0.377
[s1] close-entry e7: hand=[0.474, -0.038, 0.191] cup_gt=[0.471, -0.053]
[close] e3 t=104 hand_z=0.195 dxy=0.007 stall=0.495
[s1] step=53100 stages=['IDLE', 'FAIL', 'IDLE', 'CLOSE', 'FAIL', 'IDLE', 'IDLE', 'CLOSE'] picks=27 places=21 hand0=[0.212, -0.039, 0.942] cup_xy0=[0.624, -0.052]
[close] e3 t=164 hand_z=0.195 dxy=0.007 stall=0.495
[s1] step=53200 stages=['IDLE', 'DESCEND', 'IDLE', 'CLOSE', 'IDLE', 'IDLE', 'FAIL', 'CLOSE'] picks=27 places=21 hand0=[-0.172, 0.017, 0.708] cup_xy0=[0.624, -0.052]
[close] e3 t=224 hand_z=0.195 dxy=0.007 stall=0.495
[s1] grasp-geom e3: hand-cup_xy=0.007 cup_gt=[0.482, -0.025, 0.026] vision_xy=[0.475, 0.056]
[s1] GRASP (drive stall) envs [3] stall=[0.495]
[lift] e3 t=3 cup_z=0.025 hand_z=0.195 stall=0.492
[lift] e3 t=23 cup_z=0.020 hand_z=0.189 stall=0.503
[s1] close-entry e1: hand=[0.524, -0.005, 0.191] cup_gt=[0.509, -0.016]
[close] e1 t=7 hand_z=0.179 dxy=0.013 stall=0.257
[lift] e3 t=43 cup_z=0.056 hand_z=0.226 stall=0.503
[s1] LIFTED envs [3] (physical, friction-held)
[s1] step=53300 stages=['FAIL', 'CLOSE', 'IDLE', 'CARRY', 'IDLE', 'IDLE', 'IDLE', 'FAIL'] picks=28 places=21 hand0=[0.211, 0.061, 0.966] cup_xy0=[0.624, -0.052]
[close] e1 t=67 hand_z=0.168 dxy=0.014 stall=0.351
[close] e1 t=127 hand_z=0.168 dxy=0.014 stall=0.362
[s1] step=53400 stages=['IDLE', 'CLOSE', 'IDLE', 'PLACE', 'IDLE', 'IDLE', 'IDLE', 'IDLE'] picks=28 places=21 hand0=[-0.232, -0.017, 0.416] cup_xy0=[0.624, -0.052]
[close] e1 t=187 hand_z=0.168 dxy=0.014 stall=0.362
[s1] step=53500 stages=['IDLE', 'CLOSE', 'IDLE', 'RELEASE', 'IDLE', 'IDLE', 'IDLE', 'DESCEND'] picks=28 places=21 hand0=[-0.243, 0.127, -0.109] cup_xy0=[0.624, -0.052]
[s1] close-entry e7: hand=[0.478, -0.012, 0.183] cup_gt=[0.481, -0.011]
[close] e7 t=14 hand_z=0.197 dxy=0.018 stall=0.261
[s1] PLACED envs [3] (full physical pick-move-place)
[rec] episode 22/60 saved (len=312, env=3)
[close] e7 t=74 hand_z=0.201 dxy=0.021 stall=0.393
[s1] step=53600 stages=['IDLE', 'IDLE', 'IDLE', 'IDLE', 'IDLE', 'IDLE', 'IDLE', 'CLOSE'] picks=28 places=22 hand0=[-0.112, 0.312, 0.479] cup_xy0=[0.624, -0.052]
[close] e7 t=134 hand_z=0.201 dxy=0.022 stall=0.393
[close] e7 t=194 hand_z=0.201 dxy=0.022 stall=0.393
[s1] step=53700 stages=['FAIL', 'ALIGN', 'FAIL', 'DESCEND', 'IDLE', 'IDLE', 'IDLE', 'CLOSE'] picks=28 places=22 hand0=[-0.02, 0.16, 0.729] cup_xy0=[0.624, -0.052]
[s1] close-entry e3: hand=[0.388, 0.105, 0.189] cup_gt=[0.367, 0.182]
[s1] step=53800 stages=['IDLE', 'DESCEND', 'IDLE', 'CLOSE', 'FAIL', 'IDLE', 'IDLE', 'FAIL'] picks=28 places=22 hand0=[0.18, 0.046, 0.336] cup_xy0=[0.624, -0.052]
[close] e3 t=27 hand_z=0.186 dxy=0.123 stall=0.749
[s1] close-entry e1: hand=[0.48, 0.073, 0.19] cup_gt=[0.47, 0.091]
[close] e1 t=15 hand_z=0.157 dxy=0.016 stall=0.275
[s1] step=53900 stages=['IDLE', 'CLOSE', 'IDLE', 'CLOSE', 'IDLE', 'IDLE', 'FAIL', 'DESCEND'] picks=28 places=22 hand0=[0.066, 0.118, -0.181] cup_xy0=[0.624, -0.052]
[close] e1 t=75 hand_z=0.157 dxy=0.017 stall=0.327
[close] e1 t=135 hand_z=0.157 dxy=0.017 stall=0.327
[s1] step=54000 stages=['IDLE', 'CLOSE', 'IDLE', 'CLOSE', 'IDLE', 'FAIL', 'IDLE', 'DESCEND'] picks=28 places=22 hand0=[-0.143, -0.012, 0.151] cup_xy0=[0.624, -0.052]
[s1] close-entry e7: hand=[0.505, 0.051, 0.189] cup_gt=[0.533, 0.064]
[close] e1 t=195 hand_z=0.157 dxy=0.017 stall=0.327
[s1] step=54100 stages=['IDLE', 'CLOSE', 'FAIL', 'IDLE', 'IDLE', 'IDLE', 'IDLE', 'CLOSE'] picks=28 places=22 hand0=[-0.004, -0.272, 1.121] cup_xy0=[0.624, -0.052]
[close] e7 t=107 hand_z=0.159 dxy=0.055 stall=0.414
[close] e7 t=167 hand_z=0.159 dxy=0.055 stall=0.414
[s1] step=54200 stages=['IDLE', 'ALIGN', 'IDLE', 'ALIGN', 'IDLE', 'IDLE', 'IDLE', 'CLOSE'] picks=28 places=22 hand0=[-0.423, -0.054, 0.138] cup_xy0=[0.624, -0.052]
[close] e7 t=227 hand_z=0.159 dxy=0.055 stall=0.414
[s1] close-entry e3: hand=[0.437, 0.052, 0.187] cup_gt=[0.472, 0.027]
[close] e3 t=21 hand_z=0.183 dxy=0.080 stall=0.688
[s1] step=54300 stages=['IDLE', 'DESCEND', 'IDLE', 'CLOSE', 'IDLE', 'IDLE', 'IDLE', 'FAIL'] picks=28 places=22 hand0=[0.116, -0.354, 0.013] cup_xy0=[0.624, -0.052]
[s1] close-entry e1: hand=[0.503, 0.08, 0.182] cup_gt=[0.473, 0.109]
[close] e1 t=45 hand_z=0.157 dxy=0.203 stall=0.354
[s1] step=54400 stages=['FAIL', 'CLOSE', 'IDLE', 'CLOSE', 'IDLE', 'IDLE', 'IDLE', 'ALIGN'] picks=28 places=22 hand0=[0.06, 0.271, 0.843] cup_xy0=[0.624, -0.052]
[close] e1 t=105 hand_z=0.154 dxy=0.253 stall=0.193
[close] e1 t=165 hand_z=0.150 dxy=0.255 stall=0.196
[s1] close-entry e7: hand=[0.565, 0.055, 0.187] cup_gt=[0.585, 0.021]
[s1] step=54500 stages=['IDLE', 'CLOSE', 'IDLE', 'CLOSE', 'FAIL', 'IDLE', 'IDLE', 'CLOSE'] picks=28 places=22 hand0=[-0.068, -0.28, 0.38] cup_xy0=[0.624, -0.052]
[close] e1 t=225 hand_z=0.152 dxy=0.258 stall=0.205
[close] e7 t=120 hand_z=0.207 dxy=0.103 stall=0.408
[s1] step=54600 stages=['IDLE', 'FAIL', 'IDLE', 'IDLE', 'IDLE', 'IDLE', 'FAIL', 'CLOSE'] picks=28 places=22 hand0=[0.131, -0.075, -0.437] cup_xy0=[0.624, -0.052]
[close] e7 t=180 hand_z=0.207 dxy=0.103 stall=0.408
[s1] close-entry e3: hand=[0.441, -0.048, 0.191] cup_gt=[0.455, -0.062]
[s1] step=54700 stages=['IDLE', 'ALIGN', 'IDLE', 'CLOSE', 'IDLE', 'FAIL', 'IDLE', 'CLOSE'] picks=28 places=22 hand0=[-0.075, -0.474, 0.324] cup_xy0=[0.624, -0.052]
[close] e3 t=39 hand_z=0.168 dxy=0.059 stall=0.799
[close] e3 t=99 hand_z=0.167 dxy=0.077 stall=0.799
[s1] step=54800 stages=['FAIL', 'DESCEND', 'FAIL', 'CLOSE', 'IDLE', 'IDLE', 'IDLE', 'IDLE'] picks=28 places=22 hand0=[0.424, 0.138, 0.471] cup_xy0=[0.624, -0.052]
[close] e3 t=159 hand_z=0.167 dxy=0.078 stall=0.799
[close] e3 t=219 hand_z=0.167 dxy=0.079 stall=0.799
[s1] step=54900 stages=['IDLE', 'DESCEND', 'IDLE', 'CLOSE', 'FAIL', 'IDLE', 'IDLE', 'ALIGN'] picks=28 places=22 hand0=[0.102, -0.071, 1.126] cup_xy0=[0.624, -0.052]
[s1] close-entry e1: hand=[0.554, 0.027, 0.191] cup_gt=[0.518, -0.005]
[close] e1 t=23 hand_z=0.200 dxy=0.093 stall=0.352
[s1] close-entry e7: hand=[0.479, 0.02, 0.186] cup_gt=[0.498, 0.03]
[s1] step=55000 stages=['IDLE', 'CLOSE', 'IDLE', 'IDLE', 'IDLE', 'IDLE', 'FAIL', 'CLOSE'] picks=28 places=22 hand0=[-0.021, 0.251, 1.127] cup_xy0=[0.624, -0.052]
[close] e1 t=83 hand_z=0.200 dxy=0.100 stall=0.407
[close] e1 t=143 hand_z=0.200 dxy=0.099 stall=0.407
[s1] step=55100 stages=['IDLE', 'CLOSE', 'IDLE', 'DESCEND', 'IDLE', 'FAIL', 'IDLE', 'CLOSE'] picks=28 places=22 hand0=[0.134, -0.209, 0.236] cup_xy0=[0.624, -0.052]
[close] e1 t=203 hand_z=0.200 dxy=0.099 stall=0.407
[s1] close-entry e3: hand=[0.51, 0.073, 0.192] cup_gt=[0.551, 0.041]
[close] e3 t=51 hand_z=0.192 dxy=0.370 stall=0.798
[s1] step=55200 stages=['IDLE', 'FAIL', 'FAIL', 'CLOSE', 'IDLE', 'IDLE', 'IDLE', 'CLOSE'] picks=28 places=22 hand0=[-0.021, 0.588, 0.613] cup_xy0=[0.624, -0.052]
[close] e3 t=111 hand_z=0.192 dxy=0.440 stall=0.798
[s1] step=55300 stages=['IDLE', 'ALIGN', 'IDLE', 'CLOSE', 'IDLE', 'IDLE', 'IDLE', 'IDLE'] picks=28 places=22 hand0=[0.145, 0.016, -0.377] cup_xy0=[0.624, -0.052]
[close] e3 t=171 hand_z=0.192 dxy=0.449 stall=0.798
[close] e3 t=231 hand_z=0.192 dxy=0.450 stall=0.798
[s1] step=55400 stages=['IDLE', 'ALIGN', 'IDLE', 'FAIL', 'IDLE', 'IDLE', 'IDLE', 'DESCEND'] picks=28 places=22 hand0=[-0.061, 0.277, -0.315] cup_xy0=[0.624, -0.052]
[s1] close-entry e7: hand=[0.472, -0.023, 0.185] cup_gt=[0.481, -0.023]
[s1] close-entry e1: hand=[0.65, 0.225, 0.187] cup_gt=[0.708, 0.222]
[close] e1 t=38 hand_z=0.153 dxy=0.083 stall=0.149
[s1] step=55500 stages=['FAIL', 'CLOSE', 'IDLE', 'ALIGN', 'IDLE', 'IDLE', 'IDLE', 'CLOSE'] picks=28 places=22 hand0=[0.107, 0.002, -0.39] cup_xy0=[0.624, -0.052]
[close] e1 t=98 hand_z=0.155 dxy=0.086 stall=0.206
[s1] close-entry e3: hand=[0.452, 0.078, 0.185] cup_gt=[0.45, 0.077]
[s1] step=55600 stages=['IDLE', 'CLOSE', 'IDLE', 'CLOSE', 'FAIL', 'IDLE', 'IDLE', 'CLOSE'] picks=28 places=22 hand0=[0.008, 0.108, 0.155] cup_xy0=[0.624, -0.052]
[close] e1 t=158 hand_z=0.155 dxy=0.086 stall=0.206
[close] e1 t=218 hand_z=0.155 dxy=0.086 stall=0.206
[s1] step=55700 stages=['IDLE', 'CLOSE', 'IDLE', 'CLOSE', 'IDLE', 'IDLE', 'FAIL', 'FAIL'] picks=28 places=22 hand0=[-0.394, -0.105, 0.026] cup_xy0=[0.624, -0.052]
[close] e3 t=166 hand_z=0.199 dxy=0.004 stall=0.497
[close] e3 t=226 hand_z=0.199 dxy=0.004 stall=0.497
[s1] step=55800 stages=['IDLE', 'IDLE', 'IDLE', 'CLOSE', 'IDLE', 'FAIL', 'IDLE', 'ALIGN'] picks=28 places=22 hand0=[0.138, 0.149, 1.034] cup_xy0=[0.624, -0.052]
[s1] grasp-geom e3: hand-cup_xy=0.004 cup_gt=[0.454, 0.145, 0.04] vision_xy=[0.457, 0.083]
[s1] GRASP (drive stall) envs [3] stall=[0.497]
[lift] e3 t=5 cup_z=0.040 hand_z=0.199 stall=0.498
[lift] e3 t=25 cup_z=0.054 hand_z=0.212 stall=0.499
[s1] LIFTED envs [3] (physical, friction-held)
[s1] close-entry e7: hand=[0.422, 0.002, 0.187] cup_gt=[0.424, 0.005]
[s1] step=55900 stages=['IDLE', 'ALIGN', 'FAIL', 'CARRY', 'IDLE', 'IDLE', 'IDLE', 'CLOSE'] picks=29 places=22 hand0=[0.014, -0.019, 0.291] cup_xy0=[0.624, -0.052]
[close] e7 t=58 hand_z=0.211 dxy=0.045 stall=0.420
[s1] close-entry e1: hand=[0.522, -0.067, 0.19] cup_gt=[0.514, -0.066]
[close] e1 t=22 hand_z=0.160 dxy=0.010 stall=0.475
[s1] step=56000 stages=['IDLE', 'CLOSE', 'IDLE', 'RELEASE', 'FAIL', 'IDLE', 'IDLE', 'CLOSE'] picks=29 places=22 hand0=[-0.031, 0.437, 0.102] cup_xy0=[0.624, -0.052]
[close] e1 t=82 hand_z=0.160 dxy=0.012 stall=0.488
[s1] PLACED envs [3] (full physical pick-move-place)
[rec] episode 23/60 saved (len=286, env=3)
[close] e1 t=142 hand_z=0.160 dxy=0.012 stall=0.488
[s1] step=56100 stages=['IDLE', 'CLOSE', 'IDLE', 'DONE', 'IDLE', 'IDLE', 'FAIL', 'CLOSE'] picks=29 places=23 hand0=[-0.088, 0.038, -0.276] cup_xy0=[0.624, -0.052]
[close] e1 t=202 hand_z=0.160 dxy=0.012 stall=0.488
[s1] grasp-geom e1: hand-cup_xy=0.012 cup_gt=[0.503, -0.071, 0.021] vision_xy=[0.516, -0.068]
[s1] GRASP (drive stall) envs [1] stall=[0.488]
[lift] e1 t=1 cup_z=0.021 hand_z=0.160 stall=0.489
[s1] step=56200 stages=['FAIL', 'LIFT', 'IDLE', 'ALIGN', 'IDLE', 'IDLE', 'IDLE', 'ALIGN'] picks=29 places=23 hand0=[-0.012, -0.165, 1.098] cup_xy0=[0.624, -0.052]
[lift] e1 t=21 cup_z=0.038 hand_z=0.176 stall=0.498
[s1] LIFTED envs [1] (physical, friction-held)
[s1] step=56300 stages=['IDLE', 'CARRY', 'IDLE', 'DESCEND', 'IDLE', 'IDLE', 'IDLE', 'DESCEND'] picks=30 places=23 hand0=[0.114, 0.251, 0.212] cup_xy0=[0.624, -0.052]
[s1] close-entry e3: hand=[0.522, -0.036, 0.186] cup_gt=[0.521, -0.011]
[s1] close-entry e7: hand=[0.572, 0.031, 0.183] cup_gt=[0.555, 0.018]
[close] e3 t=37 hand_z=0.199 dxy=0.008 stall=0.568
[close] e3 t=97 hand_z=0.199 dxy=0.006 stall=0.582
[s1] step=56400 stages=['IDLE', 'RELEASE', 'IDLE', 'CLOSE', 'IDLE', 'IDLE', 'IDLE', 'CLOSE'] picks=30 places=23 hand0=[-0.252, 0.012, -0.368] cup_xy0=[0.624, -0.052]
[s1] PLACED envs [1] (full physical pick-move-place)
[rec] episode 24/60 saved (len=269, env=1)
[close] e3 t=157 hand_z=0.199 dxy=0.006 stall=0.582
[s1] step=56500 stages=['IDLE', 'IDLE', 'IDLE', 'CLOSE', 'IDLE', 'FAIL', 'IDLE', 'CLOSE'] picks=30 places=24 hand0=[-0.133, -0.444, -0.096] cup_xy0=[0.624, -0.052]
[close] e3 t=217 hand_z=0.199 dxy=0.006 stall=0.582
[s1] grasp-geom e3: hand-cup_xy=0.006 cup_gt=[0.518, 0.079, 0.02] vision_xy=[0.519, -0.032]
[s1] GRASP (drive stall) envs [3] stall=[0.582]
[lift] e3 t=16 cup_z=0.026 hand_z=0.205 stall=0.745
[lift] e3 t=36 cup_z=0.020 hand_z=0.221 stall=0.801
[lift] e3 t=56 cup_z=0.020 hand_z=0.288 stall=0.802
[s1] step=56600 stages=['FAIL', 'ALIGN', 'FAIL', 'LIFT', 'IDLE', 'IDLE', 'IDLE', 'FAIL'] picks=30 places=24 hand0=[-0.34, -0.128, -0.075] cup_xy0=[0.624, -0.052]
[lift] e3 t=76 cup_z=0.020 hand_z=0.339 stall=0.802
[lift] e3 t=96 cup_z=0.020 hand_z=0.356 stall=0.802
[lift] e3 t=116 cup_z=0.020 hand_z=0.351 stall=0.802
[lift] e3 t=136 cup_z=0.020 hand_z=0.349 stall=0.801
[s1] close-entry e1: hand=[0.589, -0.001, 0.191] cup_gt=[0.575, -0.014]
[close] e1 t=15 hand_z=0.161 dxy=0.042 stall=0.583
[lift] e3 t=156 cup_z=0.020 hand_z=0.348 stall=0.801
[s1] step=56700 stages=['IDLE', 'CLOSE', 'IDLE', 'LIFT', 'FAIL', 'IDLE', 'IDLE', 'ALIGN'] picks=30 places=24 hand0=[-0.001, 0.118, 0.185] cup_xy0=[0.624, -0.052]
[lift] e3 t=176 cup_z=0.020 hand_z=0.349 stall=0.801
[lift] e3 t=196 cup_z=0.020 hand_z=0.350 stall=0.801
[close] e1 t=75 hand_z=0.161 dxy=0.102 stall=0.770
[lift] e3 t=216 cup_z=0.020 hand_z=0.351 stall=0.801
[lift] e3 t=236 cup_z=0.020 hand_z=0.351 stall=0.801
[s1] close-entry e7: hand=[0.475, -0.057, 0.189] cup_gt=[0.379, -0.014]
[lift] e3 t=256 cup_z=0.020 hand_z=0.349 stall=0.801
[s1] step=56800 stages=['IDLE', 'CLOSE', 'IDLE', 'LIFT', 'IDLE', 'IDLE', 'FAIL', 'CLOSE'] picks=30 places=24 hand0=[0.038, -0.019, 0.545] cup_xy0=[0.624, -0.052]
[close] e1 t=135 hand_z=0.161 dxy=0.109 stall=0.770
[lift] e3 t=276 cup_z=0.020 hand_z=0.349 stall=0.801
[lift] e3 t=296 cup_z=0.020 hand_z=0.350 stall=0.801
[lift] e3 t=316 cup_z=0.020 hand_z=0.350 stall=0.801
[close] e1 t=195 hand_z=0.161 dxy=0.110 stall=0.770
[lift] e3 t=336 cup_z=0.020 hand_z=0.350 stall=0.801
[lift] e3 t=356 cup_z=0.020 hand_z=0.350 stall=0.801
[s1] step=56900 stages=['IDLE', 'CLOSE', 'IDLE', 'LIFT', 'IDLE', 'FAIL', 'IDLE', 'CLOSE'] picks=30 places=24 hand0=[-0.034, 0.401, 0.833] cup_xy0=[0.624, -0.052]
[lift] e3 t=376 cup_z=0.020 hand_z=0.350 stall=0.801
[close] e7 t=153 hand_z=0.209 dxy=0.238 stall=0.418
[lift] e3 t=396 cup_z=0.020 hand_z=0.350 stall=0.801
[close] e7 t=213 hand_z=0.209 dxy=0.238 stall=0.418
[s1] step=57000 stages=['IDLE', 'IDLE', 'FAIL', 'FAIL', 'IDLE', 'IDLE', 'IDLE', 'CLOSE'] picks=30 places=24 hand0=[-0.009, -0.088, -0.209] cup_xy0=[0.624, -0.052]
[s1] step=57100 stages=['IDLE', 'DESCEND', 'IDLE', 'DESCEND', 'IDLE', 'IDLE', 'IDLE', 'IDLE'] picks=30 places=24 hand0=[-0.145, -0.037, -0.124] cup_xy0=[0.624, -0.052]
[s1] close-entry e3: hand=[0.47, -0.028, 0.183] cup_gt=[0.398, -0.052]
[close] e3 t=34 hand_z=0.202 dxy=0.094 stall=0.789
[s1] step=57200 stages=['IDLE', 'DESCEND', 'IDLE', 'CLOSE', 'IDLE', 'IDLE', 'IDLE', 'DESCEND'] picks=30 places=24 hand0=[-0.175, -0.084, 0.394] cup_xy0=[0.624, -0.052]
[s1] close-entry e1: hand=[0.459, 0.038, 0.183] cup_gt=[0.477, 0.04]
[close] e1 t=28 hand_z=0.197 dxy=0.025 stall=0.630
[close] e1 t=88 hand_z=0.199 dxy=0.027 stall=0.797
[s1] step=57300 stages=['FAIL', 'CLOSE', 'IDLE', 'CLOSE', 'IDLE', 'IDLE', 'IDLE', 'DESCEND'] picks=30 places=24 hand0=[0.044, -0.206, 0.172] cup_xy0=[0.624, -0.052]
[close] e1 t=148 hand_z=0.199 dxy=0.027 stall=0.797
[s1] close-entry e7: hand=[0.477, 0.053, 0.192] cup_gt=[0.441, 0.054]
[s1] step=57400 stages=['IDLE', 'CLOSE', 'IDLE', 'FAIL', 'FAIL', 'IDLE', 'IDLE', 'CLOSE'] picks=30 places=24 hand0=[0.097, -0.007, 0.278] cup_xy0=[0.624, -0.052]
[close] e1 t=208 hand_z=0.199 dxy=0.027 stall=0.797
[close] e7 t=109 hand_z=0.180 dxy=0.055 stall=0.414
[s1] step=57500 stages=['IDLE', 'FAIL', 'IDLE', 'ALIGN', 'ALIGN', 'IDLE', 'FAIL', 'CLOSE'] picks=30 places=24 hand0=[0.197, 0.018, -0.432] cup_xy0=[0.624, -0.052]
[close] e7 t=169 hand_z=0.180 dxy=0.055 stall=0.414
[close] e7 t=229 hand_z=0.180 dxy=0.055 stall=0.414
[s1] step=57600 stages=['IDLE', 'DESCEND', 'IDLE', 'DESCEND', 'ALIGN', 'FAIL', 'IDLE', 'CLOSE'] picks=30 places=24 hand0=[-0.266, -0.049, 0.306] cup_xy0=[0.624, -0.052]
[s1] close-entry e3: hand=[0.582, -0.005, 0.189] cup_gt=[0.639, -0.385]
[close] e3 t=38 hand_z=0.177 dxy=0.466 stall=0.798
[s1] step=57700 stages=['FAIL', 'DESCEND', 'FAIL', 'CLOSE', 'ALIGN', 'IDLE', 'IDLE', 'IDLE'] picks=30 places=24 hand0=[0.049, -0.083, 0.984] cup_xy0=[0.624, -0.052]
[close] e3 t=98 hand_z=0.175 dxy=0.477 stall=0.798
[s1] close-entry e1: hand=[0.469, -0.011, 0.191] cup_gt=[0.415, -0.049]
[close] e1 t=47 hand_z=0.171 dxy=0.046 stall=0.799
[s1] step=57800 stages=['IDLE', 'CLOSE', 'IDLE', 'CLOSE', 'ALIGN', 'IDLE', 'IDLE', 'ALIGN'] picks=30 places=24 hand0=[-0.138, 0.02, 0.951] cup_xy0=[0.624, -0.052]
[close] e1 t=107 hand_z=0.171 dxy=0.046 stall=0.799
[s1] close-entry e7: hand=[0.568, 0.073, 0.183] cup_gt=[0.529, 0.093]
[close] e1 t=167 hand_z=0.171 dxy=0.046 stall=0.799
[s1] step=57900 stages=['IDLE', 'CLOSE', 'IDLE', 'FAIL', 'FAIL', 'IDLE', 'FAIL', 'CLOSE'] picks=30 places=24 hand0=[-0.208, 0.044, -0.279] cup_xy0=[0.624, -0.052]
[close] e1 t=227 hand_z=0.171 dxy=0.046 stall=0.799
[s1] step=58000 stages=['IDLE', 'FAIL', 'IDLE', 'ALIGN', 'IDLE', 'FAIL', 'IDLE', 'CLOSE'] picks=30 places=24 hand0=[0.014, -0.285, 0.804] cup_xy0=[0.624, -0.052]
[close] e7 t=129 hand_z=0.159 dxy=0.097 stall=0.395
[close] e7 t=189 hand_z=0.159 dxy=0.097 stall=0.395
[s1] close-entry e3: hand=[0.433, 0.052, 0.184] cup_gt=[0.425, 0.051]
[s1] step=58100 stages=['IDLE', 'ALIGN', 'IDLE', 'CLOSE', 'IDLE', 'IDLE', 'IDLE', 'CLOSE'] picks=30 places=24 hand0=[0.034, 0.169, 0.422] cup_xy0=[0.624, -0.052]
[close] e3 t=41 hand_z=0.171 dxy=0.018 stall=0.475
[close] e3 t=101 hand_z=0.171 dxy=0.018 stall=0.474
[s1] step=58200 stages=['IDLE', 'DESCEND', 'IDLE', 'CLOSE', 'IDLE', 'IDLE', 'IDLE', 'IDLE'] picks=30 places=24 hand0=[0.063, 0.484, -0.282] cup_xy0=[0.624, -0.052]
[s1] close-entry e1: hand=[0.38, -0.037, 0.192] cup_gt=[0.39, -0.036]
[close] e1 t=35 hand_z=0.186 dxy=0.017 stall=0.517
[s1] step=58300 stages=['IDLE', 'CLOSE', 'IDLE', 'CLOSE', 'FAIL', 'IDLE', 'IDLE', 'DESCEND'] picks=30 places=24 hand0=[-0.151, 0.103, 0.4] cup_xy0=[0.624, -0.052]
[close] e1 t=95 hand_z=0.174 dxy=0.090 stall=0.798
[s1] grasp-geom e3: hand-cup_xy=0.018 cup_gt=[0.417, 0.028, 0.02] vision_xy=[0.433, 0.045]
[s1] GRASP (drive stall) envs [3] stall=[0.474]
[lift] e3 t=20 cup_z=0.022 hand_z=0.171 stall=0.479
[close] e1 t=155 hand_z=0.174 dxy=0.094 stall=0.798
[lift] e3 t=40 cup_z=0.052 hand_z=0.198 stall=0.480
[lift] e3 t=60 cup_z=0.096 hand_z=0.238 stall=0.480
[s1] step=58400 stages=['FAIL', 'CLOSE', 'IDLE', 'LIFT', 'IDLE', 'IDLE', 'IDLE', 'DESCEND'] picks=30 places=24 hand0=[-0.081, 0.041, 0.371] cup_xy0=[0.624, -0.052]
[s1] LIFTED envs [3] (physical, friction-held)
[close] e1 t=215 hand_z=0.174 dxy=0.094 stall=0.798
[s1] close-entry e7: hand=[0.435, 0.071, 0.192] cup_gt=[0.442, 0.064]
[close] e7 t=33 hand_z=0.187 dxy=0.005 stall=0.373
[s1] step=58500 stages=['IDLE', 'FAIL', 'IDLE', 'PLACE', 'IDLE', 'IDLE', 'IDLE', 'CLOSE'] picks=31 places=24 hand0=[0.135, -0.361, 0.35] cup_xy0=[0.624, -0.052]
[close] e7 t=93 hand_z=0.187 dxy=0.005 stall=0.373
[s1] step=58600 stages=['IDLE', 'ALIGN', 'IDLE', 'RELEASE', 'IDLE', 'IDLE', 'FAIL', 'CLOSE'] picks=31 places=24 hand0=[0.219, 0.01, 0.238] cup_xy0=[0.624, -0.052]
[s1] PLACED envs [3] (full physical pick-move-place)
[rec] episode 25/60 saved (len=311, env=3)
[close] e7 t=153 hand_z=0.187 dxy=0.005 stall=0.373
[s1] close-entry e1: hand=[0.577, -0.008, 0.184] cup_gt=[0.592, 0.034]
[close] e1 t=14 hand_z=0.162 dxy=0.056 stall=0.663
[s1] step=58700 stages=['IDLE', 'CLOSE', 'IDLE', 'IDLE', 'IDLE', 'FAIL', 'IDLE', 'CLOSE'] picks=31 places=25 hand0=[-0.03, 0.411, 0.796] cup_xy0=[0.624, -0.052]
[close] e1 t=74 hand_z=0.160 dxy=0.063 stall=0.737
[close] e1 t=134 hand_z=0.160 dxy=0.063 stall=0.739
[s1] step=58800 stages=['IDLE', 'CLOSE', 'FAIL', 'DESCEND', 'IDLE', 'IDLE', 'IDLE', 'ALIGN'] picks=31 places=25 hand0=[0.077, -0.078, 0.142] cup_xy0=[0.624, -0.052]
[close] e1 t=194 hand_z=0.160 dxy=0.064 stall=0.739
[s1] step=58900 stages=['IDLE', 'CLOSE', 'IDLE', 'DESCEND', 'IDLE', 'IDLE', 'IDLE', 'DESCEND'] picks=31 places=25 hand0=[-0.06, 0.347, 0.381] cup_xy0=[0.624, -0.052]
[s1] close-entry e3: hand=[0.519, 0.047, 0.19] cup_gt=[0.54, 0.052]
[s1] close-entry e7: hand=[0.553, 0.047, 0.184] cup_gt=[0.53, -0.001]
[close] e3 t=56 hand_z=0.119 dxy=0.074 stall=0.287
[s1] step=59000 stages=['IDLE', 'IDLE', 'IDLE', 'CLOSE', 'FAIL', 'IDLE', 'IDLE', 'CLOSE'] picks=31 places=25 hand0=[-0.018, -0.219, -0.215] cup_xy0=[0.624, -0.052]
[close] e3 t=116 hand_z=0.118 dxy=0.103 stall=-0.000
[close] e3 t=176 hand_z=0.107 dxy=0.139 stall=-0.000
[s1] step=59100 stages=['FAIL', 'DESCEND', 'IDLE', 'CLOSE', 'IDLE', 'IDLE', 'IDLE', 'CLOSE'] picks=31 places=25 hand0=[0.434, -0.01, 0.77] cup_xy0=[0.624, -0.052]
[s1] close-entry e1: hand=[0.583, 0.08, 0.183] cup_gt=[0.573, 0.066]
[close] e1 t=42 hand_z=0.157 dxy=0.015 stall=0.345
[s1] step=59200 stages=['IDLE', 'CLOSE', 'IDLE', 'FAIL', 'IDLE', 'IDLE', 'IDLE', 'CLOSE'] picks=31 places=25 hand0=[-0.299, 0.01, 1.013] cup_xy0=[0.624, -0.052]
[close] e1 t=102 hand_z=0.158 dxy=0.017 stall=0.357
[close] e1 t=162 hand_z=0.158 dxy=0.018 stall=0.359
[s1] step=59300 stages=['IDLE', 'CLOSE', 'IDLE', 'ALIGN', 'IDLE', 'IDLE', 'IDLE', 'IDLE'] picks=31 places=25 hand0=[0.24, -0.12, -0.307] cup_xy0=[0.624, -0.052]
[close] e1 t=222 hand_z=0.158 dxy=0.017 stall=0.359
[s1] close-entry e3: hand=[0.552, 0.053, 0.189] cup_gt=[0.544, 0.052]
[close] e3 t=14 hand_z=0.167 dxy=0.018 stall=0.222
[s1] step=59400 stages=['IDLE', 'FAIL', 'IDLE', 'CLOSE', 'IDLE', 'FAIL', 'IDLE', 'DESCEND'] picks=31 places=25 hand0=[0.002, -0.388, 0.257] cup_xy0=[0.624, -0.052]
[close] e3 t=74 hand_z=0.158 dxy=0.003 stall=0.383
[s1] close-entry e7: hand=[0.433, -0.076, 0.19] cup_gt=[0.436, -0.068]
[s1] step=59500 stages=['FAIL', 'DESCEND', 'FAIL', 'CLOSE', 'IDLE', 'IDLE', 'IDLE', 'CLOSE'] picks=31 places=25 hand0=[0.065, -0.032, 0.393] cup_xy0=[0.624, -0.052]
[close] e3 t=134 hand_z=0.158 dxy=0.003 stall=0.386
[s1] close-entry e1: hand=[0.454, 0.011, 0.183] cup_gt=[0.482, 0.003]
[close] e1 t=49 hand_z=0.203 dxy=0.042 stall=0.408
[s1] step=59600 stages=['IDLE', 'CLOSE', 'IDLE', 'CLOSE', 'IDLE', 'IDLE', 'IDLE', 'CLOSE'] picks=31 places=25 hand0=[0.013, 0.29, 0.355] cup_xy0=[0.624, -0.052]
[close] e1 t=109 hand_z=0.203 dxy=0.043 stall=0.405
[close] e1 t=169 hand_z=0.203 dxy=0.043 stall=0.405
[s1] step=59700 stages=['IDLE', 'CLOSE', 'IDLE', 'IDLE', 'FAIL', 'IDLE', 'FAIL', 'CLOSE'] picks=31 places=25 hand0=[0.372, 0.046, 0.434] cup_xy0=[0.624, -0.052]
[close] e1 t=229 hand_z=0.203 dxy=0.043 stall=0.405
[s1] step=59800 stages=['IDLE', 'FAIL', 'IDLE', 'ALIGN', 'IDLE', 'FAIL', 'IDLE', 'IDLE'] picks=31 places=25 hand0=[0.134, -0.038, 0.372] cup_xy0=[0.624, -0.052]
[s1] close-entry e3: hand=[0.561, -0.025, 0.183] cup_gt=[0.565, -0.017]
[close] e3 t=1 hand_z=0.183 dxy=0.008 stall=0.227
[s1] step=59900 stages=['IDLE', 'ALIGN', 'FAIL', 'CLOSE', 'IDLE', 'IDLE', 'IDLE', 'DESCEND'] picks=31 places=25 hand0=[-0.008, -0.015, -0.222] cup_xy0=[0.624, -0.052]
[close] e3 t=61 hand_z=0.207 dxy=0.016 stall=0.407
[s1] close-entry e7: hand=[0.476, 0.01, 0.186] cup_gt=[0.507, -0.019]
[close] e3 t=121 hand_z=0.207 dxy=0.016 stall=0.407
[s1] step=60000 stages=['IDLE', 'DESCEND', 'IDLE', 'CLOSE', 'IDLE', 'IDLE', 'IDLE', 'CLOSE'] picks=31 places=25 hand0=[-0.099, 0.02, 0.218] cup_xy0=[0.624, -0.052]
[s1] close-entry e1: hand=[0.565, 0.07, 0.191] cup_gt=[0.559, 0.07]
[close] e1 t=54 hand_z=0.159 dxy=0.013 stall=0.416
[s1] step=60100 stages=['IDLE', 'CLOSE', 'IDLE', 'CLOSE', 'FAIL', 'IDLE', 'IDLE', 'CLOSE'] picks=31 places=25 hand0=[0.032, 0.092, -0.175] cup_xy0=[0.624, -0.052]
[close] e1 t=114 hand_z=0.159 dxy=0.013 stall=0.415
[close] e1 t=174 hand_z=0.159 dxy=0.013 stall=0.414
[s1] step=60200 stages=['FAIL', 'CLOSE', 'IDLE', 'IDLE', 'IDLE', 'IDLE', 'IDLE', 'FAIL'] picks=31 places=25 hand0=[0.143, -0.048, 0.43] cup_xy0=[0.624, -0.052]
[close] e1 t=234 hand_z=0.159 dxy=0.013 stall=0.414
[s1] step=60300 stages=['IDLE', 'FAIL', 'IDLE', 'DESCEND', 'IDLE', 'IDLE', 'IDLE', 'ALIGN'] picks=31 places=25 hand0=[0.136, -0.047, -0.501] cup_xy0=[0.624, -0.052]
[s1] close-entry e3: hand=[0.441, 0.055, 0.191] cup_gt=[0.44, 0.04]
[s1] close-entry e7: hand=[0.535, -0.018, 0.186] cup_gt=[0.529, -0.028]
[s1] step=60400 stages=['IDLE', 'DESCEND', 'IDLE', 'CLOSE', 'IDLE', 'IDLE', 'FAIL', 'CLOSE'] picks=31 places=25 hand0=[0.21, -0.077, -0.002] cup_xy0=[0.624, -0.052]
[close] e3 t=60 hand_z=0.174 dxy=0.030 stall=0.412
[close] e3 t=120 hand_z=0.174 dxy=0.030 stall=0.412
[s1] close-entry e1: hand=[0.437, -0.019, 0.191] cup_gt=[0.436, -0.024]
[s1] step=60500 stages=['IDLE', 'CLOSE', 'IDLE', 'CLOSE', 'IDLE', 'FAIL', 'IDLE', 'CLOSE'] picks=31 places=25 hand0=[-0.127, 0.439, 0.663] cup_xy0=[0.624, -0.052]
[close] e1 t=56 hand_z=0.161 dxy=0.026 stall=0.406
[close] e1 t=116 hand_z=0.161 dxy=0.026 stall=0.406
[s1] step=60600 stages=['IDLE', 'CLOSE', 'FAIL', 'CLOSE', 'IDLE', 'IDLE', 'IDLE', 'CLOSE'] picks=31 places=25 hand0=[0.004, -0.158, -0.244] cup_xy0=[0.624, -0.052]
[close] e1 t=176 hand_z=0.161 dxy=0.026 stall=0.406
[s1] step=60700 stages=['IDLE', 'CLOSE', 'IDLE', 'IDLE', 'IDLE', 'IDLE', 'IDLE', 'IDLE'] picks=31 places=25 hand0=[-0.597, 0.019, 0.532] cup_xy0=[0.624, -0.052]
[close] e1 t=236 hand_z=0.161 dxy=0.026 stall=0.406
[s1] step=60800 stages=['IDLE', 'IDLE', 'IDLE', 'DESCEND', 'FAIL', 'IDLE', 'FAIL', 'ALIGN'] picks=31 places=25 hand0=[-0.162, -0.016, 0.392] cup_xy0=[0.624, -0.052]
[s1] close-entry e7: hand=[0.581, -0.06, 0.184] cup_gt=[0.573, -0.068]
[s1] close-entry e3: hand=[0.465, 0.078, 0.187] cup_gt=[0.468, 0.062]
[close] e3 t=1 hand_z=0.187 dxy=0.016 stall=0.239
[s1] step=60900 stages=['FAIL', 'ALIGN', 'IDLE', 'CLOSE', 'IDLE', 'FAIL', 'IDLE', 'CLOSE'] picks=31 places=25 hand0=[0.031, 0.221, 0.153] cup_xy0=[0.624, -0.052]
[close] e3 t=61 hand_z=0.161 dxy=0.027 stall=0.384
[s1] close-entry e1: hand=[0.569, 0.011, 0.191] cup_gt=[0.581, -0.019]
[s1] step=61000 stages=['IDLE', 'CLOSE', 'IDLE', 'CLOSE', 'IDLE', 'IDLE', 'IDLE', 'CLOSE'] picks=31 places=25 hand0=[0.167, -0.003, -0.118] cup_xy0=[0.624, -0.052]
[close] e1 t=47 hand_z=0.181 dxy=0.013 stall=0.396
[close] e1 t=107 hand_z=0.180 dxy=0.015 stall=0.392
[s1] step=61100 stages=['IDLE', 'CLOSE', 'IDLE', 'CLOSE', 'IDLE', 'IDLE', 'IDLE', 'CLOSE'] picks=31 places=25 hand0=[0.008, 0.386, 0.22] cup_xy0=[0.624, -0.052]
[close] e1 t=167 hand_z=0.180 dxy=0.015 stall=0.392
[close] e1 t=227 hand_z=0.180 dxy=0.015 stall=0.392
[s1] step=61200 stages=['IDLE', 'CLOSE', 'IDLE', 'FAIL', 'FAIL', 'IDLE', 'IDLE', 'IDLE'] picks=31 places=25 hand0=[-0.102, -0.005, 0.248] cup_xy0=[0.624, -0.052]
[s1] step=61300 stages=['FAIL', 'IDLE', 'FAIL', 'ALIGN', 'IDLE', 'IDLE', 'IDLE', 'DESCEND'] picks=31 places=25 hand0=[-0.024, -0.034, 0.333] cup_xy0=[0.624, -0.052]
[s1] close-entry e7: hand=[0.531, 0.071, 0.191] cup_gt=[0.531, 0.059]
[close] e7 t=55 hand_z=0.166 dxy=0.017 stall=0.420
[s1] step=61400 stages=['IDLE', 'DESCEND', 'IDLE', 'DESCEND', 'IDLE', 'IDLE', 'IDLE', 'CLOSE'] picks=31 places=25 hand0=[0.029, 0.024, 0.385] cup_xy0=[0.624, -0.052]
[s1] close-entry e3: hand=[0.434, -0.04, 0.191] cup_gt=[0.45, -0.052]
[s1] close-entry e1: hand=[0.47, -0.053, 0.19] cup_gt=[0.462, -0.049]
[close] e1 t=4 hand_z=0.179 dxy=0.010 stall=0.287
[close] e1 t=64 hand_z=0.157 dxy=0.009 stall=0.355
[s1] step=61500 stages=['IDLE', 'CLOSE', 'IDLE', 'CLOSE', 'IDLE', 'IDLE', 'FAIL', 'CLOSE'] picks=31 places=25 hand0=[0.337, -0.01, -0.012] cup_xy0=[0.624, -0.052]
[close] e1 t=124 hand_z=0.158 dxy=0.008 stall=0.358
[s1] step=61600 stages=['IDLE', 'CLOSE', 'IDLE', 'CLOSE', 'ALIGN', 'FAIL', 'IDLE', 'FAIL'] picks=31 places=25 hand0=[0.047, -0.06, 0.24] cup_xy0=[0.624, -0.052]
[close] e1 t=184 hand_z=0.158 dxy=0.008 stall=0.357
[s1] step=61700 stages=['IDLE', 'FAIL', 'FAIL', 'FAIL', 'ALIGN', 'IDLE', 'IDLE', 'ALIGN'] picks=31 places=25 hand0=[0.404, -0.085, 0.758] cup_xy0=[0.624, -0.052]
[s1] step=61800 stages=['IDLE', 'IDLE', 'ALIGN', 'ALIGN', 'ALIGN', 'IDLE', 'IDLE', 'ALIGN'] picks=31 places=25 hand0=[-0.047, -0.074, 0.313] cup_xy0=[0.624, -0.052]
[s1] step=61900 stages=['IDLE', 'DESCEND', 'ALIGN', 'DESCEND', 'ALIGN', 'IDLE', 'IDLE', 'DESCEND'] picks=31 places=25 hand0=[-0.417, -0.123, -0.106] cup_xy0=[0.624, -0.052]
[s1] close-entry e1: hand=[0.54, 0.031, 0.184] cup_gt=[0.54, 0.016]
[s1] step=62000 stages=['FAIL', 'CLOSE', 'ALIGN', 'DESCEND', 'FAIL', 'IDLE', 'IDLE', 'DESCEND'] picks=31 places=25 hand0=[-0.333, -0.045, -0.049] cup_xy0=[0.624, -0.052]
[close] e1 t=41 hand_z=0.204 dxy=0.018 stall=0.389
[close] e1 t=101 hand_z=0.204 dxy=0.022 stall=0.389
[s1] step=62100 stages=['IDLE', 'CLOSE', 'ALIGN', 'DESCEND', 'IDLE', 'IDLE', 'IDLE', 'DESCEND'] picks=31 places=25 hand0=[-0.334, 0.004, 0.346] cup_xy0=[0.624, -0.052]
[close] e1 t=161 hand_z=0.204 dxy=0.022 stall=0.389
[s1] step=62200 stages=['IDLE', 'CLOSE', 'IDLE', 'DESCEND', 'IDLE', 'IDLE', 'FAIL', 'DESCEND'] picks=31 places=25 hand0=[-0.397, 0.066, 0.752] cup_xy0=[0.624, -0.052]
[close] e1 t=221 hand_z=0.204 dxy=0.022 stall=0.389
[s1] step=62300 stages=['IDLE', 'FAIL', 'IDLE', 'FAIL', 'IDLE', 'FAIL', 'IDLE', 'FAIL'] picks=31 places=25 hand0=[-0.549, -0.035, 0.893] cup_xy0=[0.624, -0.052]
[s1] step=62400 stages=['FAIL', 'DESCEND', 'IDLE', 'ALIGN', 'IDLE', 'IDLE', 'IDLE', 'ALIGN'] picks=31 places=25 hand0=[0.137, 0.135, 0.264] cup_xy0=[0.624, -0.052]
[s1] close-entry e1: hand=[0.448, -0.004, 0.192] cup_gt=[0.429, 0.02]
[s1] close-entry e7: hand=[0.529, 0.002, 0.191] cup_gt=[0.523, -0.003]
[close] e1 t=10 hand_z=0.189 dxy=0.032 stall=0.230
[s1] close-entry e3: hand=[0.43, -0.026, 0.192] cup_gt=[0.432, -0.02]
[s1] step=62500 stages=['IDLE', 'CLOSE', 'FAIL', 'CLOSE', 'IDLE', 'IDLE', 'IDLE', 'CLOSE'] picks=31 places=25 hand0=[-0.086, 0.341, 0.041] cup_xy0=[0.624, -0.052]
[close] e1 t=70 hand_z=0.189 dxy=0.033 stall=0.369
[close] e1 t=130 hand_z=0.189 dxy=0.033 stall=0.369
[s1] step=62600 stages=['IDLE', 'CLOSE', 'IDLE', 'CLOSE', 'IDLE', 'IDLE', 'FAIL', 'CLOSE'] picks=31 places=25 hand0=[0.259, -0.0, 0.585] cup_xy0=[0.624, -0.052]
[close] e1 t=190 hand_z=0.189 dxy=0.033 stall=0.369
[close] e3 t=228 hand_z=0.160 dxy=0.161 stall=0.428
[s1] step=62700 stages=['IDLE', 'FAIL', 'IDLE', 'CLOSE', 'FAIL', 'FAIL', 'IDLE', 'FAIL'] picks=31 places=25 hand0=[-0.286, -0.088, 1.103] cup_xy0=[0.624, -0.052]
[s1] step=62800 stages=['IDLE', 'IDLE', 'IDLE', 'IDLE', 'IDLE', 'IDLE', 'IDLE', 'ALIGN'] picks=31 places=25 hand0=[-0.19, 0.0, -0.369] cup_xy0=[0.624, -0.052]
[s1] close-entry e7: hand=[0.472, 0.007, 0.188] cup_gt=[0.471, 0.022]
[s1] step=62900 stages=['IDLE', 'DESCEND', 'FAIL', 'DESCEND', 'IDLE', 'IDLE', 'IDLE', 'CLOSE'] picks=31 places=25 hand0=[-0.35, 0.076, -0.109] cup_xy0=[0.624, -0.052]
[s1] close-entry e3: hand=[0.526, 0.032, 0.191] cup_gt=[0.526, 0.03]
[close] e3 t=20 hand_z=0.157 dxy=0.011 stall=0.283
[s1] close-entry e1: hand=[0.494, 0.024, 0.188] cup_gt=[0.518, 0.063]
[close] e1 t=35 hand_z=0.218 dxy=0.121 stall=0.797
[s1] step=63000 stages=['IDLE', 'CLOSE', 'IDLE', 'CLOSE', 'IDLE', 'IDLE', 'IDLE', 'CLOSE'] picks=31 places=25 hand0=[0.006, 0.0, 0.94] cup_xy0=[0.624, -0.052]
[close] e1 t=95 hand_z=0.219 dxy=0.146 stall=0.799
[s1] step=63100 stages=['FAIL', 'CLOSE', 'IDLE', 'CLOSE', 'FAIL', 'IDLE', 'IDLE', 'CLOSE'] picks=31 places=25 hand0=[0.0, -0.192, 0.054] cup_xy0=[0.624, -0.052]
[close] e1 t=155 hand_z=0.219 dxy=0.150 stall=0.799
[close] e1 t=215 hand_z=0.219 dxy=0.150 stall=0.799
[s1] step=63200 stages=['IDLE', 'CLOSE', 'IDLE', 'FAIL', 'IDLE', 'IDLE', 'IDLE', 'FAIL'] picks=31 places=25 hand0=[0.183, 0.096, 0.41] cup_xy0=[0.624, -0.052]
[s1] step=63300 stages=['IDLE', 'IDLE', 'IDLE', 'ALIGN', 'IDLE', 'IDLE', 'FAIL', 'DESCEND'] picks=31 places=25 hand0=[-0.126, 0.243, 0.215] cup_xy0=[0.624, -0.052]
[s1] close-entry e7: hand=[0.445, 0.048, 0.191] cup_gt=[0.445, 0.051]
[s1] close-entry e3: hand=[0.467, -0.078, 0.192] cup_gt=[0.473, -0.023]
[s1] step=63400 stages=['IDLE', 'DESCEND', 'IDLE', 'CLOSE', 'IDLE', 'FAIL', 'IDLE', 'CLOSE'] picks=31 places=25 hand0=[0.028, -0.597, 0.53] cup_xy0=[0.624, -0.052]
[close] e3 t=26 hand_z=0.204 dxy=0.028 stall=0.354
[s1] close-entry e1: hand=[0.523, 0.051, 0.191] cup_gt=[0.512, 0.045]
[close] e1 t=48 hand_z=0.164 dxy=0.020 stall=0.480
[s1] step=63500 stages=['IDLE', 'CLOSE', 'IDLE', 'CLOSE', 'IDLE', 'IDLE', 'IDLE', 'CLOSE'] picks=31 places=25 hand0=[-0.431, -0.043, 0.591] cup_xy0=[0.624, -0.052]
[close] e1 t=108 hand_z=0.164 dxy=0.021 stall=0.480
[close] e1 t=168 hand_z=0.164 dxy=0.021 stall=0.480
[s1] step=63600 stages=['IDLE', 'CLOSE', 'FAIL', 'CLOSE', 'IDLE', 'IDLE', 'IDLE', 'CLOSE'] picks=31 places=25 hand0=[0.376, 0.093, 0.646] cup_xy0=[0.624, -0.052]
[close] e1 t=228 hand_z=0.164 dxy=0.021 stall=0.480
[s1] grasp-geom e1: hand-cup_xy=0.021 cup_gt=[0.488, 0.01, 0.02] vision_xy=[0.519, 0.052]
[s1] GRASP (drive stall) envs [1] stall=[0.48]
[lift] e1 t=7 cup_z=0.021 hand_z=0.165 stall=0.498
[lift] e1 t=27 cup_z=0.038 hand_z=0.179 stall=0.499
[s1] step=63700 stages=['IDLE', 'LIFT', 'IDLE', 'IDLE', 'IDLE', 'IDLE', 'FAIL', 'IDLE'] picks=31 places=25 hand0=[0.008, 0.128, 0.162] cup_xy0=[0.624, -0.052]
[s1] LIFTED envs [1] (physical, friction-held)
[s1] step=63800 stages=['FAIL', 'RELEASE', 'IDLE', 'ALIGN', 'FAIL', 'IDLE', 'IDLE', 'DESCEND'] picks=32 places=25 hand0=[-0.095, 0.074, 1.067] cup_xy0=[0.624, -0.052]
[s1] close-entry e7: hand=[0.526, 0.073, 0.185] cup_gt=[0.533, 0.037]
[s1] PLACED envs [1] (full physical pick-move-place)
[rec] episode 26/60 saved (len=277, env=1)
[s1] close-entry e3: hand=[0.57, 0.008, 0.189] cup_gt=[0.581, -0.042]
[close] e3 t=3 hand_z=0.194 dxy=0.046 stall=0.263
[s1] step=63900 stages=['IDLE', 'DONE', 'IDLE', 'CLOSE', 'IDLE', 'IDLE', 'IDLE', 'CLOSE'] picks=32 places=26 hand0=[-0.301, 0.081, 0.193] cup_xy0=[0.624, -0.052]
[close] e3 t=63 hand_z=0.208 dxy=0.009 stall=0.409
[s1] step=64000 stages=['IDLE', 'IDLE', 'IDLE', 'CLOSE', 'IDLE', 'IDLE', 'IDLE', 'CLOSE'] picks=32 places=26 hand0=[-0.027, 0.008, -0.511] cup_xy0=[0.624, -0.052]
[close] e3 t=123 hand_z=0.208 dxy=0.008 stall=0.409
[close] e3 t=183 hand_z=0.208 dxy=0.007 stall=0.409
[s1] step=64100 stages=['IDLE', 'DESCEND', 'IDLE', 'CLOSE', 'IDLE', 'FAIL', 'IDLE', 'CLOSE'] picks=32 places=26 hand0=[0.045, 0.022, 0.202] cup_xy0=[0.624, -0.052]
[s1] close-entry e1: hand=[0.572, -0.061, 0.185] cup_gt=[0.555, -0.085]
[close] e1 t=28 hand_z=0.161 dxy=0.105 stall=0.688
[close] e1 t=88 hand_z=0.162 dxy=0.177 stall=0.763
[s1] step=64200 stages=['FAIL', 'CLOSE', 'IDLE', 'IDLE', 'FAIL', 'IDLE', 'IDLE', 'ALIGN'] picks=32 places=26 hand0=[0.226, -0.033, 0.251] cup_xy0=[0.624, -0.052]
[close] e1 t=148 hand_z=0.161 dxy=0.187 stall=0.766
[s1] step=64300 stages=['IDLE', 'CLOSE', 'FAIL', 'ALIGN', 'IDLE', 'IDLE', 'IDLE', 'DESCEND'] picks=32 places=26 hand0=[0.096, -0.002, 1.039] cup_xy0=[0.624, -0.052]
[close] e1 t=208 hand_z=0.161 dxy=0.188 stall=0.766
[s1] close-entry e7: hand=[0.437, -0.036, 0.19] cup_gt=[0.433, -0.046]
[close] e7 t=30 hand_z=0.171 dxy=0.031 stall=0.370
[s1] close-entry e3: hand=[0.577, -0.037, 0.187] cup_gt=[0.578, 0.012]
[s1] step=64400 stages=['IDLE', 'FAIL', 'IDLE', 'CLOSE', 'IDLE', 'IDLE', 'FAIL', 'CLOSE'] picks=32 places=26 hand0=[0.024, 0.209, 0.137] cup_xy0=[0.624, -0.052]
[close] e3 t=51 hand_z=0.195 dxy=0.037 stall=0.390
[close] e3 t=111 hand_z=0.194 dxy=0.044 stall=0.390
[s1] step=64500 stages=['IDLE', 'ALIGN', 'IDLE', 'CLOSE', 'IDLE', 'FAIL', 'IDLE', 'CLOSE'] picks=32 places=26 hand0=[-0.04, -0.511, 0.853] cup_xy0=[0.624, -0.052]
[close] e3 t=171 hand_z=0.194 dxy=0.045 stall=0.390
[s1] close-entry e1: hand=[0.465, -0.07, 0.188] cup_gt=[0.429, -0.011]
[s1] step=64600 stages=['IDLE', 'CLOSE', 'IDLE', 'CLOSE', 'IDLE', 'IDLE', 'IDLE', 'FAIL'] picks=32 places=26 hand0=[-0.047, -0.053, -0.234] cup_xy0=[0.624, -0.052]
[close] e1 t=21 hand_z=0.178 dxy=0.035 stall=0.325
[close] e1 t=81 hand_z=0.175 dxy=0.029 stall=0.411
[s1] step=64700 stages=['IDLE', 'CLOSE', 'FAIL', 'IDLE', 'IDLE', 'IDLE', 'IDLE', 'IDLE'] picks=32 places=26 hand0=[0.065, 0.049, 1.136] cup_xy0=[0.624, -0.052]
[close] e1 t=141 hand_z=0.175 dxy=0.029 stall=0.411
[close] e1 t=201 hand_z=0.175 dxy=0.029 stall=0.411
[s1] step=64800 stages=['IDLE', 'CLOSE', 'IDLE', 'ALIGN', 'IDLE', 'IDLE', 'IDLE', 'ALIGN'] picks=32 places=26 hand0=[0.099, 0.547, 0.168] cup_xy0=[0.624, -0.052]
[s1] close-entry e3: hand=[0.554, -0.019, 0.183] cup_gt=[0.579, -0.016]
[s1] step=64900 stages=['FAIL', 'FAIL', 'IDLE', 'CLOSE', 'FAIL', 'IDLE', 'IDLE', 'DESCEND'] picks=32 places=26 hand0=[0.287, 0.019, 0.16] cup_xy0=[0.624, -0.052]
[s1] close-entry e7: hand=[0.417, -0.09, 0.19] cup_gt=[0.445, -0.065]
[close] e3 t=32 hand_z=0.223 dxy=0.075 stall=0.389
[close] e3 t=92 hand_z=0.227 dxy=0.088 stall=0.390
[s1] step=65000 stages=['IDLE', 'DESCEND', 'IDLE', 'CLOSE', 'IDLE', 'IDLE', 'IDLE', 'CLOSE'] picks=32 places=26 hand0=[-0.053, 0.154, 1.16] cup_xy0=[0.624, -0.052]
[s1] close-entry e1: hand=[0.459, 0.054, 0.192] cup_gt=[0.458, 0.056]
[close] e1 t=27 hand_z=0.159 dxy=0.022 stall=0.339
[close] e1 t=87 hand_z=0.159 dxy=0.023 stall=0.373
[s1] step=65100 stages=['IDLE', 'CLOSE', 'IDLE', 'CLOSE', 'IDLE', 'IDLE', 'FAIL', 'CLOSE'] picks=32 places=26 hand0=[-0.118, 0.062, -0.385] cup_xy0=[0.624, -0.052]
[close] e1 t=147 hand_z=0.159 dxy=0.023 stall=0.373
[s1] step=65200 stages=['IDLE', 'CLOSE', 'IDLE', 'IDLE', 'IDLE', 'FAIL', 'IDLE', 'FAIL'] picks=32 places=26 hand0=[-0.033, -0.251, -0.184] cup_xy0=[0.624, -0.052]
[close] e1 t=207 hand_z=0.159 dxy=0.023 stall=0.373
[s1] step=65300 stages=['FAIL', 'FAIL', 'IDLE', 'DESCEND', 'IDLE', 'IDLE', 'IDLE', 'ALIGN'] picks=32 places=26 hand0=[0.095, 0.424, -0.128] cup_xy0=[0.624, -0.052]
[s1] step=65400 stages=['IDLE', 'DESCEND', 'FAIL', 'DESCEND', 'IDLE', 'IDLE', 'IDLE', 'DESCEND'] picks=32 places=26 hand0=[-0.095, -0.301, -0.214] cup_xy0=[0.624, -0.052]
[s1] close-entry e3: hand=[0.447, -0.006, 0.187] cup_gt=[0.45, 0.0]
[s1] close-entry e7: hand=[0.484, -0.046, 0.186] cup_gt=[0.497, -0.063]
[close] e3 t=51 hand_z=0.171 dxy=0.012 stall=0.388
[s1] close-entry e1: hand=[0.423, 0.05, 0.192] cup_gt=[0.424, 0.041]
[s1] step=65500 stages=['IDLE', 'CLOSE', 'IDLE', 'CLOSE', 'IDLE', 'IDLE', 'FAIL', 'CLOSE'] picks=32 places=26 hand0=[-0.122, -0.141, 0.369] cup_xy0=[0.624, -0.052]
[close] e1 t=38 hand_z=0.180 dxy=0.018 stall=0.407
[close] e1 t=98 hand_z=0.179 dxy=0.019 stall=0.407
[s1] step=65600 stages=['IDLE', 'CLOSE', 'IDLE', 'CLOSE', 'FAIL', 'FAIL', 'IDLE', 'CLOSE'] picks=32 places=26 hand0=[0.425, -0.028, 0.792] cup_xy0=[0.624, -0.052]
[close] e1 t=158 hand_z=0.179 dxy=0.019 stall=0.407
[close] e1 t=218 hand_z=0.179 dxy=0.019 stall=0.407
[s1] step=65700 stages=['IDLE', 'CLOSE', 'IDLE', 'FAIL', 'IDLE', 'IDLE', 'IDLE', 'FAIL'] picks=32 places=26 hand0=[0.0, -0.418, 0.532] cup_xy0=[0.624, -0.052]
[s1] step=65800 stages=['IDLE', 'IDLE', 'FAIL', 'ALIGN', 'ALIGN', 'IDLE', 'IDLE', 'ALIGN'] picks=32 places=26 hand0=[0.108, 0.023, 0.331] cup_xy0=[0.624, -0.052]
[s1] close-entry e7: hand=[0.55, 0.035, 0.183] cup_gt=[0.545, 0.085]
[s1] step=65900 stages=['IDLE', 'ALIGN', 'IDLE', 'DESCEND', 'ALIGN', 'IDLE', 'IDLE', 'CLOSE'] picks=32 places=26 hand0=[0.38, 0.099, 0.382] cup_xy0=[0.624, -0.052]
[s1] close-entry e3: hand=[0.379, -0.003, 0.191] cup_gt=[0.401, -0.02]
[close] e3 t=13 hand_z=0.175 dxy=0.025 stall=0.322
[close] e3 t=73 hand_z=0.172 dxy=0.026 stall=0.381
[s1] step=66000 stages=['FAIL', 'DESCEND', 'IDLE', 'CLOSE', 'ALIGN', 'IDLE', 'IDLE', 'CLOSE'] picks=32 places=26 hand0=[0.0, 0.382, 0.177] cup_xy0=[0.624, -0.052]
[close] e3 t=133 hand_z=0.172 dxy=0.026 stall=0.381
[s1] step=66100 stages=['IDLE', 'DESCEND', 'IDLE', 'CLOSE', 'ALIGN', 'IDLE', 'IDLE', 'CLOSE'] picks=32 places=26 hand0=[-0.0, -0.369, -0.187] cup_xy0=[0.624, -0.052]
[close] e3 t=193 hand_z=0.172 dxy=0.026 stall=0.382
[s1] step=66200 stages=['IDLE', 'DESCEND', 'IDLE', 'FAIL', 'IDLE', 'IDLE', 'FAIL', 'IDLE'] picks=32 places=26 hand0=[0.339, -0.076, 0.433] cup_xy0=[0.624, -0.052]
[s1] close-entry e1: hand=[0.519, -0.005, 0.188] cup_gt=[0.517, -0.011]
[close] e1 t=36 hand_z=0.197 dxy=0.040 stall=0.386
[close] e1 t=96 hand_z=0.196 dxy=0.040 stall=0.385
[s1] step=66300 stages=['IDLE', 'CLOSE', 'IDLE', 'ALIGN', 'IDLE', 'FAIL', 'IDLE', 'ALIGN'] picks=32 places=26 hand0=[0.088, 0.159, 0.807] cup_xy0=[0.624, -0.052]
[close] e1 t=156 hand_z=0.196 dxy=0.039 stall=0.385
[s1] step=66400 stages=['IDLE', 'CLOSE', 'IDLE', 'DESCEND', 'IDLE', 'IDLE', 'IDLE', 'DESCEND'] picks=32 places=26 hand0=[0.552, 0.0, 0.794] cup_xy0=[0.624, -0.052]
[close] e1 t=216 hand_z=0.196 dxy=0.039 stall=0.385
[s1] close-entry e7: hand=[0.451, -0.05, 0.185] cup_gt=[0.479, -0.068]
[s1] close-entry e3: hand=[0.429, -0.068, 0.191] cup_gt=[0.409, -0.092]
[close] e3 t=51 hand_z=0.175 dxy=0.084 stall=0.400
[s1] step=66500 stages=['IDLE', 'FAIL', 'FAIL', 'CLOSE', 'FAIL', 'IDLE', 'IDLE', 'CLOSE'] picks=32 places=26 hand0=[0.044, -0.062, 1.145] cup_xy0=[0.624, -0.052]
[close] e3 t=111 hand_z=0.174 dxy=0.087 stall=0.399
[close] e3 t=171 hand_z=0.174 dxy=0.087 stall=0.399
[s1] step=66600 stages=['IDLE', 'DESCEND', 'IDLE', 'CLOSE', 'IDLE', 'IDLE', 'FAIL', 'CLOSE'] picks=32 places=26 hand0=[0.032, -0.138, -0.359] cup_xy0=[0.624, -0.052]
[close] e3 t=231 hand_z=0.174 dxy=0.087 stall=0.399
[s1] close-entry e1: hand=[0.513, -0.004, 0.191] cup_gt=[0.494, -0.038]
[s1] step=66700 stages=['FAIL', 'CLOSE', 'IDLE', 'FAIL', 'IDLE', 'IDLE', 'IDLE', 'FAIL'] picks=32 places=26 hand0=[0.046, 0.102, 0.506] cup_xy0=[0.624, -0.052]
[close] e1 t=45 hand_z=0.159 dxy=0.086 stall=0.380
[close] e1 t=105 hand_z=0.159 dxy=0.119 stall=0.380
[s1] step=66800 stages=['IDLE', 'CLOSE', 'IDLE', 'ALIGN', 'IDLE', 'IDLE', 'IDLE', 'ALIGN'] picks=32 places=26 hand0=[-0.086, 0.102, -0.393] cup_xy0=[0.624, -0.052]
[close] e1 t=165 hand_z=0.159 dxy=0.123 stall=0.380
[close] e1 t=225 hand_z=0.159 dxy=0.124 stall=0.380
[s1] step=66900 stages=['IDLE', 'CLOSE', 'IDLE', 'DESCEND', 'FAIL', 'IDLE', 'IDLE', 'DESCEND'] picks=32 places=26 hand0=[-0.253, -0.04, 1.05] cup_xy0=[0.624, -0.052]
[s1] close-entry e3: hand=[0.539, -0.028, 0.185] cup_gt=[0.517, -0.036]
[close] e3 t=44 hand_z=0.223 dxy=0.034 stall=0.412
[s1] step=67000 stages=['IDLE', 'IDLE', 'IDLE', 'CLOSE', 'IDLE', 'FAIL', 'IDLE', 'DESCEND'] picks=32 places=26 hand0=[0.06, 0.368, 0.449] cup_xy0=[0.624, -0.052]
[close] e3 t=104 hand_z=0.224 dxy=0.040 stall=0.412
[close] e3 t=164 hand_z=0.224 dxy=0.041 stall=0.412
[s1] step=67100 stages=['FAIL', 'DESCEND', 'IDLE', 'CLOSE', 'IDLE', 'IDLE', 'IDLE', 'DESCEND'] picks=32 places=26 hand0=[-0.29, -0.138, 0.088] cup_xy0=[0.624, -0.052]
[close] e3 t=224 hand_z=0.224 dxy=0.041 stall=0.412
[s1] close-entry e1: hand=[0.508, 0.082, 0.19] cup_gt=[0.507, 0.074]
[close] e1 t=19 hand_z=0.165 dxy=0.016 stall=0.324
[s1] step=67200 stages=['IDLE', 'CLOSE', 'FAIL', 'FAIL', 'IDLE', 'IDLE', 'IDLE', 'DESCEND'] picks=32 places=26 hand0=[0.344, -0.046, 0.519] cup_xy0=[0.624, -0.052]
[close] e1 t=79 hand_z=0.160 dxy=0.025 stall=0.399
[s1] step=67300 stages=['IDLE', 'CLOSE', 'IDLE', 'ALIGN', 'IDLE', 'IDLE', 'FAIL', 'FAIL'] picks=32 places=26 hand0=[0.161, -0.012, 0.103] cup_xy0=[0.624, -0.052]
[close] e1 t=139 hand_z=0.160 dxy=0.025 stall=0.399
[close] e1 t=199 hand_z=0.160 dxy=0.025 stall=0.399
[s1] close-entry e3: hand=[0.539, -0.08, 0.184] cup_gt=[0.537, -0.077]
[s1] step=67400 stages=['IDLE', 'CLOSE', 'IDLE', 'CLOSE', 'IDLE', 'FAIL', 'IDLE', 'IDLE'] picks=32 places=26 hand0=[0.123, 0.0, 0.362] cup_xy0=[0.624, -0.052]
[close] e3 t=57 hand_z=0.217 dxy=0.022 stall=0.386
[s1] close-entry e7: hand=[0.501, 0.031, 0.192] cup_gt=[0.493, 0.024]
[close] e3 t=117 hand_z=0.217 dxy=0.022 stall=0.386
[s1] step=67500 stages=['IDLE', 'IDLE', 'IDLE', 'CLOSE', 'IDLE', 'IDLE', 'IDLE', 'CLOSE'] picks=32 places=26 hand0=[0.041, 0.222, -0.245] cup_xy0=[0.624, -0.052]
[close] e3 t=177 hand_z=0.217 dxy=0.022 stall=0.386
[s1] step=67600 stages=['IDLE', 'ALIGN', 'FAIL', 'CLOSE', 'FAIL', 'IDLE', 'IDLE', 'CLOSE'] picks=32 places=26 hand0=[0.071, -0.166, 0.534] cup_xy0=[0.624, -0.052]
[close] e3 t=237 hand_z=0.217 dxy=0.022 stall=0.386
[close] e7 t=190 hand_z=0.119 dxy=0.392 stall=-0.126
[s1] step=67700 stages=['IDLE', 'ALIGN', 'IDLE', 'IDLE', 'IDLE', 'IDLE', 'IDLE', 'CLOSE'] picks=32 places=26 hand0=[0.02, -0.319, 0.485] cup_xy0=[0.624, -0.052]
[s1] step=67800 stages=['FAIL', 'ALIGN', 'IDLE', 'DESCEND', 'IDLE', 'IDLE', 'IDLE', 'IDLE'] picks=32 places=26 hand0=[-0.071, 0.116, -0.313] cup_xy0=[0.624, -0.052]
[s1] step=67900 stages=['IDLE', 'ALIGN', 'IDLE', 'DESCEND', 'IDLE', 'IDLE', 'IDLE', 'ALIGN'] picks=32 places=26 hand0=[-0.151, 0.096, -0.417] cup_xy0=[0.624, -0.052]
[s1] step=68000 stages=['IDLE', 'FAIL', 'IDLE', 'DESCEND', 'IDLE', 'IDLE', 'FAIL', 'ALIGN'] picks=32 places=26 hand0=[-0.106, -0.292, 1.079] cup_xy0=[0.624, -0.052]
[s1] close-entry e3: hand=[0.5, -0.004, 0.189] cup_gt=[0.528, 0.014]
[close] e3 t=18 hand_z=0.185 dxy=0.031 stall=0.350
[close] e3 t=78 hand_z=0.181 dxy=0.045 stall=0.388
[s1] step=68100 stages=['IDLE', 'ALIGN', 'IDLE', 'CLOSE', 'IDLE', 'FAIL', 'IDLE', 'ALIGN'] picks=32 places=26 hand0=[-0.048, -0.152, 0.876] cup_xy0=[0.624, -0.052]
[close] e3 t=138 hand_z=0.181 dxy=0.045 stall=0.388
[s1] close-entry e1: hand=[0.456, 0.024, 0.191] cup_gt=[0.475, -0.002]
[s1] step=68200 stages=['IDLE', 'CLOSE', 'IDLE', 'CLOSE', 'IDLE', 'IDLE', 'IDLE', 'ALIGN'] picks=32 places=26 hand0=[-0.575, 0.005, 0.847] cup_xy0=[0.624, -0.052]
[close] e1 t=40 hand_z=0.172 dxy=0.135 stall=0.410
[close] e1 t=100 hand_z=0.169 dxy=0.177 stall=0.409
[s1] step=68300 stages=['IDLE', 'CLOSE', 'FAIL', 'FAIL', 'FAIL', 'IDLE', 'IDLE', 'IDLE'] picks=32 places=26 hand0=[0.036, -0.341, 0.671] cup_xy0=[0.624, -0.052]
[close] e1 t=160 hand_z=0.169 dxy=0.181 stall=0.409
[close] e1 t=220 hand_z=0.169 dxy=0.182 stall=0.409
[s1] step=68400 stages=['IDLE', 'CLOSE', 'IDLE', 'DESCEND', 'IDLE', 'IDLE', 'FAIL', 'DESCEND'] picks=32 places=26 hand0=[0.398, -0.064, 0.812] cup_xy0=[0.624, -0.052]
[s1] close-entry e7: hand=[0.477, 0.012, 0.183] cup_gt=[0.482, 0.009]
[s1] step=68500 stages=['IDLE', 'IDLE', 'IDLE', 'DESCEND', 'IDLE', 'FAIL', 'IDLE', 'CLOSE'] picks=32 places=26 hand0=[0.323, 0.106, -0.3] cup_xy0=[0.624, -0.052]
[s1] close-entry e3: hand=[0.435, 0.02, 0.188] cup_gt=[0.43, 0.044]
[close] e3 t=15 hand_z=0.166 dxy=0.009 stall=0.334
[close] e3 t=75 hand_z=0.160 dxy=0.018 stall=0.414
[s1] step=68600 stages=['IDLE', 'DESCEND', 'IDLE', 'CLOSE', 'IDLE', 'IDLE', 'IDLE', 'CLOSE'] picks=32 places=26 hand0=[-0.1, 0.152, 0.908] cup_xy0=[0.624, -0.052]
[s1] acquire e0: vision=[0.535, -0.063] gt=[0.547, -0.073]
[close] e3 t=135 hand_z=0.160 dxy=0.018 stall=0.414
[s1] close-entry e1: hand=[0.428, 0.012, 0.192] cup_gt=[0.432, 0.004]
[close] e1 t=54 hand_z=0.184 dxy=0.003 stall=0.345
[s1] step=68700 stages=['ALIGN', 'CLOSE', 'IDLE', 'CLOSE', 'FAIL', 'IDLE', 'IDLE', 'CLOSE'] picks=32 places=26 hand0=[-0.036, 0.11, 0.333] cup_xy0=[0.535, -0.063]
[close] e1 t=114 hand_z=0.184 dxy=0.003 stall=0.345
[s1] step=68800 stages=['ALIGN', 'CLOSE', 'IDLE', 'FAIL', 'IDLE', 'IDLE', 'IDLE', 'ALIGN'] picks=32 places=26 hand0=[-0.487, -0.063, 0.875] cup_xy0=[0.535, -0.063]
[close] e1 t=174 hand_z=0.184 dxy=0.003 stall=0.345
[close] e1 t=234 hand_z=0.184 dxy=0.003 stall=0.345
[s1] step=68900 stages=['ALIGN', 'FAIL', 'IDLE', 'DESCEND', 'IDLE', 'IDLE', 'IDLE', 'DESCEND'] picks=32 places=26 hand0=[0.0, 0.036, 0.314] cup_xy0=[0.535, -0.063]
[s1] close-entry e7: hand=[0.528, 0.057, 0.184] cup_gt=[0.527, 0.052]
[close] e7 t=29 hand_z=0.211 dxy=0.010 stall=0.376
[s1] close-entry e3: hand=[0.484, -0.044, 0.184] cup_gt=[0.49, -0.001]
[close] e3 t=51 hand_z=0.156 dxy=0.055 stall=0.286
[s1] step=69000 stages=['ALIGN', 'ALIGN', 'IDLE', 'CLOSE', 'IDLE', 'IDLE', 'IDLE', 'CLOSE'] picks=32 places=26 hand0=[0.174, -0.02, -0.002] cup_xy0=[0.535, -0.063]
[close] e3 t=111 hand_z=0.156 dxy=0.056 stall=0.286
[s1] step=69100 stages=['IDLE', 'DESCEND', 'IDLE', 'CLOSE', 'IDLE', 'IDLE', 'FAIL', 'CLOSE'] picks=32 places=26 hand0=[0.041, -0.284, 1.108] cup_xy0=[0.535, -0.063]
[s1] close-entry e1: hand=[0.461, 0.064, 0.192] cup_gt=[0.462, 0.054]
[close] e1 t=2 hand_z=0.192 dxy=0.008 stall=0.234
[close] e1 t=62 hand_z=0.180 dxy=0.008 stall=0.388
[s1] step=69200 stages=['IDLE', 'CLOSE', 'IDLE', 'FAIL', 'IDLE', 'FAIL', 'IDLE', 'FAIL'] picks=32 places=26 hand0=[0.146, -0.079, 0.437] cup_xy0=[0.535, -0.063]
[close] e1 t=122 hand_z=0.180 dxy=0.009 stall=0.388
[close] e1 t=182 hand_z=0.180 dxy=0.009 stall=0.388
[s1] step=69300 stages=['IDLE', 'CLOSE', 'IDLE', 'IDLE', 'IDLE', 'IDLE', 'IDLE', 'ALIGN'] picks=32 places=26 hand0=[0.252, 0.11, 0.245] cup_xy0=[0.535, -0.063]
[s1] close-entry e7: hand=[0.567, -0.07, 0.192] cup_gt=[0.565, -0.035]
[close] e7 t=9 hand_z=0.189 dxy=0.019 stall=0.259
[s1] step=69400 stages=['FAIL', 'FAIL', 'FAIL', 'ALIGN', 'FAIL', 'IDLE', 'IDLE', 'CLOSE'] picks=32 places=26 hand0=[0.113, -0.388, 0.464] cup_xy0=[0.535, -0.063]
[close] e7 t=69 hand_z=0.170 dxy=0.015 stall=0.391
[close] e7 t=129 hand_z=0.170 dxy=0.015 stall=0.391
[s1] close-entry e3: hand=[0.619, -0.046, 0.189] cup_gt=[0.553, -0.041]
[s1] step=69500 stages=['IDLE', 'ALIGN', 'IDLE', 'CLOSE', 'IDLE', 'IDLE', 'IDLE', 'CLOSE'] picks=32 places=26 hand0=[0.442, -0.04, 0.561] cup_xy0=[0.535, -0.063]
[close] e3 t=51 hand_z=0.172 dxy=0.098 stall=0.415
[s1] close-entry e1: hand=[0.583, -0.008, 0.185] cup_gt=[0.591, -0.022]
[close] e1 t=28 hand_z=0.160 dxy=0.078 stall=0.356
[s1] step=69600 stages=['IDLE', 'CLOSE', 'IDLE', 'CLOSE', 'IDLE', 'IDLE', 'IDLE', 'FAIL'] picks=32 places=26 hand0=[-0.031, 0.038, 0.38] cup_xy0=[0.535, -0.063]
[close] e1 t=88 hand_z=0.160 dxy=0.132 stall=0.394
[s1] step=69700 stages=['IDLE', 'CLOSE', 'IDLE', 'CLOSE', 'IDLE', 'IDLE', 'IDLE', 'IDLE'] picks=32 places=26 hand0=[-0.245, -0.019, 0.313] cup_xy0=[0.535, -0.063]
[close] e1 t=148 hand_z=0.160 dxy=0.139 stall=0.394
[close] e1 t=208 hand_z=0.160 dxy=0.140 stall=0.394
[s1] step=69800 stages=['IDLE', 'CLOSE', 'IDLE', 'IDLE', 'FAIL', 'IDLE', 'FAIL', 'DESCEND'] picks=32 places=26 hand0=[-0.05, 0.031, -0.482] cup_xy0=[0.535, -0.063]
[s1] close-entry e7: hand=[0.444, 0.031, 0.191] cup_gt=[0.484, 0.006]
[close] e7 t=33 hand_z=0.169 dxy=0.056 stall=0.385
[close] e7 t=93 hand_z=0.168 dxy=0.056 stall=0.386
[s1] step=69900 stages=['IDLE', 'IDLE', 'IDLE', 'DESCEND', 'IDLE', 'FAIL', 'IDLE', 'CLOSE'] picks=32 places=26 hand0=[0.05, 0.306, 0.303] cup_xy0=[0.535, -0.063]
[s1] close-entry e3: hand=[0.454, -0.055, 0.19] cup_gt=[0.451, -0.056]
[close] e3 t=7 hand_z=0.173 dxy=0.018 stall=0.242
[s1] step=70000 stages=['IDLE', 'DESCEND', 'IDLE', 'CLOSE', 'IDLE', 'IDLE', 'IDLE', 'CLOSE'] picks=32 places=26 hand0=[-0.113, -0.067, 0.958] cup_xy0=[0.535, -0.063]
[close] e3 t=67 hand_z=0.159 dxy=0.004 stall=0.388
[s1] close-entry e1: hand=[0.46, 0.006, 0.191] cup_gt=[0.492, 0.014]
[close] e1 t=22 hand_z=0.175 dxy=0.042 stall=0.328
[s1] step=70100 stages=['FAIL', 'CLOSE', 'FAIL', 'CLOSE', 'IDLE', 'IDLE', 'IDLE', 'FAIL'] picks=32 places=26 hand0=[0.296, -0.049, 1.113] cup_xy0=[0.535, -0.063]
[close] e1 t=82 hand_z=0.173 dxy=0.045 stall=0.410
[close] e1 t=142 hand_z=0.173 dxy=0.045 stall=0.410
[s1] step=70200 stages=['IDLE', 'CLOSE', 'IDLE', 'FAIL', 'IDLE', 'IDLE', 'FAIL', 'DESCEND'] picks=32 places=26 hand0=[-0.109, -0.337, -0.258] cup_xy0=[0.535, -0.063]
[s1] close-entry e7: hand=[0.469, 0.05, 0.187] cup_gt=[0.467, 0.039]
[close] e1 t=202 hand_z=0.173 dxy=0.045 stall=0.410
[s1] step=70300 stages=['IDLE', 'FAIL', 'IDLE', 'IDLE', 'IDLE', 'FAIL', 'IDLE', 'CLOSE'] picks=32 places=26 hand0=[0.331, 0.085, -0.145] cup_xy0=[0.535, -0.063]
[close] e7 t=99 hand_z=0.161 dxy=0.027 stall=0.386
[close] e7 t=159 hand_z=0.161 dxy=0.027 stall=0.386
[s1] step=70400 stages=['IDLE', 'ALIGN', 'IDLE', 'DESCEND', 'IDLE', 'IDLE', 'IDLE', 'CLOSE'] picks=32 places=26 hand0=[0.539, -0.059, 0.417] cup_xy0=[0.535, -0.063]
[close] e7 t=219 hand_z=0.161 dxy=0.027 stall=0.386
[s1] close-entry e3: hand=[0.471, 0.064, 0.19] cup_gt=[0.521, 0.065]
[close] e3 t=27 hand_z=0.199 dxy=0.094 stall=0.381
[s1] step=70500 stages=['FAIL', 'DESCEND', 'FAIL', 'CLOSE', 'FAIL', 'IDLE', 'IDLE', 'FAIL'] picks=32 places=26 hand0=[-0.033, -0.072, 0.132] cup_xy0=[0.535, -0.063]
[s1] close-entry e1: hand=[0.49, -0.03, 0.189] cup_gt=[0.482, -0.051]
[close] e1 t=48 hand_z=0.162 dxy=0.010 stall=0.418
[s1] step=70600 stages=['IDLE', 'CLOSE', 'IDLE', 'CLOSE', 'IDLE', 'IDLE', 'IDLE', 'ALIGN'] picks=32 places=26 hand0=[-0.028, 0.34, 0.633] cup_xy0=[0.535, -0.063]
[close] e1 t=108 hand_z=0.162 dxy=0.010 stall=0.419
[close] e1 t=168 hand_z=0.162 dxy=0.010 stall=0.419
[s1] step=70700 stages=['IDLE', 'CLOSE', 'IDLE', 'CLOSE', 'IDLE', 'IDLE', 'IDLE', 'DESCEND'] picks=32 places=26 hand0=[-0.463, 0.133, -0.046] cup_xy0=[0.535, -0.063]
[s1] close-entry e7: hand=[0.498, 0.023, 0.185] cup_gt=[0.498, -0.019]
[close] e1 t=228 hand_z=0.162 dxy=0.010 stall=0.419
[close] e7 t=98 hand_z=0.171 dxy=0.012 stall=0.395
[s1] step=70800 stages=['IDLE', 'FAIL', 'IDLE', 'IDLE', 'IDLE', 'IDLE', 'IDLE', 'CLOSE'] picks=32 places=26 hand0=[0.024, 0.126, 0.186] cup_xy0=[0.535, -0.063]
[close] e7 t=158 hand_z=0.171 dxy=0.012 stall=0.395
[s1] step=70900 stages=['IDLE', 'DESCEND', 'IDLE', 'ALIGN', 'IDLE', 'IDLE', 'FAIL', 'CLOSE'] picks=32 places=26 hand0=[0.029, 0.363, 0.1] cup_xy0=[0.535, -0.063]
[close] e7 t=218 hand_z=0.171 dxy=0.012 stall=0.395
[s1] step=71000 stages=['IDLE', 'DESCEND', 'IDLE', 'DESCEND', 'IDLE', 'FAIL', 'IDLE', 'FAIL'] picks=32 places=26 hand0=[-0.34, -0.13, 0.022] cup_xy0=[0.535, -0.063]
[s1] close-entry e1: hand=[0.497, -0.047, 0.185] cup_gt=[0.497, -0.052]
[s1] close-entry e3: hand=[0.582, -0.007, 0.191] cup_gt=[0.601, -0.036]
[close] e1 t=36 hand_z=0.216 dxy=0.015 stall=0.431
[close] e1 t=96 hand_z=0.217 dxy=0.016 stall=0.433
[s1] step=71100 stages=['IDLE', 'CLOSE', 'IDLE', 'CLOSE', 'IDLE', 'IDLE', 'IDLE', 'DESCEND'] picks=32 places=26 hand0=[0.109, -0.299, 1.018] cup_xy0=[0.535, -0.063]
[close] e1 t=156 hand_z=0.217 dxy=0.016 stall=0.433
[s1] close-entry e7: hand=[0.448, 0.013, 0.188] cup_gt=[0.45, 0.005]
[s1] step=71200 stages=['FAIL', 'CLOSE', 'FAIL', 'CLOSE', 'FAIL', 'IDLE', 'IDLE', 'CLOSE'] picks=32 places=26 hand0=[0.451, -0.05, 1.017] cup_xy0=[0.535, -0.063]
[close] e1 t=216 hand_z=0.217 dxy=0.016 stall=0.433
[close] e7 t=85 hand_z=0.169 dxy=0.023 stall=0.383
[s1] step=71300 stages=['IDLE', 'FAIL', 'IDLE', 'FAIL', 'IDLE', 'IDLE', 'FAIL', 'CLOSE'] picks=32 places=26 hand0=[0.134, -0.035, 0.85] cup_xy0=[0.535, -0.063]
[close] e7 t=145 hand_z=0.169 dxy=0.023 stall=0.383
[close] e7 t=205 hand_z=0.169 dxy=0.023 stall=0.383
[s1] step=71400 stages=['IDLE', 'ALIGN', 'IDLE', 'ALIGN', 'IDLE', 'IDLE', 'IDLE', 'CLOSE'] picks=32 places=26 hand0=[-0.229, 0.091, 0.034] cup_xy0=[0.535, -0.063]
[s1] close-entry e3: hand=[0.561, -0.002, 0.186] cup_gt=[0.552, -0.009]
[s1] step=71500 stages=['IDLE', 'DESCEND', 'IDLE', 'CLOSE', 'IDLE', 'IDLE', 'IDLE', 'IDLE'] picks=32 places=26 hand0=[0.304, -0.028, -0.362] cup_xy0=[0.535, -0.063]
[close] e3 t=53 hand_z=0.158 dxy=0.026 stall=0.371
[s1] close-entry e1: hand=[0.5, -0.02, 0.182] cup_gt=[0.502, -0.019]
[close] e1 t=32 hand_z=0.199 dxy=0.011 stall=0.483
[s1] step=71600 stages=['FAIL', 'CLOSE', 'IDLE', 'CLOSE', 'FAIL', 'IDLE', 'IDLE', 'ALIGN'] picks=32 places=26 hand0=[0.43, 0.04, 0.578] cup_xy0=[0.535, -0.063]
[close] e1 t=92 hand_z=0.201 dxy=0.013 stall=0.486
[s1] close-entry e7: hand=[0.499, -0.0, 0.192] cup_gt=[0.508, 0.045]
[close] e1 t=152 hand_z=0.201 dxy=0.013 stall=0.486
[s1] step=71700 stages=['IDLE', 'CLOSE', 'IDLE', 'CLOSE', 'IDLE', 'IDLE', 'IDLE', 'CLOSE'] picks=32 places=26 hand0=[-0.132, 0.113, 0.962] cup_xy0=[0.535, -0.063]
[close] e1 t=212 hand_z=0.201 dxy=0.013 stall=0.486
[s1] grasp-geom e1: hand-cup_xy=0.013 cup_gt=[0.513, 0.039, 0.044] vision_xy=[0.502, -0.021]
[s1] GRASP (drive stall) envs [1] stall=[0.486]
[lift] e1 t=11 cup_z=0.047 hand_z=0.204 stall=0.487
[s1] step=71800 stages=['IDLE', 'LIFT', 'IDLE', 'IDLE', 'IDLE', 'IDLE', 'IDLE', 'CLOSE'] picks=32 places=26 hand0=[0.076, -0.341, 0.274] cup_xy0=[0.535, -0.063]
[close] e7 t=123 hand_z=0.184 dxy=0.018 stall=0.398
[lift] e1 t=31 cup_z=0.079 hand_z=0.237 stall=0.488
[s1] LIFTED envs [1] (physical, friction-held)
[close] e7 t=183 hand_z=0.184 dxy=0.018 stall=0.398
[s1] step=71900 stages=['IDLE', 'PLACE', 'FAIL', 'ALIGN', 'IDLE', 'IDLE', 'IDLE', 'CLOSE'] picks=33 places=26 hand0=[-0.048, 0.063, 0.196] cup_xy0=[0.535, -0.063]
[s1] step=72000 stages=['IDLE', 'RELEASE', 'IDLE', 'DESCEND', 'IDLE', 'IDLE', 'FAIL', 'IDLE'] picks=33 places=26 hand0=[-0.105, 0.007, 1.084] cup_xy0=[0.535, -0.063]
[s1] PLACED envs [1] (full physical pick-move-place)
[rec] episode 27/60 saved (len=335, env=1)
[s1] step=72100 stages=['IDLE', 'IDLE', 'IDLE', 'DESCEND', 'IDLE', 'FAIL', 'IDLE', 'DESCEND'] picks=33 places=27 hand0=[0.399, 0.022, 0.714] cup_xy0=[0.535, -0.063]
[s1] close-entry e3: hand=[0.541, -0.073, 0.187] cup_gt=[0.548, -0.084]
[s1] close-entry e7: hand=[0.564, 0.075, 0.189] cup_gt=[0.575, 0.048]
[close] e3 t=60 hand_z=0.192 dxy=0.037 stall=0.388
[s1] step=72200 stages=['IDLE', 'ALIGN', 'IDLE', 'CLOSE', 'IDLE', 'IDLE', 'IDLE', 'CLOSE'] picks=33 places=27 hand0=[0.115, 0.194, 0.472] cup_xy0=[0.535, -0.063]
[close] e3 t=120 hand_z=0.192 dxy=0.037 stall=0.387
[close] e3 t=180 hand_z=0.192 dxy=0.037 stall=0.387
[s1] step=72300 stages=['FAIL', 'DESCEND', 'FAIL', 'CLOSE', 'FAIL', 'IDLE', 'IDLE', 'CLOSE'] picks=33 places=27 hand0=[-0.435, -0.039, 0.74] cup_xy0=[0.535, -0.063]
[s1] close-entry e1: hand=[0.518, -0.057, 0.191] cup_gt=[0.573, -0.045]
[close] e1 t=34 hand_z=0.175 dxy=0.114 stall=0.795
[s1] step=72400 stages=['IDLE', 'CLOSE', 'IDLE', 'FAIL', 'IDLE', 'IDLE', 'IDLE', 'CLOSE'] picks=33 places=27 hand0=[0.167, -0.011, -0.098] cup_xy0=[0.535, -0.063]
[close] e1 t=94 hand_z=0.174 dxy=0.130 stall=0.800
[close] e1 t=154 hand_z=0.174 dxy=0.131 stall=0.800
[s1] step=72500 stages=['IDLE', 'CLOSE', 'IDLE', 'ALIGN', 'IDLE', 'IDLE', 'IDLE', 'IDLE'] picks=33 places=27 hand0=[-0.427, 0.066, 0.242] cup_xy0=[0.535, -0.063]
[close] e1 t=214 hand_z=0.174 dxy=0.132 stall=0.800
[s1] step=72600 stages=['IDLE', 'FAIL', 'IDLE', 'DESCEND', 'IDLE', 'IDLE', 'IDLE', 'DESCEND'] picks=33 places=27 hand0=[0.249, -0.042, 0.449] cup_xy0=[0.535, -0.063]
[s1] close-entry e3: hand=[0.425, 0.088, 0.191] cup_gt=[0.43, 0.074]
[close] e3 t=6 hand_z=0.187 dxy=0.008 stall=0.245
[s1] close-entry e7: hand=[0.492, 0.068, 0.192] cup_gt=[0.519, 0.028]
[s1] step=72700 stages=['IDLE', 'ALIGN', 'IDLE', 'CLOSE', 'FAIL', 'IDLE', 'FAIL', 'CLOSE'] picks=33 places=27 hand0=[-0.209, -0.08, -0.194] cup_xy0=[0.535, -0.063]
[close] e3 t=66 hand_z=0.176 dxy=0.007 stall=0.386
[close] e3 t=126 hand_z=0.176 dxy=0.007 stall=0.386
[s1] step=72800 stages=['IDLE', 'DESCEND', 'IDLE', 'CLOSE', 'IDLE', 'FAIL', 'IDLE', 'CLOSE'] picks=33 places=27 hand0=[-0.007, 0.012, 0.259] cup_xy0=[0.535, -0.063]
[close] e3 t=186 hand_z=0.176 dxy=0.007 stall=0.386
[s1] close-entry e1: hand=[0.559, 0.046, 0.184] cup_gt=[0.606, 0.3]
[close] e1 t=50 hand_z=0.213 dxy=0.302 stall=0.797
[s1] step=72900 stages=['IDLE', 'CLOSE', 'IDLE', 'FAIL', 'IDLE', 'IDLE', 'IDLE', 'CLOSE'] picks=33 places=27 hand0=[-0.082, -0.124, 1.016] cup_xy0=[0.535, -0.063]
[close] e1 t=110 hand_z=0.214 dxy=0.315 stall=0.797
[s1] step=73000 stages=['FAIL', 'CLOSE', 'FAIL', 'IDLE', 'IDLE', 'IDLE', 'IDLE', 'IDLE'] picks=33 places=27 hand0=[0.051, 0.002, -0.252] cup_xy0=[0.535, -0.063]
[close] e1 t=170 hand_z=0.214 dxy=0.316 stall=0.797
[close] e1 t=230 hand_z=0.214 dxy=0.317 stall=0.797
[s1] step=73100 stages=['IDLE', 'FAIL', 'IDLE', 'DESCEND', 'IDLE', 'IDLE', 'FAIL', 'DESCEND'] picks=33 places=27 hand0=[-0.006, 0.354, 0.537] cup_xy0=[0.535, -0.063]
[s1] close-entry e3: hand=[0.444, 0.029, 0.192] cup_gt=[0.451, 0.02]
[s1] close-entry e7: hand=[0.471, -0.051, 0.191] cup_gt=[0.471, -0.044]
[close] e3 t=29 hand_z=0.175 dxy=0.007 stall=0.379
[s1] step=73200 stages=['IDLE', 'IDLE', 'IDLE', 'CLOSE', 'IDLE', 'FAIL', 'IDLE', 'CLOSE'] picks=33 places=27 hand0=[0.057, -0.213, 0.172] cup_xy0=[0.535, -0.063]
[close] e3 t=89 hand_z=0.174 dxy=0.010 stall=0.378
[s1] step=73300 stages=['IDLE', 'DESCEND', 'IDLE', 'CLOSE', 'IDLE', 'IDLE', 'IDLE', 'CLOSE'] picks=33 places=27 hand0=[-0.25, -0.097, 0.296] cup_xy0=[0.535, -0.063]
[close] e3 t=149 hand_z=0.174 dxy=0.011 stall=0.378
[s1] close-entry e1: hand=[0.455, 0.014, 0.187] cup_gt=[0.4, 0.025]
[close] e1 t=19 hand_z=0.203 dxy=0.079 stall=0.673
[s1] step=73400 stages=['FAIL', 'CLOSE', 'FAIL', 'CLOSE', 'FAIL', 'IDLE', 'IDLE', 'CLOSE'] picks=33 places=27 hand0=[0.169, -0.043, 0.088] cup_xy0=[0.535, -0.063]
[close] e1 t=79 hand_z=0.206 dxy=0.085 stall=0.800
[close] e1 t=139 hand_z=0.206 dxy=0.085 stall=0.800
[s1] step=73500 stages=['IDLE', 'CLOSE', 'IDLE', 'IDLE', 'IDLE', 'IDLE', 'IDLE', 'IDLE'] picks=33 places=27 hand0=[-0.079, -0.004, 0.347] cup_xy0=[0.535, -0.063]
[close] e1 t=199 hand_z=0.206 dxy=0.085 stall=0.800
[s1] step=73600 stages=['IDLE', 'CLOSE', 'IDLE', 'DESCEND', 'IDLE', 'IDLE', 'IDLE', 'ALIGN'] picks=33 places=27 hand0=[-0.113, -0.224, 0.717] cup_xy0=[0.535, -0.063]
[s1] close-entry e3: hand=[0.431, 0.01, 0.192] cup_gt=[0.432, -0.004]
[close] e3 t=45 hand_z=0.170 dxy=0.034 stall=0.383
[s1] step=73700 stages=['IDLE', 'ALIGN', 'IDLE', 'CLOSE', 'IDLE', 'IDLE', 'IDLE', 'ALIGN'] picks=33 places=27 hand0=[0.073, -0.06, 0.253] cup_xy0=[0.535, -0.063]
[close] e3 t=105 hand_z=0.170 dxy=0.035 stall=0.384
[close] e3 t=165 hand_z=0.170 dxy=0.035 stall=0.384
[s1] step=73800 stages=['IDLE', 'ALIGN', 'IDLE', 'CLOSE', 'IDLE', 'IDLE', 'FAIL', 'ALIGN'] picks=33 places=27 hand0=[-0.392, 0.12, 0.109] cup_xy0=[0.535, -0.063]
[close] e3 t=225 hand_z=0.170 dxy=0.035 stall=0.384
[s1] step=73900 stages=['IDLE', 'DESCEND', 'IDLE', 'FAIL', 'IDLE', 'FAIL', 'IDLE', 'ALIGN'] picks=33 places=27 hand0=[-0.025, 0.408, 0.486] cup_xy0=[0.535, -0.063]
[s1] step=74000 stages=['IDLE', 'DESCEND', 'IDLE', 'ALIGN', 'IDLE', 'IDLE', 'IDLE', 'FAIL'] picks=33 places=27 hand0=[-0.067, 0.146, 0.212] cup_xy0=[0.535, -0.063]
[s1] step=74100 stages=['FAIL', 'DESCEND', 'FAIL', 'DESCEND', 'FAIL', 'IDLE', 'IDLE', 'ALIGN'] picks=33 places=27 hand0=[0.002, 0.195, 0.88] cup_xy0=[0.535, -0.063]
[s1] close-entry e3: hand=[0.557, 0.001, 0.183] cup_gt=[0.578, 0.028]
[close] e3 t=51 hand_z=0.218 dxy=0.050 stall=0.411
[s1] close-entry e7: hand=[0.505, 0.036, 0.19] cup_gt=[0.511, -0.012]
[s1] step=74200 stages=['IDLE', 'DESCEND', 'IDLE', 'CLOSE', 'IDLE', 'IDLE', 'FAIL', 'CLOSE'] picks=33 places=27 hand0=[-0.302, -0.053, 0.171] cup_xy0=[0.535, -0.063]
[close] e3 t=111 hand_z=0.218 dxy=0.053 stall=0.411
[close] e3 t=171 hand_z=0.218 dxy=0.054 stall=0.411
[s1] step=74300 stages=['IDLE', 'IDLE', 'IDLE', 'CLOSE', 'IDLE', 'IDLE', 'IDLE', 'CLOSE'] picks=33 places=27 hand0=[0.025, -0.013, 1.154] cup_xy0=[0.535, -0.063]
[close] e3 t=231 hand_z=0.218 dxy=0.054 stall=0.411
[close] e7 t=229 hand_z=0.208 dxy=0.022 stall=0.396
[s1] step=74400 stages=['IDLE', 'DESCEND', 'IDLE', 'FAIL', 'IDLE', 'IDLE', 'IDLE', 'CLOSE'] picks=33 places=27 hand0=[0.176, -0.135, 0.374] cup_xy0=[0.535, -0.063]
[s1] close-entry e1: hand=[0.402, -0.077, 0.184] cup_gt=[0.422, -0.068]
[s1] step=74500 stages=['IDLE', 'CLOSE', 'IDLE', 'DESCEND', 'FAIL', 'IDLE', 'IDLE', 'IDLE'] picks=33 places=27 hand0=[0.589, 0.039, -0.101] cup_xy0=[0.535, -0.063]
[close] e1 t=46 hand_z=0.178 dxy=0.041 stall=0.392
[s1] close-entry e3: hand=[0.284, -0.084, 0.191] cup_gt=[0.285, -0.135]
[close] e1 t=106 hand_z=0.178 dxy=0.041 stall=0.392
[s1] step=74600 stages=['IDLE', 'CLOSE', 'IDLE', 'CLOSE', 'IDLE', 'FAIL', 'IDLE', 'DESCEND'] picks=33 places=27 hand0=[-0.32, -0.015, 0.755] cup_xy0=[0.535, -0.063]
[s1] close-entry e7: hand=[0.562, -0.022, 0.185] cup_gt=[0.563, 0.023]
[close] e1 t=166 hand_z=0.178 dxy=0.041 stall=0.392
[close] e1 t=226 hand_z=0.178 dxy=0.041 stall=0.392
[s1] step=74700 stages=['IDLE', 'CLOSE', 'IDLE', 'CLOSE', 'IDLE', 'IDLE', 'IDLE', 'CLOSE'] picks=33 places=27 hand0=[0.043, -0.022, 0.255] cup_xy0=[0.535, -0.063]
[close] e3 t=185 hand_z=0.183 dxy=0.114 stall=0.405
[s1] step=74800 stages=['FAIL', 'IDLE', 'FAIL', 'CLOSE', 'IDLE', 'IDLE', 'IDLE', 'CLOSE'] picks=33 places=27 hand0=[0.307, 0.079, -0.429] cup_xy0=[0.535, -0.063]
[close] e7 t=192 hand_z=0.189 dxy=0.018 stall=0.392
[s1] step=74900 stages=['IDLE', 'DESCEND', 'IDLE', 'IDLE', 'IDLE', 'IDLE', 'FAIL', 'FAIL'] picks=33 places=27 hand0=[0.04, -0.061, 0.192] cup_xy0=[0.535, -0.063]
[s1] close-entry e1: hand=[0.421, 0.078, 0.185] cup_gt=[0.425, 0.069]
[close] e1 t=52 hand_z=0.170 dxy=0.011 stall=0.384
[s1] step=75000 stages=['IDLE', 'CLOSE', 'IDLE', 'DESCEND', 'IDLE', 'FAIL', 'IDLE', 'ALIGN'] picks=33 places=27 hand0=[0.088, 0.365, 0.424] cup_xy0=[0.535, -0.063]
[s1] close-entry e3: hand=[0.579, -0.054, 0.19] cup_gt=[0.58, -0.044]
[close] e1 t=112 hand_z=0.169 dxy=0.012 stall=0.384
[s1] step=75100 stages=['IDLE', 'CLOSE', 'IDLE', 'CLOSE', 'IDLE', 'IDLE', 'IDLE', 'DESCEND'] picks=33 places=27 hand0=[-0.457, -0.014, -0.192] cup_xy0=[0.535, -0.063]
[s1] close-entry e7: hand=[0.548, 0.11, 0.185] cup_gt=[0.662, -0.088]
[close] e1 t=172 hand_z=0.169 dxy=0.012 stall=0.385
[close] e1 t=232 hand_z=0.169 dxy=0.012 stall=0.385
[s1] step=75200 stages=['FAIL', 'FAIL', 'FAIL', 'CLOSE', 'FAIL', 'IDLE', 'IDLE', 'CLOSE'] picks=33 places=27 hand0=[0.053, -0.418, 0.635] cup_xy0=[0.535, -0.063]
[close] e3 t=208 hand_z=0.145 dxy=0.082 stall=0.176
[close] e7 t=189 hand_z=0.212 dxy=0.630 stall=0.418
[s1] step=75300 stages=['IDLE', 'ALIGN', 'IDLE', 'FAIL', 'IDLE', 'IDLE', 'IDLE', 'CLOSE'] picks=33 places=27 hand0=[-0.122, -0.125, 0.28] cup_xy0=[0.535, -0.063]
[s1] step=75400 stages=['IDLE', 'DESCEND', 'IDLE', 'ALIGN', 'IDLE', 'IDLE', 'IDLE', 'FAIL'] picks=33 places=27 hand0=[-0.259, -0.087, 0.45] cup_xy0=[0.535, -0.063]
[s1] close-entry e1: hand=[0.463, -0.017, 0.191] cup_gt=[0.463, -0.015]
[close] e1 t=19 hand_z=0.182 dxy=0.005 stall=0.330
[close] e1 t=79 hand_z=0.180 dxy=0.012 stall=0.399
[s1] step=75500 stages=['IDLE', 'CLOSE', 'IDLE', 'DESCEND', 'IDLE', 'IDLE', 'IDLE', 'ALIGN'] picks=33 places=27 hand0=[0.09, -0.285, 0.239] cup_xy0=[0.535, -0.063]
[s1] close-entry e3: hand=[0.464, -0.097, 0.183] cup_gt=[0.424, -0.119]
[close] e1 t=139 hand_z=0.180 dxy=0.012 stall=0.399
[close] e1 t=199 hand_z=0.180 dxy=0.012 stall=0.399
[s1] step=75600 stages=['IDLE', 'CLOSE', 'IDLE', 'CLOSE', 'IDLE', 'IDLE', 'FAIL', 'DESCEND'] picks=33 places=27 hand0=[0.205, -0.024, 1.012] cup_xy0=[0.535, -0.063]
[s1] close-entry e7: hand=[0.46, 0.078, 0.183] cup_gt=[0.483, 0.068]
[close] e3 t=155 hand_z=0.207 dxy=0.035 stall=0.407
[s1] step=75700 stages=['IDLE', 'FAIL', 'IDLE', 'CLOSE', 'IDLE', 'FAIL', 'IDLE', 'CLOSE'] picks=33 places=27 hand0=[-0.003, -0.409, 0.842] cup_xy0=[0.535, -0.063]
[close] e3 t=215 hand_z=0.207 dxy=0.035 stall=0.407
[close] e7 t=169 hand_z=0.159 dxy=0.062 stall=0.388
[s1] step=75800 stages=['IDLE', 'DESCEND', 'IDLE', 'FAIL', 'IDLE', 'IDLE', 'IDLE', 'CLOSE'] picks=33 places=27 hand0=[-0.215, -0.062, 0.119] cup_xy0=[0.535, -0.063]
[close] e7 t=229 hand_z=0.159 dxy=0.062 stall=0.388
[s1] close-entry e1: hand=[0.535, -0.08, 0.19] cup_gt=[0.538, -0.037]
[close] e1 t=25 hand_z=0.176 dxy=0.033 stall=0.381
[s1] step=75900 stages=['FAIL', 'CLOSE', 'FAIL', 'ALIGN', 'FAIL', 'IDLE', 'IDLE', 'FAIL'] picks=33 places=27 hand0=[-0.137, -0.067, 0.2] cup_xy0=[0.535, -0.063]
[close] e1 t=85 hand_z=0.175 dxy=0.035 stall=0.401
[s1] step=76000 stages=['IDLE', 'CLOSE', 'IDLE', 'DESCEND', 'IDLE', 'IDLE', 'FAIL', 'ALIGN'] picks=33 places=27 hand0=[-0.234, 0.084, 0.904] cup_xy0=[0.535, -0.063]
[s1] close-entry e3: hand=[0.447, -0.005, 0.19] cup_gt=[0.484, 0.009]
[close] e1 t=145 hand_z=0.175 dxy=0.035 stall=0.401
[close] e1 t=205 hand_z=0.175 dxy=0.035 stall=0.401
[s1] step=76100 stages=['IDLE', 'CLOSE', 'IDLE', 'CLOSE', 'IDLE', 'FAIL', 'IDLE', 'DESCEND'] picks=33 places=27 hand0=[0.085, -0.037, 1.081] cup_xy0=[0.535, -0.063]
[s1] close-entry e7: hand=[0.472, -0.009, 0.192] cup_gt=[0.47, 0.001]
[close] e3 t=121 hand_z=0.192 dxy=0.039 stall=0.382
[close] e3 t=181 hand_z=0.192 dxy=0.039 stall=0.382
[s1] step=76200 stages=['IDLE', 'IDLE', 'IDLE', 'CLOSE', 'IDLE', 'IDLE', 'IDLE', 'CLOSE'] picks=33 places=27 hand0=[0.001, 0.024, -0.236] cup_xy0=[0.535, -0.063]
[close] e3 t=241 hand_z=0.192 dxy=0.039 stall=0.382
[s1] step=76300 stages=['FAIL', 'ALIGN', 'FAIL', 'FAIL', 'FAIL', 'IDLE', 'IDLE', 'CLOSE'] picks=33 places=27 hand0=[-0.012, 0.124, 1.02] cup_xy0=[0.535, -0.063]
[close] e7 t=217 hand_z=0.159 dxy=0.050 stall=0.424
[s1] close-entry e1: hand=[0.481, 0.142, 0.184] cup_gt=[0.478, 0.2]
[s1] step=76400 stages=['IDLE', 'CLOSE', 'IDLE', 'ALIGN', 'IDLE', 'IDLE', 'IDLE', 'FAIL'] picks=33 places=27 hand0=[0.113, 0.232, 0.986] cup_xy0=[0.535, -0.063]
[close] e1 t=41 hand_z=0.194 dxy=0.033 stall=0.800
[s1] close-entry e3: hand=[0.573, -0.02, 0.187] cup_gt=[0.558, 0.12]
[close] e1 t=101 hand_z=0.193 dxy=0.035 stall=0.799
[s1] step=76500 stages=['IDLE', 'CLOSE', 'IDLE', 'CLOSE', 'IDLE', 'IDLE', 'IDLE', 'DESCEND'] picks=33 places=27 hand0=[-0.008, -0.015, 0.303] cup_xy0=[0.535, -0.063]
[close] e1 t=161 hand_z=0.193 dxy=0.035 stall=0.799
[s1] close-entry e7: hand=[0.4, -0.013, 0.187] cup_gt=[0.4, -0.015]
[s1] step=76600 stages=['IDLE', 'CLOSE', 'IDLE', 'CLOSE', 'IDLE', 'IDLE', 'IDLE', 'CLOSE'] picks=33 places=27 hand0=[0.046, -0.066, 0.957] cup_xy0=[0.535, -0.063]
[close] e1 t=221 hand_z=0.193 dxy=0.035 stall=0.799
[close] e3 t=183 hand_z=0.176 dxy=0.248 stall=0.391
[s1] step=76700 stages=['IDLE', 'FAIL', 'IDLE', 'CLOSE', 'IDLE', 'IDLE', 'FAIL', 'CLOSE'] picks=33 places=27 hand0=[-0.274, 0.016, 0.476] cup_xy0=[0.535, -0.063]
[close] e7 t=142 hand_z=0.191 dxy=0.010 stall=0.390
[close] e7 t=202 hand_z=0.191 dxy=0.010 stall=0.390
[s1] step=76800 stages=['IDLE', 'DESCEND', 'IDLE', 'IDLE', 'IDLE', 'FAIL', 'IDLE', 'CLOSE'] picks=33 places=27 hand0=[0.072, -0.384, 0.255] cup_xy0=[0.535, -0.063]
[s1] close-entry e1: hand=[0.442, -0.077, 0.184] cup_gt=[0.449, -0.073]
[close] e1 t=4 hand_z=0.185 dxy=0.006 stall=0.465
[s1] step=76900 stages=['IDLE', 'CLOSE', 'IDLE', 'ALIGN', 'IDLE', 'IDLE', 'IDLE', 'FAIL'] picks=33 places=27 hand0=[-0.27, -0.073, 1.017] cup_xy0=[0.535, -0.063]
[close] e1 t=64 hand_z=0.185 dxy=0.005 stall=0.503
[close] e1 t=124 hand_z=0.185 dxy=0.005 stall=0.506
[s1] step=77000 stages=['FAIL', 'CLOSE', 'FAIL', 'DESCEND', 'FAIL', 'IDLE', 'IDLE', 'ALIGN'] picks=33 places=27 hand0=[-0.085, -0.161, -0.134] cup_xy0=[0.535, -0.063]
[s1] close-entry e3: hand=[0.495, -0.075, 0.184] cup_gt=[0.49, -0.067]
[close] e1 t=184 hand_z=0.185 dxy=0.005 stall=0.506
[s1] acquire e0: vision=[0.513, -0.077] gt=[0.511, -0.075]
[s1] close-entry e7: hand=[0.545, 0.025, 0.182] cup_gt=[0.561, 0.007]
[s1] grasp-geom e1: hand-cup_xy=0.005 cup_gt=[0.446, -0.064, 0.021] vision_xy=[0.446, -0.07]
[s1] GRASP (drive stall) envs [1] stall=[0.501]
[close] e3 t=80 hand_z=0.200 dxy=0.015 stall=0.387
[lift] e1 t=3 cup_z=0.022 hand_z=0.186 stall=0.505
[s1] step=77100 stages=['ALIGN', 'LIFT', 'IDLE', 'CLOSE', 'IDLE', 'IDLE', 'IDLE', 'CLOSE'] picks=33 places=27 hand0=[-0.089, -0.042, -0.466] cup_xy0=[0.513, -0.077]
[lift] e1 t=23 cup_z=0.034 hand_z=0.198 stall=0.503
[lift] e1 t=43 cup_z=0.095 hand_z=0.260 stall=0.505
[s1] LIFTED envs [1] (physical, friction-held)
[close] e3 t=140 hand_z=0.200 dxy=0.014 stall=0.387
[s1] step=77200 stages=['ALIGN', 'CARRY', 'IDLE', 'CLOSE', 'IDLE', 'IDLE', 'IDLE', 'CLOSE'] picks=34 places=27 hand0=[0.01, -0.408, 0.213] cup_xy0=[0.513, -0.077]
[close] e3 t=200 hand_z=0.200 dxy=0.014 stall=0.387
[close] e7 t=188 hand_z=0.203 dxy=0.066 stall=0.396
[s1] step=77300 stages=['ALIGN', 'CARRY', 'IDLE', 'FAIL', 'IDLE', 'IDLE', 'IDLE', 'CLOSE'] picks=34 places=27 hand0=[-0.006, 0.282, 0.969] cup_xy0=[0.513, -0.077]
[s1] step=77400 stages=['ALIGN', 'CARRY', 'IDLE', 'DESCEND', 'FAIL', 'IDLE', 'IDLE', 'IDLE'] picks=34 places=27 hand0=[0.101, 0.343, 0.174] cup_xy0=[0.513, -0.077]
[s1] close-entry e3: hand=[0.418, -0.078, 0.187] cup_gt=[0.438, -0.063]
[close] e3 t=6 hand_z=0.187 dxy=0.044 stall=0.239
[s1] step=77500 stages=['FAIL', 'PLACE', 'IDLE', 'CLOSE', 'IDLE', 'FAIL', 'IDLE', 'DESCEND'] picks=34 places=27 hand0=[-0.315, 0.066, 0.386] cup_xy0=[0.513, -0.077]
[close] e3 t=66 hand_z=0.186 dxy=0.083 stall=0.410
[s1] acquire e0: vision=[0.574, -0.054] gt=[0.57, -0.052]
[s1] close-entry e7: hand=[0.457, -0.022, 0.192] cup_gt=[0.45, -0.034]
[close] e3 t=126 hand_z=0.186 dxy=0.083 stall=0.410
[s1] step=77600 stages=['ALIGN', 'PLACE', 'IDLE', 'CLOSE', 'IDLE', 'IDLE', 'IDLE', 'CLOSE'] picks=34 places=27 hand0=[0.003, 0.049, 1.154] cup_xy0=[0.574, -0.054]
[close] e3 t=186 hand_z=0.186 dxy=0.083 stall=0.410
[close] e7 t=146 hand_z=0.169 dxy=0.008 stall=0.432
[s1] step=77700 stages=['ALIGN', 'PLACE', 'FAIL', 'FAIL', 'IDLE', 'IDLE', 'IDLE', 'CLOSE'] picks=34 places=27 hand0=[-0.467, 0.083, 0.845] cup_xy0=[0.574, -0.054]
[close] e7 t=206 hand_z=0.169 dxy=0.008 stall=0.432
[s1] step=77800 stages=['ALIGN', 'IDLE', 'IDLE', 'ALIGN', 'IDLE', 'IDLE', 'FAIL', 'FAIL'] picks=34 places=27 hand0=[-0.013, -0.502, 0.837] cup_xy0=[0.574, -0.054]
[s1] step=77900 stages=['ALIGN', 'IDLE', 'IDLE', 'DESCEND', 'IDLE', 'FAIL', 'IDLE', 'IDLE'] picks=34 places=27 hand0=[-0.022, 0.385, -0.418] cup_xy0=[0.574, -0.054]
[s1] close-entry e3: hand=[0.465, -0.058, 0.183] cup_gt=[0.465, -0.065]
[close] e3 t=22 hand_z=0.199 dxy=0.021 stall=0.338
[close] e3 t=82 hand_z=0.201 dxy=0.021 stall=0.391
[s1] step=78000 stages=['FAIL', 'DESCEND', 'IDLE', 'CLOSE', 'IDLE', 'IDLE', 'IDLE', 'DESCEND'] picks=34 places=27 hand0=[-0.436, 0.017, 0.756] cup_xy0=[0.574, -0.054]
[s1] close-entry e1: hand=[0.478, 0.06, 0.187] cup_gt=[0.493, 0.066]
[close] e1 t=56 hand_z=0.154 dxy=0.054 stall=0.236
[s1] close-entry e7: hand=[0.476, -0.03, 0.184] cup_gt=[0.478, -0.032]
[s1] step=78100 stages=['IDLE', 'CLOSE', 'FAIL', 'CLOSE', 'FAIL', 'IDLE', 'IDLE', 'CLOSE'] picks=34 places=27 hand0=[0.133, -0.034, -0.283] cup_xy0=[0.574, -0.054]
[close] e1 t=116 hand_z=0.154 dxy=0.054 stall=0.235
[close] e1 t=176 hand_z=0.154 dxy=0.054 stall=0.235
[s1] step=78200 stages=['IDLE', 'CLOSE', 'IDLE', 'FAIL', 'IDLE', 'IDLE', 'IDLE', 'CLOSE'] picks=34 places=27 hand0=[-0.438, 0.006, 0.06] cup_xy0=[0.574, -0.054]
[close] e1 t=236 hand_z=0.154 dxy=0.054 stall=0.235
[close] e7 t=208 hand_z=0.190 dxy=0.013 stall=0.407
[s1] step=78300 stages=['IDLE', 'FAIL', 'IDLE', 'ALIGN', 'IDLE', 'IDLE', 'IDLE', 'CLOSE'] picks=34 places=27 hand0=[0.0, -0.166, 0.268] cup_xy0=[0.574, -0.054]
[s1] acquire e0: vision=[0.524, 0.068] gt=[0.521, 0.064]
[s1] step=78400 stages=['ALIGN', 'IDLE', 'IDLE', 'DESCEND', 'IDLE', 'IDLE', 'IDLE', 'IDLE'] picks=34 places=27 hand0=[0.0, -0.117, 0.938] cup_xy0=[0.524, 0.068]
[s1] close-entry e3: hand=[0.46, 0.013, 0.192] cup_gt=[0.458, 0.02]
[close] e3 t=9 hand_z=0.181 dxy=0.009 stall=0.263
[close] e3 t=69 hand_z=0.173 dxy=0.019 stall=0.414
[s1] step=78500 stages=['ALIGN', 'IDLE', 'IDLE', 'CLOSE', 'IDLE', 'IDLE', 'FAIL', 'DESCEND'] picks=34 places=27 hand0=[0.0, -0.222, -0.435] cup_xy0=[0.524, 0.068]
[close] e3 t=129 hand_z=0.173 dxy=0.023 stall=0.414
[close] e3 t=189 hand_z=0.173 dxy=0.028 stall=0.414
[s1] step=78600 stages=['ALIGN', 'IDLE', 'IDLE', 'CLOSE', 'IDLE', 'FAIL', 'IDLE', 'DESCEND'] picks=34 places=27 hand0=[-0.224, 0.0, -0.078] cup_xy0=[0.524, 0.068]
[s1] step=78700 stages=['ALIGN', 'IDLE', 'IDLE', 'FAIL', 'IDLE', 'IDLE', 'IDLE', 'DESCEND'] picks=34 places=27 hand0=[0.0, -0.357, 0.322] cup_xy0=[0.524, 0.068]
[s1] step=78800 stages=['FAIL', 'IDLE', 'FAIL', 'ALIGN', 'FAIL', 'IDLE', 'IDLE', 'DESCEND'] picks=34 places=27 hand0=[-0.0, -0.497, 0.311] cup_xy0=[0.524, 0.068]
[s1] step=78900 stages=['IDLE', 'IDLE', 'IDLE', 'DESCEND', 'IDLE', 'IDLE', 'FAIL', 'FAIL'] picks=34 places=27 hand0=[-0.127, 0.0, 0.133] cup_xy0=[0.524, 0.068]
[s1] close-entry e3: hand=[0.546, 0.068, 0.187] cup_gt=[0.567, 0.03]
[close] e3 t=48 hand_z=0.212 dxy=0.113 stall=0.418
[s1] step=79000 stages=['IDLE', 'FAIL', 'IDLE', 'CLOSE', 'IDLE', 'FAIL', 'IDLE', 'IDLE'] picks=34 places=27 hand0=[-0.0, -0.384, -0.105] cup_xy0=[0.524, 0.068]
[close] e3 t=108 hand_z=0.212 dxy=0.120 stall=0.418
[s1] close-entry e7: hand=[0.473, 0.006, 0.184] cup_gt=[0.509, -0.011]
[close] e3 t=168 hand_z=0.212 dxy=0.120 stall=0.418
[s1] step=79100 stages=['IDLE', 'IDLE', 'IDLE', 'CLOSE', 'IDLE', 'IDLE', 'IDLE', 'CLOSE'] picks=34 places=27 hand0=[0.0, -0.334, 0.403] cup_xy0=[0.524, 0.068]
[close] e3 t=228 hand_z=0.212 dxy=0.120 stall=0.418
[close] e7 t=124 hand_z=0.158 dxy=0.042 stall=0.372
[s1] step=79200 stages=['FAIL', 'IDLE', 'IDLE', 'FAIL', 'FAIL', 'IDLE', 'IDLE', 'CLOSE'] picks=34 places=27 hand0=[0.0, 0.006, -0.227] cup_xy0=[0.524, 0.068]
[close] e7 t=184 hand_z=0.158 dxy=0.042 stall=0.372
[s1] step=79300 stages=['IDLE', 'IDLE', 'IDLE', 'ALIGN', 'IDLE', 'IDLE', 'IDLE', 'CLOSE'] picks=34 places=27 hand0=[0.347, -0.0, 0.326] cup_xy0=[0.524, 0.068]
[s1] close-entry e3: hand=[0.52, -0.06, 0.188] cup_gt=[0.512, -0.015]
[close] e3 t=17 hand_z=0.186 dxy=0.012 stall=0.343
[s1] step=79400 stages=['IDLE', 'IDLE', 'IDLE', 'CLOSE', 'IDLE', 'IDLE', 'IDLE', 'IDLE'] picks=34 places=27 hand0=[-0.465, 0.0, 0.349] cup_xy0=[0.524, 0.068]
[close] e3 t=77 hand_z=0.185 dxy=0.016 stall=0.403
[close] e3 t=137 hand_z=0.185 dxy=0.015 stall=0.403
[s1] step=79500 stages=['IDLE', 'IDLE', 'FAIL', 'CLOSE', 'IDLE', 'IDLE', 'IDLE', 'ALIGN'] picks=34 places=27 hand0=[0.0, 0.193, 0.538] cup_xy0=[0.524, 0.068]
[close] e3 t=197 hand_z=0.185 dxy=0.015 stall=0.403
[s1] step=79600 stages=['IDLE', 'IDLE', 'IDLE', 'CLOSE', 'IDLE', 'IDLE', 'FAIL', 'DESCEND'] picks=34 places=27 hand0=[-0.04, -0.322, 0.348] cup_xy0=[0.524, 0.068]
[s1] step=79700 stages=['IDLE', 'FAIL', 'IDLE', 'ALIGN', 'IDLE', 'FAIL', 'IDLE', 'DESCEND'] picks=34 places=27 hand0=[0.007, -0.446, 0.674] cup_xy0=[0.524, 0.068]
[s1] close-entry e7: hand=[0.494, 0.059, 0.183] cup_gt=[0.523, 0.024]
[close] e7 t=42 hand_z=0.196 dxy=0.051 stall=0.433
[s1] step=79800 stages=['IDLE', 'IDLE', 'IDLE', 'DESCEND', 'IDLE', 'IDLE', 'IDLE', 'CLOSE'] picks=34 places=27 hand0=[-0.416, 0.0, -0.323] cup_xy0=[0.524, 0.068]
[s1] close-entry e3: hand=[0.549, 0.032, 0.191] cup_gt=[0.55, 0.079]
[close] e3 t=25 hand_z=0.184 dxy=0.007 stall=0.371
[s1] step=79900 stages=['FAIL', 'IDLE', 'FAIL', 'CLOSE', 'FAIL', 'IDLE', 'IDLE', 'CLOSE'] picks=34 places=27 hand0=[-0.0, -0.316, 0.183] cup_xy0=[0.524, 0.068]
[close] e3 t=85 hand_z=0.182 dxy=0.015 stall=0.420
[close] e3 t=145 hand_z=0.182 dxy=0.016 stall=0.420
[s1] step=80000 stages=['IDLE', 'IDLE', 'IDLE', 'CLOSE', 'IDLE', 'IDLE', 'IDLE', 'FAIL'] picks=34 places=27 hand0=[-0.347, -0.115, -0.168] cup_xy0=[0.524, 0.068]
[close] e3 t=205 hand_z=0.182 dxy=0.016 stall=0.421
[s1] step=80100 stages=['IDLE', 'FAIL', 'IDLE', 'FAIL', 'IDLE', 'IDLE', 'IDLE', 'ALIGN'] picks=34 places=27 hand0=[-0.019, 0.04, 0.13] cup_xy0=[0.524, 0.068]
[s1] step=80200 stages=['IDLE', 'IDLE', 'IDLE', 'ALIGN', 'IDLE', 'IDLE', 'IDLE', 'DESCEND'] picks=34 places=27 hand0=[0.124, 0.0, 0.208] cup_xy0=[0.524, 0.068]
[s1] close-entry e7: hand=[0.489, 0.01, 0.185] cup_gt=[0.486, 0.006]
[close] e7 t=3 hand_z=0.189 dxy=0.006 stall=0.240
[close] e7 t=63 hand_z=0.205 dxy=0.041 stall=0.387
[s1] close-entry e3: hand=[0.529, 0.047, 0.189] cup_gt=[0.526, 0.049]
[s1] step=80300 stages=['IDLE', 'IDLE', 'IDLE', 'CLOSE', 'FAIL', 'IDLE', 'FAIL', 'CLOSE'] picks=34 places=27 hand0=[-0.13, -0.145, 1.083] cup_xy0=[0.524, 0.068]
[close] e3 t=47 hand_z=0.157 dxy=0.020 stall=0.339
[close] e3 t=107 hand_z=0.152 dxy=0.025 stall=0.120
[s1] step=80400 stages=['IDLE', 'IDLE', 'IDLE', 'CLOSE', 'IDLE', 'FAIL', 'IDLE', 'CLOSE'] picks=34 places=27 hand0=[-0.319, 0.0, -0.32] cup_xy0=[0.524, 0.068]
[close] e3 t=167 hand_z=0.152 dxy=0.025 stall=0.143
[s1] step=80500 stages=['IDLE', 'IDLE', 'IDLE', 'CLOSE', 'IDLE', 'IDLE', 'IDLE', 'FAIL'] picks=34 places=27 hand0=[0.327, 0.124, 0.874] cup_xy0=[0.524, 0.068]
[close] e3 t=227 hand_z=0.153 dxy=0.025 stall=0.154
[s1] step=80600 stages=['FAIL', 'IDLE', 'FAIL', 'IDLE', 'IDLE', 'IDLE', 'IDLE', 'ALIGN'] picks=34 places=27 hand0=[0.361, -0.064, 0.671] cup_xy0=[0.524, 0.068]
[s1] close-entry e7: hand=[0.511, 0.02, 0.184] cup_gt=[0.535, 0.019]
[close] e7 t=11 hand_z=0.171 dxy=0.045 stall=0.297
[s1] step=80700 stages=['IDLE', 'IDLE', 'IDLE', 'ALIGN', 'IDLE', 'IDLE', 'FAIL', 'CLOSE'] picks=34 places=27 hand0=[0.082, 0.139, -0.162] cup_xy0=[0.524, 0.068]
[close] e7 t=71 hand_z=0.162 dxy=0.074 stall=0.400
[s1] step=80800 stages=['IDLE', 'FAIL', 'IDLE', 'DESCEND', 'IDLE', 'FAIL', 'IDLE', 'CLOSE'] picks=34 places=27 hand0=[-0.0, -0.452, -0.248] cup_xy0=[0.524, 0.068]
[s1] close-entry e3: hand=[0.442, -0.049, 0.191] cup_gt=[0.466, -0.049]
[close] e3 t=1 hand_z=0.191 dxy=0.024 stall=0.240
[close] e3 t=61 hand_z=0.164 dxy=0.050 stall=0.416
[s1] step=80900 stages=['IDLE', 'IDLE', 'IDLE', 'CLOSE', 'IDLE', 'IDLE', 'IDLE', 'CLOSE'] picks=34 places=27 hand0=[-0.458, 0.122, 0.217] cup_xy0=[0.524, 0.068]
[close] e3 t=121 hand_z=0.164 dxy=0.050 stall=0.416
[close] e3 t=181 hand_z=0.164 dxy=0.050 stall=0.416
[s1] step=81000 stages=['FAIL', 'IDLE', 'FAIL', 'CLOSE', 'FAIL', 'IDLE', 'IDLE', 'IDLE'] picks=34 places=27 hand0=[-0.053, 0.34, 0.069] cup_xy0=[0.524, 0.068]
[close] e3 t=241 hand_z=0.164 dxy=0.050 stall=0.416
[s1] step=81100 stages=['IDLE', 'IDLE', 'IDLE', 'FAIL', 'IDLE', 'IDLE', 'IDLE', 'DESCEND'] picks=34 places=27 hand0=[-0.016, -0.103, 0.546] cup_xy0=[0.524, 0.068]
[s1] close-entry e7: hand=[0.563, 0.039, 0.188] cup_gt=[0.557, 0.004]
[close] e7 t=28 hand_z=0.164 dxy=0.033 stall=0.368
[s1] step=81200 stages=['IDLE', 'FAIL', 'IDLE', 'ALIGN', 'IDLE', 'IDLE', 'IDLE', 'CLOSE'] picks=34 places=27 hand0=[-0.043, -0.272, 0.61] cup_xy0=[0.524, 0.068]
[close] e7 t=88 hand_z=0.163 dxy=0.037 stall=0.429
[close] e7 t=148 hand_z=0.163 dxy=0.037 stall=0.429
[s1] step=81300 stages=['IDLE', 'IDLE', 'IDLE', 'DESCEND', 'IDLE', 'IDLE', 'IDLE', 'CLOSE'] picks=34 places=27 hand0=[0.0, 0.21, 0.58] cup_xy0=[0.524, 0.068]
[s1] close-entry e3: hand=[0.496, 0.086, 0.185] cup_gt=[0.515, 0.12]
[close] e3 t=10 hand_z=0.186 dxy=0.056 stall=0.302
[s1] step=81400 stages=['IDLE', 'IDLE', 'IDLE', 'CLOSE', 'IDLE', 'IDLE', 'FAIL', 'FAIL'] picks=34 places=27 hand0=[-0.0, -0.587, -0.126] cup_xy0=[0.524, 0.068]
[close] e3 t=70 hand_z=0.179 dxy=0.077 stall=0.395
[close] e3 t=130 hand_z=0.179 dxy=0.078 stall=0.396
[s1] step=81500 stages=['IDLE', 'IDLE', 'IDLE', 'CLOSE', 'IDLE', 'FAIL', 'IDLE', 'IDLE'] picks=34 places=27 hand0=[0.0, 0.058, 0.863] cup_xy0=[0.524, 0.068]
[close] e3 t=190 hand_z=0.179 dxy=0.078 stall=0.396
[s1] step=81600 stages=['IDLE', 'IDLE', 'IDLE', 'FAIL', 'IDLE', 'IDLE', 'IDLE', 'ALIGN'] picks=34 places=27 hand0=[0.126, 0.326, 0.159] cup_xy0=[0.524, 0.068]
[s1] step=81700 stages=['FAIL', 'IDLE', 'FAIL', 'ALIGN', 'FAIL', 'IDLE', 'IDLE', 'ALIGN'] picks=34 places=27 hand0=[-0.374, -0.057, 0.235] cup_xy0=[0.524, 0.068]
[s1] step=81800 stages=['IDLE', 'IDLE', 'IDLE', 'DESCEND', 'IDLE', 'IDLE', 'FAIL', 'ALIGN'] picks=34 places=27 hand0=[-0.378, -0.037, -0.367] cup_xy0=[0.524, 0.068]
[s1] close-entry e3: hand=[0.367, -0.051, 0.188] cup_gt=[0.348, -0.007]
[close] e3 t=1 hand_z=0.188 dxy=0.048 stall=0.239
[s1] acquire e0: vision=[0.569, -0.015] gt=[0.564, -0.016]
[close] e3 t=61 hand_z=0.186 dxy=0.086 stall=0.427
[s1] step=81900 stages=['ALIGN', 'FAIL', 'IDLE', 'CLOSE', 'IDLE', 'IDLE', 'IDLE', 'ALIGN'] picks=34 places=27 hand0=[-0.074, -0.066, 0.96] cup_xy0=[0.569, -0.015]
[close] e3 t=121 hand_z=0.186 dxy=0.106 stall=0.427
[s1] step=82000 stages=['ALIGN', 'IDLE', 'IDLE', 'CLOSE', 'IDLE', 'IDLE', 'IDLE', 'IDLE'] picks=34 places=27 hand0=[0.605, -0.031, -0.053] cup_xy0=[0.569, -0.015]
[close] e3 t=181 hand_z=0.186 dxy=0.108 stall=0.427
[close] e3 t=241 hand_z=0.186 dxy=0.109 stall=0.427
[s1] step=82100 stages=['ALIGN', 'IDLE', 'IDLE', 'FAIL', 'FAIL', 'IDLE', 'IDLE', 'DESCEND'] picks=34 places=27 hand0=[-0.236, 0.101, -0.446] cup_xy0=[0.569, -0.015]
[s1] close-entry e7: hand=[0.401, 0.041, 0.187] cup_gt=[0.437, 0.019]
[close] e7 t=37 hand_z=0.172 dxy=0.047 stall=0.392
[s1] step=82200 stages=['ALIGN', 'IDLE', 'IDLE', 'ALIGN', 'IDLE', 'FAIL', 'IDLE', 'CLOSE'] picks=34 places=27 hand0=[-0.044, 0.007, 1.177] cup_xy0=[0.569, -0.015]
[close] e7 t=97 hand_z=0.171 dxy=0.055 stall=0.392
[s1] step=82300 stages=['FAIL', 'IDLE', 'IDLE', 'ALIGN', 'IDLE', 'IDLE', 'IDLE', 'CLOSE'] picks=34 places=27 hand0=[0.203, -0.065, -0.408] cup_xy0=[0.569, -0.015]
[close] e7 t=157 hand_z=0.171 dxy=0.056 stall=0.392
[close] e7 t=217 hand_z=0.171 dxy=0.056 stall=0.392
[s1] step=82400 stages=['IDLE', 'IDLE', 'FAIL', 'ALIGN', 'IDLE', 'IDLE', 'IDLE', 'CLOSE'] picks=34 places=27 hand0=[0.026, -0.068, 0.34] cup_xy0=[0.569, -0.015]
[s1] step=82500 stages=['IDLE', 'IDLE', 'IDLE', 'ALIGN', 'IDLE', 'IDLE', 'FAIL', 'ALIGN'] picks=34 places=27 hand0=[-0.01, -0.424, -0.066] cup_xy0=[0.569, -0.015]
[s1] close-entry e7: hand=[0.428, -0.076, 0.189] cup_gt=[0.422, -0.072]
[s1] step=82600 stages=['IDLE', 'FAIL', 'IDLE', 'FAIL', 'IDLE', 'FAIL', 'IDLE', 'CLOSE'] picks=34 places=27 hand0=[-0.203, 0.059, 1.153] cup_xy0=[0.569, -0.015]
[close] e7 t=23 hand_z=0.163 dxy=0.007 stall=0.331
[close] e7 t=83 hand_z=0.161 dxy=0.009 stall=0.412
[s1] step=82700 stages=['IDLE', 'IDLE', 'IDLE', 'IDLE', 'IDLE', 'IDLE', 'IDLE', 'CLOSE'] picks=34 places=27 hand0=[0.046, 0.022, 0.291] cup_xy0=[0.569, -0.015]
[close] e7 t=143 hand_z=0.161 dxy=0.009 stall=0.412
[close] e7 t=203 hand_z=0.161 dxy=0.009 stall=0.412
[s1] step=82800 stages=['IDLE', 'IDLE', 'FAIL', 'ALIGN', 'FAIL', 'IDLE', 'IDLE', 'CLOSE'] picks=34 places=27 hand0=[-0.085, 0.011, 0.292] cup_xy0=[0.569, -0.015]
[s1] close-entry e3: hand=[0.519, -0.073, 0.188] cup_gt=[0.553, -0.048]
[s1] step=82900 stages=['IDLE', 'IDLE', 'IDLE', 'CLOSE', 'IDLE', 'IDLE', 'IDLE', 'IDLE'] picks=34 places=27 hand0=[0.247, -0.027, 0.64] cup_xy0=[0.569, -0.015]
[close] e3 t=29 hand_z=0.182 dxy=0.013 stall=0.379
[close] e3 t=89 hand_z=0.182 dxy=0.013 stall=0.382
[s1] step=83000 stages=['FAIL', 'FAIL', 'IDLE', 'CLOSE', 'IDLE', 'IDLE', 'IDLE', 'DESCEND'] picks=34 places=27 hand0=[0.013, 0.471, 0.388] cup_xy0=[0.569, -0.015]
[close] e3 t=149 hand_z=0.182 dxy=0.013 stall=0.382
[s1] close-entry e7: hand=[0.449, 0.087, 0.19] cup_gt=[0.448, 0.076]
[close] e3 t=209 hand_z=0.182 dxy=0.013 stall=0.382
[s1] step=83100 stages=['IDLE', 'IDLE', 'IDLE', 'CLOSE', 'IDLE', 'IDLE', 'IDLE', 'CLOSE'] picks=34 places=27 hand0=[0.059, 0.185, 0.598] cup_xy0=[0.569, -0.015]
[close] e7 t=108 hand_z=0.167 dxy=0.017 stall=0.380
[s1] step=83200 stages=['IDLE', 'IDLE', 'IDLE', 'IDLE', 'IDLE', 'IDLE', 'FAIL', 'CLOSE'] picks=34 places=27 hand0=[-0.139, 0.097, 1.009] cup_xy0=[0.569, -0.015]
[close] e7 t=168 hand_z=0.167 dxy=0.017 stall=0.380
[close] e7 t=228 hand_z=0.167 dxy=0.017 stall=0.380
[s1] step=83300 stages=['IDLE', 'IDLE', 'IDLE', 'DESCEND', 'IDLE', 'FAIL', 'IDLE', 'FAIL'] picks=34 places=27 hand0=[-0.204, -0.021, 0.695] cup_xy0=[0.569, -0.015]
[s1] close-entry e3: hand=[0.5, 0.053, 0.191] cup_gt=[0.491, 0.036]
[close] e3 t=23 hand_z=0.157 dxy=0.039 stall=0.310
[s1] step=83400 stages=['FAIL', 'IDLE', 'IDLE', 'CLOSE', 'IDLE', 'IDLE', 'IDLE', 'IDLE'] picks=34 places=27 hand0=[0.053, 0.523, -0.19] cup_xy0=[0.569, -0.015]
[close] e3 t=83 hand_z=0.158 dxy=0.042 stall=0.375
[s1] step=83500 stages=['IDLE', 'IDLE', 'FAIL', 'CLOSE', 'IDLE', 'IDLE', 'IDLE', 'DESCEND'] picks=34 places=27 hand0=[-0.059, 0.087, -0.398] cup_xy0=[0.569, -0.015]
[s1] close-entry e7: hand=[0.421, -0.073, 0.19] cup_gt=[0.441, -0.052]
[close] e3 t=143 hand_z=0.158 dxy=0.042 stall=0.374
[close] e3 t=203 hand_z=0.158 dxy=0.042 stall=0.374
[s1] step=83600 stages=['IDLE', 'IDLE', 'IDLE', 'CLOSE', 'IDLE', 'IDLE', 'FAIL', 'CLOSE'] picks=34 places=27 hand0=[0.01, -0.35, 0.346] cup_xy0=[0.569, -0.015]
[close] e7 t=131 hand_z=0.189 dxy=0.040 stall=0.412
[close] e7 t=191 hand_z=0.189 dxy=0.040 stall=0.412
[s1] step=83700 stages=['IDLE', 'FAIL', 'IDLE', 'IDLE', 'IDLE', 'FAIL', 'IDLE', 'CLOSE'] picks=34 places=27 hand0=[-0.04, -0.108, 0.471] cup_xy0=[0.569, -0.015]
[s1] step=83800 stages=['IDLE', 'IDLE', 'IDLE', 'DESCEND', 'IDLE', 'IDLE', 'IDLE', 'FAIL'] picks=34 places=27 hand0=[-0.404, 0.038, -0.085] cup_xy0=[0.569, -0.015]
[s1] step=83900 stages=['IDLE', 'IDLE', 'FAIL', 'DESCEND', 'FAIL', 'IDLE', 'IDLE', 'DESCEND'] picks=34 places=27 hand0=[-0.508, 0.076, 0.549] cup_xy0=[0.569, -0.015]
[s1] step=84000 stages=['IDLE', 'IDLE', 'IDLE', 'DESCEND', 'ALIGN', 'IDLE', 'IDLE', 'DESCEND'] picks=34 places=27 hand0=[0.195, 0.0, 0.466] cup_xy0=[0.569, -0.015]
[s1] close-entry e7: hand=[0.524, -0.068, 0.186] cup_gt=[0.541, -0.108]
[close] e7 t=59 hand_z=0.161 dxy=0.094 stall=0.396
[s1] step=84100 stages=['FAIL', 'IDLE', 'ALIGN', 'DESCEND', 'ALIGN', 'IDLE', 'IDLE', 'CLOSE'] picks=34 places=27 hand0=[-0.058, 0.47, 0.161] cup_xy0=[0.569, -0.015]
[close] e7 t=119 hand_z=0.161 dxy=0.095 stall=0.429
[close] e7 t=179 hand_z=0.161 dxy=0.095 stall=0.429
[s1] step=84200 stages=['IDLE', 'IDLE', 'ALIGN', 'FAIL', 'ALIGN', 'IDLE', 'IDLE', 'CLOSE'] picks=34 places=27 hand0=[-0.025, 0.133, 0.314] cup_xy0=[0.569, -0.015]
[close] e7 t=239 hand_z=0.161 dxy=0.095 stall=0.429
[s1] step=84300 stages=['IDLE', 'IDLE', 'ALIGN', 'IDLE', 'ALIGN', 'IDLE', 'FAIL', 'FAIL'] picks=34 places=27 hand0=[0.02, 0.183, 0.721] cup_xy0=[0.569, -0.015]
[s1] step=84400 stages=['IDLE', 'FAIL', 'ALIGN', 'IDLE', 'FAIL', 'FAIL', 'IDLE', 'DESCEND'] picks=34 places=27 hand0=[0.035, 0.334, -0.054] cup_xy0=[0.569, -0.015]
[s1] close-entry e7: hand=[0.312, -0.025, 0.192] cup_gt=[0.24, 0.009]
[close] e7 t=29 hand_z=0.182 dxy=0.087 stall=0.381
[s1] step=84500 stages=['IDLE', 'IDLE', 'IDLE', 'IDLE', 'IDLE', 'IDLE', 'IDLE', 'CLOSE'] picks=34 places=27 hand0=[-0.162, 0.108, -0.387] cup_xy0=[0.569, -0.015]
[close] e7 t=89 hand_z=0.183 dxy=0.088 stall=0.392
[close] e7 t=149 hand_z=0.183 dxy=0.088 stall=0.392
[s1] step=84600 stages=['IDLE', 'IDLE', 'ALIGN', 'IDLE', 'IDLE', 'IDLE', 'IDLE', 'CLOSE'] picks=34 places=27 hand0=[0.028, -0.298, 0.167] cup_xy0=[0.569, -0.015]
[close] e7 t=209 hand_z=0.183 dxy=0.088 stall=0.392
[s1] step=84700 stages=['IDLE', 'IDLE', 'ALIGN', 'IDLE', 'ALIGN', 'IDLE', 'FAIL', 'FAIL'] picks=34 places=27 hand0=[-0.075, -0.39, 0.542] cup_xy0=[0.569, -0.015]
[s1] step=84800 stages=['FAIL', 'FAIL', 'ALIGN', 'IDLE', 'ALIGN', 'IDLE', 'IDLE', 'ALIGN'] picks=34 places=27 hand0=[0.049, -0.145, 0.96] cup_xy0=[0.569, -0.015]
[s1] step=84900 stages=['IDLE', 'IDLE', 'ALIGN', 'FAIL', 'ALIGN', 'IDLE', 'IDLE', 'ALIGN'] picks=34 places=27 hand0=[-0.048, -0.589, 0.145] cup_xy0=[0.569, -0.015]
[s1] step=85000 stages=['IDLE', 'IDLE', 'IDLE', 'IDLE', 'ALIGN', 'IDLE', 'IDLE', 'ALIGN'] picks=34 places=27 hand0=[-0.418, -0.031, 0.261] cup_xy0=[0.569, -0.015]
[s1] step=85100 stages=['IDLE', 'IDLE', 'IDLE', 'IDLE', 'FAIL', 'FAIL', 'IDLE', 'ALIGN'] picks=34 places=27 hand0=[0.057, -0.282, 1.0] cup_xy0=[0.569, -0.015]
[s1] step=85200 stages=['FAIL', 'IDLE', 'IDLE', 'IDLE', 'IDLE', 'IDLE', 'IDLE', 'FAIL'] picks=34 places=27 hand0=[-0.0, 0.07, 0.389] cup_xy0=[0.569, -0.015]
[s1] step=85300 stages=['IDLE', 'IDLE', 'FAIL', 'FAIL', 'IDLE', 'IDLE', 'IDLE', 'IDLE'] picks=34 places=27 hand0=[0.139, 0.012, 0.523] cup_xy0=[0.569, -0.015]
[s1] step=85400 stages=['IDLE', 'IDLE', 'IDLE', 'IDLE', 'IDLE', 'IDLE', 'FAIL', 'DESCEND'] picks=34 places=27 hand0=[-0.342, -0.011, 0.252] cup_xy0=[0.569, -0.015]
[s1] close-entry e7: hand=[0.481, -0.071, 0.187] cup_gt=[0.507, -0.062]
[close] e7 t=60 hand_z=0.159 dxy=0.034 stall=0.377
[s1] step=85500 stages=['IDLE', 'FAIL', 'IDLE', 'IDLE', 'IDLE', 'FAIL', 'IDLE', 'CLOSE'] picks=34 places=27 hand0=[0.087, 0.046, 0.316] cup_xy0=[0.569, -0.015]
[close] e7 t=120 hand_z=0.159 dxy=0.034 stall=0.377
[s1] step=85600 stages=['IDLE', 'IDLE', 'IDLE', 'IDLE', 'IDLE', 'IDLE', 'IDLE', 'CLOSE'] picks=34 places=27 hand0=[0.0, 0.095, 0.252] cup_xy0=[0.569, -0.015]
[close] e7 t=180 hand_z=0.159 dxy=0.034 stall=0.377
[close] e7 t=240 hand_z=0.159 dxy=0.034 stall=0.377
[s1] step=85700 stages=['IDLE', 'ALIGN', 'IDLE', 'IDLE', 'IDLE', 'IDLE', 'IDLE', 'FAIL'] picks=34 places=27 hand0=[-0.395, 0.011, 0.879] cup_xy0=[0.569, -0.015]
[s1] step=85800 stages=['IDLE', 'ALIGN', 'IDLE', 'IDLE', 'FAIL', 'IDLE', 'IDLE', 'ALIGN'] picks=34 places=27 hand0=[-0.023, 0.331, 0.347] cup_xy0=[0.569, -0.015]
[s1] step=85900 stages=['FAIL', 'ALIGN', 'IDLE', 'IDLE', 'IDLE', 'IDLE', 'IDLE', 'DESCEND'] picks=34 places=27 hand0=[0.342, 0.135, 0.352] cup_xy0=[0.569, -0.015]
[s1] close-entry e7: hand=[0.578, 0.017, 0.186] cup_gt=[0.595, 0.093]
[close] e7 t=15 hand_z=0.206 dxy=0.083 stall=0.303
[close] e7 t=75 hand_z=0.217 dxy=0.101 stall=0.419
[s1] step=86000 stages=['IDLE', 'ALIGN', 'FAIL', 'FAIL', 'IDLE', 'IDLE', 'IDLE', 'CLOSE'] picks=34 places=27 hand0=[0.103, -0.112, -0.375] cup_xy0=[0.569, -0.015]
[close] e7 t=135 hand_z=0.217 dxy=0.107 stall=0.419
[close] e7 t=195 hand_z=0.217 dxy=0.108 stall=0.419
[s1] step=86100 stages=['IDLE', 'FAIL', 'IDLE', 'IDLE', 'IDLE', 'IDLE', 'FAIL', 'CLOSE'] picks=34 places=27 hand0=[0.341, -0.066, 0.462] cup_xy0=[0.569, -0.015]
[s1] step=86200 stages=['IDLE', 'IDLE', 'IDLE', 'IDLE', 'IDLE', 'FAIL', 'IDLE', 'FAIL'] picks=34 places=27 hand0=[0.382, -0.059, -0.095] cup_xy0=[0.569, -0.015]
[s1] step=86300 stages=['FAIL', 'IDLE', 'IDLE', 'IDLE', 'IDLE', 'IDLE', 'IDLE', 'ALIGN'] picks=34 places=27 hand0=[-0.341, -0.076, -0.31] cup_xy0=[0.569, -0.015]
[s1] acquire e0: vision=[0.429, -0.007] gt=[0.423, -0.014]
[s1] close-entry e7: hand=[0.47, 0.019, 0.184] cup_gt=[0.516, -0.013]
[close] e7 t=9 hand_z=0.197 dxy=0.041 stall=0.287
[s1] step=86400 stages=['ALIGN', 'IDLE', 'FAIL', 'IDLE', 'IDLE', 'IDLE', 'IDLE', 'CLOSE'] picks=34 places=27 hand0=[0.157, 0.014, 0.207] cup_xy0=[0.429, -0.007]
[close] e7 t=69 hand_z=0.207 dxy=0.044 stall=0.408
[s1] step=86500 stages=['ALIGN', 'FAIL', 'IDLE', 'IDLE', 'FAIL', 'IDLE', 'FAIL', 'CLOSE'] picks=34 places=27 hand0=[0.103, 0.53, 0.104] cup_xy0=[0.429, -0.007]
[close] e7 t=129 hand_z=0.207 dxy=0.045 stall=0.408
[close] e7 t=189 hand_z=0.207 dxy=0.045 stall=0.408
[s1] step=86600 stages=['ALIGN', 'IDLE', 'IDLE', 'IDLE', 'IDLE', 'FAIL', 'IDLE', 'CLOSE'] picks=34 places=27 hand0=[-0.081, 0.126, -0.376] cup_xy0=[0.429, -0.007]
[s1] step=86700 stages=['ALIGN', 'IDLE', 'IDLE', 'FAIL', 'IDLE', 'ALIGN', 'IDLE', 'IDLE'] picks=34 places=27 hand0=[0.023, 0.004, 0.378] cup_xy0=[0.429, -0.007]
[s1] step=86800 stages=['IDLE', 'IDLE', 'IDLE', 'IDLE', 'IDLE', 'ALIGN', 'IDLE', 'DESCEND'] picks=34 places=27 hand0=[-0.137, 0.328, -0.305] cup_xy0=[0.429, -0.007]
[s1] close-entry e7: hand=[0.446, -0.045, 0.19] cup_gt=[0.456, -0.052]
[s1] acquire e0: vision=[0.458, 0.06] gt=[0.457, 0.046]
[close] e7 t=50 hand_z=0.221 dxy=0.037 stall=0.430
[s1] step=86900 stages=['ALIGN', 'IDLE', 'IDLE', 'IDLE', 'FAIL', 'ALIGN', 'IDLE', 'CLOSE'] picks=34 places=27 hand0=[-0.532, 0.044, 0.919] cup_xy0=[0.458, 0.06]
[close] e7 t=110 hand_z=0.221 dxy=0.044 stall=0.430
[close] e7 t=170 hand_z=0.221 dxy=0.044 stall=0.430
[s1] step=87000 stages=['ALIGN', 'IDLE', 'IDLE', 'IDLE', 'IDLE', 'ALIGN', 'IDLE', 'CLOSE'] picks=34 places=27 hand0=[0.04, -0.178, 0.606] cup_xy0=[0.458, 0.06]
[close] e7 t=230 hand_z=0.221 dxy=0.044 stall=0.430
[s1] step=87100 stages=['ALIGN', 'IDLE', 'FAIL', 'FAIL', 'IDLE', 'FAIL', 'IDLE', 'FAIL'] picks=34 places=27 hand0=[0.32, 0.048, 0.186] cup_xy0=[0.458, 0.06]
[s1] step=87200 stages=['ALIGN', 'FAIL', 'IDLE', 'IDLE', 'IDLE', 'IDLE', 'FAIL', 'ALIGN'] picks=34 places=27 hand0=[-0.453, -0.096, 0.633] cup_xy0=[0.458, 0.06]
[s1] step=87300 stages=['IDLE', 'IDLE', 'IDLE', 'IDLE', 'IDLE', 'IDLE', 'IDLE', 'DESCEND'] picks=34 places=27 hand0=[-0.291, 0.112, 0.917] cup_xy0=[0.458, 0.06]
[s1] step=87400 stages=['IDLE', 'IDLE', 'IDLE', 'IDLE', 'IDLE', 'IDLE', 'IDLE', 'DESCEND'] picks=34 places=27 hand0=[-0.005, 0.372, 0.459] cup_xy0=[0.458, 0.06]
[s1] step=87500 stages=['IDLE', 'IDLE', 'IDLE', 'IDLE', 'IDLE', 'FAIL', 'IDLE', 'DESCEND'] picks=34 places=27 hand0=[0.126, 0.02, 0.191] cup_xy0=[0.458, 0.06]
[s1] close-entry e7: hand=[0.52, -0.069, 0.189] cup_gt=[0.519, -0.064]
[close] e7 t=39 hand_z=0.222 dxy=0.037 stall=0.386
[close] e7 t=99 hand_z=0.223 dxy=0.039 stall=0.386
[s1] step=87600 stages=['FAIL', 'IDLE', 'IDLE', 'IDLE', 'FAIL', 'IDLE', 'IDLE', 'CLOSE'] picks=34 places=27 hand0=[0.116, 0.395, 0.172] cup_xy0=[0.458, 0.06]
[close] e7 t=159 hand_z=0.223 dxy=0.039 stall=0.386
[s1] step=87700 stages=['IDLE', 'IDLE', 'IDLE', 'IDLE', 'IDLE', 'IDLE', 'IDLE', 'CLOSE'] picks=34 places=27 hand0=[-0.559, 0.105, 0.606] cup_xy0=[0.458, 0.06]
[close] e7 t=219 hand_z=0.223 dxy=0.039 stall=0.386
[s1] step=87800 stages=['IDLE', 'IDLE', 'FAIL', 'FAIL', 'IDLE', 'IDLE', 'IDLE', 'FAIL'] picks=34 places=27 hand0=[-0.023, -0.565, 0.44] cup_xy0=[0.458, 0.06]
[s1] step=87900 stages=['IDLE', 'FAIL', 'IDLE', 'IDLE', 'IDLE', 'IDLE', 'FAIL', 'ALIGN'] picks=34 places=27 hand0=[-0.013, -0.13, -0.511] cup_xy0=[0.458, 0.06]
[s1] close-entry e7: hand=[0.532, -0.001, 0.192] cup_gt=[0.52, 0.011]
[s1] step=88000 stages=['FAIL', 'IDLE', 'IDLE', 'IDLE', 'FAIL', 'IDLE', 'IDLE', 'CLOSE'] picks=34 places=27 hand0=[0.25, -0.012, 0.504] cup_xy0=[0.458, 0.06]
[close] e7 t=59 hand_z=0.162 dxy=0.013 stall=0.398
[close] e7 t=119 hand_z=0.162 dxy=0.013 stall=0.398
[s1] step=88100 stages=['IDLE', 'IDLE', 'IDLE', 'IDLE', 'IDLE', 'IDLE', 'IDLE', 'CLOSE'] picks=34 places=27 hand0=[-0.048, 0.335, 0.09] cup_xy0=[0.458, 0.06]
[close] e7 t=179 hand_z=0.162 dxy=0.013 stall=0.398
[close] e7 t=239 hand_z=0.162 dxy=0.013 stall=0.398
[s1] step=88200 stages=['IDLE', 'IDLE', 'FAIL', 'FAIL', 'IDLE', 'FAIL', 'IDLE', 'CLOSE'] picks=34 places=27 hand0=[-0.082, -0.427, -0.314] cup_xy0=[0.458, 0.06]
[s1] step=88300 stages=['IDLE', 'FAIL', 'IDLE', 'IDLE', 'IDLE', 'IDLE', 'FAIL', 'ALIGN'] picks=34 places=27 hand0=[-0.376, 0.015, 0.408] cup_xy0=[0.458, 0.06]
[s1] step=88400 stages=['IDLE', 'IDLE', 'IDLE', 'IDLE', 'IDLE', 'IDLE', 'IDLE', 'DESCEND'] picks=34 places=27 hand0=[0.035, 0.219, 1.041] cup_xy0=[0.458, 0.06]
[s1] close-entry e7: hand=[0.571, -0.013, 0.187] cup_gt=[0.578, 0.042]
[close] e7 t=8 hand_z=0.196 dxy=0.036 stall=0.261
[close] e7 t=68 hand_z=0.194 dxy=0.041 stall=0.404
[s1] step=88500 stages=['IDLE', 'IDLE', 'IDLE', 'IDLE', 'IDLE', 'IDLE', 'IDLE', 'CLOSE'] picks=34 places=27 hand0=[0.003, 0.417, -0.161] cup_xy0=[0.458, 0.06]
[close] e7 t=128 hand_z=0.194 dxy=0.041 stall=0.404
[s1] step=88600 stages=['IDLE', 'IDLE', 'IDLE', 'IDLE', 'IDLE', 'FAIL', 'IDLE', 'CLOSE'] picks=34 places=27 hand0=[0.093, -0.015, 0.239] cup_xy0=[0.458, 0.06]
[close] e7 t=188 hand_z=0.194 dxy=0.041 stall=0.404
[s1] step=88700 stages=['FAIL', 'IDLE', 'ALIGN', 'IDLE', 'FAIL', 'IDLE', 'IDLE', 'FAIL'] picks=34 places=27 hand0=[0.556, 0.014, 0.446] cup_xy0=[0.458, 0.06]
[s1] step=88800 stages=['IDLE', 'IDLE', 'ALIGN', 'IDLE', 'IDLE', 'IDLE', 'IDLE', 'ALIGN'] picks=34 places=27 hand0=[-0.182, -0.026, 0.308] cup_xy0=[0.458, 0.06]
[s1] close-entry e7: hand=[0.506, -0.049, 0.184] cup_gt=[0.505, -0.054]
[s1] step=88900 stages=['IDLE', 'IDLE', 'ALIGN', 'FAIL', 'IDLE', 'IDLE', 'IDLE', 'CLOSE'] picks=34 places=27 hand0=[-0.113, 0.189, 0.903] cup_xy0=[0.458, 0.06]
[close] e7 t=25 hand_z=0.188 dxy=0.020 stall=0.328
[close] e7 t=85 hand_z=0.190 dxy=0.019 stall=0.387
[s1] step=89000 stages=['IDLE', 'FAIL', 'ALIGN', 'IDLE', 'IDLE', 'IDLE', 'FAIL', 'CLOSE'] picks=34 places=27 hand0=[-0.027, -0.141, 0.778] cup_xy0=[0.458, 0.06]
[close] e7 t=145 hand_z=0.190 dxy=0.019 stall=0.388
[close] e7 t=205 hand_z=0.190 dxy=0.019 stall=0.388
[s1] step=89100 stages=['FAIL', 'IDLE', 'IDLE', 'IDLE', 'IDLE', 'IDLE', 'IDLE', 'CLOSE'] picks=34 places=27 hand0=[-0.023, 0.241, 0.406] cup_xy0=[0.458, 0.06]
[s1] step=89200 stages=['IDLE', 'IDLE', 'IDLE', 'IDLE', 'IDLE', 'IDLE', 'IDLE', 'IDLE'] picks=34 places=27 hand0=[-0.588, -0.004, 0.493] cup_xy0=[0.458, 0.06]
[s1] step=89300 stages=['IDLE', 'IDLE', 'IDLE', 'IDLE', 'IDLE', 'FAIL', 'IDLE', 'ALIGN'] picks=34 places=27 hand0=[-0.166, -0.006, -0.053] cup_xy0=[0.458, 0.06]
[s1] step=89400 stages=['IDLE', 'FAIL', 'FAIL', 'IDLE', 'FAIL', 'IDLE', 'FAIL', 'DESCEND'] picks=34 places=27 hand0=[-0.531, -0.123, 0.605] cup_xy0=[0.458, 0.06]
[s1] close-entry e7: hand=[0.552, 0.065, 0.182] cup_gt=[0.568, 0.049]
[close] e7 t=25 hand_z=0.207 dxy=0.077 stall=0.365
[s1] step=89500 stages=['IDLE', 'IDLE', 'IDLE', 'IDLE', 'IDLE', 'IDLE', 'IDLE', 'CLOSE'] picks=34 places=27 hand0=[0.179, 0.092, -0.131] cup_xy0=[0.458, 0.06]
[close] e7 t=85 hand_z=0.210 dxy=0.085 stall=0.428
[close] e7 t=145 hand_z=0.210 dxy=0.086 stall=0.427
[s1] step=89600 stages=['IDLE', 'IDLE', 'IDLE', 'FAIL', 'IDLE', 'IDLE', 'IDLE', 'CLOSE'] picks=34 places=27 hand0=[0.435, -0.111, -0.272] cup_xy0=[0.458, 0.06]
[close] e7 t=205 hand_z=0.210 dxy=0.086 stall=0.427
[s1] step=89700 stages=['IDLE', 'IDLE', 'IDLE', 'IDLE', 'IDLE', 'IDLE', 'IDLE', 'FAIL'] picks=34 places=27 hand0=[0.025, -0.385, -0.199] cup_xy0=[0.458, 0.06]
[s1] step=89800 stages=['FAIL', 'IDLE', 'FAIL', 'IDLE', 'FAIL', 'IDLE', 'IDLE', 'ALIGN'] picks=34 places=27 hand0=[0.056, -0.186, 0.285] cup_xy0=[0.458, 0.06]
[s1] step=89900 stages=['IDLE', 'IDLE', 'IDLE', 'IDLE', 'IDLE', 'IDLE', 'IDLE', 'DESCEND'] picks=34 places=27 hand0=[0.012, 0.589, 0.175] cup_xy0=[0.458, 0.06]
[s1] close-entry e7: hand=[0.471, -0.067, 0.189] cup_gt=[0.473, -0.059]
[close] e7 t=14 hand_z=0.158 dxy=0.019 stall=0.301
[close] e7 t=74 hand_z=0.154 dxy=0.021 stall=0.197
[s1] step=90000 stages=['IDLE', 'IDLE', 'IDLE', 'FAIL', 'IDLE', 'FAIL', 'IDLE', 'CLOSE'] picks=34 places=27 hand0=[-0.006, 0.339, 0.1] cup_xy0=[0.458, 0.06]
[close] e7 t=134 hand_z=0.154 dxy=0.021 stall=0.194
[s1] step=90100 stages=['IDLE', 'FAIL', 'IDLE', 'IDLE', 'IDLE', 'IDLE', 'FAIL', 'CLOSE'] picks=34 places=27 hand0=[-0.068, 0.339, 0.31] cup_xy0=[0.458, 0.06]
[close] e7 t=194 hand_z=0.154 dxy=0.021 stall=0.194
[s1] step=90200 stages=['IDLE', 'IDLE', 'IDLE', 'IDLE', 'IDLE', 'IDLE', 'IDLE', 'FAIL'] picks=34 places=27 hand0=[-0.107, -0.004, -0.476] cup_xy0=[0.458, 0.06]
[s1] step=90300 stages=['IDLE', 'IDLE', 'IDLE', 'IDLE', 'IDLE', 'IDLE', 'IDLE', 'ALIGN'] picks=34 places=27 hand0=[-0.347, 0.065, -0.268] cup_xy0=[0.458, 0.06]
[s1] close-entry e7: hand=[0.249, 0.16, 0.183] cup_gt=[0.264, 0.187]
[s1] step=90400 stages=['IDLE', 'IDLE', 'IDLE', 'IDLE', 'IDLE', 'FAIL', 'IDLE', 'CLOSE'] picks=34 places=27 hand0=[0.024, -0.23, -0.227] cup_xy0=[0.458, 0.06]
[close] e7 t=38 hand_z=0.197 dxy=0.040 stall=0.393
[close] e7 t=98 hand_z=0.197 dxy=0.040 stall=0.393
[s1] step=90500 stages=['FAIL', 'IDLE', 'FAIL', 'IDLE', 'FAIL', 'IDLE', 'IDLE', 'CLOSE'] picks=34 places=27 hand0=[0.351, -0.107, -0.126] cup_xy0=[0.458, 0.06]
[close] e7 t=158 hand_z=0.197 dxy=0.040 stall=0.393
[close] e7 t=218 hand_z=0.197 dxy=0.040 stall=0.393
[s1] step=90600 stages=['IDLE', 'IDLE', 'IDLE', 'IDLE', 'IDLE', 'IDLE', 'IDLE', 'CLOSE'] picks=34 places=27 hand0=[-0.133, 0.136, 0.965] cup_xy0=[0.458, 0.06]
[s1] step=90700 stages=['IDLE', 'IDLE', 'IDLE', 'FAIL', 'IDLE', 'IDLE', 'IDLE', 'IDLE'] picks=34 places=27 hand0=[0.299, -0.116, -0.334] cup_xy0=[0.458, 0.06]
[s1] step=90800 stages=['IDLE', 'FAIL', 'IDLE', 'IDLE', 'IDLE', 'IDLE', 'FAIL', 'ALIGN'] picks=34 places=27 hand0=[0.29, -0.003, 0.189] cup_xy0=[0.458, 0.06]
[s1] close-entry e7: hand=[0.453, 0.036, 0.191] cup_gt=[0.421, 0.068]
[close] e7 t=1 hand_z=0.191 dxy=0.045 stall=0.232
[s1] step=90900 stages=['FAIL', 'IDLE', 'FAIL', 'IDLE', 'IDLE', 'IDLE', 'IDLE', 'CLOSE'] picks=34 places=27 hand0=[0.201, 0.104, 0.204] cup_xy0=[0.458, 0.06]
[close] e7 t=61 hand_z=0.166 dxy=0.052 stall=0.412
[s1] step=91000 stages=['IDLE', 'IDLE', 'IDLE', 'IDLE', 'ALIGN', 'IDLE', 'IDLE', 'CLOSE'] picks=34 places=27 hand0=[0.077, -0.026, 0.361] cup_xy0=[0.458, 0.06]
[close] e7 t=121 hand_z=0.166 dxy=0.052 stall=0.412
[close] e7 t=181 hand_z=0.166 dxy=0.052 stall=0.412
[s1] step=91100 stages=['IDLE', 'IDLE', 'IDLE', 'IDLE', 'ALIGN', 'FAIL', 'IDLE', 'CLOSE'] picks=34 places=27 hand0=[0.16, 0.026, 0.262] cup_xy0=[0.458, 0.06]
[close] e7 t=241 hand_z=0.166 dxy=0.052 stall=0.412
[s1] step=91200 stages=['IDLE', 'FAIL', 'IDLE', 'IDLE', 'ALIGN', 'IDLE', 'FAIL', 'FAIL'] picks=34 places=27 hand0=[0.164, -0.047, 0.398] cup_xy0=[0.458, 0.06]
[s1] step=91300 stages=['IDLE', 'IDLE', 'IDLE', 'IDLE', 'ALIGN', 'IDLE', 'IDLE', 'DESCEND'] picks=34 places=27 hand0=[-0.071, 0.037, 0.957] cup_xy0=[0.458, 0.06]
[s1] close-entry e7: hand=[0.42, -0.018, 0.191] cup_gt=[0.425, -0.019]
[close] e7 t=16 hand_z=0.184 dxy=0.020 stall=0.292
[s1] step=91400 stages=['IDLE', 'IDLE', 'IDLE', 'FAIL', 'IDLE', 'IDLE', 'IDLE', 'CLOSE'] picks=34 places=27 hand0=[-0.013, -0.005, -0.466] cup_xy0=[0.458, 0.06]
[close] e7 t=76 hand_z=0.184 dxy=0.021 stall=0.382
[close] e7 t=136 hand_z=0.184 dxy=0.021 stall=0.382
[s1] step=91500 stages=['IDLE', 'IDLE', 'IDLE', 'IDLE', 'IDLE', 'FAIL', 'IDLE', 'CLOSE'] picks=34 places=27 hand0=[-0.005, -0.218, 0.425] cup_xy0=[0.458, 0.06]
[close] e7 t=196 hand_z=0.184 dxy=0.021 stall=0.382
[s1] step=91600 stages=['FAIL', 'IDLE', 'FAIL', 'IDLE', 'IDLE', 'IDLE', 'IDLE', 'CLOSE'] picks=34 places=27 hand0=[-0.225, 0.013, -0.226] cup_xy0=[0.458, 0.06]
[s1] step=91700 stages=['IDLE', 'IDLE', 'IDLE', 'IDLE', 'FAIL', 'IDLE', 'IDLE', 'ALIGN'] picks=34 places=27 hand0=[-0.137, 0.081, 0.235] cup_xy0=[0.458, 0.06]
[s1] step=91800 stages=['IDLE', 'IDLE', 'IDLE', 'FAIL', 'IDLE', 'IDLE', 'IDLE', 'ALIGN'] picks=34 places=27 hand0=[0.049, -0.106, 0.966] cup_xy0=[0.458, 0.06]
[s1] step=91900 stages=['IDLE', 'FAIL', 'IDLE', 'IDLE', 'IDLE', 'IDLE', 'FAIL', 'DESCEND'] picks=34 places=27 hand0=[-0.028, -0.36, -0.27] cup_xy0=[0.458, 0.06]
[s1] step=92000 stages=['IDLE', 'IDLE', 'IDLE', 'IDLE', 'IDLE', 'IDLE', 'IDLE', 'DESCEND'] picks=34 places=27 hand0=[0.01, 0.034, 0.42] cup_xy0=[0.458, 0.06]
[s1] step=92100 stages=['IDLE', 'IDLE', 'IDLE', 'IDLE', 'IDLE', 'IDLE', 'IDLE', 'DESCEND'] picks=34 places=27 hand0=[0.22, 0.0, 0.409] cup_xy0=[0.458, 0.06]
[s1] close-entry e7: hand=[0.538, 0.001, 0.19] cup_gt=[0.567, -0.023]
[close] e7 t=55 hand_z=0.182 dxy=0.023 stall=0.389
[s1] step=92200 stages=['IDLE', 'IDLE', 'IDLE', 'IDLE', 'IDLE', 'FAIL', 'IDLE', 'CLOSE'] picks=34 places=27 hand0=[0.176, -0.0, 0.548] cup_xy0=[0.458, 0.06]
[close] e7 t=115 hand_z=0.182 dxy=0.023 stall=0.389
[close] e7 t=175 hand_z=0.182 dxy=0.023 stall=0.389
[s1] step=92300 stages=['IDLE', 'IDLE', 'FAIL', 'IDLE', 'IDLE', 'IDLE', 'FAIL', 'CLOSE'] picks=34 places=27 hand0=[0.023, 0.0, 0.378] cup_xy0=[0.458, 0.06]
[close] e7 t=235 hand_z=0.182 dxy=0.023 stall=0.389
[s1] step=92400 stages=['IDLE', 'IDLE', 'IDLE', 'IDLE', 'FAIL', 'IDLE', 'IDLE', 'FAIL'] picks=34 places=27 hand0=[0.135, 0.0, 0.188] cup_xy0=[0.458, 0.06]
[s1] step=92500 stages=['IDLE', 'IDLE', 'IDLE', 'FAIL', 'IDLE', 'IDLE', 'IDLE', 'DESCEND'] picks=34 places=27 hand0=[0.254, -0.0, 0.235] cup_xy0=[0.458, 0.06]
[s1] close-entry e7: hand=[0.456, 0.083, 0.184] cup_gt=[0.459, 0.044]
[close] e7 t=29 hand_z=0.181 dxy=0.009 stall=0.332
[s1] step=92600 stages=['IDLE', 'FAIL', 'IDLE', 'IDLE', 'IDLE', 'IDLE', 'IDLE', 'CLOSE'] picks=34 places=27 hand0=[-0.135, -0.0, 0.188] cup_xy0=[0.458, 0.06]
[close] e7 t=89 hand_z=0.181 dxy=0.006 stall=0.340
[close] e7 t=149 hand_z=0.181 dxy=0.006 stall=0.340
[s1] step=92700 stages=['FAIL', 'IDLE', 'FAIL', 'IDLE', 'IDLE', 'IDLE', 'IDLE', 'CLOSE'] picks=34 places=27 hand0=[-0.067, 0.0, -0.216] cup_xy0=[0.458, 0.06]
[close] e7 t=209 hand_z=0.181 dxy=0.006 stall=0.340
[s1] step=92800 stages=['IDLE', 'IDLE', 'IDLE', 'IDLE', 'FAIL', 'IDLE', 'IDLE', 'FAIL'] picks=34 places=27 hand0=[0.194, 0.0, 0.011] cup_xy0=[0.458, 0.06]
[s1] step=92900 stages=['IDLE', 'IDLE', 'IDLE', 'FAIL', 'IDLE', 'FAIL', 'IDLE', 'IDLE'] picks=34 places=27 hand0=[0.179, -0.0, 0.741] cup_xy0=[0.458, 0.06]
[s1] step=93000 stages=['IDLE', 'FAIL', 'IDLE', 'IDLE', 'IDLE', 'IDLE', 'FAIL', 'DESCEND'] picks=34 places=27 hand0=[0.341, -0.0, -0.084] cup_xy0=[0.458, 0.06]
[s1] close-entry e7: hand=[0.417, 0.008, 0.19] cup_gt=[0.462, -0.003]
[close] e7 t=5 hand_z=0.185 dxy=0.048 stall=0.273
[s1] step=93100 stages=['IDLE', 'IDLE', 'IDLE', 'ALIGN', 'IDLE', 'IDLE', 'IDLE', 'CLOSE'] picks=34 places=27 hand0=[0.058, -0.0, 1.15] cup_xy0=[0.458, 0.06]
[close] e7 t=65 hand_z=0.181 dxy=0.050 stall=0.379
[close] e7 t=125 hand_z=0.181 dxy=0.050 stall=0.379
[s1] step=93200 stages=['IDLE', 'IDLE', 'IDLE', 'ALIGN', 'IDLE', 'IDLE', 'IDLE', 'CLOSE'] picks=34 places=27 hand0=[-0.175, 0.0, 0.278] cup_xy0=[0.458, 0.06]
[close] e7 t=185 hand_z=0.181 dxy=0.050 stall=0.379
[s1] step=93300 stages=['IDLE', 'IDLE', 'IDLE', 'ALIGN', 'IDLE', 'FAIL', 'IDLE', 'FAIL'] picks=34 places=27 hand0=[0.602, -0.0, 0.025] cup_xy0=[0.458, 0.06]
[s1] step=93400 stages=['FAIL', 'IDLE', 'FAIL', 'ALIGN', 'IDLE', 'IDLE', 'IDLE', 'IDLE'] picks=34 places=27 hand0=[0.023, -0.0, 0.905] cup_xy0=[0.458, 0.06]
[s1] step=93500 stages=['IDLE', 'IDLE', 'IDLE', 'FAIL', 'FAIL', 'IDLE', 'IDLE', 'DESCEND'] picks=34 places=27 hand0=[0.418, 0.0, 0.252] cup_xy0=[0.458, 0.06]
[s1] step=93600 stages=['IDLE', 'IDLE', 'IDLE', 'IDLE', 'IDLE', 'IDLE', 'IDLE', 'DESCEND'] picks=34 places=27 hand0=[-0.194, 0.0, 0.638] cup_xy0=[0.458, 0.06]
[s1] close-entry e7: hand=[0.457, 0.037, 0.19] cup_gt=[0.484, 0.069]
[close] e7 t=60 hand_z=0.159 dxy=0.089 stall=0.395
[s1] step=93700 stages=['IDLE', 'FAIL', 'IDLE', 'IDLE', 'IDLE', 'IDLE', 'FAIL', 'CLOSE'] picks=34 places=27 hand0=[-0.519, -0.0, 0.774] cup_xy0=[0.458, 0.06]
[close] e7 t=120 hand_z=0.159 dxy=0.098 stall=0.394
[close] e7 t=180 hand_z=0.159 dxy=0.099 stall=0.394
[s1] step=93800 stages=['FAIL', 'IDLE', 'FAIL', 'IDLE', 'IDLE', 'IDLE', 'IDLE', 'CLOSE'] picks=34 places=27 hand0=[-0.461, -0.0, 0.293] cup_xy0=[0.458, 0.06]
[s1] acquire e0: vision=[0.541, -0.035] gt=[0.538, -0.035]
[close] e7 t=240 hand_z=0.159 dxy=0.099 stall=0.394
[s1] step=93900 stages=['ALIGN', 'IDLE', 'IDLE', 'IDLE', 'FAIL', 'IDLE', 'IDLE', 'FAIL'] picks=34 places=27 hand0=[0.105, 0.0, 0.13] cup_xy0=[0.541, -0.035]
[s1] step=94000 stages=['ALIGN', 'IDLE', 'IDLE', 'IDLE', 'IDLE', 'FAIL', 'IDLE', 'ALIGN'] picks=34 places=27 hand0=[0.36, -0.0, 0.441] cup_xy0=[0.541, -0.035]
[s1] step=94100 stages=['ALIGN', 'FAIL', 'IDLE', 'IDLE', 'IDLE', 'IDLE', 'FAIL', 'DESCEND'] picks=34 places=27 hand0=[-0.429, 0.0, 0.14] cup_xy0=[0.541, -0.035]
[s1] close-entry e7: hand=[0.466, 0.043, 0.189] cup_gt=[0.508, 0.03]
[close] e7 t=13 hand_z=0.165 dxy=0.051 stall=0.299
[close] e7 t=73 hand_z=0.159 dxy=0.062 stall=0.381
[s1] step=94200 stages=['ALIGN', 'IDLE', 'IDLE', 'FAIL', 'IDLE', 'IDLE', 'IDLE', 'CLOSE'] picks=34 places=27 hand0=[-0.303, -0.0, 0.817] cup_xy0=[0.541, -0.035]
[close] e7 t=133 hand_z=0.159 dxy=0.062 stall=0.381
[s1] step=94300 stages=['IDLE', 'IDLE', 'IDLE', 'IDLE', 'IDLE', 'IDLE', 'IDLE', 'CLOSE'] picks=34 places=27 hand0=[-0.507, -0.0, 0.694] cup_xy0=[0.541, -0.035]
[close] e7 t=193 hand_z=0.159 dxy=0.062 stall=0.381
[s1] step=94400 stages=['IDLE', 'IDLE', 'IDLE', 'IDLE', 'IDLE', 'IDLE', 'IDLE', 'FAIL'] picks=34 places=27 hand0=[-0.108, 0.0, 0.395] cup_xy0=[0.541, -0.035]
[s1] step=94500 stages=['IDLE', 'IDLE', 'FAIL', 'IDLE', 'IDLE', 'IDLE', 'IDLE', 'ALIGN'] picks=34 places=27 hand0=[-0.413, -0.0, 0.768] cup_xy0=[0.541, -0.035]
[s1] step=94600 stages=['IDLE', 'IDLE', 'IDLE', 'FAIL', 'FAIL', 'IDLE', 'IDLE', 'ALIGN'] picks=34 places=27 hand0=[-0.338, 0.0, 0.486] cup_xy0=[0.541, -0.035]
[s1] acquire e0: vision=[0.556, 0.057] gt=[0.553, 0.053]
[s1] step=94700 stages=['ALIGN', 'IDLE', 'IDLE', 'IDLE', 'IDLE', 'FAIL', 'IDLE', 'DESCEND'] picks=34 places=27 hand0=[0.046, 0.0, -0.407] cup_xy0=[0.556, 0.057]
[s1] step=94800 stages=['ALIGN', 'FAIL', 'IDLE', 'IDLE', 'IDLE', 'IDLE', 'FAIL', 'DESCEND'] picks=34 places=27 hand0=[-0.448, 0.0, 0.627] cup_xy0=[0.556, 0.057]
[s1] close-entry e7: hand=[0.524, 0.074, 0.192] cup_gt=[0.52, 0.049]
[s1] step=94900 stages=['ALIGN', 'IDLE', 'IDLE', 'IDLE', 'IDLE', 'IDLE', 'IDLE', 'CLOSE'] picks=34 places=27 hand0=[-0.459, -0.0, 0.44] cup_xy0=[0.556, 0.057]
[close] e7 t=47 hand_z=0.171 dxy=0.064 stall=0.400
[close] e7 t=107 hand_z=0.170 dxy=0.077 stall=0.400
[s1] step=95000 stages=['ALIGN', 'IDLE', 'IDLE', 'IDLE', 'IDLE', 'IDLE', 'IDLE', 'CLOSE'] picks=34 places=27 hand0=[-0.228, 0.0, 0.747] cup_xy0=[0.556, 0.057]
[close] e7 t=167 hand_z=0.170 dxy=0.078 stall=0.400
[close] e7 t=227 hand_z=0.170 dxy=0.079 stall=0.400
[s1] step=95100 stages=['FAIL', 'IDLE', 'IDLE', 'IDLE', 'IDLE', 'FAIL', 'IDLE', 'CLOSE'] picks=34 places=27 hand0=[0.323, -0.0, -0.457] cup_xy0=[0.556, 0.057]
[s1] step=95200 stages=['IDLE', 'IDLE', 'FAIL', 'IDLE', 'IDLE', 'IDLE', 'IDLE', 'IDLE'] picks=34 places=27 hand0=[-0.447, 0.0, 0.019] cup_xy0=[0.556, 0.057]
[s1] step=95300 stages=['IDLE', 'IDLE', 'IDLE', 'FAIL', 'FAIL', 'IDLE', 'IDLE', 'DESCEND'] picks=34 places=27 hand0=[-0.336, 0.0, 0.203] cup_xy0=[0.556, 0.057]
[s1] close-entry e7: hand=[0.439, -0.04, 0.192] cup_gt=[0.435, -0.026]
[close] e7 t=25 hand_z=0.165 dxy=0.053 stall=0.355
[s1] step=95400 stages=['IDLE', 'IDLE', 'IDLE', 'IDLE', 'IDLE', 'IDLE', 'IDLE', 'CLOSE'] picks=34 places=27 hand0=[0.274, 0.0, 0.847] cup_xy0=[0.556, 0.057]
[close] e7 t=85 hand_z=0.163 dxy=0.057 stall=0.430
[s1] step=95500 stages=['FAIL', 'FAIL', 'IDLE', 'IDLE', 'IDLE', 'IDLE', 'IDLE', 'CLOSE'] picks=34 places=27 hand0=[0.328, 0.0, 0.684] cup_xy0=[0.556, 0.057]
[close] e7 t=145 hand_z=0.163 dxy=0.057 stall=0.430
[s1] acquire e0: vision=[0.558, 0.081] gt=[0.554, 0.076]
[close] e7 t=205 hand_z=0.163 dxy=0.057 stall=0.430
[s1] step=95600 stages=['ALIGN', 'IDLE', 'FAIL', 'IDLE', 'IDLE', 'IDLE', 'IDLE', 'CLOSE'] picks=34 places=27 hand0=[0.203, 0.0, 0.239] cup_xy0=[0.558, 0.081]
[s1] step=95700 stages=['ALIGN', 'IDLE', 'IDLE', 'IDLE', 'FAIL', 'IDLE', 'IDLE', 'IDLE'] picks=34 places=27 hand0=[0.101, -0.053, 0.917] cup_xy0=[0.558, 0.081]
[s1] step=95800 stages=['ALIGN', 'IDLE', 'IDLE', 'IDLE', 'IDLE', 'FAIL', 'IDLE', 'ALIGN'] picks=34 places=27 hand0=[0.39, -0.111, 0.054] cup_xy0=[0.558, 0.081]
[s1] step=95900 stages=['ALIGN', 'FAIL', 'IDLE', 'IDLE', 'IDLE', 'IDLE', 'FAIL', 'DESCEND'] picks=34 places=27 hand0=[-0.001, 0.0, 0.414] cup_xy0=[0.558, 0.081]
[s1] close-entry e7: hand=[0.528, 0.083, 0.183] cup_gt=[0.57, 0.059]
[close] e7 t=31 hand_z=0.207 dxy=0.090 stall=0.374
[close] e7 t=91 hand_z=0.209 dxy=0.099 stall=0.417
[s1] step=96000 stages=['FAIL', 'IDLE', 'IDLE', 'FAIL', 'IDLE', 'IDLE', 'IDLE', 'CLOSE'] picks=34 places=27 hand0=[-0.343, 0.0, 0.298] cup_xy0=[0.558, 0.081]
[close] e7 t=151 hand_z=0.209 dxy=0.099 stall=0.417
[s1] step=96100 stages=['IDLE', 'IDLE', 'IDLE', 'IDLE', 'IDLE', 'IDLE', 'IDLE', 'CLOSE'] picks=34 places=27 hand0=[-0.32, -0.065, 0.334] cup_xy0=[0.558, 0.081]
[close] e7 t=211 hand_z=0.209 dxy=0.099 stall=0.417
[s1] step=96200 stages=['IDLE', 'IDLE', 'IDLE', 'IDLE', 'IDLE', 'FAIL', 'IDLE', 'FAIL'] picks=34 places=27 hand0=[0.242, 0.0, 0.97] cup_xy0=[0.558, 0.081]
[s1] step=96300 stages=['IDLE', 'IDLE', 'FAIL', 'IDLE', 'IDLE', 'IDLE', 'IDLE', 'ALIGN'] picks=34 places=27 hand0=[0.262, 0.027, 0.154] cup_xy0=[0.558, 0.081]
[s1] close-entry e7: hand=[0.432, 0.039, 0.183] cup_gt=[0.437, 0.043]
[s1] step=96400 stages=['IDLE', 'IDLE', 'IDLE', 'FAIL', 'FAIL', 'ALIGN', 'IDLE', 'CLOSE'] picks=34 places=27 hand0=[0.242, -0.0, -0.42] cup_xy0=[0.558, 0.081]
[close] e7 t=27 hand_z=0.196 dxy=0.011 stall=0.357
[close] e7 t=87 hand_z=0.196 dxy=0.012 stall=0.399
[s1] step=96500 stages=['IDLE', 'IDLE', 'IDLE', 'IDLE', 'IDLE', 'ALIGN', 'IDLE', 'CLOSE'] picks=34 places=27 hand0=[-0.018, -0.073, 0.331] cup_xy0=[0.558, 0.081]
[close] e7 t=147 hand_z=0.196 dxy=0.012 stall=0.399
[close] e7 t=207 hand_z=0.196 dxy=0.012 stall=0.399
[s1] step=96600 stages=['IDLE', 'FAIL', 'IDLE', 'IDLE', 'IDLE', 'ALIGN', 'FAIL', 'CLOSE'] picks=34 places=27 hand0=[-0.313, 0.076, 0.429] cup_xy0=[0.558, 0.081]
[s1] step=96700 stages=['IDLE', 'IDLE', 'IDLE', 'IDLE', 'IDLE', 'ALIGN', 'IDLE', 'IDLE'] picks=34 places=27 hand0=[0.336, -0.0, -0.311] cup_xy0=[0.558, 0.081]
[s1] step=96800 stages=['IDLE', 'IDLE', 'IDLE', 'IDLE', 'FAIL', 'FAIL', 'IDLE', 'ALIGN'] picks=34 places=27 hand0=[-0.432, -0.132, 0.672] cup_xy0=[0.558, 0.081]
[s1] step=96900 stages=['IDLE', 'IDLE', 'IDLE', 'IDLE', 'IDLE', 'IDLE', 'IDLE', 'DESCEND'] picks=34 places=27 hand0=[0.406, -0.117, 0.159] cup_xy0=[0.558, 0.081]
[s1] step=97000 stages=['IDLE', 'FAIL', 'FAIL', 'IDLE', 'IDLE', 'IDLE', 'FAIL', 'DESCEND'] picks=34 places=27 hand0=[0.198, -0.0, 0.126] cup_xy0=[0.558, 0.081]
[s1] step=97100 stages=['FAIL', 'IDLE', 'IDLE', 'FAIL', 'IDLE', 'IDLE', 'IDLE', 'DESCEND'] picks=34 places=27 hand0=[-0.385, 0.123, 0.19] cup_xy0=[0.558, 0.081]
[s1] step=97200 stages=['IDLE', 'IDLE', 'IDLE', 'ALIGN', 'IDLE', 'IDLE', 'IDLE', 'DESCEND'] picks=34 places=27 hand0=[-0.017, 0.016, 0.395] cup_xy0=[0.558, 0.081]
[s1] step=97300 stages=['IDLE', 'IDLE', 'IDLE', 'ALIGN', 'IDLE', 'IDLE', 'IDLE', 'FAIL'] picks=34 places=27 hand0=[-0.05, -0.046, 0.307] cup_xy0=[0.558, 0.081]
[s1] step=97400 stages=['IDLE', 'IDLE', 'FAIL', 'ALIGN', 'IDLE', 'IDLE', 'IDLE', 'IDLE'] picks=34 places=27 hand0=[0.322, -0.062, -0.154] cup_xy0=[0.558, 0.081]
[s1] step=97500 stages=['IDLE', 'IDLE', 'IDLE', 'ALIGN', 'FAIL', 'FAIL', 'IDLE', 'IDLE'] picks=34 places=27 hand0=[-0.404, -0.081, 0.262] cup_xy0=[0.558, 0.081]
[s1] close-entry e7: hand=[0.433, -0.056, 0.19] cup_gt=[0.444, -0.046]
[s1] step=97600 stages=['IDLE', 'IDLE', 'IDLE', 'FAIL', 'IDLE', 'IDLE', 'IDLE', 'CLOSE'] picks=34 places=27 hand0=[0.321, 0.093, -0.208] cup_xy0=[0.558, 0.081]
[close] e7 t=48 hand_z=0.183 dxy=0.049 stall=0.398
[close] e7 t=108 hand_z=0.183 dxy=0.050 stall=0.398
[s1] step=97700 stages=['IDLE', 'FAIL', 'IDLE', 'IDLE', 'IDLE', 'IDLE', 'FAIL', 'CLOSE'] picks=34 places=27 hand0=[0.166, 0.014, 1.167] cup_xy0=[0.558, 0.081]
[close] e7 t=168 hand_z=0.183 dxy=0.050 stall=0.398
[close] e7 t=228 hand_z=0.183 dxy=0.050 stall=0.398
[s1] step=97800 stages=['FAIL', 'IDLE', 'IDLE', 'IDLE', 'IDLE', 'IDLE', 'IDLE', 'CLOSE'] picks=34 places=27 hand0=[0.072, 0.024, -0.245] cup_xy0=[0.558, 0.081]
[s1] acquire e0: vision=[0.472, 0.034] gt=[0.471, 0.031]
[s1] step=97900 stages=['ALIGN', 'IDLE', 'IDLE', 'IDLE', 'IDLE', 'FAIL', 'IDLE', 'IDLE'] picks=34 places=27 hand0=[-0.497, -0.119, -0.166] cup_xy0=[0.472, 0.034]
[s1] step=98000 stages=['ALIGN', 'IDLE', 'IDLE', 'IDLE', 'IDLE', 'IDLE', 'IDLE', 'IDLE'] picks=34 places=27 hand0=[0.583, -0.047, 0.047] cup_xy0=[0.472, 0.034]
[s1] step=98100 stages=['ALIGN', 'IDLE', 'FAIL', 'IDLE', 'IDLE', 'IDLE', 'IDLE', 'IDLE'] picks=34 places=27 hand0=[0.119, 0.04, 0.27] cup_xy0=[0.472, 0.034]
[s1] step=98200 stages=['ALIGN', 'IDLE', 'IDLE', 'IDLE', 'FAIL', 'IDLE', 'IDLE', 'FAIL'] picks=34 places=27 hand0=[-0.082, 0.01, -0.241] cup_xy0=[0.472, 0.034]
[s1] step=98300 stages=['FAIL', 'IDLE', 'IDLE', 'FAIL', 'IDLE', 'IDLE', 'IDLE', 'IDLE'] picks=34 places=27 hand0=[-0.123, 0.009, -0.137] cup_xy0=[0.472, 0.034]
[s1] step=98400 stages=['IDLE', 'FAIL', 'IDLE', 'IDLE', 'IDLE', 'IDLE', 'FAIL', 'IDLE'] picks=34 places=27 hand0=[0.335, 0.026, 0.603] cup_xy0=[0.472, 0.034]
[s1] step=98500 stages=['IDLE', 'IDLE', 'FAIL', 'IDLE', 'IDLE', 'IDLE', 'IDLE', 'IDLE'] picks=34 places=27 hand0=[-0.035, -0.022, 0.95] cup_xy0=[0.472, 0.034]
[s1] step=98600 stages=['IDLE', 'IDLE', 'IDLE', 'IDLE', 'FAIL', 'FAIL', 'IDLE', 'IDLE'] picks=34 places=27 hand0=[0.427, -0.022, 0.254] cup_xy0=[0.472, 0.034]
[s1] step=98700 stages=['FAIL', 'IDLE', 'IDLE', 'FAIL', 'IDLE', 'IDLE', 'IDLE', 'IDLE'] picks=34 places=27 hand0=[0.03, 0.076, 0.396] cup_xy0=[0.472, 0.034]
[s1] step=98800 stages=['IDLE', 'FAIL', 'IDLE', 'IDLE', 'IDLE', 'IDLE', 'FAIL', 'IDLE'] picks=34 places=27 hand0=[0.302, 0.104, 0.382] cup_xy0=[0.472, 0.034]
[s1] step=98900 stages=['IDLE', 'IDLE', 'IDLE', 'IDLE', 'IDLE', 'IDLE', 'IDLE', 'FAIL'] picks=34 places=27 hand0=[0.446, 0.045, 0.75] cup_xy0=[0.472, 0.034]
[s1] step=99000 stages=['IDLE', 'IDLE', 'IDLE', 'IDLE', 'IDLE', 'IDLE', 'IDLE', 'IDLE'] picks=34 places=27 hand0=[-0.304, 0.033, 0.373] cup_xy0=[0.472, 0.034]
[s1] step=99100 stages=['IDLE', 'IDLE', 'IDLE', 'IDLE', 'IDLE', 'IDLE', 'IDLE', 'IDLE'] picks=34 places=27 hand0=[-0.036, -0.111, 0.201] cup_xy0=[0.472, 0.034]
[s1] step=99200 stages=['IDLE', 'IDLE', 'FAIL', 'IDLE', 'IDLE', 'IDLE', 'IDLE', 'IDLE'] picks=34 places=27 hand0=[0.286, -0.011, 0.479] cup_xy0=[0.472, 0.034]
[s1] step=99300 stages=['IDLE', 'IDLE', 'ALIGN', 'IDLE', 'FAIL', 'FAIL', 'IDLE', 'FAIL'] picks=34 places=27 hand0=[0.591, 0.005, 0.502] cup_xy0=[0.472, 0.034]
[s1] step=99400 stages=['FAIL', 'IDLE', 'ALIGN', 'FAIL', 'IDLE', 'IDLE', 'IDLE', 'IDLE'] picks=34 places=27 hand0=[-0.125, -0.083, -0.174] cup_xy0=[0.472, 0.034]
[s1] step=99500 stages=['IDLE', 'FAIL', 'ALIGN', 'IDLE', 'IDLE', 'IDLE', 'FAIL', 'IDLE'] picks=34 places=27 hand0=[0.149, -0.019, -0.125] cup_xy0=[0.472, 0.034]
[s1] step=99600 stages=['IDLE', 'IDLE', 'ALIGN', 'IDLE', 'IDLE', 'IDLE', 'IDLE', 'IDLE'] picks=34 places=27 hand0=[-0.479, -0.063, -0.006] cup_xy0=[0.472, 0.034]
[s1] step=99700 stages=['IDLE', 'IDLE', 'FAIL', 'IDLE', 'IDLE', 'FAIL', 'IDLE', 'IDLE'] picks=34 places=27 hand0=[0.123, -0.06, 0.325] cup_xy0=[0.472, 0.034]
[s1] step=99800 stages=['IDLE', 'IDLE', 'IDLE', 'FAIL', 'IDLE', 'IDLE', 'IDLE', 'IDLE'] picks=34 places=27 hand0=[-0.506, -0.069, 0.27] cup_xy0=[0.472, 0.034]
[s1] step=99900 stages=['IDLE', 'IDLE', 'IDLE', 'IDLE', 'IDLE', 'IDLE', 'FAIL', 'IDLE'] picks=34 places=27 hand0=[0.389, -0.012, 0.136] cup_xy0=[0.472, 0.034]
[s1] step=100000 stages=['IDLE', 'IDLE', 'IDLE', 'IDLE', 'FAIL', 'IDLE', 'IDLE', 'FAIL'] picks=34 places=27 hand0=[-0.358, -0.031, 0.224] cup_xy0=[0.472, 0.034]
[s1] step=100100 stages=['FAIL', 'IDLE', 'FAIL', 'IDLE', 'IDLE', 'IDLE', 'IDLE', 'IDLE'] picks=34 places=27 hand0=[-0.301, 0.02, 0.814] cup_xy0=[0.472, 0.034]
[s1] step=100200 stages=['IDLE', 'IDLE', 'IDLE', 'IDLE', 'IDLE', 'IDLE', 'IDLE', 'IDLE'] picks=34 places=27 hand0=[-0.212, 0.073, 0.247] cup_xy0=[0.472, 0.034]
[s1] step=100300 stages=['IDLE', 'IDLE', 'IDLE', 'IDLE', 'IDLE', 'IDLE', 'IDLE', 'IDLE'] picks=34 places=27 hand0=[0.055, 0.129, 0.23] cup_xy0=[0.472, 0.034]
[s1] step=100400 stages=['IDLE', 'IDLE', 'IDLE', 'IDLE', 'FAIL', 'FAIL', 'IDLE', 'FAIL'] picks=34 places=27 hand0=[-0.421, 0.034, 0.42] cup_xy0=[0.472, 0.034]
[s1] step=100500 stages=['FAIL', 'IDLE', 'IDLE', 'FAIL', 'IDLE', 'IDLE', 'IDLE', 'IDLE'] picks=34 places=27 hand0=[-0.103, 0.079, 1.094] cup_xy0=[0.472, 0.034]
[s1] step=100600 stages=['IDLE', 'ALIGN', 'IDLE', 'IDLE', 'IDLE', 'IDLE', 'FAIL', 'IDLE'] picks=34 places=27 hand0=[0.523, 0.111, -0.153] cup_xy0=[0.472, 0.034]
[s1] step=100700 stages=['IDLE', 'ALIGN', 'IDLE', 'IDLE', 'IDLE', 'IDLE', 'IDLE', 'IDLE'] picks=34 places=27 hand0=[-0.286, 0.014, 0.804] cup_xy0=[0.472, 0.034]
[s1] step=100800 stages=['IDLE', 'ALIGN', 'FAIL', 'IDLE', 'IDLE', 'FAIL', 'IDLE', 'IDLE'] picks=34 places=27 hand0=[0.232, 0.103, 0.285] cup_xy0=[0.472, 0.034]
[s1] step=100900 stages=['IDLE', 'ALIGN', 'IDLE', 'IDLE', 'IDLE', 'IDLE', 'IDLE', 'IDLE'] picks=34 places=27 hand0=[-0.074, -0.0, 0.394] cup_xy0=[0.472, 0.034]
[s1] acquire e0: vision=[0.466, -0.019] gt=[0.466, -0.019]
[s1] step=101000 stages=['ALIGN', 'IDLE', 'IDLE', 'IDLE', 'IDLE', 'IDLE', 'IDLE', 'IDLE'] picks=34 places=27 hand0=[-0.28, 0.006, 0.476] cup_xy0=[0.466, -0.019]
[s1] step=101100 stages=['ALIGN', 'IDLE', 'IDLE', 'IDLE', 'FAIL', 'IDLE', 'IDLE', 'FAIL'] picks=34 places=27 hand0=[-0.602, -0.006, 0.128] cup_xy0=[0.466, -0.019]
[s1] step=101200 stages=['ALIGN', 'IDLE', 'IDLE', 'FAIL', 'IDLE', 'IDLE', 'IDLE', 'IDLE'] picks=34 places=27 hand0=[-0.204, -0.012, 0.464] cup_xy0=[0.466, -0.019]
[s1] step=101300 stages=['ALIGN', 'FAIL', 'IDLE', 'IDLE', 'IDLE', 'IDLE', 'FAIL', 'IDLE'] picks=34 places=27 hand0=[-0.455, 0.106, 0.072] cup_xy0=[0.466, -0.019]
[s1] step=101400 stages=['IDLE', 'IDLE', 'IDLE', 'IDLE', 'IDLE', 'IDLE', 'IDLE', 'IDLE'] picks=34 places=27 hand0=[0.116, 0.024, 1.137] cup_xy0=[0.466, -0.019]
[s1] step=101500 stages=['IDLE', 'IDLE', 'FAIL', 'IDLE', 'FAIL', 'FAIL', 'IDLE', 'IDLE'] picks=34 places=27 hand0=[-0.235, -0.011, 0.391] cup_xy0=[0.466, -0.019]
[s1] step=101600 stages=['IDLE', 'IDLE', 'IDLE', 'FAIL', 'ALIGN', 'IDLE', 'IDLE', 'IDLE'] picks=34 places=27 hand0=[0.104, -0.013, 1.053] cup_xy0=[0.466, -0.019]
[s1] step=101700 stages=['FAIL', 'FAIL', 'IDLE', 'IDLE', 'ALIGN', 'IDLE', 'FAIL', 'IDLE'] picks=34 places=27 hand0=[0.171, 0.135, -0.323] cup_xy0=[0.466, -0.019]
[s1] step=101800 stages=['IDLE', 'IDLE', 'IDLE', 'IDLE', 'ALIGN', 'ALIGN', 'IDLE', 'FAIL'] picks=34 places=27 hand0=[-0.217, 0.071, 0.428] cup_xy0=[0.466, -0.019]
[s1] step=101900 stages=['IDLE', 'IDLE', 'FAIL', 'IDLE', 'ALIGN', 'ALIGN', 'IDLE', 'IDLE'] picks=34 places=27 hand0=[0.161, 0.029, 0.781] cup_xy0=[0.466, -0.019]
[s1] step=102000 stages=['IDLE', 'IDLE', 'IDLE', 'IDLE', 'FAIL', 'ALIGN', 'IDLE', 'IDLE'] picks=34 places=27 hand0=[0.095, 0.026, 0.226] cup_xy0=[0.466, -0.019]
[s1] step=102100 stages=['FAIL', 'IDLE', 'IDLE', 'IDLE', 'IDLE', 'ALIGN', 'IDLE', 'IDLE'] picks=34 places=27 hand0=[-0.044, 0.015, 0.872] cup_xy0=[0.466, -0.019]
[s1] step=102200 stages=['IDLE', 'IDLE', 'IDLE', 'IDLE', 'IDLE', 'FAIL', 'IDLE', 'FAIL'] picks=34 places=27 hand0=[0.141, -0.005, 0.221] cup_xy0=[0.466, -0.019]
[s1] step=102300 stages=['IDLE', 'IDLE', 'IDLE', 'FAIL', 'IDLE', 'IDLE', 'IDLE', 'IDLE'] picks=34 places=27 hand0=[-0.192, 0.033, 0.388] cup_xy0=[0.466, -0.019]
[s1] step=102400 stages=['IDLE', 'FAIL', 'IDLE', 'IDLE', 'IDLE', 'IDLE', 'FAIL', 'IDLE'] picks=34 places=27 hand0=[0.225, 0.128, 0.261] cup_xy0=[0.466, -0.019]
[s1] step=102500 stages=['IDLE', 'IDLE', 'IDLE', 'IDLE', 'IDLE', 'IDLE', 'IDLE', 'IDLE'] picks=34 places=27 hand0=[-0.076, -0.028, 0.128] cup_xy0=[0.466, -0.019]
[s1] step=102600 stages=['IDLE', 'IDLE', 'FAIL', 'IDLE', 'IDLE', 'IDLE', 'IDLE', 'IDLE'] picks=34 places=27 hand0=[0.152, -0.134, -0.359] cup_xy0=[0.466, -0.019]
[s1] step=102700 stages=['IDLE', 'IDLE', 'IDLE', 'IDLE', 'FAIL', 'IDLE', 'IDLE', 'IDLE'] picks=34 places=27 hand0=[-0.56, -0.06, 0.709] cup_xy0=[0.466, -0.019]
[s1] step=102800 stages=['FAIL', 'FAIL', 'IDLE', 'IDLE', 'IDLE', 'IDLE', 'FAIL', 'IDLE'] picks=34 places=27 hand0=[-0.069, -0.031, 1.168] cup_xy0=[0.466, -0.019]
[s1] acquire e0: vision=[0.52, -0.005] gt=[0.518, -0.006]
[s1] step=102900 stages=['ALIGN', 'IDLE', 'IDLE', 'IDLE', 'IDLE', 'FAIL', 'IDLE', 'FAIL'] picks=34 places=27 hand0=[-0.337, 0.0, -0.03] cup_xy0=[0.52, -0.005]
[s1] step=103000 stages=['ALIGN', 'IDLE', 'FAIL', 'IDLE', 'IDLE', 'IDLE', 'IDLE', 'IDLE'] picks=34 places=27 hand0=[0.072, 0.073, 0.309] cup_xy0=[0.52, -0.005]
[s1] step=103100 stages=['ALIGN', 'IDLE', 'IDLE', 'IDLE', 'IDLE', 'IDLE', 'IDLE', 'IDLE'] picks=34 places=27 hand0=[-0.152, 0.006, -0.407] cup_xy0=[0.52, -0.005]
[s1] step=103200 stages=['ALIGN', 'IDLE', 'IDLE', 'IDLE', 'IDLE', 'IDLE', 'IDLE', 'IDLE'] picks=34 places=27 hand0=[-0.539, 0.023, 0.654] cup_xy0=[0.52, -0.005]
[s1] step=103300 stages=['FAIL', 'IDLE', 'IDLE', 'IDLE', 'IDLE', 'IDLE', 'IDLE', 'FAIL'] picks=34 places=27 hand0=[-0.413, -0.014, 0.025] cup_xy0=[0.52, -0.005]
[s1] step=103400 stages=['IDLE', 'IDLE', 'IDLE', 'FAIL', 'IDLE', 'IDLE', 'IDLE', 'IDLE'] picks=34 places=27 hand0=[0.147, -0.069, -0.254] cup_xy0=[0.52, -0.005]
[s1] step=103500 stages=['IDLE', 'FAIL', 'IDLE', 'IDLE', 'IDLE', 'IDLE', 'FAIL', 'IDLE'] picks=34 places=27 hand0=[0.063, -0.111, 0.394] cup_xy0=[0.52, -0.005]
[s1] step=103600 stages=['IDLE', 'IDLE', 'IDLE', 'IDLE', 'IDLE', 'FAIL', 'IDLE', 'IDLE'] picks=34 places=27 hand0=[-0.368, 0.001, 1.092] cup_xy0=[0.52, -0.005]
[s1] step=103700 stages=['IDLE', 'IDLE', 'FAIL', 'IDLE', 'IDLE', 'IDLE', 'IDLE', 'IDLE'] picks=34 places=27 hand0=[-0.28, 0.034, 0.184] cup_xy0=[0.52, -0.005]
[s1] step=103800 stages=['IDLE', 'IDLE', 'IDLE', 'IDLE', 'FAIL', 'IDLE', 'IDLE', 'IDLE'] picks=34 places=27 hand0=[-0.088, -0.044, 1.138] cup_xy0=[0.52, -0.005]
[s1] step=103900 stages=['IDLE', 'IDLE', 'IDLE', 'IDLE', 'IDLE', 'IDLE', 'IDLE', 'IDLE'] picks=34 places=27 hand0=[-0.221, 0.015, 0.429] cup_xy0=[0.52, -0.005]
[s1] step=104000 stages=['FAIL', 'IDLE', 'IDLE', 'IDLE', 'IDLE', 'FAIL', 'IDLE', 'FAIL'] picks=34 places=27 hand0=[0.268, 0.02, 1.001] cup_xy0=[0.52, -0.005]
[s1] step=104100 stages=['IDLE', 'IDLE', 'IDLE', 'FAIL', 'IDLE', 'IDLE', 'IDLE', 'IDLE'] picks=34 places=27 hand0=[-0.322, 0.003, 1.122] cup_xy0=[0.52, -0.005]
[s1] step=104200 stages=['IDLE', 'FAIL', 'IDLE', 'IDLE', 'IDLE', 'IDLE', 'FAIL', 'IDLE'] picks=34 places=27 hand0=[-0.306, 0.012, 0.773] cup_xy0=[0.52, -0.005]
[s1] step=104300 stages=['IDLE', 'IDLE', 'IDLE', 'IDLE', 'IDLE', 'IDLE', 'IDLE', 'IDLE'] picks=34 places=27 hand0=[-0.478, 0.013, -0.337] cup_xy0=[0.52, -0.005]
[s1] step=104400 stages=['IDLE', 'IDLE', 'FAIL', 'IDLE', 'IDLE', 'IDLE', 'IDLE', 'IDLE'] picks=34 places=27 hand0=[0.11, 0.066, 0.926] cup_xy0=[0.52, -0.005]
[s1] step=104500 stages=['IDLE', 'IDLE', 'IDLE', 'FAIL', 'FAIL', 'IDLE', 'IDLE', 'IDLE'] picks=34 places=27 hand0=[0.237, -0.035, 0.258] cup_xy0=[0.52, -0.005]
[s1] step=104600 stages=['IDLE', 'FAIL', 'IDLE', 'IDLE', 'IDLE', 'IDLE', 'FAIL', 'IDLE'] picks=34 places=27 hand0=[0.355, -0.015, 0.046] cup_xy0=[0.52, -0.005]
[s1] step=104700 stages=['FAIL', 'IDLE', 'IDLE', 'IDLE', 'IDLE', 'FAIL', 'IDLE', 'FAIL'] picks=34 places=27 hand0=[-0.239, -0.0, -0.403] cup_xy0=[0.52, -0.005]
[s1] step=104800 stages=['IDLE', 'IDLE', 'FAIL', 'IDLE', 'IDLE', 'IDLE', 'IDLE', 'IDLE'] picks=34 places=27 hand0=[0.199, 0.03, -0.405] cup_xy0=[0.52, -0.005]
[s1] step=104900 stages=['IDLE', 'IDLE', 'IDLE', 'IDLE', 'FAIL', 'IDLE', 'IDLE', 'IDLE'] picks=34 places=27 hand0=[0.334, -0.019, 1.061] cup_xy0=[0.52, -0.005]
[s1] step=105000 stages=['IDLE', 'IDLE', 'IDLE', 'IDLE', 'IDLE', 'IDLE', 'IDLE', 'IDLE'] picks=34 places=27 hand0=[-0.048, -0.013, 0.236] cup_xy0=[0.52, -0.005]
[s1] step=105100 stages=['FAIL', 'IDLE', 'IDLE', 'IDLE', 'IDLE', 'IDLE', 'IDLE', 'FAIL'] picks=34 places=27 hand0=[0.284, 0.006, 0.049] cup_xy0=[0.52, -0.005]
[s1] step=105200 stages=['IDLE', 'IDLE', 'IDLE', 'FAIL', 'IDLE', 'IDLE', 'IDLE', 'IDLE'] picks=34 places=27 hand0=[0.497, -0.093, 0.379] cup_xy0=[0.52, -0.005]
[s1] step=105300 stages=['IDLE', 'FAIL', 'IDLE', 'IDLE', 'IDLE', 'IDLE', 'FAIL', 'IDLE'] picks=34 places=27 hand0=[-0.267, 0.052, -0.244] cup_xy0=[0.52, -0.005]
[s1] step=105400 stages=['IDLE', 'IDLE', 'IDLE', 'IDLE', 'IDLE', 'FAIL', 'IDLE', 'IDLE'] picks=34 places=27 hand0=[-0.19, -0.076, 0.332] cup_xy0=[0.52, -0.005]
[s1] step=105500 stages=['IDLE', 'IDLE', 'FAIL', 'IDLE', 'IDLE', 'IDLE', 'IDLE', 'IDLE'] picks=34 places=27 hand0=[-0.257, -0.079, -0.078] cup_xy0=[0.52, -0.005]
[s1] acquire e0: vision=[0.57, 0.055] gt=[0.566, 0.053]
[s1] step=105600 stages=['ALIGN', 'IDLE', 'IDLE', 'IDLE', 'FAIL', 'IDLE', 'IDLE', 'IDLE'] picks=34 places=27 hand0=[-0.46, -0.074, 0.232] cup_xy0=[0.57, 0.055]
[s1] step=105700 stages=['ALIGN', 'FAIL', 'IDLE', 'IDLE', 'IDLE', 'IDLE', 'IDLE', 'IDLE'] picks=34 places=27 hand0=[0.146, -0.01, -0.342] cup_xy0=[0.57, 0.055]
[s1] step=105800 stages=['ALIGN', 'IDLE', 'IDLE', 'IDLE', 'IDLE', 'FAIL', 'IDLE', 'FAIL'] picks=34 places=27 hand0=[-0.069, 0.047, 0.306] cup_xy0=[0.57, 0.055]
[s1] step=105900 stages=['ALIGN', 'IDLE', 'FAIL', 'FAIL', 'IDLE', 'IDLE', 'IDLE', 'IDLE'] picks=34 places=27 hand0=[0.174, -0.015, 0.048] cup_xy0=[0.57, 0.055]
[s1] step=106000 stages=['IDLE', 'IDLE', 'IDLE', 'IDLE', 'IDLE', 'IDLE', 'FAIL', 'IDLE'] picks=34 places=27 hand0=[0.039, -0.039, 0.163] cup_xy0=[0.57, 0.055]
[s1] step=106100 stages=['IDLE', 'IDLE', 'IDLE', 'IDLE', 'IDLE', 'IDLE', 'IDLE', 'IDLE'] picks=34 places=27 hand0=[0.291, 0.031, 1.02] cup_xy0=[0.57, 0.055]
[s1] step=106200 stages=['IDLE', 'IDLE', 'IDLE', 'IDLE', 'IDLE', 'IDLE', 'IDLE', 'FAIL'] picks=34 places=27 hand0=[0.055, -0.078, 0.307] cup_xy0=[0.57, 0.055]
[s1] step=106300 stages=['FAIL', 'IDLE', 'IDLE', 'FAIL', 'FAIL', 'IDLE', 'IDLE', 'IDLE'] picks=34 places=27 hand0=[-0.153, -0.1, 0.44] cup_xy0=[0.57, 0.055]
[s1] step=106400 stages=['IDLE', 'FAIL', 'IDLE', 'IDLE', 'IDLE', 'IDLE', 'FAIL', 'IDLE'] picks=34 places=27 hand0=[0.532, 0.053, 0.902] cup_xy0=[0.57, 0.055]
[s1] step=106500 stages=['IDLE', 'IDLE', 'IDLE', 'IDLE', 'IDLE', 'FAIL', 'IDLE', 'IDLE'] picks=34 places=27 hand0=[0.518, -0.029, 0.842] cup_xy0=[0.57, 0.055]
[s1] step=106600 stages=['IDLE', 'IDLE', 'FAIL', 'IDLE', 'IDLE', 'IDLE', 'IDLE', 'IDLE'] picks=34 places=27 hand0=[-0.305, 0.067, 0.244] cup_xy0=[0.57, 0.055]
[s1] step=106700 stages=['FAIL', 'IDLE', 'IDLE', 'IDLE', 'FAIL', 'IDLE', 'IDLE', 'IDLE'] picks=34 places=27 hand0=[0.312, 0.071, 0.327] cup_xy0=[0.57, 0.055]
[s1] step=106800 stages=['IDLE', 'IDLE', 'IDLE', 'IDLE', 'IDLE', 'IDLE', 'IDLE', 'IDLE'] picks=34 places=27 hand0=[-0.49, 0.025, 0.982] cup_xy0=[0.57, 0.055]
[s1] step=106900 stages=['IDLE', 'IDLE', 'IDLE', 'IDLE', 'IDLE', 'FAIL', 'IDLE', 'FAIL'] picks=34 places=27 hand0=[0.046, 0.003, 0.393] cup_xy0=[0.57, 0.055]
[s1] step=107000 stages=['IDLE', 'IDLE', 'IDLE', 'FAIL', 'IDLE', 'IDLE', 'IDLE', 'IDLE'] picks=34 places=27 hand0=[0.294, 0.04, 0.493] cup_xy0=[0.57, 0.055]
[s1] step=107100 stages=['IDLE', 'FAIL', 'IDLE', 'IDLE', 'IDLE', 'IDLE', 'FAIL', 'IDLE'] picks=34 places=27 hand0=[0.352, -0.11, 0.409] cup_xy0=[0.57, 0.055]
[s1] step=107200 stages=['IDLE', 'IDLE', 'IDLE', 'IDLE', 'IDLE', 'IDLE', 'IDLE', 'IDLE'] picks=34 places=27 hand0=[0.026, 0.025, -0.272] cup_xy0=[0.57, 0.055]
[s1] step=107300 stages=['IDLE', 'IDLE', 'FAIL', 'IDLE', 'IDLE', 'IDLE', 'IDLE', 'IDLE'] picks=34 places=27 hand0=[-0.371, -0.095, 0.446] cup_xy0=[0.57, 0.055]
[s1] step=107400 stages=['FAIL', 'IDLE', 'IDLE', 'FAIL', 'FAIL', 'IDLE', 'IDLE', 'IDLE'] picks=34 places=27 hand0=[0.178, 0.033, 0.589] cup_xy0=[0.57, 0.055]
[s1] step=107500 stages=['IDLE', 'FAIL', 'IDLE', 'IDLE', 'IDLE', 'IDLE', 'FAIL', 'IDLE'] picks=34 places=27 hand0=[-0.422, -0.039, 0.77] cup_xy0=[0.57, 0.055]
[s1] step=107600 stages=['IDLE', 'IDLE', 'IDLE', 'IDLE', 'IDLE', 'FAIL', 'IDLE', 'FAIL'] picks=34 places=27 hand0=[-0.098, 0.043, -0.363] cup_xy0=[0.57, 0.055]
[s1] step=107700 stages=['IDLE', 'IDLE', 'FAIL', 'IDLE', 'IDLE', 'IDLE', 'IDLE', 'IDLE'] picks=34 places=27 hand0=[0.092, 0.046, 0.373] cup_xy0=[0.57, 0.055]
[s1] step=107800 stages=['IDLE', 'IDLE', 'IDLE', 'IDLE', 'FAIL', 'IDLE', 'IDLE', 'IDLE'] picks=34 places=27 hand0=[0.347, -0.016, 0.339] cup_xy0=[0.57, 0.055]
[s1] step=107900 stages=['IDLE', 'IDLE', 'IDLE', 'IDLE', 'IDLE', 'IDLE', 'IDLE', 'IDLE'] picks=34 places=27 hand0=[0.033, 0.115, 0.304] cup_xy0=[0.57, 0.055]
[s1] step=108000 stages=['IDLE', 'IDLE', 'IDLE', 'IDLE', 'IDLE', 'IDLE', 'IDLE', 'FAIL'] picks=34 places=27 hand0=[0.407, 0.091, 0.732] cup_xy0=[0.57, 0.055]
[s1] step=108100 stages=['FAIL', 'IDLE', 'IDLE', 'FAIL', 'IDLE', 'IDLE', 'IDLE', 'IDLE'] picks=34 places=27 hand0=[0.482, 0.064, 0.328] cup_xy0=[0.57, 0.055]
[s1] step=108200 stages=['IDLE', 'FAIL', 'IDLE', 'IDLE', 'IDLE', 'IDLE', 'FAIL', 'IDLE'] picks=34 places=27 hand0=[-0.164, -0.125, 0.349] cup_xy0=[0.57, 0.055]
[s1] step=108300 stages=['IDLE', 'IDLE', 'IDLE', 'IDLE', 'IDLE', 'FAIL', 'IDLE', 'IDLE'] picks=34 places=27 hand0=[-0.23, -0.113, 0.309] cup_xy0=[0.57, 0.055]
[s1] step=108400 stages=['IDLE', 'IDLE', 'FAIL', 'IDLE', 'IDLE', 'IDLE', 'IDLE', 'IDLE'] picks=34 places=27 hand0=[-0.327, -0.056, 0.863] cup_xy0=[0.57, 0.055]
[s1] step=108500 stages=['FAIL', 'IDLE', 'IDLE', 'IDLE', 'FAIL', 'IDLE', 'IDLE', 'IDLE'] picks=34 places=27 hand0=[-0.317, -0.069, 0.542] cup_xy0=[0.57, 0.055]
[s1] step=108600 stages=['IDLE', 'IDLE', 'IDLE', 'IDLE', 'IDLE', 'IDLE', 'IDLE', 'IDLE'] picks=34 places=27 hand0=[0.227, -0.018, 1.14] cup_xy0=[0.57, 0.055]
[s1] step=108700 stages=['IDLE', 'IDLE', 'IDLE', 'IDLE', 'IDLE', 'FAIL', 'IDLE', 'FAIL'] picks=34 places=27 hand0=[-0.539, 0.12, -0.059] cup_xy0=[0.57, 0.055]
[s1] step=108800 stages=['IDLE', 'IDLE', 'IDLE', 'FAIL', 'IDLE', 'IDLE', 'IDLE', 'IDLE'] picks=34 places=27 hand0=[-0.525, 0.06, -0.204] cup_xy0=[0.57, 0.055]
[s1] step=108900 stages=['IDLE', 'FAIL', 'IDLE', 'IDLE', 'IDLE', 'IDLE', 'FAIL', 'IDLE'] picks=34 places=27 hand0=[0.534, -0.003, -0.257] cup_xy0=[0.57, 0.055]
[s1] step=109000 stages=['IDLE', 'IDLE', 'IDLE', 'IDLE', 'ALIGN', 'IDLE', 'IDLE', 'IDLE'] picks=34 places=27 hand0=[0.34, 0.035, 0.956] cup_xy0=[0.57, 0.055]
[s1] step=109100 stages=['IDLE', 'IDLE', 'FAIL', 'IDLE', 'ALIGN', 'IDLE', 'IDLE', 'IDLE'] picks=34 places=27 hand0=[-0.22, 0.083, 0.354] cup_xy0=[0.57, 0.055]
[s1] step=109200 stages=['FAIL', 'IDLE', 'IDLE', 'FAIL', 'ALIGN', 'IDLE', 'IDLE', 'IDLE'] picks=34 places=27 hand0=[0.385, 0.062, 0.721] cup_xy0=[0.57, 0.055]
[s1] step=109300 stages=['IDLE', 'FAIL', 'IDLE', 'IDLE', 'ALIGN', 'IDLE', 'FAIL', 'IDLE'] picks=34 places=27 hand0=[0.252, 0.018, -0.216] cup_xy0=[0.57, 0.055]
[s1] step=109400 stages=['IDLE', 'IDLE', 'IDLE', 'IDLE', 'IDLE', 'FAIL', 'IDLE', 'FAIL'] picks=34 places=27 hand0=[-0.415, 0.071, 0.54] cup_xy0=[0.57, 0.055]
[s1] step=109500 stages=['IDLE', 'IDLE', 'FAIL', 'IDLE', 'IDLE', 'IDLE', 'IDLE', 'IDLE'] picks=34 places=27 hand0=[0.479, 0.114, -0.077] cup_xy0=[0.57, 0.055]
[s1] step=109600 stages=['FAIL', 'IDLE', 'IDLE', 'IDLE', 'IDLE', 'IDLE', 'IDLE', 'IDLE'] picks=34 places=27 hand0=[-0.152, 0.08, 0.963] cup_xy0=[0.57, 0.055]
[s1] step=109700 stages=['IDLE', 'IDLE', 'IDLE', 'IDLE', 'FAIL', 'IDLE', 'IDLE', 'IDLE'] picks=34 places=27 hand0=[-0.327, 0.003, 0.721] cup_xy0=[0.57, 0.055]
[s1] step=109800 stages=['IDLE', 'IDLE', 'IDLE', 'IDLE', 'IDLE', 'FAIL', 'IDLE', 'FAIL'] picks=34 places=27 hand0=[0.125, -0.09, 0.851] cup_xy0=[0.57, 0.055]
[s1] step=109900 stages=['IDLE', 'IDLE', 'IDLE', 'FAIL', 'IDLE', 'IDLE', 'IDLE', 'IDLE'] picks=34 places=27 hand0=[0.174, 0.007, 0.68] cup_xy0=[0.57, 0.055]
[s1] step=110000 stages=['IDLE', 'FAIL', 'IDLE', 'IDLE', 'IDLE', 'IDLE', 'FAIL', 'IDLE'] picks=34 places=27 hand0=[-0.496, 0.069, 0.276] cup_xy0=[0.57, 0.055]
[s1] step=110100 stages=['IDLE', 'IDLE', 'IDLE', 'IDLE', 'FAIL', 'IDLE', 'IDLE', 'IDLE'] picks=34 places=27 hand0=[0.03, -0.03, 0.883] cup_xy0=[0.57, 0.055]
[s1] step=110200 stages=['IDLE', 'IDLE', 'FAIL', 'IDLE', 'IDLE', 'IDLE', 'IDLE', 'IDLE'] picks=34 places=27 hand0=[0.556, 0.042, 0.781] cup_xy0=[0.57, 0.055]
[s1] step=110300 stages=['FAIL', 'IDLE', 'IDLE', 'FAIL', 'ALIGN', 'IDLE', 'IDLE', 'IDLE'] picks=34 places=27 hand0=[-0.039, 0.038, 0.152] cup_xy0=[0.57, 0.055]
[s1] step=110400 stages=['IDLE', 'FAIL', 'IDLE', 'IDLE', 'ALIGN', 'IDLE', 'FAIL', 'IDLE'] picks=34 places=27 hand0=[0.361, -0.06, 0.7] cup_xy0=[0.57, 0.055]
[s1] step=110500 stages=['IDLE', 'IDLE', 'IDLE', 'IDLE', 'ALIGN', 'FAIL', 'IDLE', 'FAIL'] picks=34 places=27 hand0=[-0.094, 0.122, 0.425] cup_xy0=[0.57, 0.055]
[s1] step=110600 stages=['IDLE', 'IDLE', 'FAIL', 'IDLE', 'ALIGN', 'IDLE', 'IDLE', 'IDLE'] picks=34 places=27 hand0=[0.245, 0.088, 0.274] cup_xy0=[0.57, 0.055]
[s1] step=110700 stages=['IDLE', 'IDLE', 'IDLE', 'ALIGN', 'FAIL', 'IDLE', 'IDLE', 'IDLE'] picks=34 places=27 hand0=[0.271, -0.107, -0.226] cup_xy0=[0.57, 0.055]
[s1] step=110800 stages=['IDLE', 'IDLE', 'IDLE', 'ALIGN', 'IDLE', 'IDLE', 'IDLE', 'IDLE'] picks=34 places=27 hand0=[-0.432, -0.076, 0.372] cup_xy0=[0.57, 0.055]
[s1] step=110900 stages=['IDLE', 'IDLE', 'IDLE', 'ALIGN', 'IDLE', 'IDLE', 'IDLE', 'FAIL'] picks=34 places=27 hand0=[-0.518, 0.062, 0.877] cup_xy0=[0.57, 0.055]
[s1] step=111000 stages=['FAIL', 'IDLE', 'IDLE', 'ALIGN', 'IDLE', 'IDLE', 'IDLE', 'IDLE'] picks=34 places=27 hand0=[0.04, -0.122, 0.209] cup_xy0=[0.57, 0.055]
[s1] step=111100 stages=['IDLE', 'FAIL', 'IDLE', 'FAIL', 'FAIL', 'IDLE', 'FAIL', 'IDLE'] picks=34 places=27 hand0=[-0.492, -0.029, -0.302] cup_xy0=[0.57, 0.055]
[s1] step=111200 stages=['IDLE', 'IDLE', 'IDLE', 'IDLE', 'IDLE', 'FAIL', 'IDLE', 'IDLE'] picks=34 places=27 hand0=[-0.225, 0.0, 0.38] cup_xy0=[0.57, 0.055]
[s1] step=111300 stages=['IDLE', 'IDLE', 'FAIL', 'IDLE', 'IDLE', 'IDLE', 'IDLE', 'IDLE'] picks=34 places=27 hand0=[0.366, 0.0, 0.749] cup_xy0=[0.57, 0.055]
[s1] step=111400 stages=['FAIL', 'IDLE', 'IDLE', 'IDLE', 'IDLE', 'IDLE', 'IDLE', 'IDLE'] picks=34 places=27 hand0=[0.119, 0.029, 0.808] cup_xy0=[0.57, 0.055]
[s1] step=111500 stages=['IDLE', 'IDLE', 'IDLE', 'FAIL', 'IDLE', 'IDLE', 'IDLE', 'IDLE'] picks=34 places=27 hand0=[0.194, 0.086, 0.49] cup_xy0=[0.57, 0.055]
[s1] step=111600 stages=['IDLE', 'IDLE', 'IDLE', 'IDLE', 'IDLE', 'FAIL', 'IDLE', 'FAIL'] picks=34 places=27 hand0=[-0.379, -0.094, -0.23] cup_xy0=[0.57, 0.055]
[s1] step=111700 stages=['IDLE', 'IDLE', 'IDLE', 'IDLE', 'IDLE', 'IDLE', 'IDLE', 'IDLE'] picks=34 places=27 hand0=[-0.01, 0.115, -0.446] cup_xy0=[0.57, 0.055]
[s1] step=111800 stages=['IDLE', 'FAIL', 'IDLE', 'IDLE', 'FAIL', 'IDLE', 'FAIL', 'IDLE'] picks=34 places=27 hand0=[-0.046, -0.096, 0.408] cup_xy0=[0.57, 0.055]
[s1] step=111900 stages=['IDLE', 'IDLE', 'IDLE', 'IDLE', 'IDLE', 'IDLE', 'IDLE', 'IDLE'] picks=34 places=27 hand0=[0.058, -0.01, 0.871] cup_xy0=[0.57, 0.055]
[s1] step=112000 stages=['IDLE', 'IDLE', 'FAIL', 'IDLE', 'IDLE', 'IDLE', 'IDLE', 'IDLE'] picks=34 places=27 hand0=[-0.246, -0.094, 0.118] cup_xy0=[0.57, 0.055]
[s1] step=112100 stages=['FAIL', 'IDLE', 'IDLE', 'IDLE', 'IDLE', 'IDLE', 'IDLE', 'IDLE'] picks=34 places=27 hand0=[0.506, 0.13, 0.591] cup_xy0=[0.57, 0.055]
[s1] step=112200 stages=['IDLE', 'FAIL', 'IDLE', 'FAIL', 'FAIL', 'IDLE', 'FAIL', 'IDLE'] picks=34 places=27 hand0=[0.287, -0.027, -0.077] cup_xy0=[0.57, 0.055]
[s1] step=112300 stages=['IDLE', 'IDLE', 'IDLE', 'IDLE', 'IDLE', 'FAIL', 'IDLE', 'FAIL'] picks=34 places=27 hand0=[0.051, 0.101, 0.383] cup_xy0=[0.57, 0.055]
[s1] step=112400 stages=['IDLE', 'IDLE', 'FAIL', 'IDLE', 'IDLE', 'IDLE', 'IDLE', 'IDLE'] picks=34 places=27 hand0=[-0.13, 0.0, 0.323] cup_xy0=[0.57, 0.055]
[s1] step=112500 stages=['FAIL', 'IDLE', 'IDLE', 'IDLE', 'IDLE', 'IDLE', 'IDLE', 'IDLE'] picks=34 places=27 hand0=[0.217, -0.115, -0.114] cup_xy0=[0.57, 0.055]
[s1] step=112600 stages=['IDLE', 'IDLE', 'IDLE', 'FAIL', 'IDLE', 'IDLE', 'IDLE', 'IDLE'] picks=34 places=27 hand0=[0.227, 0.127, 0.31] cup_xy0=[0.57, 0.055]
[s1] step=112700 stages=['IDLE', 'IDLE', 'IDLE', 'IDLE', 'IDLE', 'IDLE', 'IDLE', 'FAIL'] picks=34 places=27 hand0=[0.244, 0.101, 0.298] cup_xy0=[0.57, 0.055]
[s1] step=112800 stages=['IDLE', 'IDLE', 'IDLE', 'IDLE', 'IDLE', 'IDLE', 'IDLE', 'IDLE'] picks=34 places=27 hand0=[0.179, 0.075, 0.245] cup_xy0=[0.57, 0.055]
[s1] step=112900 stages=['IDLE', 'FAIL', 'IDLE', 'IDLE', 'FAIL', 'IDLE', 'FAIL', 'IDLE'] picks=34 places=27 hand0=[-0.042, 0.065, 0.365] cup_xy0=[0.57, 0.055]
[s1] step=113000 stages=['IDLE', 'IDLE', 'IDLE', 'IDLE', 'IDLE', 'IDLE', 'IDLE', 'IDLE'] picks=34 places=27 hand0=[-0.468, 0.128, -0.061] cup_xy0=[0.57, 0.055]
[s1] step=113100 stages=['IDLE', 'IDLE', 'FAIL', 'IDLE', 'IDLE', 'IDLE', 'IDLE', 'IDLE'] picks=34 places=27 hand0=[0.563, 0.104, 0.049] cup_xy0=[0.57, 0.055]
[s1] step=113200 stages=['FAIL', 'IDLE', 'IDLE', 'IDLE', 'IDLE', 'IDLE', 'IDLE', 'IDLE'] picks=34 places=27 hand0=[-0.359, 0.072, 0.258] cup_xy0=[0.57, 0.055]
[s1] step=113300 stages=['IDLE', 'FAIL', 'IDLE', 'FAIL', 'IDLE', 'IDLE', 'IDLE', 'IDLE'] picks=34 places=27 hand0=[-0.279, 0.045, -0.468] cup_xy0=[0.57, 0.055]
[s1] step=113400 stages=['IDLE', 'IDLE', 'IDLE', 'IDLE', 'ALIGN', 'FAIL', 'IDLE', 'FAIL'] picks=34 places=27 hand0=[-0.47, -0.092, 0.311] cup_xy0=[0.57, 0.055]
[s1] step=113500 stages=['IDLE', 'IDLE', 'FAIL', 'IDLE', 'ALIGN', 'IDLE', 'IDLE', 'IDLE'] picks=34 places=27 hand0=[-0.4, 0.032, 0.438] cup_xy0=[0.57, 0.055]
[s1] step=113600 stages=['IDLE', 'IDLE', 'IDLE', 'IDLE', 'ALIGN', 'IDLE', 'IDLE', 'IDLE'] picks=34 places=27 hand0=[-0.461, 0.02, -0.338] cup_xy0=[0.57, 0.055]
[s1] step=113700 stages=['IDLE', 'IDLE', 'IDLE', 'IDLE', 'ALIGN', 'IDLE', 'IDLE', 'IDLE'] picks=34 places=27 hand0=[-0.368, 0.013, -0.367] cup_xy0=[0.57, 0.055]
[s1] step=113800 stages=['IDLE', 'IDLE', 'IDLE', 'IDLE', 'IDLE', 'IDLE', 'IDLE', 'FAIL'] picks=34 places=27 hand0=[-0.46, -0.012, -0.242] cup_xy0=[0.57, 0.055]
[s1] step=113900 stages=['FAIL', 'IDLE', 'IDLE', 'IDLE', 'IDLE', 'IDLE', 'IDLE', 'IDLE'] picks=34 places=27 hand0=[0.16, 0.082, 0.233] cup_xy0=[0.57, 0.055]
[s1] step=114000 stages=['IDLE', 'FAIL', 'IDLE', 'FAIL', 'ALIGN', 'IDLE', 'FAIL', 'IDLE'] picks=34 places=27 hand0=[0.301, -0.053, -0.069] cup_xy0=[0.57, 0.055]
[s1] step=114100 stages=['IDLE', 'IDLE', 'IDLE', 'IDLE', 'ALIGN', 'FAIL', 'IDLE', 'IDLE'] picks=34 places=27 hand0=[-0.531, 0.043, 0.92] cup_xy0=[0.57, 0.055]
[s1] step=114200 stages=['IDLE', 'IDLE', 'FAIL', 'IDLE', 'ALIGN', 'IDLE', 'IDLE', 'IDLE'] picks=34 places=27 hand0=[0.149, -0.09, 0.935] cup_xy0=[0.57, 0.055]
[s1] step=114300 stages=['FAIL', 'IDLE', 'IDLE', 'IDLE', 'ALIGN', 'IDLE', 'IDLE', 'IDLE'] picks=34 places=27 hand0=[-0.566, -0.014, 0.193] cup_xy0=[0.57, 0.055]
[s1] acquire e0: vision=[0.554, 0.064] gt=[0.568, 0.065]
[s1] step=114400 stages=['ALIGN', 'IDLE', 'IDLE', 'FAIL', 'FAIL', 'IDLE', 'IDLE', 'IDLE'] picks=34 places=27 hand0=[0.332, -0.086, 0.502] cup_xy0=[0.554, 0.064]
[s1] step=114500 stages=['ALIGN', 'IDLE', 'IDLE', 'IDLE', 'IDLE', 'FAIL', 'IDLE', 'FAIL'] picks=34 places=27 hand0=[0.481, 0.125, 0.488] cup_xy0=[0.554, 0.064]
[s1] step=114600 stages=['ALIGN', 'IDLE', 'IDLE', 'IDLE', 'ALIGN', 'IDLE', 'IDLE', 'IDLE'] picks=34 places=27 hand0=[0.2, -0.006, 0.065] cup_xy0=[0.554, 0.064]
[s1] step=114700 stages=['ALIGN', 'FAIL', 'IDLE', 'IDLE', 'ALIGN', 'IDLE', 'FAIL', 'IDLE'] picks=34 places=27 hand0=[-0.341, 0.09, 0.932] cup_xy0=[0.554, 0.064]
[s1] step=114800 stages=['FAIL', 'IDLE', 'IDLE', 'IDLE', 'ALIGN', 'IDLE', 'IDLE', 'IDLE'] picks=34 places=27 hand0=[0.291, 0.11, 0.321] cup_xy0=[0.554, 0.064]
[s1] step=114900 stages=['IDLE', 'IDLE', 'FAIL', 'IDLE', 'ALIGN', 'IDLE', 'ALIGN', 'IDLE'] picks=34 places=27 hand0=[0.124, 0.003, 0.122] cup_xy0=[0.554, 0.064]
[s1] step=115000 stages=['IDLE', 'IDLE', 'IDLE', 'IDLE', 'FAIL', 'IDLE', 'ALIGN', 'IDLE'] picks=34 places=27 hand0=[-0.469, 0.028, 0.368] cup_xy0=[0.554, 0.064]
[s1] step=115100 stages=['IDLE', 'FAIL', 'IDLE', 'FAIL', 'IDLE', 'IDLE', 'ALIGN', 'IDLE'] picks=34 places=27 hand0=[-0.32, 0.001, 0.466] cup_xy0=[0.554, 0.064]
[s1] step=115200 stages=['IDLE', 'IDLE', 'IDLE', 'IDLE', 'ALIGN', 'FAIL', 'ALIGN', 'FAIL'] picks=34 places=27 hand0=[-0.381, -0.067, 0.633] cup_xy0=[0.554, 0.064]
[s1] step=115300 stages=['IDLE', 'IDLE', 'FAIL', 'IDLE', 'ALIGN', 'IDLE', 'IDLE', 'IDLE'] picks=34 places=27 hand0=[-0.312, 0.001, 0.296] cup_xy0=[0.554, 0.064]
[s1] step=115400 stages=['IDLE', 'IDLE', 'IDLE', 'IDLE', 'ALIGN', 'IDLE', 'IDLE', 'IDLE'] picks=34 places=27 hand0=[0.289, 0.006, 1.027] cup_xy0=[0.554, 0.064]
[s1] step=115500 stages=['FAIL', 'IDLE', 'IDLE', 'FAIL', 'ALIGN', 'IDLE', 'IDLE', 'IDLE'] picks=34 places=27 hand0=[-0.308, 0.016, 0.928] cup_xy0=[0.554, 0.064]
[s1] step=115600 stages=['IDLE', 'IDLE', 'IDLE', 'IDLE', 'FAIL', 'IDLE', 'FAIL', 'FAIL'] picks=34 places=27 hand0=[0.17, 0.008, 0.085] cup_xy0=[0.554, 0.064]
[s1] step=115700 stages=['IDLE', 'IDLE', 'IDLE', 'IDLE', 'IDLE', 'IDLE', 'IDLE', 'IDLE'] picks=34 places=27 hand0=[-0.014, -0.076, 0.919] cup_xy0=[0.554, 0.064]
[s1] step=115800 stages=['IDLE', 'FAIL', 'IDLE', 'IDLE', 'IDLE', 'IDLE', 'IDLE', 'IDLE'] picks=34 places=27 hand0=[0.544, -0.025, 0.791] cup_xy0=[0.554, 0.064]
[s1] step=115900 stages=['FAIL', 'IDLE', 'IDLE', 'IDLE', 'IDLE', 'FAIL', 'IDLE', 'IDLE'] picks=34 places=27 hand0=[-0.52, 0.103, 0.139] cup_xy0=[0.554, 0.064]
[s1] step=116000 stages=['IDLE', 'IDLE', 'FAIL', 'IDLE', 'IDLE', 'IDLE', 'FAIL', 'IDLE'] picks=34 places=27 hand0=[0.003, -0.013, 1.167] cup_xy0=[0.554, 0.064]
[s1] step=116100 stages=['IDLE', 'IDLE', 'IDLE', 'IDLE', 'IDLE', 'IDLE', 'IDLE', 'IDLE'] picks=34 places=27 hand0=[0.461, 0.001, 0.806] cup_xy0=[0.554, 0.064]
[s1] step=116200 stages=['IDLE', 'FAIL', 'IDLE', 'FAIL', 'IDLE', 'IDLE', 'IDLE', 'IDLE'] picks=34 places=27 hand0=[0.379, -0.099, 0.686] cup_xy0=[0.554, 0.064]
[s1] step=116300 stages=['IDLE', 'IDLE', 'IDLE', 'IDLE', 'FAIL', 'FAIL', 'IDLE', 'FAIL'] picks=34 places=27 hand0=[-0.317, -0.029, 0.822] cup_xy0=[0.554, 0.064]
[s1] step=116400 stages=['IDLE', 'IDLE', 'IDLE', 'IDLE', 'IDLE', 'IDLE', 'IDLE', 'IDLE'] picks=34 places=27 hand0=[-0.316, 0.028, 0.362] cup_xy0=[0.554, 0.064]
[s1] step=116500 stages=['IDLE', 'IDLE', 'IDLE', 'IDLE', 'IDLE', 'IDLE', 'IDLE', 'IDLE'] picks=34 places=27 hand0=[0.059, 0.003, 0.923] cup_xy0=[0.554, 0.064]
[s1] step=116600 stages=['FAIL', 'IDLE', 'IDLE', 'IDLE', 'IDLE', 'IDLE', 'IDLE', 'IDLE'] picks=34 places=27 hand0=[-0.613, 0.012, 0.651] cup_xy0=[0.554, 0.064]
[s1] step=116700 stages=['IDLE', 'IDLE', 'FAIL', 'IDLE', 'FAIL', 'IDLE', 'FAIL', 'IDLE'] picks=34 places=27 hand0=[0.176, 0.107, 0.347] cup_xy0=[0.554, 0.064]
[s1] step=116800 stages=['IDLE', 'IDLE', 'IDLE', 'IDLE', 'IDLE', 'IDLE', 'IDLE', 'IDLE'] picks=34 places=27 hand0=[0.332, 0.0, -0.054] cup_xy0=[0.554, 0.064]
[s1] step=116900 stages=['IDLE', 'FAIL', 'IDLE', 'FAIL', 'IDLE', 'IDLE', 'IDLE', 'IDLE'] picks=34 places=27 hand0=[0.116, 0.029, 0.815] cup_xy0=[0.554, 0.064]
[s1] acquire e0: vision=[0.462, 0.077] gt=[0.462, 0.072]
[s1] step=117000 stages=['ALIGN', 'IDLE', 'IDLE', 'IDLE', 'IDLE', 'FAIL', 'IDLE', 'FAIL'] picks=34 places=27 hand0=[0.115, 0.115, -0.311] cup_xy0=[0.462, 0.077]
[s1] step=117100 stages=['ALIGN', 'IDLE', 'FAIL', 'IDLE', 'IDLE', 'IDLE', 'FAIL', 'IDLE'] picks=34 places=27 hand0=[-0.595, 0.059, 0.637] cup_xy0=[0.462, 0.077]
[s1] step=117200 stages=['ALIGN', 'IDLE', 'IDLE', 'IDLE', 'IDLE', 'IDLE', 'IDLE', 'IDLE'] picks=34 places=27 hand0=[-0.57, 0.023, -0.047] cup_xy0=[0.462, 0.077]
[s1] step=117300 stages=['ALIGN', 'IDLE', 'IDLE', 'FAIL', 'IDLE', 'IDLE', 'IDLE', 'IDLE'] picks=34 places=27 hand0=[-0.216, 0.034, 0.196] cup_xy0=[0.462, 0.077]
[s1] step=117400 stages=['FAIL', 'IDLE', 'IDLE', 'IDLE', 'FAIL', 'FAIL', 'IDLE', 'FAIL'] picks=34 places=27 hand0=[-0.389, 0.137, 0.876] cup_xy0=[0.462, 0.077]
[s1] step=117500 stages=['IDLE', 'IDLE', 'IDLE', 'IDLE', 'IDLE', 'IDLE', 'IDLE', 'IDLE'] picks=34 places=27 hand0=[-0.576, 0.004, 0.126] cup_xy0=[0.462, 0.077]
[s1] step=117600 stages=['IDLE', 'FAIL', 'IDLE', 'IDLE', 'IDLE', 'IDLE', 'IDLE', 'IDLE'] picks=34 places=27 hand0=[0.363, 0.016, 0.292] cup_xy0=[0.462, 0.077]
[s1] step=117700 stages=['IDLE', 'IDLE', 'IDLE', 'IDLE', 'IDLE', 'IDLE', 'IDLE', 'IDLE'] picks=34 places=27 hand0=[0.091, -0.128, 0.255] cup_xy0=[0.462, 0.077]
[s1] step=117800 stages=['FAIL', 'IDLE', 'FAIL', 'IDLE', 'IDLE', 'IDLE', 'FAIL', 'IDLE'] picks=34 places=27 hand0=[-0.419, 0.098, 0.514] cup_xy0=[0.462, 0.077]
[s1] step=117900 stages=['IDLE', 'IDLE', 'IDLE', 'IDLE', 'ALIGN', 'IDLE', 'IDLE', 'IDLE'] picks=34 places=27 hand0=[0.109, -0.005, 0.128] cup_xy0=[0.462, 0.077]
[s1] step=118000 stages=['IDLE', 'FAIL', 'IDLE', 'FAIL', 'ALIGN', 'IDLE', 'IDLE', 'IDLE'] picks=34 places=27 hand0=[-0.361, 0.017, 0.303] cup_xy0=[0.462, 0.077]
[s1] step=118100 stages=['IDLE', 'IDLE', 'IDLE', 'IDLE', 'ALIGN', 'FAIL', 'IDLE', 'FAIL'] picks=34 places=27 hand0=[0.426, -0.041, 0.388] cup_xy0=[0.462, 0.077]
[s1] step=118200 stages=['IDLE', 'IDLE', 'FAIL', 'IDLE', 'ALIGN', 'IDLE', 'IDLE', 'IDLE'] picks=34 places=27 hand0=[-0.201, -0.059, 0.904] cup_xy0=[0.462, 0.077]
[s1] step=118300 stages=['IDLE', 'IDLE', 'IDLE', 'IDLE', 'FAIL', 'IDLE', 'IDLE', 'IDLE'] picks=34 places=27 hand0=[0.05, 0.043, 0.927] cup_xy0=[0.462, 0.077]
[s1] step=118400 stages=['IDLE', 'IDLE', 'IDLE', 'IDLE', 'IDLE', 'IDLE', 'IDLE', 'IDLE'] picks=34 places=27 hand0=[-0.2, -0.027, 1.093] cup_xy0=[0.462, 0.077]
[s1] step=118500 stages=['FAIL', 'IDLE', 'IDLE', 'IDLE', 'ALIGN', 'IDLE', 'FAIL', 'FAIL'] picks=34 places=27 hand0=[-0.567, -0.064, 0.479] cup_xy0=[0.462, 0.077]
[s1] step=118600 stages=['IDLE', 'IDLE', 'IDLE', 'IDLE', 'ALIGN', 'IDLE', 'IDLE', 'IDLE'] picks=34 places=27 hand0=[0.515, -0.0, -0.215] cup_xy0=[0.462, 0.077]
[s1] step=118700 stages=['IDLE', 'FAIL', 'IDLE', 'IDLE', 'ALIGN', 'IDLE', 'IDLE', 'IDLE'] picks=34 places=27 hand0=[-0.307, -0.088, 0.959] cup_xy0=[0.462, 0.077]
[s1] step=118800 stages=['IDLE', 'IDLE', 'IDLE', 'IDLE', 'ALIGN', 'FAIL', 'IDLE', 'IDLE'] picks=34 places=27 hand0=[0.023, 0.107, 0.95] cup_xy0=[0.462, 0.077]
[s1] step=118900 stages=['FAIL', 'IDLE', 'FAIL', 'IDLE', 'IDLE', 'IDLE', 'FAIL', 'IDLE'] picks=34 places=27 hand0=[0.369, -0.088, 0.685] cup_xy0=[0.462, 0.077]
[s1] step=119000 stages=['IDLE', 'IDLE', 'IDLE', 'IDLE', 'IDLE', 'IDLE', 'IDLE', 'IDLE'] picks=34 places=27 hand0=[0.108, 0.138, 1.028] cup_xy0=[0.462, 0.077]
[s1] step=119100 stages=['IDLE', 'IDLE', 'IDLE', 'FAIL', 'ALIGN', 'IDLE', 'IDLE', 'IDLE'] picks=34 places=27 hand0=[-0.192, -0.088, -0.072] cup_xy0=[0.462, 0.077]
[s1] step=119200 stages=['IDLE', 'IDLE', 'IDLE', 'IDLE', 'ALIGN', 'FAIL', 'IDLE', 'FAIL'] picks=34 places=27 hand0=[-0.292, 0.107, 1.08] cup_xy0=[0.462, 0.077]
[s1] step=119300 stages=['IDLE', 'IDLE', 'IDLE', 'IDLE', 'ALIGN', 'IDLE', 'IDLE', 'IDLE'] picks=34 places=27 hand0=[0.345, -0.04, 0.68] cup_xy0=[0.462, 0.077]
[s1] step=119400 stages=['IDLE', 'FAIL', 'IDLE', 'IDLE', 'ALIGN', 'IDLE', 'IDLE', 'IDLE'] picks=34 places=27 hand0=[0.177, -0.013, 0.008] cup_xy0=[0.462, 0.077]
[s1] step=119500 stages=['IDLE', 'IDLE', 'IDLE', 'IDLE', 'FAIL', 'IDLE', 'IDLE', 'IDLE'] picks=34 places=27 hand0=[0.028, -0.088, -0.267] cup_xy0=[0.462, 0.077]
[s1] step=119600 stages=['FAIL', 'IDLE', 'FAIL', 'IDLE', 'IDLE', 'IDLE', 'FAIL', 'IDLE'] picks=34 places=27 hand0=[-0.213, -0.107, 0.272] cup_xy0=[0.462, 0.077]
[s1] step=119700 stages=['IDLE', 'IDLE', 'IDLE', 'IDLE', 'IDLE', 'IDLE', 'IDLE', 'IDLE'] picks=34 places=27 hand0=[-0.114, -0.013, 0.479] cup_xy0=[0.462, 0.077]
[s1] step=119800 stages=['IDLE', 'FAIL', 'IDLE', 'FAIL', 'IDLE', 'IDLE', 'IDLE', 'IDLE'] picks=34 places=27 hand0=[-0.366, -0.088, -0.042] cup_xy0=[0.462, 0.077]
[s1] step=119900 stages=['IDLE', 'IDLE', 'IDLE', 'IDLE', 'IDLE', 'FAIL', 'IDLE', 'FAIL'] picks=34 places=27 hand0=[0.011, 0.065, -0.248] cup_xy0=[0.462, 0.077]
[s1] step=120000 stages=['IDLE', 'IDLE', 'FAIL', 'IDLE', 'IDLE', 'IDLE', 'FAIL', 'IDLE'] picks=34 places=27 hand0=[-0.445, -0.094, 0.367] cup_xy0=[0.462, 0.077]
[s1] step=120100 stages=['IDLE', 'IDLE', 'IDLE', 'IDLE', 'IDLE', 'IDLE', 'IDLE', 'IDLE'] picks=34 places=27 hand0=[-0.423, -0.037, 0.525] cup_xy0=[0.462, 0.077]
[s1] step=120200 stages=['IDLE', 'IDLE', 'IDLE', 'FAIL', 'FAIL', 'IDLE', 'IDLE', 'IDLE'] picks=34 places=27 hand0=[-0.17, -0.118, -0.304] cup_xy0=[0.462, 0.077]
[s1] step=120300 stages=['FAIL', 'IDLE', 'IDLE', 'IDLE', 'IDLE', 'FAIL', 'IDLE', 'FAIL'] picks=34 places=27 hand0=[0.11, 0.025, 0.828] cup_xy0=[0.462, 0.077]
[s1] step=120400 stages=['IDLE', 'IDLE', 'IDLE', 'IDLE', 'IDLE', 'IDLE', 'IDLE', 'IDLE'] picks=34 places=27 hand0=[-0.196, -0.041, -0.405] cup_xy0=[0.462, 0.077]
[s1] step=120500 stages=['IDLE', 'FAIL', 'IDLE', 'IDLE', 'IDLE', 'IDLE', 'IDLE', 'IDLE'] picks=34 places=27 hand0=[0.423, 0.046, 0.6] cup_xy0=[0.462, 0.077]
[s1] step=120600 stages=['IDLE', 'IDLE', 'IDLE', 'IDLE', 'FAIL', 'IDLE', 'IDLE', 'IDLE'] picks=34 places=27 hand0=[-0.282, 0.0, 0.313] cup_xy0=[0.462, 0.077]
[s1] step=120700 stages=['FAIL', 'IDLE', 'FAIL', 'IDLE', 'IDLE', 'IDLE', 'FAIL', 'IDLE'] picks=34 places=27 hand0=[-0.15, 0.049, 0.773] cup_xy0=[0.462, 0.077]
[s1] step=120800 stages=['IDLE', 'IDLE', 'IDLE', 'IDLE', 'IDLE', 'IDLE', 'IDLE', 'IDLE'] picks=34 places=27 hand0=[0.333, -0.01, -0.031] cup_xy0=[0.462, 0.077]
[s1] step=120900 stages=['IDLE', 'FAIL', 'IDLE', 'FAIL', 'IDLE', 'IDLE', 'IDLE', 'IDLE'] picks=34 places=27 hand0=[-0.065, 0.099, 0.905] cup_xy0=[0.462, 0.077]
[s1] step=121000 stages=['IDLE', 'IDLE', 'IDLE', 'IDLE', 'IDLE', 'FAIL', 'IDLE', 'FAIL'] picks=34 places=27 hand0=[0.105, -0.049, 0.374] cup_xy0=[0.462, 0.077]
[s1] step=121100 stages=['IDLE', 'IDLE', 'FAIL', 'IDLE', 'IDLE', 'IDLE', 'IDLE', 'IDLE'] picks=34 places=27 hand0=[-0.14, -0.107, 0.241] cup_xy0=[0.462, 0.077]
[s1] step=121200 stages=['IDLE', 'IDLE', 'IDLE', 'IDLE', 'ALIGN', 'IDLE', 'IDLE', 'IDLE'] picks=34 places=27 hand0=[-0.194, -0.087, 0.167] cup_xy0=[0.462, 0.077]
[s1] step=121300 stages=['IDLE', 'IDLE', 'IDLE', 'IDLE', 'ALIGN', 'IDLE', 'IDLE', 'IDLE'] picks=34 places=27 hand0=[0.553, 0.083, 0.744] cup_xy0=[0.462, 0.077]
[s1] step=121400 stages=['FAIL', 'IDLE', 'IDLE', 'IDLE', 'ALIGN', 'IDLE', 'FAIL', 'FAIL'] picks=34 places=27 hand0=[-0.394, -0.103, 0.732] cup_xy0=[0.462, 0.077]
[s1] step=121500 stages=['IDLE', 'IDLE', 'IDLE', 'IDLE', 'ALIGN', 'IDLE', 'IDLE', 'IDLE'] picks=34 places=27 hand0=[0.248, 0.093, 0.284] cup_xy0=[0.462, 0.077]
[s1] step=121600 stages=['IDLE', 'FAIL', 'IDLE', 'FAIL', 'FAIL', 'IDLE', 'IDLE', 'IDLE'] picks=34 places=27 hand0=[0.597, -0.036, 0.656] cup_xy0=[0.462, 0.077]
[s1] step=121700 stages=['IDLE', 'IDLE', 'IDLE', 'IDLE', 'IDLE', 'FAIL', 'IDLE', 'IDLE'] picks=34 places=27 hand0=[-0.46, -0.138, 0.729] cup_xy0=[0.462, 0.077]
[s1] step=121800 stages=['FAIL', 'IDLE', 'FAIL', 'IDLE', 'ALIGN', 'IDLE', 'FAIL', 'IDLE'] picks=34 places=27 hand0=[0.37, 0.109, 0.758] cup_xy0=[0.462, 0.077]
[s1] step=121900 stages=['IDLE', 'IDLE', 'IDLE', 'IDLE', 'ALIGN', 'IDLE', 'IDLE', 'IDLE'] picks=34 places=27 hand0=[0.022, -0.098, 0.241] cup_xy0=[0.462, 0.077]
[s1] step=122000 stages=['IDLE', 'IDLE', 'IDLE', 'FAIL', 'ALIGN', 'IDLE', 'IDLE', 'IDLE'] picks=34 places=27 hand0=[0.404, 0.075, 0.065] cup_xy0=[0.462, 0.077]
[s1] step=122100 stages=['IDLE', 'IDLE', 'IDLE', 'IDLE', 'ALIGN', 'FAIL', 'IDLE', 'FAIL'] picks=34 places=27 hand0=[-0.174, 0.016, 0.649] cup_xy0=[0.462, 0.077]
[s1] step=122200 stages=['IDLE', 'IDLE', 'IDLE', 'IDLE', 'FAIL', 'IDLE', 'IDLE', 'IDLE'] picks=34 places=27 hand0=[-0.22, 0.012, 0.864] cup_xy0=[0.462, 0.077]
[s1] step=122300 stages=['IDLE', 'FAIL', 'IDLE', 'IDLE', 'IDLE', 'IDLE', 'IDLE', 'IDLE'] picks=34 places=27 hand0=[-0.48, 0.007, 0.878] cup_xy0=[0.462, 0.077]
[s1] step=122400 stages=['IDLE', 'IDLE', 'IDLE', 'IDLE', 'ALIGN', 'IDLE', 'IDLE', 'IDLE'] picks=34 places=27 hand0=[0.367, 0.04, 0.253] cup_xy0=[0.462, 0.077]
[s1] step=122500 stages=['FAIL', 'IDLE', 'FAIL', 'IDLE', 'ALIGN', 'IDLE', 'FAIL', 'IDLE'] picks=34 places=27 hand0=[0.012, 0.048, 0.374] cup_xy0=[0.462, 0.077]
[s1] step=122600 stages=['IDLE', 'IDLE', 'IDLE', 'IDLE', 'ALIGN', 'IDLE', 'IDLE', 'IDLE'] picks=34 places=27 hand0=[-0.243, -0.096, 0.19] cup_xy0=[0.462, 0.077]
[s1] step=122700 stages=['IDLE', 'FAIL', 'ALIGN', 'FAIL', 'ALIGN', 'IDLE', 'IDLE', 'IDLE'] picks=34 places=27 hand0=[-0.56, -0.083, 0.809] cup_xy0=[0.462, 0.077]
[s1] step=122800 stages=['IDLE', 'IDLE', 'ALIGN', 'IDLE', 'FAIL', 'FAIL', 'IDLE', 'FAIL'] picks=34 places=27 hand0=[-0.348, 0.077, 0.273] cup_xy0=[0.462, 0.077]
[s1] step=122900 stages=['IDLE', 'IDLE', 'ALIGN', 'IDLE', 'IDLE', 'IDLE', 'IDLE', 'IDLE'] picks=34 places=27 hand0=[-0.514, -0.112, 0.2] cup_xy0=[0.462, 0.077]
[s1] step=123000 stages=['IDLE', 'IDLE', 'ALIGN', 'IDLE', 'IDLE', 'IDLE', 'IDLE', 'IDLE'] picks=34 places=27 hand0=[-0.365, -0.121, 0.26] cup_xy0=[0.462, 0.077]
[s1] step=123100 stages=['IDLE', 'IDLE', 'IDLE', 'FAIL', 'IDLE', 'IDLE', 'IDLE', 'IDLE'] picks=34 places=27 hand0=[-0.083, -0.007, 0.543] cup_xy0=[0.462, 0.077]
[s1] step=123200 stages=['FAIL', 'IDLE', 'IDLE', 'IDLE', 'IDLE', 'IDLE', 'FAIL', 'FAIL'] picks=34 places=27 hand0=[-0.457, 0.012, 0.277] cup_xy0=[0.462, 0.077]
[s1] step=123300 stages=['IDLE', 'IDLE', 'IDLE', 'IDLE', 'IDLE', 'IDLE', 'IDLE', 'IDLE'] picks=34 places=27 hand0=[-0.256, -0.009, 0.462] cup_xy0=[0.462, 0.077]
[s1] step=123400 stages=['IDLE', 'FAIL', 'FAIL', 'IDLE', 'IDLE', 'IDLE', 'IDLE', 'IDLE'] picks=34 places=27 hand0=[-0.242, -0.1, -0.023] cup_xy0=[0.462, 0.077]
[s1] step=123500 stages=['IDLE', 'IDLE', 'IDLE', 'IDLE', 'FAIL', 'FAIL', 'IDLE', 'IDLE'] picks=34 places=27 hand0=[0.196, 0.054, 0.728] cup_xy0=[0.462, 0.077]
[s1] step=123600 stages=['FAIL', 'IDLE', 'IDLE', 'IDLE', 'IDLE', 'IDLE', 'FAIL', 'IDLE'] picks=34 places=27 hand0=[0.509, 0.116, 0.055] cup_xy0=[0.462, 0.077]
[s1] step=123700 stages=['IDLE', 'IDLE', 'IDLE', 'IDLE', 'IDLE', 'IDLE', 'IDLE', 'IDLE'] picks=34 places=27 hand0=[0.345, 0.054, 0.821] cup_xy0=[0.462, 0.077]
[s1] step=123800 stages=['IDLE', 'FAIL', 'IDLE', 'FAIL', 'IDLE', 'IDLE', 'IDLE', 'IDLE'] picks=34 places=27 hand0=[0.059, -0.108, 1.061] cup_xy0=[0.462, 0.077]
[s1] step=123900 stages=['IDLE', 'IDLE', 'IDLE', 'IDLE', 'FAIL', 'FAIL', 'IDLE', 'FAIL'] picks=34 places=27 hand0=[-0.255, -0.075, 0.269] cup_xy0=[0.462, 0.077]
[s1] step=124000 stages=['IDLE', 'IDLE', 'IDLE', 'IDLE', 'IDLE', 'IDLE', 'IDLE', 'IDLE'] picks=34 places=27 hand0=[-0.041, -0.024, 1.175] cup_xy0=[0.462, 0.077]
[s1] step=124100 stages=['IDLE', 'IDLE', 'FAIL', 'IDLE', 'IDLE', 'IDLE', 'IDLE', 'IDLE'] picks=34 places=27 hand0=[0.329, -0.006, 0.977] cup_xy0=[0.462, 0.077]
[s1] step=124200 stages=['IDLE', 'IDLE', 'IDLE', 'IDLE', 'IDLE', 'IDLE', 'IDLE', 'IDLE'] picks=34 places=27 hand0=[0.285, 0.044, 1.089] cup_xy0=[0.462, 0.077]
[s1] step=124300 stages=['FAIL', 'IDLE', 'IDLE', 'IDLE', 'IDLE', 'IDLE', 'FAIL', 'FAIL'] picks=34 places=27 hand0=[0.075, 0.106, 0.359] cup_xy0=[0.462, 0.077]
[s1] step=124400 stages=['IDLE', 'IDLE', 'IDLE', 'IDLE', 'IDLE', 'IDLE', 'IDLE', 'IDLE'] picks=34 places=27 hand0=[0.035, 0.068, 0.151] cup_xy0=[0.462, 0.077]
[s1] step=124500 stages=['IDLE', 'FAIL', 'FAIL', 'FAIL', 'IDLE', 'IDLE', 'IDLE', 'IDLE'] picks=34 places=27 hand0=[-0.161, 0.098, 0.203] cup_xy0=[0.462, 0.077]
[s1] step=124600 stages=['IDLE', 'IDLE', 'IDLE', 'IDLE', 'FAIL', 'FAIL', 'IDLE', 'IDLE'] picks=34 places=27 hand0=[-0.06, 0.065, 0.505] cup_xy0=[0.462, 0.077]
[s1] step=124700 stages=['IDLE', 'IDLE', 'IDLE', 'IDLE', 'IDLE', 'IDLE', 'FAIL', 'IDLE'] picks=34 places=27 hand0=[0.058, 0.036, 1.007] cup_xy0=[0.462, 0.077]
[s1] step=124800 stages=['IDLE', 'IDLE', 'IDLE', 'IDLE', 'IDLE', 'IDLE', 'IDLE', 'IDLE'] picks=34 places=27 hand0=[0.234, 0.102, 0.392] cup_xy0=[0.462, 0.077]
[s1] step=124900 stages=['IDLE', 'IDLE', 'IDLE', 'FAIL', 'IDLE', 'IDLE', 'IDLE', 'IDLE'] picks=34 places=27 hand0=[-0.354, -0.028, 0.296] cup_xy0=[0.462, 0.077]
[s1] step=125000 stages=['FAIL', 'IDLE', 'IDLE', 'IDLE', 'FAIL', 'FAIL', 'IDLE', 'FAIL'] picks=34 places=27 hand0=[0.564, -0.001, 0.436] cup_xy0=[0.462, 0.077]
[s1] step=125100 stages=['IDLE', 'IDLE', 'IDLE', 'IDLE', 'IDLE', 'IDLE', 'IDLE', 'IDLE'] picks=34 places=27 hand0=[0.135, 0.016, 0.169] cup_xy0=[0.462, 0.077]
[s1] step=125200 stages=['IDLE', 'FAIL', 'FAIL', 'IDLE', 'IDLE', 'IDLE', 'IDLE', 'IDLE'] picks=34 places=27 hand0=[-0.28, 0.01, 1.136] cup_xy0=[0.462, 0.077]
[s1] step=125300 stages=['IDLE', 'IDLE', 'IDLE', 'IDLE', 'IDLE', 'IDLE', 'IDLE', 'IDLE'] picks=34 places=27 hand0=[0.163, 0.015, 0.106] cup_xy0=[0.462, 0.077]
[s1] step=125400 stages=['FAIL', 'IDLE', 'IDLE', 'IDLE', 'IDLE', 'IDLE', 'FAIL', 'IDLE'] picks=34 places=27 hand0=[0.156, 0.087, 0.446] cup_xy0=[0.462, 0.077]
[s1] step=125500 stages=['IDLE', 'IDLE', 'IDLE', 'IDLE', 'IDLE', 'IDLE', 'IDLE', 'IDLE'] picks=34 places=27 hand0=[0.406, 0.121, 0.767] cup_xy0=[0.462, 0.077]
[s1] step=125600 stages=['IDLE', 'FAIL', 'FAIL', 'FAIL', 'IDLE', 'IDLE', 'IDLE', 'IDLE'] picks=34 places=27 hand0=[0.042, -0.079, 1.018] cup_xy0=[0.462, 0.077]
[s1] step=125700 stages=['IDLE', 'IDLE', 'IDLE', 'IDLE', 'FAIL', 'FAIL', 'IDLE', 'FAIL'] picks=34 places=27 hand0=[0.448, 0.101, 0.693] cup_xy0=[0.462, 0.077]
[s1] step=125800 stages=['IDLE', 'IDLE', 'IDLE', 'IDLE', 'IDLE', 'IDLE', 'IDLE', 'IDLE'] picks=34 places=27 hand0=[0.236, -0.016, -0.206] cup_xy0=[0.462, 0.077]
[s1] step=125900 stages=['IDLE', 'IDLE', 'IDLE', 'IDLE', 'IDLE', 'IDLE', 'IDLE', 'IDLE'] picks=34 places=27 hand0=[0.03, -0.021, -0.242] cup_xy0=[0.462, 0.077]
[s1] step=126000 stages=['IDLE', 'IDLE', 'IDLE', 'FAIL', 'ALIGN', 'IDLE', 'IDLE', 'IDLE'] picks=34 places=27 hand0=[0.439, -0.124, -0.172] cup_xy0=[0.462, 0.077]
[s1] step=126100 stages=['FAIL', 'IDLE', 'IDLE', 'IDLE', 'ALIGN', 'IDLE', 'FAIL', 'FAIL'] picks=34 places=27 hand0=[0.229, -0.008, -0.226] cup_xy0=[0.462, 0.077]
[s1] step=126200 stages=['IDLE', 'IDLE', 'IDLE', 'IDLE', 'ALIGN', 'IDLE', 'IDLE', 'IDLE'] picks=34 places=27 hand0=[0.14, 0.038, 0.841] cup_xy0=[0.462, 0.077]
[s1] step=126300 stages=['IDLE', 'FAIL', 'FAIL', 'IDLE', 'ALIGN', 'IDLE', 'IDLE', 'IDLE'] picks=34 places=27 hand0=[0.175, -0.079, 0.758] cup_xy0=[0.462, 0.077]
[s1] step=126400 stages=['IDLE', 'IDLE', 'IDLE', 'IDLE', 'FAIL', 'FAIL', 'IDLE', 'IDLE'] picks=34 places=27 hand0=[0.178, -0.033, -0.226] cup_xy0=[0.462, 0.077]
[s1] step=126500 stages=['FAIL', 'IDLE', 'IDLE', 'IDLE', 'IDLE', 'IDLE', 'FAIL', 'IDLE'] picks=34 places=27 hand0=[0.437, -0.136, 0.869] cup_xy0=[0.462, 0.077]
[s1] step=126600 stages=['IDLE', 'IDLE', 'IDLE', 'IDLE', 'IDLE', 'IDLE', 'IDLE', 'IDLE'] picks=34 places=27 hand0=[-0.241, 0.108, 0.147] cup_xy0=[0.462, 0.077]
[s1] step=126700 stages=['IDLE', 'IDLE', 'IDLE', 'FAIL', 'IDLE', 'IDLE', 'IDLE', 'IDLE'] picks=34 places=27 hand0=[-0.315, -0.083, 0.131] cup_xy0=[0.462, 0.077]
[s1] step=126800 stages=['IDLE', 'IDLE', 'IDLE', 'IDLE', 'ALIGN', 'FAIL', 'IDLE', 'FAIL'] picks=34 places=27 hand0=[0.317, 0.004, 0.537] cup_xy0=[0.462, 0.077]
[s1] step=126900 stages=['IDLE', 'IDLE', 'IDLE', 'ALIGN', 'ALIGN', 'IDLE', 'IDLE', 'IDLE'] picks=34 places=27 hand0=[-0.521, 0.124, 0.634] cup_xy0=[0.462, 0.077]
[s1] step=127000 stages=['IDLE', 'FAIL', 'FAIL', 'ALIGN', 'ALIGN', 'IDLE', 'IDLE', 'IDLE'] picks=34 places=27 hand0=[-0.589, -0.012, 0.148] cup_xy0=[0.462, 0.077]
[s1] step=127100 stages=['IDLE', 'IDLE', 'IDLE', 'ALIGN', 'ALIGN', 'IDLE', 'IDLE', 'IDLE'] picks=34 places=27 hand0=[-0.553, 0.069, 0.525] cup_xy0=[0.462, 0.077]
[s1] step=127200 stages=['FAIL', 'IDLE', 'IDLE', 'ALIGN', 'IDLE', 'IDLE', 'FAIL', 'IDLE'] picks=34 places=27 hand0=[-0.234, 0.055, 0.022] cup_xy0=[0.462, 0.077]
[s1] step=127300 stages=['IDLE', 'IDLE', 'IDLE', 'FAIL', 'IDLE', 'IDLE', 'IDLE', 'IDLE'] picks=34 places=27 hand0=[-0.115, 0.089, 0.251] cup_xy0=[0.462, 0.077]
[s1] step=127400 stages=['IDLE', 'FAIL', 'FAIL', 'IDLE', 'IDLE', 'IDLE', 'IDLE', 'IDLE'] picks=34 places=27 hand0=[0.404, 0.006, 1.024] cup_xy0=[0.462, 0.077]
[s1] step=127500 stages=['IDLE', 'IDLE', 'IDLE', 'IDLE', 'FAIL', 'FAIL', 'IDLE', 'FAIL'] picks=34 places=27 hand0=[0.427, 0.011, -0.109] cup_xy0=[0.462, 0.077]
[s1] step=127600 stages=['IDLE', 'IDLE', 'IDLE', 'IDLE', 'ALIGN', 'IDLE', 'FAIL', 'IDLE'] picks=34 places=27 hand0=[0.392, -0.013, 1.058] cup_xy0=[0.462, 0.077]
[s1] step=127700 stages=['IDLE', 'IDLE', 'IDLE', 'IDLE', 'ALIGN', 'IDLE', 'IDLE', 'IDLE'] picks=34 places=27 hand0=[0.032, -0.013, -0.215] cup_xy0=[0.462, 0.077]
[s1] step=127800 stages=['IDLE', 'IDLE', 'IDLE', 'IDLE', 'ALIGN', 'IDLE', 'IDLE', 'IDLE'] picks=34 places=27 hand0=[0.348, 0.025, 0.955] cup_xy0=[0.462, 0.077]
[s1] step=127900 stages=['FAIL', 'IDLE', 'IDLE', 'IDLE', 'ALIGN', 'FAIL', 'IDLE', 'FAIL'] picks=34 places=27 hand0=[-0.401, -0.062, 0.249] cup_xy0=[0.462, 0.077]
[s1] step=128000 stages=['IDLE', 'IDLE', 'IDLE', 'FAIL', 'FAIL', 'IDLE', 'IDLE', 'IDLE'] picks=34 places=27 hand0=[-0.154, 0.097, -0.32] cup_xy0=[0.462, 0.077]
[s1] step=128100 stages=['IDLE', 'FAIL', 'FAIL', 'IDLE', 'IDLE', 'IDLE', 'IDLE', 'IDLE'] picks=34 places=27 hand0=[0.248, 0.097, -0.267] cup_xy0=[0.462, 0.077]
[s1] step=128200 stages=['IDLE', 'IDLE', 'IDLE', 'IDLE', 'IDLE', 'IDLE', 'IDLE', 'IDLE'] picks=34 places=27 hand0=[-0.557, 0.081, 0.189] cup_xy0=[0.462, 0.077]
[s1] step=128300 stages=['FAIL', 'IDLE', 'IDLE', 'IDLE', 'IDLE', 'IDLE', 'FAIL', 'IDLE'] picks=34 places=27 hand0=[0.221, -0.133, -0.392] cup_xy0=[0.462, 0.077]
[s1] step=128400 stages=['IDLE', 'IDLE', 'IDLE', 'IDLE', 'FAIL', 'IDLE', 'IDLE', 'IDLE'] picks=34 places=27 hand0=[-0.374, -0.076, 0.421] cup_xy0=[0.462, 0.077]
[s1] step=128500 stages=['IDLE', 'FAIL', 'IDLE', 'IDLE', 'IDLE', 'IDLE', 'IDLE', 'IDLE'] picks=34 places=27 hand0=[0.466, 0.015, 0.998] cup_xy0=[0.462, 0.077]
[s1] step=128600 stages=['IDLE', 'IDLE', 'IDLE', 'IDLE', 'IDLE', 'FAIL', 'IDLE', 'FAIL'] picks=34 places=27 hand0=[0.217, 0.099, 0.916] cup_xy0=[0.462, 0.077]
[s1] step=128700 stages=['IDLE', 'IDLE', 'IDLE', 'FAIL', 'ALIGN', 'IDLE', 'IDLE', 'IDLE'] picks=34 places=27 hand0=[0.171, -0.04, 0.093] cup_xy0=[0.462, 0.077]
[s1] step=128800 stages=['IDLE', 'IDLE', 'FAIL', 'IDLE', 'ALIGN', 'IDLE', 'IDLE', 'IDLE'] picks=34 places=27 hand0=[0.017, -0.022, 0.38] cup_xy0=[0.462, 0.077]
[s1] step=128900 stages=['IDLE', 'IDLE', 'IDLE', 'IDLE', 'ALIGN', 'IDLE', 'IDLE', 'IDLE'] picks=34 places=27 hand0=[0.13, 0.096, 0.239] cup_xy0=[0.462, 0.077]
[s1] step=129000 stages=['FAIL', 'IDLE', 'IDLE', 'IDLE', 'ALIGN', 'IDLE', 'FAIL', 'FAIL'] picks=34 places=27 hand0=[0.337, -0.043, 0.747] cup_xy0=[0.462, 0.077]
[s1] step=129100 stages=['IDLE', 'IDLE', 'IDLE', 'FAIL', 'IDLE', 'IDLE', 'IDLE', 'IDLE'] picks=34 places=27 hand0=[-0.458, -0.113, 0.482] cup_xy0=[0.462, 0.077]
[s1] step=129200 stages=['IDLE', 'FAIL', 'FAIL', 'IDLE', 'IDLE', 'IDLE', 'IDLE', 'IDLE'] picks=34 places=27 hand0=[-0.281, -0.128, 0.327] cup_xy0=[0.462, 0.077]
[s1] step=129300 stages=['IDLE', 'IDLE', 'IDLE', 'IDLE', 'IDLE', 'FAIL', 'IDLE', 'IDLE'] picks=34 places=27 hand0=[-0.368, 0.069, -0.001] cup_xy0=[0.462, 0.077]
[s1] step=129400 stages=['FAIL', 'IDLE', 'IDLE', 'IDLE', 'FAIL', 'IDLE', 'FAIL', 'IDLE'] picks=34 places=27 hand0=[0.337, 0.015, 0.671] cup_xy0=[0.462, 0.077]
[s1] step=129500 stages=['IDLE', 'IDLE', 'IDLE', 'IDLE', 'IDLE', 'IDLE', 'IDLE', 'IDLE'] picks=34 places=27 hand0=[-0.248, -0.137, 0.351] cup_xy0=[0.462, 0.077]
[s1] step=129600 stages=['IDLE', 'IDLE', 'IDLE', 'IDLE', 'IDLE', 'IDLE', 'IDLE', 'IDLE'] picks=34 places=27 hand0=[0.375, 0.118, 0.504] cup_xy0=[0.462, 0.077]
[s1] step=129700 stages=['IDLE', 'IDLE', 'IDLE', 'IDLE', 'IDLE', 'FAIL', 'IDLE', 'FAIL'] picks=34 places=27 hand0=[-0.228, -0.102, -0.267] cup_xy0=[0.462, 0.077]
[s1] step=129800 stages=['IDLE', 'IDLE', 'IDLE', 'FAIL', 'ALIGN', 'IDLE', 'IDLE', 'IDLE'] picks=34 places=27 hand0=[0.167, 0.04, 0.145] cup_xy0=[0.462, 0.077]
[s1] step=129900 stages=['IDLE', 'FAIL', 'FAIL', 'IDLE', 'ALIGN', 'IDLE', 'IDLE', 'IDLE'] picks=34 places=27 hand0=[-0.159, 0.031, 0.55] cup_xy0=[0.462, 0.077]
[s1] step=130000 stages=['IDLE', 'IDLE', 'IDLE', 'IDLE', 'ALIGN', 'IDLE', 'IDLE', 'IDLE'] picks=34 places=27 hand0=[0.514, 0.124, 0.771] cup_xy0=[0.462, 0.077]
[s1] step=130100 stages=['FAIL', 'IDLE', 'IDLE', 'IDLE', 'ALIGN', 'IDLE', 'FAIL', 'IDLE'] picks=34 places=27 hand0=[0.31, 0.003, 0.529] cup_xy0=[0.462, 0.077]
[s1] step=130200 stages=['IDLE', 'IDLE', 'IDLE', 'IDLE', 'IDLE', 'IDLE', 'IDLE', 'IDLE'] picks=34 places=27 hand0=[-0.539, -0.008, -0.24] cup_xy0=[0.462, 0.077]
[s1] step=130300 stages=['IDLE', 'FAIL', 'FAIL', 'IDLE', 'IDLE', 'IDLE', 'IDLE', 'IDLE'] picks=34 places=27 hand0=[-0.144, 0.067, 0.168] cup_xy0=[0.462, 0.077]
[s1] step=130400 stages=['IDLE', 'IDLE', 'IDLE', 'IDLE', 'IDLE', 'FAIL', 'IDLE', 'FAIL'] picks=34 places=27 hand0=[0.058, -0.015, 0.435] cup_xy0=[0.462, 0.077]
[s1] step=130500 stages=['IDLE', 'IDLE', 'IDLE', 'FAIL', 'FAIL', 'IDLE', 'FAIL', 'IDLE'] picks=34 places=27 hand0=[-0.07, -0.068, 0.161] cup_xy0=[0.462, 0.077]
[s1] step=130600 stages=['IDLE', 'IDLE', 'IDLE', 'IDLE', 'IDLE', 'IDLE', 'IDLE', 'IDLE'] picks=34 places=27 hand0=[-0.246, 0.046, 0.883] cup_xy0=[0.462, 0.077]
[s1] step=130700 stages=['IDLE', 'IDLE', 'IDLE', 'IDLE', 'IDLE', 'IDLE', 'IDLE', 'IDLE'] picks=34 places=27 hand0=[0.035, 0.0, 0.907] cup_xy0=[0.462, 0.077]
