[WARN][AppLauncher]: There are no arguments attached to the ArgumentParser object. If you have your own arguments, please load your own arguments before calling the `AppLauncher.add_app_launcher_args` method. This allows the method to check the validity of the arguments and perform checks for argument names.
[INFO][AppLauncher]: Using device: cuda:0
[INFO][AppLauncher]: Loading experience file: /home/oedeh/IsaacLab/apps/isaaclab.python.headless.kit

[36m======================================================================================[0m
[36m[1m[INFO][IsaacLab]: Logging to file: /tmp/isaaclab/logs/isaaclab_2026-07-30_11-22-29.log[0m
[36m======================================================================================[0m

[33m11:22:29 [simulation_context.py] WARNING: The `enable_external_forces_every_iteration` parameter in the PhysxCfg is set to False. If you are experiencing noisy velocities, consider enabling this flag. You may need to slightly increase the number of velocity iterations (setting it to 1 or 2 rather than 0), together with this flag, to improve the accuracy of velocity updates.[0m
[r4] bodies: ['base_link', 'link1', 'link2', 'link3', 'link4', 'link5', 'link6', 'tool0', 'base_link_0', 'left_outer_knuckle', 'right_outer_knuckle', 'left_outer_finger', 'right_outer_finger', 'left_inner_finger', 'right_inner_finger', 'left_inner_knuckle', 'right_inner_knuckle']
[r4] joints: ['Joint1', 'Joint2', 'Joint3', 'Joint4', 'Joint5', 'Joint6', 'finger_joint', 'right_outer_knuckle_joint', 'left_inner_finger_joint', 'right_inner_finger_joint', 'left_inner_finger_knuckle_joint', 'right_inner_finger_knuckle_joint']
[r4] boot pose J2=0.4 J3=1.0 J5=0.6 -> base x=0.244 z=0.397
[r4] jac row for gripper base: 5 (cos=1.00; -1 convention would be 7)
[r4] jac shape: (1, 16, 6, 12) n_bodies: 17 n_joints: 12 base_idx: 8
[r4] pad-mid at stance: [-0.444, 0.0, 0.165] (base at [-0.444, 0.0, 0.165])
[r4-it] it=0 perr=0.030 dq=[-0.0, 0.062, 0.013, 0.001, -0.054, -0.002] base=[-0.445, 0.0, 0.165]
[r4-it] it=1 perr=0.031 dq=[-0.0, 0.062, 0.016, 0.001, -0.055, -0.002] base=[-0.445, 0.0, 0.165]
[r4-it] it=2 perr=0.031 dq=[-0.0, 0.06, 0.018, 0.001, -0.054, -0.002] base=[-0.446, 0.0, 0.165]
[r4-it] it=3 perr=0.030 dq=[-0.0, 0.057, 0.02, 0.001, -0.052, -0.002] base=[-0.446, 0.0, 0.163]
[r4-it] it=4 perr=0.028 dq=[-0.0, 0.052, 0.022, 0.001, -0.046, -0.002] base=[-0.447, 0.0, 0.16]
[r4-it] it=5 perr=0.025 dq=[-0.0, 0.045, 0.023, 0.001, -0.037, -0.002] base=[-0.448, 0.0, 0.155]
[r4-it] it=0 perr=0.030 dq=[-0.0, 0.068, -0.001, 0.001, -0.035, -0.003] base=[-0.449, 0.0, 0.15]
[r4-it] it=1 perr=0.024 dq=[-0.0, 0.056, -0.001, 0.001, -0.018, -0.003] base=[-0.45, 0.0, 0.143]
[r4-it] it=2 perr=0.018 dq=[-0.0, 0.04, -0.001, 0.001, 0.001, -0.003] base=[-0.451, 0.0, 0.135]
[r4-it] it=3 perr=0.010 dq=[-0.0, 0.02, 0.0, 0.001, 0.023, -0.003] base=[-0.452, 0.0, 0.125]
[r4-it] it=0 perr=0.030 dq=[-0.0, 0.08, -0.025, 0.001, -0.009, -0.003] base=[-0.451, 0.0, 0.125]
[r4-it] it=1 perr=0.029 dq=[-0.0, 0.079, -0.025, 0.001, -0.02, -0.003] base=[-0.45, 0.001, 0.123]
[r4-it] it=2 perr=0.028 dq=[-0.001, 0.075, -0.024, -0.0, -0.024, -0.013] base=[-0.45, 0.001, 0.123]
[r4-it] it=3 perr=0.028 dq=[-0.001, 0.072, -0.019, -0.003, -0.034, -0.017] base=[-0.451, 0.001, 0.122]
[r4-it] it=4 perr=0.027 dq=[-0.001, 0.068, -0.014, -0.002, -0.041, -0.015] base=[-0.451, 0.0, 0.122]
[r4-it] it=5 perr=0.027 dq=[-0.001, 0.063, -0.006, 0.001, -0.047, -0.014] base=[-0.452, 0.0, 0.122]
[r4-it] it=0 perr=0.030 dq=[-0.001, 0.069, -0.003, 0.002, -0.058, -0.016] base=[-0.453, 0.0, 0.122]
[r4-it] it=1 perr=0.030 dq=[-0.001, 0.065, 0.006, 0.001, -0.061, -0.016] base=[-0.455, 0.0, 0.122]
[r4-it] it=2 perr=0.031 dq=[-0.0, 0.061, 0.016, 0.001, -0.062, -0.016] base=[-0.455, 0.001, 0.123]
[r4-it] it=3 perr=0.031 dq=[0.0, 0.06, 0.02, 0.002, -0.065, -0.016] base=[-0.455, 0.001, 0.122]
[r4-it] it=4 perr=0.030 dq=[0.0, 0.058, 0.02, 0.002, -0.068, -0.014] base=[-0.455, 0.001, 0.122]
[r4-it] it=5 perr=0.030 dq=[0.001, 0.055, 0.024, 0.001, -0.072, -0.012] base=[-0.456, 0.001, 0.122]
[r4-it] it=0 perr=0.030 dq=[-0.001, 0.068, -0.003, -0.001, -0.058, -0.008] base=[-0.456, 0.001, 0.122]
[r4-it] it=1 perr=0.030 dq=[-0.0, 0.067, -0.002, -0.001, -0.06, -0.006] base=[-0.456, 0.001, 0.122]
[r4-it] it=2 perr=0.030 dq=[0.0, 0.066, 0.002, -0.001, -0.062, -0.005] base=[-0.457, 0.002, 0.122]
[r4-it] it=3 perr=0.030 dq=[0.001, 0.064, 0.003, -0.001, -0.064, -0.004] base=[-0.457, 0.002, 0.122]
[r4-it] it=4 perr=0.030 dq=[0.001, 0.063, 0.006, -0.001, -0.067, -0.003] base=[-0.457, 0.002, 0.122]
[r4-it] it=5 perr=0.029 dq=[0.001, 0.061, 0.008, -0.001, -0.069, -0.003] base=[-0.457, 0.002, 0.121]
[r4-it] it=0 perr=0.030 dq=[-0.0, 0.066, 0.002, -0.002, -0.068, -0.001] base=[-0.457, 0.002, 0.121]
[r4-it] it=1 perr=0.030 dq=[-0.0, 0.065, 0.004, -0.002, -0.07, -0.001] base=[-0.458, 0.002, 0.121]
[r4-it] it=2 perr=0.030 dq=[-0.0, 0.064, 0.006, -0.002, -0.072, -0.001] base=[-0.458, 0.002, 0.121]
[r4-it] it=3 perr=0.030 dq=[-0.0, 0.062, 0.008, -0.002, -0.074, -0.001] base=[-0.458, 0.002, 0.121]
[r4-it] it=4 perr=0.030 dq=[-0.0, 0.061, 0.009, -0.002, -0.076, -0.001] base=[-0.458, 0.002, 0.121]
[r4-it] it=5 perr=0.030 dq=[-0.0, 0.06, 0.011, -0.002, -0.077, -0.0] base=[-0.458, 0.002, 0.121]
[r4-it] it=0 perr=0.030 dq=[-0.0, 0.064, 0.005, -0.002, -0.076, 0.0] base=[-0.458, 0.002, 0.121]
[r4-it] it=1 perr=0.030 dq=[-0.0, 0.063, 0.006, -0.002, -0.077, 0.0] base=[-0.459, 0.002, 0.121]
[r4-it] it=2 perr=0.030 dq=[-0.0, 0.063, 0.007, -0.002, -0.079, 0.0] base=[-0.459, 0.002, 0.121]
[r4-it] it=3 perr=0.030 dq=[-0.0, 0.062, 0.009, -0.002, -0.08, 0.001] base=[-0.459, 0.002, 0.121]
[r4-it] it=4 perr=0.030 dq=[-0.0, 0.061, 0.01, -0.002, -0.081, 0.001] base=[-0.459, 0.002, 0.121]
[r4-it] it=5 perr=0.030 dq=[0.0, 0.06, 0.011, -0.002, -0.082, 0.001] base=[-0.459, 0.002, 0.121]
[r4-it] it=0 perr=0.030 dq=[-0.0, 0.063, 0.006, -0.002, -0.081, 0.002] base=[-0.459, 0.002, 0.121]
[r4-it] it=1 perr=0.030 dq=[-0.0, 0.063, 0.007, -0.002, -0.082, 0.002] base=[-0.459, 0.002, 0.12]
[r4-it] it=2 perr=0.030 dq=[-0.0, 0.062, 0.008, -0.002, -0.083, 0.002] base=[-0.46, 0.002, 0.12]
[r4-it] it=3 perr=0.030 dq=[0.0, 0.061, 0.009, -0.002, -0.084, 0.002] base=[-0.46, 0.002, 0.12]
[r4-it] it=4 perr=0.030 dq=[0.0, 0.061, 0.01, -0.002, -0.085, 0.002] base=[-0.46, 0.002, 0.12]
[r4-it] it=5 perr=0.030 dq=[0.0, 0.06, 0.011, -0.001, -0.086, 0.002] base=[-0.46, 0.002, 0.12]
[r4-it] it=0 perr=0.030 dq=[-0.0, 0.063, 0.007, -0.002, -0.085, 0.003] base=[-0.46, 0.002, 0.12]
[r4-it] it=1 perr=0.030 dq=[0.0, 0.062, 0.007, -0.002, -0.086, 0.003] base=[-0.46, 0.002, 0.12]
[r4-it] it=2 perr=0.030 dq=[0.0, 0.062, 0.008, -0.001, -0.086, 0.003] base=[-0.46, 0.002, 0.12]
[r4-it] it=3 perr=0.030 dq=[0.0, 0.062, 0.009, -0.001, -0.087, 0.003] base=[-0.46, 0.002, 0.12]
[r4-it] it=4 perr=0.030 dq=[0.0, 0.061, 0.009, -0.001, -0.088, 0.003] base=[-0.46, 0.003, 0.12]
[r4-it] it=5 perr=0.030 dq=[0.0, 0.061, 0.01, -0.001, -0.088, 0.004] base=[-0.46, 0.003, 0.12]
[r4-it] it=0 perr=0.030 dq=[0.0, 0.063, 0.007, -0.001, -0.087, 0.004] base=[-0.46, 0.003, 0.12]
[r4-it] it=1 perr=0.030 dq=[0.0, 0.062, 0.007, -0.001, -0.088, 0.004] base=[-0.461, 0.003, 0.12]
[r4-it] it=2 perr=0.030 dq=[0.0, 0.062, 0.007, -0.001, -0.088, 0.004] base=[-0.461, 0.003, 0.12]
[r4-it] it=3 perr=0.030 dq=[0.0, 0.062, 0.008, -0.001, -0.089, 0.005] base=[-0.461, 0.003, 0.12]
[r4-it] it=4 perr=0.030 dq=[0.0, 0.062, 0.009, -0.001, -0.089, 0.005] base=[-0.461, 0.003, 0.12]
[r4-it] it=5 perr=0.030 dq=[0.0, 0.061, 0.009, -0.001, -0.089, 0.005] base=[-0.461, 0.003, 0.12]
[r4-it] it=0 perr=0.030 dq=[0.0, 0.063, 0.006, -0.001, -0.088, 0.005] base=[-0.461, 0.003, 0.12]
[r4-it] it=1 perr=0.030 dq=[0.0, 0.063, 0.006, -0.001, -0.088, 0.005] base=[-0.461, 0.003, 0.12]
[r4-it] it=2 perr=0.030 dq=[0.0, 0.063, 0.007, -0.001, -0.088, 0.005] base=[-0.461, 0.003, 0.12]
[r4-it] it=3 perr=0.030 dq=[0.0, 0.062, 0.007, -0.001, -0.089, 0.005] base=[-0.461, 0.003, 0.12]
[r4-it] it=4 perr=0.030 dq=[0.0, 0.062, 0.008, -0.001, -0.089, 0.006] base=[-0.462, 0.003, 0.12]
[r4-it] it=5 perr=0.030 dq=[0.0, 0.062, 0.008, -0.001, -0.089, 0.006] base=[-0.462, 0.003, 0.12]
[r4-it] it=0 perr=0.030 dq=[0.0, 0.063, 0.005, -0.001, -0.087, 0.006] base=[-0.462, 0.003, 0.12]
[r4-it] it=1 perr=0.030 dq=[0.0, 0.063, 0.005, -0.001, -0.087, 0.006] base=[-0.462, 0.003, 0.12]
[r4-it] it=2 perr=0.030 dq=[0.0, 0.063, 0.006, -0.001, -0.088, 0.006] base=[-0.462, 0.003, 0.12]
[r4-it] it=3 perr=0.030 dq=[0.0, 0.063, 0.006, -0.001, -0.088, 0.006] base=[-0.462, 0.003, 0.12]
[r4-it] it=4 perr=0.030 dq=[0.0, 0.063, 0.006, -0.0, -0.088, 0.005] base=[-0.462, 0.003, 0.12]
[r4-it] it=5 perr=0.030 dq=[0.0, 0.063, 0.007, -0.0, -0.088, 0.005] base=[-0.463, 0.003, 0.12]
[r4-it] it=0 perr=0.030 dq=[0.0, 0.064, 0.003, 0.0, -0.086, 0.004] base=[-0.463, 0.003, 0.12]
[r4-it] it=1 perr=0.030 dq=[0.0, 0.064, 0.003, 0.001, -0.087, 0.003] base=[-0.463, 0.003, 0.12]
[r4-it] it=2 perr=0.030 dq=[0.0, 0.064, 0.003, 0.001, -0.087, 0.002] base=[-0.463, 0.002, 0.12]
[r4-it] it=3 perr=0.030 dq=[-0.0, 0.065, 0.002, 0.002, -0.087, 0.001] base=[-0.463, 0.002, 0.12]
[r4-it] it=4 perr=0.030 dq=[-0.0, 0.065, 0.001, 0.002, -0.086, -0.001] base=[-0.464, 0.002, 0.12]
[r4-it] it=5 perr=0.030 dq=[-0.0, 0.066, -0.001, 0.003, -0.085, -0.002] base=[-0.464, 0.002, 0.12]
[r4-it] it=0 perr=0.030 dq=[0.0, 0.068, -0.005, 0.004, -0.083, -0.004] base=[-0.464, 0.002, 0.12]
[r4-it] it=1 perr=0.030 dq=[0.0, 0.069, -0.007, 0.004, -0.082, -0.004] base=[-0.464, 0.002, 0.121]
[r4-it] it=2 perr=0.030 dq=[0.0, 0.07, -0.008, 0.004, -0.08, -0.004] base=[-0.464, 0.002, 0.121]
[r4-it] it=3 perr=0.030 dq=[0.0, 0.071, -0.009, 0.004, -0.079, -0.004] base=[-0.464, 0.002, 0.121]
[r4-it] it=4 perr=0.031 dq=[0.0, 0.072, -0.01, 0.004, -0.077, -0.004] base=[-0.464, 0.002, 0.121]
[r4-it] it=5 perr=0.031 dq=[0.0, 0.072, -0.01, 0.004, -0.075, -0.004] base=[-0.464, 0.002, 0.121]
[r4-it] it=0 perr=0.030 dq=[0.0, 0.07, -0.008, 0.004, -0.071, -0.004] base=[-0.464, 0.002, 0.122]
[r4-it] it=1 perr=0.030 dq=[0.0, 0.069, -0.005, 0.004, -0.071, -0.004] base=[-0.463, 0.002, 0.122]
[r4-it] it=2 perr=0.031 dq=[0.0, 0.067, 0.002, 0.004, -0.07, -0.004] base=[-0.462, 0.002, 0.123]
[r4-it] it=3 perr=0.031 dq=[0.0, 0.062, 0.014, 0.003, -0.072, -0.004] base=[-0.461, 0.002, 0.123]
[r4-it] it=4 perr=0.032 dq=[0.0, 0.055, 0.032, 0.003, -0.074, -0.004] base=[-0.459, 0.002, 0.124]
[r4-it] it=5 perr=0.033 dq=[0.0, 0.045, 0.057, 0.003, -0.078, -0.004] base=[-0.457, 0.002, 0.125]
[r4-it] it=0 perr=0.030 dq=[0.0, 0.051, 0.032, 0.003, -0.046, -0.004] base=[-0.454, 0.002, 0.126]
[r4-it] it=1 perr=0.031 dq=[0.0, 0.036, 0.067, 0.003, -0.051, -0.003] base=[-0.451, 0.002, 0.127]
[r4-it] it=2 perr=0.033 dq=[0.0, 0.019, 0.105, 0.002, -0.055, -0.003] base=[-0.449, 0.002, 0.129]
[r4-it] it=3 perr=0.034 dq=[-0.0, 0.006, 0.138, 0.002, -0.058, -0.003] base=[-0.449, 0.002, 0.13]
[r4-it] it=4 perr=0.035 dq=[-0.0, 0.007, 0.14, 0.001, -0.056, -0.002] base=[-0.449, 0.002, 0.13]
[r4-it] it=5 perr=0.035 dq=[-0.001, 0.007, 0.14, -0.001, -0.055, -0.002] base=[-0.449, 0.002, 0.129]
[r4-it] it=0 perr=0.030 dq=[-0.0, 0.029, 0.074, -0.001, -0.015, -0.001] base=[-0.449, 0.002, 0.129]
[r4-it] it=1 perr=0.030 dq=[-0.0, 0.029, 0.074, -0.002, -0.016, 0.001] base=[-0.449, 0.002, 0.129]
[r4-it] it=2 perr=0.030 dq=[-0.0, 0.029, 0.074, -0.002, -0.015, 0.001] base=[-0.449, 0.002, 0.129]
[r4-it] it=3 perr=0.030 dq=[-0.0, 0.029, 0.074, -0.002, -0.015, 0.001] base=[-0.449, 0.002, 0.129]
[r4-it] it=4 perr=0.030 dq=[-0.0, 0.029, 0.074, -0.003, -0.015, 0.001] base=[-0.449, 0.002, 0.129]
[r4-it] it=5 perr=0.030 dq=[-0.0, 0.029, 0.074, -0.003, -0.014, 0.001] base=[-0.449, 0.002, 0.129]
[r4-it] it=0 perr=0.030 dq=[-0.0, 0.028, 0.075, -0.003, -0.014, 0.002] base=[-0.449, 0.002, 0.129]
[r4-it] it=1 perr=0.030 dq=[-0.0, 0.028, 0.075, -0.003, -0.014, 0.002] base=[-0.449, 0.002, 0.129]
[r4-it] it=2 perr=0.030 dq=[-0.0, 0.029, 0.075, -0.003, -0.014, 0.002] base=[-0.449, 0.002, 0.129]
[r4-it] it=3 perr=0.030 dq=[-0.0, 0.029, 0.075, -0.003, -0.013, 0.002] base=[-0.449, 0.002, 0.129]
[r4-it] it=4 perr=0.030 dq=[-0.0, 0.029, 0.076, -0.003, -0.013, 0.002] base=[-0.449, 0.002, 0.129]
[r4-it] it=5 perr=0.030 dq=[-0.0, 0.029, 0.076, -0.003, -0.013, 0.002] base=[-0.449, 0.002, 0.129]
[r4-it] it=0 perr=0.030 dq=[-0.0, 0.027, 0.077, -0.003, -0.013, 0.002] base=[-0.449, 0.002, 0.129]
[r4-it] it=1 perr=0.030 dq=[-0.0, 0.027, 0.077, -0.003, -0.012, 0.002] base=[-0.449, 0.002, 0.129]
[r4-it] it=2 perr=0.030 dq=[-0.0, 0.027, 0.077, -0.003, -0.013, 0.002] base=[-0.449, 0.002, 0.129]
[r4-it] it=3 perr=0.030 dq=[-0.0, 0.027, 0.077, -0.003, -0.012, 0.002] base=[-0.449, 0.002, 0.129]
[r4-it] it=4 perr=0.030 dq=[-0.0, 0.027, 0.077, -0.002, -0.013, 0.001] base=[-0.449, 0.002, 0.129]
[r4-it] it=5 perr=0.030 dq=[-0.0, 0.027, 0.077, -0.001, -0.012, 0.001] base=[-0.449, 0.002, 0.129]
[r4-it] it=0 perr=0.030 dq=[-0.0, 0.027, 0.077, -0.0, -0.013, -0.001] base=[-0.449, 0.002, 0.129]
[r4-it] it=1 perr=0.030 dq=[-0.0, 0.027, 0.077, 0.0, -0.012, -0.001] base=[-0.449, 0.002, 0.129]
[r4-it] it=2 perr=0.030 dq=[-0.0, 0.027, 0.077, 0.001, -0.012, -0.003] base=[-0.449, 0.002, 0.129]
[r4-it] it=3 perr=0.030 dq=[-0.0, 0.027, 0.077, 0.001, -0.012, -0.002] base=[-0.449, 0.002, 0.129]
[r4-it] it=4 perr=0.030 dq=[-0.0, 0.027, 0.077, 0.001, -0.012, -0.003] base=[-0.449, 0.002, 0.129]
[r4-it] it=5 perr=0.030 dq=[0.0, 0.027, 0.077, 0.001, -0.012, -0.002] base=[-0.449, 0.002, 0.129]
[r4-it] it=0 perr=0.030 dq=[0.0, 0.027, 0.077, 0.002, -0.012, -0.003] base=[-0.449, 0.002, 0.129]
[r4-it] it=1 perr=0.030 dq=[0.0, 0.027, 0.078, 0.002, -0.012, -0.002] base=[-0.449, 0.002, 0.129]
[r4-it] it=2 perr=0.030 dq=[0.0, 0.027, 0.077, 0.002, -0.012, -0.003] base=[-0.449, 0.002, 0.129]
[r4-it] it=3 perr=0.030 dq=[0.001, 0.027, 0.077, 0.002, -0.012, -0.001] base=[-0.449, 0.002, 0.129]
[r4-it] it=4 perr=0.030 dq=[0.001, 0.027, 0.077, 0.002, -0.012, -0.001] base=[-0.449, 0.002, 0.129]
[r4-it] it=5 perr=0.030 dq=[0.001, 0.027, 0.077, 0.002, -0.012, -0.002] base=[-0.449, 0.002, 0.129]
[r4-it] it=0 perr=0.030 dq=[0.0, 0.027, 0.077, 0.001, -0.012, -0.001] base=[-0.449, 0.002, 0.129]
[r4-it] it=1 perr=0.030 dq=[0.0, 0.027, 0.078, 0.001, -0.012, -0.0] base=[-0.449, 0.002, 0.129]
[r4-it] it=2 perr=0.030 dq=[0.0, 0.027, 0.077, 0.001, -0.012, 0.0] base=[-0.449, 0.002, 0.129]
[r4-it] it=3 perr=0.030 dq=[0.0, 0.027, 0.077, 0.001, -0.012, 0.0] base=[-0.449, 0.002, 0.129]
[r4-it] it=4 perr=0.030 dq=[0.0, 0.027, 0.077, 0.001, -0.012, -0.0] base=[-0.449, 0.002, 0.129]
[r4-it] it=5 perr=0.030 dq=[0.0, 0.027, 0.077, 0.001, -0.012, 0.0] base=[-0.449, 0.002, 0.129]
[r4-it] it=0 perr=0.030 dq=[0.0, 0.027, 0.077, 0.0, -0.012, 0.001] base=[-0.449, 0.002, 0.129]
[r4-it] it=1 perr=0.030 dq=[0.0, 0.027, 0.077, 0.0, -0.012, 0.001] base=[-0.449, 0.002, 0.129]
[r4-it] it=2 perr=0.030 dq=[0.0, 0.027, 0.077, 0.0, -0.012, 0.002] base=[-0.449, 0.002, 0.129]
[r4-it] it=3 perr=0.030 dq=[0.0, 0.027, 0.077, -0.0, -0.012, 0.002] base=[-0.449, 0.002, 0.129]
[r4-it] it=4 perr=0.030 dq=[0.0, 0.027, 0.077, -0.0, -0.012, 0.002] base=[-0.449, 0.002, 0.129]
[r4-it] it=5 perr=0.030 dq=[0.0, 0.027, 0.077, -0.0, -0.012, 0.002] base=[-0.449, 0.002, 0.129]
[r4-it] it=0 perr=0.030 dq=[0.0, 0.027, 0.077, -0.0, -0.012, 0.002] base=[-0.449, 0.002, 0.129]
[r4-it] it=1 perr=0.030 dq=[0.0, 0.027, 0.077, -0.0, -0.012, 0.002] base=[-0.449, 0.002, 0.129]
[r4-it] it=2 perr=0.030 dq=[0.0, 0.027, 0.077, -0.001, -0.012, 0.002] base=[-0.449, 0.002, 0.129]
[r4-it] it=3 perr=0.030 dq=[0.0, 0.027, 0.077, -0.001, -0.012, 0.002] base=[-0.449, 0.002, 0.129]
[r4-it] it=4 perr=0.030 dq=[0.0, 0.027, 0.077, -0.001, -0.012, 0.002] base=[-0.449, 0.002, 0.129]
[r4-it] it=5 perr=0.030 dq=[0.0, 0.027, 0.077, -0.001, -0.012, 0.002] base=[-0.449, 0.002, 0.129]
[r4-it] it=0 perr=0.030 dq=[0.0, 0.027, 0.077, -0.001, -0.012, 0.002] base=[-0.449, 0.002, 0.129]
[r4-it] it=1 perr=0.030 dq=[0.0, 0.027, 0.077, -0.001, -0.012, 0.002] base=[-0.449, 0.002, 0.129]
[r4-it] it=2 perr=0.030 dq=[0.0, 0.027, 0.077, -0.001, -0.012, 0.002] base=[-0.449, 0.002, 0.129]
[r4-it] it=3 perr=0.030 dq=[0.0, 0.027, 0.077, -0.001, -0.012, 0.002] base=[-0.449, 0.002, 0.129]
[r4-it] it=4 perr=0.030 dq=[0.0, 0.027, 0.077, -0.001, -0.012, 0.002] base=[-0.449, 0.002, 0.129]
[r4-it] it=5 perr=0.030 dq=[0.0, 0.027, 0.077, -0.001, -0.012, 0.002] base=[-0.449, 0.002, 0.129]
[r4-it] it=0 perr=0.030 dq=[-0.0, 0.027, 0.077, -0.001, -0.012, 0.002] base=[-0.449, 0.002, 0.129]
[r4-it] it=1 perr=0.030 dq=[-0.0, 0.027, 0.077, -0.001, -0.012, 0.002] base=[-0.449, 0.002, 0.129]
[r4-it] it=2 perr=0.030 dq=[-0.0, 0.027, 0.077, -0.001, -0.012, 0.002] base=[-0.449, 0.002, 0.129]
[r4-it] it=3 perr=0.030 dq=[-0.0, 0.027, 0.077, -0.001, -0.012, 0.002] base=[-0.449, 0.002, 0.129]
[r4-it] it=4 perr=0.030 dq=[-0.0, 0.027, 0.077, -0.001, -0.012, 0.002] base=[-0.449, 0.002, 0.129]
[r4-it] it=5 perr=0.030 dq=[-0.0, 0.028, 0.076, -0.001, -0.012, 0.002] base=[-0.45, 0.002, 0.129]
[r4-it] it=0 perr=0.030 dq=[-0.0, 0.028, 0.076, -0.001, -0.013, 0.002] base=[-0.45, 0.002, 0.129]
[r4-it] it=1 perr=0.030 dq=[-0.0, 0.032, 0.068, -0.001, -0.013, 0.002] base=[-0.451, 0.002, 0.129]
[r4-it] it=2 perr=0.030 dq=[-0.0, 0.036, 0.057, -0.001, -0.012, 0.002] base=[-0.452, 0.002, 0.128]
[r4-it] it=3 perr=0.029 dq=[-0.0, 0.039, 0.05, -0.001, -0.011, 0.002] base=[-0.452, 0.002, 0.128]
[r4-it] it=4 perr=0.029 dq=[-0.0, 0.041, 0.046, -0.001, -0.011, 0.002] base=[-0.452, 0.002, 0.128]
[r4-it] it=5 perr=0.029 dq=[-0.0, 0.043, 0.043, -0.0, -0.01, 0.002] base=[-0.452, 0.002, 0.128]
[r4-it] it=0 perr=0.030 dq=[0.0, 0.034, 0.064, -0.0, -0.025, 0.001] base=[-0.453, 0.002, 0.128]
[r4-it] it=1 perr=0.030 dq=[0.0, 0.036, 0.061, -0.0, -0.024, 0.001] base=[-0.453, 0.002, 0.128]
[r4-it] it=2 perr=0.030 dq=[-0.0, 0.037, 0.057, -0.0, -0.024, 0.001] base=[-0.453, 0.002, 0.128]
[r4-it] it=3 perr=0.030 dq=[-0.0, 0.039, 0.054, -0.0, -0.023, 0.001] base=[-0.454, 0.002, 0.128]
[r4-it] it=4 perr=0.030 dq=[-0.0, 0.04, 0.05, -0.0, -0.023, 0.001] base=[-0.454, 0.002, 0.128]
[r4-it] it=5 perr=0.030 dq=[-0.0, 0.042, 0.047, -0.0, -0.023, 0.001] base=[-0.454, 0.002, 0.128]
[r4-it] it=0 perr=0.030 dq=[0.0, 0.038, 0.056, -0.0, -0.03, 0.001] base=[-0.454, 0.002, 0.128]
[r4-it] it=1 perr=0.030 dq=[0.0, 0.04, 0.053, -0.0, -0.03, 0.001] base=[-0.455, 0.002, 0.127]
[r4-it] it=2 perr=0.030 dq=[0.0, 0.041, 0.05, -0.0, -0.029, 0.001] base=[-0.455, 0.002, 0.127]
[r4-it] it=3 perr=0.030 dq=[0.0, 0.042, 0.047, -0.0, -0.029, 0.001] base=[-0.455, 0.002, 0.127]
[r4-it] it=4 perr=0.030 dq=[0.0, 0.044, 0.044, -0.0, -0.029, 0.001] base=[-0.455, 0.002, 0.127]
[r4-it] it=5 perr=0.030 dq=[0.0, 0.045, 0.042, -0.0, -0.028, 0.001] base=[-0.455, 0.002, 0.127]
[r4-it] it=0 perr=0.030 dq=[0.0, 0.042, 0.05, -0.0, -0.035, 0.001] base=[-0.456, 0.002, 0.127]
[r4-it] it=1 perr=0.030 dq=[0.0, 0.043, 0.047, 0.0, -0.035, 0.001] base=[-0.456, 0.002, 0.127]
[r4-it] it=2 perr=0.030 dq=[0.0, 0.044, 0.045, 0.0, -0.034, 0.001] base=[-0.456, 0.002, 0.127]
[r4-it] it=3 perr=0.030 dq=[0.0, 0.045, 0.042, 0.0, -0.034, 0.001] base=[-0.456, 0.002, 0.127]
[r4-it] it=4 perr=0.030 dq=[0.0, 0.046, 0.039, 0.0, -0.034, 0.001] base=[-0.456, 0.002, 0.127]
[r4-it] it=5 perr=0.030 dq=[0.0, 0.047, 0.037, 0.0, -0.033, 0.001] base=[-0.457, 0.002, 0.127]
[r4-it] it=0 perr=0.030 dq=[0.0, 0.045, 0.044, 0.0, -0.039, 0.0] base=[-0.457, 0.002, 0.127]
[r4-it] it=1 perr=0.030 dq=[0.0, 0.046, 0.042, 0.0, -0.039, 0.0] base=[-0.457, 0.002, 0.126]
[r4-it] it=2 perr=0.030 dq=[0.0, 0.047, 0.039, 0.0, -0.038, 0.0] base=[-0.457, 0.002, 0.126]
[r4-it] it=3 perr=0.030 dq=[0.0, 0.048, 0.037, 0.0, -0.038, 0.0] base=[-0.457, 0.002, 0.126]
[r4-it] it=4 perr=0.030 dq=[0.0, 0.049, 0.034, 0.0, -0.038, 0.0] base=[-0.458, 0.002, 0.126]
[r4-it] it=5 perr=0.030 dq=[0.0, 0.05, 0.032, 0.0, -0.037, 0.0] base=[-0.458, 0.002, 0.126]
[r4-it] it=0 perr=0.030 dq=[0.0, 0.047, 0.039, 0.0, -0.042, 0.0] base=[-0.458, 0.002, 0.126]
[r4-it] it=1 perr=0.030 dq=[0.0, 0.048, 0.037, 0.0, -0.042, 0.0] base=[-0.458, 0.002, 0.126]
[r4-it] it=2 perr=0.030 dq=[0.0, 0.049, 0.034, 0.0, -0.042, 0.0] base=[-0.458, 0.002, 0.126]
[r4-it] it=3 perr=0.030 dq=[0.0, 0.05, 0.032, 0.0, -0.041, 0.0] base=[-0.458, 0.002, 0.126]
[r4-it] it=4 perr=0.030 dq=[0.0, 0.051, 0.031, 0.0, -0.041, 0.0] base=[-0.458, 0.002, 0.126]
[r4-it] it=5 perr=0.030 dq=[0.0, 0.051, 0.029, 0.0, -0.041, 0.0] base=[-0.459, 0.002, 0.126]
[r4-it] it=0 perr=0.030 dq=[0.0, 0.05, 0.034, 0.0, -0.045, -0.0] base=[-0.459, 0.002, 0.126]
[r4-it] it=1 perr=0.030 dq=[0.0, 0.05, 0.032, 0.0, -0.045, -0.0] base=[-0.459, 0.002, 0.126]
[r4-it] it=2 perr=0.030 dq=[0.0, 0.051, 0.03, 0.0, -0.044, -0.0] base=[-0.459, 0.002, 0.126]
[r4-it] it=3 perr=0.030 dq=[0.0, 0.052, 0.029, 0.0, -0.044, -0.0] base=[-0.459, 0.002, 0.126]
[r4-it] it=4 perr=0.030 dq=[0.0, 0.053, 0.027, 0.0, -0.044, -0.0] base=[-0.459, 0.002, 0.126]
[r4-it] it=5 perr=0.030 dq=[-0.0, 0.053, 0.025, 0.0, -0.044, -0.0] base=[-0.459, 0.002, 0.126]
[r4-it] it=0 perr=0.030 dq=[0.0, 0.052, 0.03, 0.0, -0.047, -0.0] base=[-0.459, 0.002, 0.125]
[r4-it] it=1 perr=0.030 dq=[0.0, 0.052, 0.028, 0.0, -0.047, -0.0] base=[-0.46, 0.002, 0.125]
[r4-it] it=2 perr=0.030 dq=[0.0, 0.053, 0.027, 0.0, -0.047, -0.0] base=[-0.46, 0.002, 0.125]
[r4-it] it=3 perr=0.030 dq=[0.0, 0.054, 0.025, 0.0, -0.047, -0.0] base=[-0.46, 0.002, 0.125]
[r4-it] it=4 perr=0.030 dq=[0.0, 0.054, 0.024, 0.0, -0.046, -0.0] base=[-0.46, 0.002, 0.125]
[r4-it] it=5 perr=0.030 dq=[-0.0, 0.055, 0.023, 0.0, -0.046, -0.0] base=[-0.46, 0.002, 0.125]
[r4-it] it=0 perr=0.030 dq=[0.0, 0.053, 0.026, 0.0, -0.049, -0.001] base=[-0.46, 0.002, 0.125]
[r4-it] it=1 perr=0.030 dq=[0.0, 0.054, 0.025, 0.0, -0.049, -0.001] base=[-0.46, 0.002, 0.125]
[r4-it] it=2 perr=0.030 dq=[0.0, 0.054, 0.024, 0.0, -0.049, -0.001] base=[-0.46, 0.002, 0.125]
[r4-it] it=3 perr=0.030 dq=[0.0, 0.055, 0.023, 0.0, -0.048, -0.001] base=[-0.46, 0.002, 0.125]
[r4-it] it=4 perr=0.030 dq=[0.0, 0.055, 0.021, 0.0, -0.048, -0.001] base=[-0.46, 0.002, 0.125]
[r4-it] it=5 perr=0.030 dq=[-0.0, 0.056, 0.02, 0.0, -0.048, -0.001] base=[-0.461, 0.002, 0.125]
[r4-it] it=0 perr=0.030 dq=[0.0, 0.055, 0.023, 0.0, -0.051, -0.001] base=[-0.461, 0.002, 0.125]
[r4-it] it=1 perr=0.030 dq=[0.0, 0.055, 0.022, 0.0, -0.051, -0.001] base=[-0.461, 0.002, 0.125]
[r4-it] it=2 perr=0.030 dq=[0.0, 0.056, 0.021, 0.0, -0.05, -0.001] base=[-0.461, 0.002, 0.125]
[r4-it] it=3 perr=0.030 dq=[-0.0, 0.056, 0.019, 0.0, -0.05, -0.001] base=[-0.461, 0.002, 0.125]
[r4-it] it=4 perr=0.030 dq=[-0.0, 0.057, 0.018, 0.0, -0.05, -0.0] base=[-0.461, 0.002, 0.125]
[r4-it] it=5 perr=0.030 dq=[-0.0, 0.057, 0.017, 0.0, -0.05, -0.0] base=[-0.461, 0.002, 0.125]
[r4-it] it=0 perr=0.030 dq=[0.0, 0.056, 0.02, 0.0, -0.052, -0.0] base=[-0.461, 0.002, 0.125]
[r4-it] it=1 perr=0.030 dq=[0.0, 0.057, 0.018, 0.0, -0.052, -0.0] base=[-0.461, 0.002, 0.125]
[r4-it] it=2 perr=0.030 dq=[0.0, 0.058, 0.017, 0.0, -0.052, -0.0] base=[-0.461, 0.002, 0.125]
[r4-it] it=3 perr=0.030 dq=[0.0, 0.058, 0.015, 0.0, -0.052, -0.0] base=[-0.462, 0.002, 0.124]
[r4-it] it=4 perr=0.030 dq=[0.0, 0.059, 0.014, 0.0, -0.052, -0.0] base=[-0.462, 0.002, 0.124]
[r4-it] it=5 perr=0.030 dq=[-0.0, 0.06, 0.012, 0.0, -0.051, -0.0] base=[-0.462, 0.002, 0.124]
[r4-it] it=0 perr=0.030 dq=[-0.0, 0.058, 0.016, 0.0, -0.055, -0.0] base=[-0.462, 0.002, 0.124]
[r4-it] it=1 perr=0.030 dq=[-0.0, 0.059, 0.014, 0.0, -0.054, -0.0] base=[-0.462, 0.002, 0.124]
[r4-it] it=2 perr=0.030 dq=[-0.0, 0.06, 0.013, 0.0, -0.054, -0.0] base=[-0.462, 0.002, 0.124]
[r4-it] it=3 perr=0.030 dq=[-0.0, 0.06, 0.012, -0.0, -0.054, -0.0] base=[-0.462, 0.002, 0.124]
[r4-it] it=4 perr=0.030 dq=[-0.0, 0.06, 0.011, -0.0, -0.054, -0.0] base=[-0.462, 0.002, 0.124]
[r4-it] it=5 perr=0.030 dq=[-0.0, 0.061, 0.01, -0.0, -0.054, -0.0] base=[-0.462, 0.002, 0.124]
[r4-it] it=0 perr=0.030 dq=[-0.0, 0.06, 0.013, -0.0, -0.056, -0.0] base=[-0.462, 0.002, 0.124]
[r4-it] it=1 perr=0.030 dq=[-0.0, 0.06, 0.012, -0.0, -0.056, -0.0] base=[-0.462, 0.002, 0.124]
[r4-it] it=2 perr=0.030 dq=[-0.0, 0.06, 0.011, -0.0, -0.056, -0.0] base=[-0.463, 0.002, 0.124]
[r4-it] it=3 perr=0.030 dq=[-0.0, 0.061, 0.011, -0.0, -0.056, 0.0] base=[-0.463, 0.002, 0.124]
[r4-it] it=4 perr=0.030 dq=[-0.0, 0.061, 0.01, -0.0, -0.056, 0.0] base=[-0.463, 0.002, 0.124]
[r4-it] it=5 perr=0.030 dq=[-0.0, 0.061, 0.009, -0.0, -0.055, 0.0] base=[-0.463, 0.002, 0.124]
[r4-it] it=0 perr=0.030 dq=[-0.0, 0.061, 0.011, -0.0, -0.057, 0.0] base=[-0.463, 0.002, 0.124]
[r4-it] it=1 perr=0.030 dq=[-0.0, 0.061, 0.01, -0.0, -0.057, 0.0] base=[-0.463, 0.002, 0.124]
[r4-it] it=2 perr=0.030 dq=[-0.0, 0.061, 0.01, -0.0, -0.057, 0.0] base=[-0.463, 0.002, 0.124]
[r4-it] it=3 perr=0.030 dq=[-0.0, 0.062, 0.009, -0.0, -0.057, 0.0] base=[-0.463, 0.002, 0.124]
[r4-it] it=4 perr=0.030 dq=[-0.0, 0.062, 0.008, -0.0, -0.057, 0.0] base=[-0.463, 0.002, 0.124]
[r4-it] it=5 perr=0.030 dq=[-0.0, 0.062, 0.008, -0.0, -0.057, 0.0] base=[-0.463, 0.002, 0.124]
[r4-it] it=0 perr=0.030 dq=[-0.0, 0.062, 0.009, -0.0, -0.058, 0.0] base=[-0.463, 0.002, 0.124]
[r4-it] it=1 perr=0.030 dq=[-0.0, 0.062, 0.009, -0.0, -0.058, 0.0] base=[-0.463, 0.002, 0.124]
[r4-it] it=2 perr=0.030 dq=[-0.0, 0.062, 0.008, -0.0, -0.058, 0.0] base=[-0.463, 0.002, 0.124]
[r4-it] it=3 perr=0.030 dq=[-0.0, 0.062, 0.008, -0.0, -0.058, 0.0] base=[-0.463, 0.002, 0.124]
[r4-it] it=4 perr=0.030 dq=[-0.0, 0.062, 0.007, -0.0, -0.058, 0.0] base=[-0.463, 0.002, 0.124]
[r4-it] it=5 perr=0.030 dq=[-0.0, 0.063, 0.006, -0.0, -0.058, 0.0] base=[-0.463, 0.002, 0.124]
[r4-it] it=0 perr=0.030 dq=[-0.0, 0.062, 0.008, -0.0, -0.059, 0.0] base=[-0.463, 0.002, 0.124]
[r4-it] it=1 perr=0.030 dq=[-0.0, 0.062, 0.007, -0.0, -0.059, 0.0] base=[-0.463, 0.002, 0.124]
[r4-it] it=2 perr=0.030 dq=[-0.0, 0.063, 0.007, -0.0, -0.059, 0.0] base=[-0.463, 0.002, 0.124]
[r4-it] it=3 perr=0.030 dq=[-0.0, 0.063, 0.006, -0.0, -0.058, 0.0] base=[-0.463, 0.002, 0.124]
[r4-it] it=4 perr=0.030 dq=[-0.0, 0.063, 0.006, -0.0, -0.058, 0.0] base=[-0.463, 0.002, 0.124]
[r4-it] it=5 perr=0.030 dq=[-0.0, 0.063, 0.005, -0.0, -0.058, 0.0] base=[-0.464, 0.002, 0.124]
[r4-it] it=0 perr=0.030 dq=[-0.0, 0.063, 0.006, -0.0, -0.059, 0.0] base=[-0.464, 0.002, 0.124]
[r4-it] it=1 perr=0.030 dq=[-0.0, 0.063, 0.006, -0.0, -0.059, 0.0] base=[-0.464, 0.002, 0.124]
[r4-it] it=2 perr=0.030 dq=[-0.0, 0.063, 0.005, -0.0, -0.059, 0.0] base=[-0.464, 0.002, 0.123]
[r4-it] it=3 perr=0.030 dq=[-0.0, 0.063, 0.005, -0.0, -0.059, 0.0] base=[-0.464, 0.002, 0.123]
[r4-it] it=4 perr=0.030 dq=[-0.0, 0.064, 0.005, -0.0, -0.059, 0.0] base=[-0.464, 0.002, 0.123]
[r4-it] it=5 perr=0.030 dq=[-0.0, 0.064, 0.004, -0.0, -0.059, 0.0] base=[-0.464, 0.002, 0.123]
[r4-it] it=0 perr=0.030 dq=[-0.0, 0.063, 0.005, -0.0, -0.06, 0.0] base=[-0.464, 0.002, 0.123]
[r4-it] it=1 perr=0.030 dq=[-0.0, 0.064, 0.005, -0.0, -0.06, 0.0] base=[-0.464, 0.002, 0.123]
[r4-it] it=2 perr=0.030 dq=[-0.0, 0.064, 0.004, -0.0, -0.06, 0.0] base=[-0.464, 0.002, 0.123]
[r4-it] it=3 perr=0.030 dq=[-0.0, 0.064, 0.004, -0.0, -0.06, 0.0] base=[-0.464, 0.002, 0.123]
[r4-it] it=4 perr=0.030 dq=[-0.0, 0.064, 0.004, -0.0, -0.06, 0.0] base=[-0.464, 0.002, 0.123]
[r4-it] it=5 perr=0.030 dq=[-0.0, 0.064, 0.003, -0.0, -0.06, 0.0] base=[-0.464, 0.002, 0.123]
[r4-it] it=0 perr=0.030 dq=[-0.0, 0.064, 0.004, -0.0, -0.061, 0.0] base=[-0.464, 0.002, 0.123]
[r4-it] it=1 perr=0.030 dq=[-0.0, 0.064, 0.004, -0.0, -0.061, 0.0] base=[-0.464, 0.002, 0.123]
[r4-it] it=2 perr=0.030 dq=[-0.0, 0.064, 0.003, -0.0, -0.061, 0.0] base=[-0.464, 0.002, 0.123]
[r4-it] it=3 perr=0.030 dq=[-0.0, 0.064, 0.003, -0.0, -0.061, 0.0] base=[-0.464, 0.002, 0.123]
[r4-it] it=4 perr=0.030 dq=[0.0, 0.064, 0.003, -0.0, -0.061, 0.0] base=[-0.464, 0.002, 0.123]
[r4-it] it=5 perr=0.030 dq=[0.0, 0.065, 0.002, -0.0, -0.061, 0.0] base=[-0.464, 0.002, 0.123]
[r4-it] it=0 perr=0.030 dq=[-0.0, 0.064, 0.003, -0.0, -0.061, 0.0] base=[-0.464, 0.002, 0.123]
[r4-it] it=1 perr=0.030 dq=[-0.0, 0.065, 0.003, -0.0, -0.061, 0.0] base=[-0.464, 0.002, 0.123]
[r4-it] it=2 perr=0.030 dq=[0.0, 0.065, 0.002, -0.0, -0.061, 0.0] base=[-0.464, 0.002, 0.123]
[r4-it] it=3 perr=0.030 dq=[0.0, 0.065, 0.002, -0.0, -0.061, 0.0] base=[-0.464, 0.002, 0.123]
[r4-it] it=4 perr=0.030 dq=[0.0, 0.065, 0.002, -0.0, -0.061, 0.0] base=[-0.464, 0.002, 0.123]
[r4-it] it=5 perr=0.030 dq=[0.0, 0.065, 0.002, -0.0, -0.061, 0.0] base=[-0.464, 0.002, 0.123]
[r4-it] it=0 perr=0.030 dq=[0.0, 0.065, 0.002, -0.0, -0.062, 0.0] base=[-0.464, 0.002, 0.123]
[r4-it] it=1 perr=0.030 dq=[0.0, 0.065, 0.002, 0.0, -0.062, 0.0] base=[-0.464, 0.002, 0.123]
[r4-it] it=2 perr=0.030 dq=[0.0, 0.065, 0.002, 0.0, -0.062, 0.0] base=[-0.464, 0.002, 0.123]
[r4-it] it=3 perr=0.030 dq=[0.0, 0.065, 0.001, 0.0, -0.062, 0.0] base=[-0.464, 0.002, 0.123]
[r4-it] it=4 perr=0.030 dq=[0.0, 0.065, 0.001, 0.0, -0.062, 0.0] base=[-0.464, 0.002, 0.123]
[r4-it] it=5 perr=0.030 dq=[0.0, 0.065, 0.001, 0.0, -0.062, 0.0] base=[-0.464, 0.002, 0.123]
[r4-it] it=0 perr=0.030 dq=[0.0, 0.065, 0.001, 0.0, -0.062, 0.0] base=[-0.465, 0.002, 0.123]
[r4-it] it=1 perr=0.030 dq=[0.0, 0.065, 0.001, 0.0, -0.062, 0.0] base=[-0.465, 0.002, 0.123]
[r4-it] it=2 perr=0.030 dq=[0.0, 0.065, 0.001, 0.0, -0.062, 0.0] base=[-0.465, 0.002, 0.123]
[r4-it] it=3 perr=0.030 dq=[0.0, 0.066, 0.001, 0.0, -0.062, -0.0] base=[-0.465, 0.002, 0.123]
[r4-it] it=4 perr=0.030 dq=[0.0, 0.066, 0.0, 0.0, -0.062, -0.0] base=[-0.465, 0.002, 0.123]
[r4-it] it=5 perr=0.030 dq=[0.0, 0.066, 0.0, 0.0, -0.062, -0.0] base=[-0.465, 0.002, 0.123]
[r4-it] it=0 perr=0.030 dq=[0.0, 0.066, 0.001, 0.0, -0.063, -0.0] base=[-0.465, 0.002, 0.123]
[r4-it] it=1 perr=0.030 dq=[0.0, 0.066, 0.0, 0.0, -0.063, -0.0] base=[-0.465, 0.002, 0.123]
[r4-it] it=2 perr=0.030 dq=[0.0, 0.066, 0.0, 0.0, -0.063, -0.0] base=[-0.465, 0.002, 0.123]
[r4-it] it=3 perr=0.030 dq=[0.0, 0.066, 0.0, 0.0, -0.063, -0.0] base=[-0.465, 0.002, 0.123]
[r4-it] it=4 perr=0.030 dq=[0.0, 0.066, -0.0, 0.0, -0.063, -0.0] base=[-0.465, 0.002, 0.123]
[r4-it] it=5 perr=0.030 dq=[0.0, 0.066, -0.0, 0.0, -0.063, -0.0] base=[-0.465, 0.002, 0.123]
[r4-it] it=0 perr=0.030 dq=[0.0, 0.066, 0.0, 0.0, -0.063, -0.0] base=[-0.465, 0.002, 0.123]
[r4-it] it=1 perr=0.030 dq=[0.0, 0.066, 0.0, 0.0, -0.063, -0.0] base=[-0.465, 0.002, 0.123]
[r4-it] it=2 perr=0.030 dq=[0.0, 0.066, 0.0, 0.0, -0.063, -0.0] base=[-0.465, 0.002, 0.123]
[r4-it] it=3 perr=0.030 dq=[0.0, 0.066, 0.0, 0.0, -0.063, -0.0] base=[-0.465, 0.002, 0.123]
[r4-it] it=4 perr=0.030 dq=[0.0, 0.066, -0.0, 0.0, -0.063, -0.0] base=[-0.465, 0.002, 0.123]
[r4-it] it=5 perr=0.030 dq=[0.0, 0.066, 0.0, 0.0, -0.063, -0.0] base=[-0.465, 0.002, 0.123]
[r4-it] it=0 perr=0.030 dq=[0.0, 0.066, 0.0, 0.0, -0.063, -0.001] base=[-0.465, 0.002, 0.123]
[r4-it] it=1 perr=0.030 dq=[0.0, 0.066, 0.0, 0.0, -0.063, -0.001] base=[-0.465, 0.002, 0.123]
[r4-it] it=2 perr=0.030 dq=[0.0, 0.066, 0.0, 0.0, -0.063, -0.001] base=[-0.465, 0.002, 0.123]
[r4-it] it=3 perr=0.030 dq=[0.0, 0.066, 0.0, 0.0, -0.063, -0.001] base=[-0.465, 0.002, 0.123]
[r4-it] it=4 perr=0.030 dq=[0.0, 0.066, 0.0, 0.0, -0.063, -0.001] base=[-0.465, 0.002, 0.123]
[r4-it] it=5 perr=0.030 dq=[0.0, 0.066, 0.0, 0.0, -0.063, -0.001] base=[-0.465, 0.002, 0.123]
[r4-it] it=0 perr=0.030 dq=[0.0, 0.066, 0.0, 0.0, -0.063, -0.001] base=[-0.465, 0.002, 0.123]
[r4-it] it=1 perr=0.030 dq=[0.0, 0.066, 0.0, 0.0, -0.063, -0.001] base=[-0.465, 0.002, 0.123]
[r4-it] it=2 perr=0.030 dq=[0.0, 0.066, -0.0, 0.0, -0.063, -0.001] base=[-0.465, 0.002, 0.123]
[r4-it] it=3 perr=0.030 dq=[0.0, 0.066, -0.0, 0.0, -0.063, -0.001] base=[-0.465, 0.002, 0.123]
[r4-it] it=4 perr=0.030 dq=[0.0, 0.066, -0.001, 0.0, -0.063, -0.001] base=[-0.465, 0.002, 0.123]
[r4-it] it=5 perr=0.030 dq=[0.0, 0.066, -0.001, 0.0, -0.063, -0.001] base=[-0.465, 0.002, 0.123]
[r4-it] it=0 perr=0.030 dq=[0.0, 0.066, -0.0, 0.0, -0.064, -0.001] base=[-0.465, 0.002, 0.123]
[r4-it] it=1 perr=0.030 dq=[0.0, 0.066, -0.0, 0.0, -0.064, -0.001] base=[-0.465, 0.002, 0.123]
[r4-it] it=2 perr=0.030 dq=[0.0, 0.066, -0.001, 0.0, -0.064, -0.001] base=[-0.465, 0.002, 0.123]
[r4-it] it=3 perr=0.030 dq=[0.0, 0.066, -0.001, 0.0, -0.064, -0.001] base=[-0.465, 0.002, 0.123]
[r4-it] it=4 perr=0.030 dq=[0.0, 0.066, -0.001, 0.0, -0.064, -0.001] base=[-0.465, 0.002, 0.123]
[r4-it] it=5 perr=0.030 dq=[0.0, 0.066, -0.001, 0.0, -0.064, -0.001] base=[-0.465, 0.002, 0.123]
[r4-it] it=0 perr=0.030 dq=[0.0, 0.066, -0.001, 0.0, -0.064, -0.001] base=[-0.465, 0.002, 0.123]
[r4-it] it=1 perr=0.030 dq=[0.0, 0.066, -0.001, 0.0, -0.064, -0.0] base=[-0.465, 0.002, 0.123]
[r4-it] it=2 perr=0.030 dq=[0.0, 0.066, -0.001, 0.0, -0.064, -0.001] base=[-0.465, 0.002, 0.123]
[r4-it] it=3 perr=0.030 dq=[-0.0, 0.066, -0.001, 0.0, -0.064, -0.0] base=[-0.465, 0.002, 0.123]
[r4-it] it=4 perr=0.030 dq=[-0.0, 0.066, -0.001, 0.0, -0.064, -0.0] base=[-0.465, 0.002, 0.123]
[r4-it] it=5 perr=0.030 dq=[-0.0, 0.066, -0.001, 0.0, -0.064, -0.0] base=[-0.465, 0.002, 0.123]
[r4-it] it=0 perr=0.030 dq=[-0.0, 0.066, -0.001, 0.0, -0.065, -0.0] base=[-0.465, 0.002, 0.123]
[r4-it] it=1 perr=0.030 dq=[-0.0, 0.066, -0.001, 0.0, -0.065, -0.0] base=[-0.465, 0.002, 0.123]
[r4-it] it=2 perr=0.030 dq=[-0.0, 0.066, -0.001, 0.0, -0.065, -0.0] base=[-0.465, 0.002, 0.123]
[r4-it] it=3 perr=0.030 dq=[-0.0, 0.066, -0.001, 0.0, -0.065, -0.0] base=[-0.465, 0.002, 0.123]
[r4-it] it=4 perr=0.030 dq=[-0.0, 0.066, -0.001, 0.0, -0.065, -0.0] base=[-0.465, 0.002, 0.123]
[r4-it] it=5 perr=0.030 dq=[-0.0, 0.066, -0.001, 0.0, -0.065, -0.0] base=[-0.465, 0.002, 0.123]
[r4-it] it=0 perr=0.030 dq=[-0.0, 0.066, -0.001, -0.0, -0.065, -0.0] base=[-0.465, 0.002, 0.123]
[r4-it] it=1 perr=0.030 dq=[-0.0, 0.066, -0.001, -0.0, -0.065, -0.0] base=[-0.465, 0.002, 0.123]
[r4-it] it=2 perr=0.030 dq=[-0.0, 0.066, -0.001, -0.0, -0.065, -0.0] base=[-0.465, 0.002, 0.123]
[r4-it] it=3 perr=0.030 dq=[-0.0, 0.066, -0.001, -0.0, -0.065, -0.0] base=[-0.465, 0.002, 0.123]
[r4-it] it=4 perr=0.030 dq=[-0.0, 0.066, -0.001, -0.0, -0.065, -0.0] base=[-0.465, 0.002, 0.123]
[r4-it] it=5 perr=0.030 dq=[-0.0, 0.066, -0.001, -0.0, -0.065, -0.0] base=[-0.465, 0.002, 0.123]
[r4-it] it=0 perr=0.030 dq=[-0.0, 0.066, -0.001, -0.0, -0.065, -0.0] base=[-0.465, 0.002, 0.123]
[r4-it] it=1 perr=0.030 dq=[-0.0, 0.066, -0.001, -0.0, -0.065, -0.0] base=[-0.465, 0.002, 0.123]
[r4-it] it=2 perr=0.030 dq=[-0.0, 0.066, -0.001, -0.0, -0.065, -0.0] base=[-0.465, 0.002, 0.123]
[r4-it] it=3 perr=0.030 dq=[-0.0, 0.066, -0.001, -0.0, -0.065, -0.0] base=[-0.465, 0.002, 0.123]
[r4-it] it=4 perr=0.030 dq=[-0.0, 0.066, -0.001, -0.0, -0.065, -0.0] base=[-0.465, 0.002, 0.123]
[r4-it] it=5 perr=0.030 dq=[-0.0, 0.066, -0.001, -0.0, -0.065, -0.0] base=[-0.465, 0.002, 0.123]
[r4-it] it=0 perr=0.030 dq=[-0.0, 0.066, -0.001, -0.0, -0.065, -0.0] base=[-0.465, 0.002, 0.123]
[r4-it] it=1 perr=0.030 dq=[-0.0, 0.066, -0.001, -0.0, -0.065, 0.0] base=[-0.465, 0.002, 0.123]
[r4-it] it=2 perr=0.030 dq=[-0.0, 0.066, -0.001, -0.0, -0.065, 0.0] base=[-0.465, 0.002, 0.123]
[r4-it] it=3 perr=0.030 dq=[-0.0, 0.066, -0.002, -0.0, -0.065, 0.0] base=[-0.465, 0.002, 0.123]
[r4-it] it=4 perr=0.030 dq=[-0.0, 0.066, -0.002, -0.0, -0.065, 0.0] base=[-0.465, 0.002, 0.123]
[r4-it] it=5 perr=0.030 dq=[-0.0, 0.066, -0.002, -0.0, -0.065, 0.0] base=[-0.465, 0.002, 0.123]
[r4-it] it=0 perr=0.030 dq=[-0.0, 0.066, -0.002, -0.0, -0.065, 0.0] base=[-0.465, 0.002, 0.123]
[r4-it] it=1 perr=0.030 dq=[-0.0, 0.066, -0.002, -0.0, -0.065, 0.0] base=[-0.465, 0.002, 0.123]
[r4-it] it=2 perr=0.030 dq=[-0.0, 0.067, -0.002, -0.0, -0.065, 0.0] base=[-0.465, 0.002, 0.123]
[r4-it] it=3 perr=0.030 dq=[-0.0, 0.067, -0.002, -0.0, -0.065, 0.0] base=[-0.465, 0.002, 0.123]
[r4-it] it=4 perr=0.030 dq=[-0.0, 0.067, -0.002, -0.0, -0.065, 0.0] base=[-0.465, 0.002, 0.123]
[r4-it] it=5 perr=0.030 dq=[-0.0, 0.067, -0.002, -0.0, -0.065, 0.0] base=[-0.465, 0.002, 0.123]
[r4-it] it=0 perr=0.030 dq=[-0.0, 0.067, -0.002, -0.0, -0.065, 0.0] base=[-0.465, 0.002, 0.123]
[r4-it] it=1 perr=0.030 dq=[-0.0, 0.067, -0.002, -0.0, -0.066, 0.0] base=[-0.465, 0.002, 0.123]
[r4-it] it=2 perr=0.030 dq=[-0.0, 0.067, -0.002, -0.0, -0.066, 0.0] base=[-0.465, 0.002, 0.123]
[r4-it] it=3 perr=0.030 dq=[-0.0, 0.067, -0.002, -0.0, -0.066, 0.0] base=[-0.465, 0.002, 0.123]
[r4-it] it=4 perr=0.030 dq=[-0.0, 0.067, -0.002, -0.0, -0.066, 0.0] base=[-0.465, 0.002, 0.123]
[r4-it] it=5 perr=0.030 dq=[-0.0, 0.067, -0.002, -0.0, -0.066, 0.0] base=[-0.465, 0.002, 0.123]
[r4-it] it=0 perr=0.030 dq=[-0.0, 0.067, -0.002, -0.0, -0.066, 0.0] base=[-0.465, 0.002, 0.123]
[r4-it] it=1 perr=0.030 dq=[-0.0, 0.067, -0.002, -0.0, -0.066, 0.0] base=[-0.465, 0.002, 0.123]
[r4-it] it=2 perr=0.030 dq=[-0.0, 0.067, -0.002, -0.0, -0.066, 0.0] base=[-0.465, 0.002, 0.123]
[r4-it] it=3 perr=0.030 dq=[-0.0, 0.067, -0.002, -0.0, -0.066, 0.0] base=[-0.465, 0.002, 0.123]
[r4-it] it=4 perr=0.030 dq=[-0.0, 0.067, -0.002, -0.0, -0.066, 0.0] base=[-0.465, 0.002, 0.123]
[r4-it] it=5 perr=0.030 dq=[-0.0, 0.067, -0.002, -0.0, -0.066, 0.0] base=[-0.465, 0.002, 0.123]
[r4-it] it=0 perr=0.030 dq=[-0.0, 0.067, -0.002, -0.0, -0.066, 0.0] base=[-0.465, 0.002, 0.123]
[r4-it] it=1 perr=0.030 dq=[-0.0, 0.067, -0.002, -0.0, -0.066, 0.0] base=[-0.465, 0.002, 0.123]
[r4-it] it=2 perr=0.030 dq=[-0.0, 0.067, -0.002, -0.0, -0.066, 0.0] base=[-0.465, 0.002, 0.123]
[r4-it] it=3 perr=0.030 dq=[-0.0, 0.067, -0.002, -0.0, -0.066, 0.0] base=[-0.465, 0.002, 0.123]
[r4-it] it=4 perr=0.030 dq=[-0.0, 0.067, -0.002, -0.0, -0.066, 0.0] base=[-0.465, 0.002, 0.123]
[r4-it] it=5 perr=0.030 dq=[-0.0, 0.067, -0.002, -0.0, -0.066, 0.0] base=[-0.465, 0.002, 0.123]
[r4-it] it=0 perr=0.030 dq=[-0.0, 0.067, -0.002, -0.0, -0.066, 0.0] base=[-0.465, 0.002, 0.123]
[r4-it] it=1 perr=0.030 dq=[-0.0, 0.067, -0.002, -0.0, -0.066, 0.0] base=[-0.465, 0.002, 0.123]
[r4-it] it=2 perr=0.030 dq=[-0.0, 0.067, -0.002, -0.0, -0.066, 0.0] base=[-0.465, 0.002, 0.123]
[r4-it] it=3 perr=0.030 dq=[-0.0, 0.067, -0.002, -0.0, -0.066, 0.0] base=[-0.465, 0.002, 0.123]
[r4-it] it=4 perr=0.030 dq=[0.0, 0.067, -0.002, -0.0, -0.066, 0.0] base=[-0.465, 0.002, 0.123]
[r4-it] it=5 perr=0.030 dq=[0.0, 0.067, -0.002, -0.0, -0.066, 0.0] base=[-0.465, 0.002, 0.123]
[r4-it] it=0 perr=0.030 dq=[-0.0, 0.067, -0.002, -0.0, -0.066, 0.0] base=[-0.465, 0.002, 0.123]
[r4-it] it=1 perr=0.030 dq=[-0.0, 0.067, -0.002, -0.0, -0.066, 0.0] base=[-0.465, 0.002, 0.123]
[r4-it] it=2 perr=0.030 dq=[0.0, 0.067, -0.002, -0.0, -0.066, 0.0] base=[-0.465, 0.002, 0.123]
[r4-it] it=3 perr=0.030 dq=[0.0, 0.067, -0.002, -0.0, -0.066, 0.0] base=[-0.465, 0.002, 0.123]
[r4-it] it=4 perr=0.030 dq=[0.0, 0.067, -0.002, -0.0, -0.066, 0.0] base=[-0.465, 0.002, 0.123]
[r4-it] it=5 perr=0.030 dq=[0.0, 0.067, -0.002, 0.0, -0.066, 0.0] base=[-0.465, 0.002, 0.123]
[r4-it] it=0 perr=0.030 dq=[0.0, 0.067, -0.002, 0.0, -0.066, 0.0] base=[-0.465, 0.002, 0.123]
[r4-it] it=1 perr=0.030 dq=[0.0, 0.067, -0.002, 0.0, -0.066, 0.0] base=[-0.465, 0.002, 0.123]
[r4-it] it=2 perr=0.030 dq=[0.0, 0.067, -0.002, 0.0, -0.066, 0.0] base=[-0.465, 0.002, 0.123]
[r4-it] it=3 perr=0.030 dq=[0.0, 0.067, -0.002, 0.0, -0.066, 0.0] base=[-0.465, 0.002, 0.123]
[r4-it] it=4 perr=0.030 dq=[-0.0, 0.067, -0.002, 0.0, -0.066, -0.0] base=[-0.465, 0.002, 0.123]
[r4-it] it=5 perr=0.030 dq=[-0.0, 0.067, -0.002, 0.0, -0.066, -0.0] base=[-0.465, 0.002, 0.123]
[r4-it] it=0 perr=0.030 dq=[0.0, 0.067, -0.002, 0.0, -0.066, -0.0] base=[-0.465, 0.002, 0.123]
[r4-it] it=1 perr=0.030 dq=[0.0, 0.067, -0.002, 0.0, -0.066, -0.0] base=[-0.465, 0.002, 0.123]
[r4-it] it=2 perr=0.030 dq=[0.0, 0.067, -0.002, 0.0, -0.066, -0.0] base=[-0.465, 0.002, 0.123]
[r4-it] it=3 perr=0.030 dq=[0.0, 0.067, -0.002, 0.0, -0.066, -0.0] base=[-0.465, 0.002, 0.123]
[r4-it] it=4 perr=0.030 dq=[0.0, 0.067, -0.002, 0.0, -0.067, -0.0] base=[-0.465, 0.002, 0.123]
[r4-it] it=5 perr=0.030 dq=[0.0, 0.067, -0.002, 0.0, -0.066, -0.0] base=[-0.465, 0.002, 0.123]
[r4-it] it=0 perr=0.030 dq=[0.0, 0.067, -0.002, 0.0, -0.067, -0.0] base=[-0.465, 0.002, 0.123]
[r4-it] it=1 perr=0.030 dq=[0.0, 0.067, -0.002, 0.0, -0.067, -0.0] base=[-0.465, 0.002, 0.123]
[r4-it] it=2 perr=0.030 dq=[0.0, 0.067, -0.002, 0.0, -0.067, -0.0] base=[-0.465, 0.002, 0.123]
[r4-it] it=3 perr=0.030 dq=[0.0, 0.067, -0.002, 0.0, -0.067, -0.0] base=[-0.465, 0.002, 0.123]
[r4-it] it=4 perr=0.030 dq=[0.0, 0.067, -0.002, 0.0, -0.067, -0.0] base=[-0.465, 0.002, 0.123]
[r4-it] it=5 perr=0.030 dq=[0.0, 0.067, -0.002, 0.0, -0.067, -0.0] base=[-0.465, 0.002, 0.123]
[r4-it] it=0 perr=0.030 dq=[0.0, 0.067, -0.002, 0.0, -0.067, -0.0] base=[-0.465, 0.002, 0.123]
[r4-it] it=1 perr=0.030 dq=[0.0, 0.067, -0.002, 0.0, -0.067, -0.0] base=[-0.465, 0.002, 0.123]
[r4-it] it=2 perr=0.030 dq=[0.0, 0.067, -0.002, 0.0, -0.067, -0.0] base=[-0.465, 0.002, 0.123]
[r4-it] it=3 perr=0.030 dq=[0.0, 0.067, -0.002, 0.0, -0.067, -0.0] base=[-0.465, 0.002, 0.123]
[r4-it] it=4 perr=0.030 dq=[0.0, 0.067, -0.002, 0.0, -0.067, -0.0] base=[-0.465, 0.002, 0.123]
[r4-it] it=5 perr=0.030 dq=[0.0, 0.067, -0.002, 0.0, -0.067, -0.0] base=[-0.465, 0.002, 0.123]
[r4-it] it=0 perr=0.030 dq=[0.0, 0.067, -0.002, 0.0, -0.066, -0.0] base=[-0.465, 0.002, 0.123]
[r4-it] it=1 perr=0.030 dq=[0.0, 0.067, -0.002, 0.0, -0.066, -0.0] base=[-0.465, 0.002, 0.123]
[r4-it] it=2 perr=0.030 dq=[0.0, 0.067, -0.002, 0.0, -0.066, -0.0] base=[-0.465, 0.002, 0.123]
[r4-it] it=3 perr=0.030 dq=[0.0, 0.067, -0.002, 0.0, -0.066, -0.0] base=[-0.465, 0.002, 0.123]
[r4-it] it=4 perr=0.030 dq=[0.0, 0.067, -0.002, 0.0, -0.066, -0.0] base=[-0.465, 0.002, 0.123]
[r4-it] it=5 perr=0.030 dq=[0.0, 0.067, -0.002, 0.0, -0.066, -0.0] base=[-0.465, 0.002, 0.123]
[r4-it] it=0 perr=0.030 dq=[0.0, 0.067, -0.002, 0.0, -0.066, -0.0] base=[-0.465, 0.002, 0.123]
[r4-it] it=1 perr=0.030 dq=[0.0, 0.067, -0.002, 0.0, -0.066, -0.0] base=[-0.465, 0.002, 0.123]
[r4-it] it=2 perr=0.030 dq=[0.0, 0.067, -0.002, 0.0, -0.066, -0.0] base=[-0.465, 0.002, 0.123]
[r4-it] it=3 perr=0.030 dq=[0.0, 0.067, -0.002, 0.0, -0.066, -0.0] base=[-0.465, 0.002, 0.123]
[r4-it] it=4 perr=0.030 dq=[0.0, 0.067, -0.002, 0.0, -0.066, -0.0] base=[-0.465, 0.002, 0.123]
[r4-it] it=5 perr=0.030 dq=[0.0, 0.067, -0.002, 0.0, -0.066, -0.0] base=[-0.465, 0.002, 0.123]
[r4-it] it=0 perr=0.030 dq=[0.0, 0.067, -0.002, 0.0, -0.067, -0.0] base=[-0.465, 0.002, 0.123]
[r4-it] it=1 perr=0.030 dq=[0.0, 0.067, -0.002, 0.0, -0.067, -0.0] base=[-0.465, 0.002, 0.123]
[r4-it] it=2 perr=0.030 dq=[0.0, 0.067, -0.002, 0.0, -0.067, -0.0] base=[-0.465, 0.002, 0.123]
[r4-it] it=3 perr=0.030 dq=[-0.0, 0.067, -0.002, 0.0, -0.067, -0.0] base=[-0.465, 0.002, 0.123]
[r4-it] it=4 perr=0.030 dq=[-0.0, 0.067, -0.002, 0.0, -0.067, -0.0] base=[-0.466, 0.002, 0.122]
[r4-it] it=5 perr=0.030 dq=[-0.0, 0.067, -0.002, 0.0, -0.067, -0.0] base=[-0.466, 0.002, 0.122]
[r4-it] it=0 perr=0.030 dq=[0.0, 0.067, -0.002, 0.0, -0.067, -0.0] base=[-0.466, 0.002, 0.122]
[r4-it] it=1 perr=0.030 dq=[-0.0, 0.067, -0.002, 0.0, -0.067, -0.0] base=[-0.466, 0.002, 0.122]
[r4-it] it=2 perr=0.030 dq=[-0.0, 0.067, -0.002, 0.0, -0.067, -0.0] base=[-0.466, 0.002, 0.122]
[r4-it] it=3 perr=0.030 dq=[-0.0, 0.067, -0.002, 0.0, -0.067, -0.0] base=[-0.466, 0.002, 0.122]
[r4-it] it=4 perr=0.030 dq=[-0.0, 0.067, -0.002, 0.0, -0.067, -0.0] base=[-0.466, 0.002, 0.122]
[r4-it] it=5 perr=0.030 dq=[-0.0, 0.067, -0.002, 0.0, -0.067, -0.0] base=[-0.466, 0.002, 0.122]
[r4-it] it=0 perr=0.030 dq=[-0.0, 0.067, -0.002, 0.0, -0.067, -0.0] base=[-0.466, 0.002, 0.122]
[r4-it] it=1 perr=0.030 dq=[-0.0, 0.067, -0.002, 0.0, -0.067, -0.0] base=[-0.466, 0.002, 0.122]
[r4-it] it=2 perr=0.030 dq=[-0.0, 0.067, -0.002, 0.0, -0.067, -0.0] base=[-0.466, 0.002, 0.122]
[r4-it] it=3 perr=0.030 dq=[-0.0, 0.067, -0.002, 0.0, -0.067, -0.0] base=[-0.466, 0.002, 0.122]
[r4-it] it=4 perr=0.030 dq=[-0.0, 0.067, -0.002, -0.0, -0.067, -0.0] base=[-0.466, 0.002, 0.122]
[r4-it] it=5 perr=0.030 dq=[-0.0, 0.067, -0.002, -0.0, -0.067, -0.0] base=[-0.466, 0.002, 0.122]
[r4-it] it=0 perr=0.030 dq=[-0.0, 0.067, -0.002, -0.0, -0.067, -0.0] base=[-0.466, 0.002, 0.122]
[r4-it] it=1 perr=0.030 dq=[-0.0, 0.067, -0.002, -0.0, -0.067, -0.0] base=[-0.466, 0.002, 0.122]
[r4-it] it=2 perr=0.030 dq=[-0.0, 0.067, -0.002, -0.0, -0.067, -0.0] base=[-0.466, 0.002, 0.122]
[r4-it] it=3 perr=0.030 dq=[-0.0, 0.067, -0.002, -0.0, -0.067, -0.0] base=[-0.466, 0.002, 0.122]
[r4-it] it=4 perr=0.030 dq=[-0.0, 0.067, -0.002, -0.0, -0.067, -0.0] base=[-0.466, 0.002, 0.122]
[r4-it] it=5 perr=0.030 dq=[-0.0, 0.067, -0.002, -0.0, -0.067, -0.0] base=[-0.466, 0.002, 0.122]
[r4-it] it=0 perr=0.030 dq=[-0.0, 0.067, -0.002, -0.0, -0.067, -0.0] base=[-0.466, 0.002, 0.122]
[r4-it] it=1 perr=0.030 dq=[-0.0, 0.067, -0.002, -0.0, -0.067, -0.0] base=[-0.466, 0.002, 0.122]
[r4-it] it=2 perr=0.030 dq=[-0.0, 0.067, -0.002, -0.0, -0.067, -0.0] base=[-0.466, 0.002, 0.122]
[r4-it] it=3 perr=0.030 dq=[-0.0, 0.067, -0.002, -0.0, -0.067, -0.0] base=[-0.466, 0.002, 0.122]
[r4-it] it=4 perr=0.030 dq=[-0.0, 0.067, -0.002, -0.0, -0.067, -0.0] base=[-0.466, 0.002, 0.122]
[r4-it] it=5 perr=0.030 dq=[-0.0, 0.067, -0.002, -0.0, -0.067, -0.0] base=[-0.466, 0.002, 0.122]
[r4-it] it=0 perr=0.030 dq=[-0.0, 0.067, -0.002, -0.0, -0.067, -0.0] base=[-0.466, 0.002, 0.122]
[r4-it] it=1 perr=0.030 dq=[-0.0, 0.067, -0.002, -0.0, -0.067, 0.0] base=[-0.466, 0.002, 0.122]
[r4-it] it=2 perr=0.030 dq=[-0.0, 0.067, -0.002, -0.0, -0.067, -0.0] base=[-0.466, 0.002, 0.122]
[r4-it] it=3 perr=0.030 dq=[-0.0, 0.067, -0.002, -0.0, -0.067, 0.0] base=[-0.466, 0.002, 0.122]
[r4-it] it=4 perr=0.030 dq=[-0.0, 0.067, -0.002, -0.0, -0.067, -0.0] base=[-0.466, 0.002, 0.122]
[r4-it] it=5 perr=0.030 dq=[-0.0, 0.067, -0.002, -0.0, -0.067, 0.0] base=[-0.466, 0.002, 0.123]
[r4-it] it=0 perr=0.030 dq=[-0.0, 0.067, -0.002, -0.0, -0.067, 0.0] base=[-0.465, 0.002, 0.123]
[r4-it] it=1 perr=0.030 dq=[-0.0, 0.067, -0.002, -0.0, -0.067, 0.0] base=[-0.466, 0.002, 0.123]
[r4-it] it=2 perr=0.030 dq=[-0.0, 0.067, -0.002, -0.0, -0.067, 0.0] base=[-0.466, 0.002, 0.122]
[r4-it] it=3 perr=0.030 dq=[-0.0, 0.067, -0.002, -0.0, -0.067, 0.0] base=[-0.466, 0.002, 0.123]
[r4-it] it=4 perr=0.030 dq=[-0.0, 0.067, -0.002, -0.0, -0.067, 0.0] base=[-0.466, 0.002, 0.122]
[r4-it] it=5 perr=0.030 dq=[-0.0, 0.067, -0.002, -0.0, -0.067, 0.0] base=[-0.466, 0.002, 0.122]
[r4-it] it=0 perr=0.030 dq=[-0.0, 0.067, -0.002, -0.0, -0.067, 0.0] base=[-0.466, 0.002, 0.122]
[r4-it] it=1 perr=0.030 dq=[-0.0, 0.067, -0.002, -0.0, -0.067, 0.0] base=[-0.466, 0.002, 0.122]
[r4-it] it=2 perr=0.030 dq=[-0.0, 0.067, -0.002, -0.0, -0.067, 0.0] base=[-0.466, 0.002, 0.122]
[r4-it] it=3 perr=0.030 dq=[-0.0, 0.067, -0.002, -0.0, -0.067, 0.0] base=[-0.466, 0.002, 0.122]
[r4-it] it=4 perr=0.030 dq=[-0.0, 0.067, -0.002, -0.0, -0.067, 0.0] base=[-0.466, 0.002, 0.122]
[r4-it] it=5 perr=0.030 dq=[-0.0, 0.067, -0.002, -0.0, -0.067, 0.0] base=[-0.466, 0.002, 0.122]
[r4-it] it=0 perr=0.030 dq=[-0.0, 0.067, -0.002, -0.0, -0.067, 0.0] base=[-0.466, 0.002, 0.122]
[r4-it] it=1 perr=0.030 dq=[-0.0, 0.067, -0.002, -0.0, -0.067, 0.0] base=[-0.466, 0.002, 0.122]
[r4-it] it=2 perr=0.030 dq=[-0.0, 0.067, -0.002, -0.0, -0.067, 0.0] base=[-0.466, 0.002, 0.122]
[r4-it] it=3 perr=0.030 dq=[-0.0, 0.067, -0.002, -0.0, -0.067, 0.0] base=[-0.466, 0.002, 0.122]
[r4-it] it=4 perr=0.030 dq=[-0.0, 0.067, -0.002, -0.0, -0.067, 0.0] base=[-0.466, 0.002, 0.122]
[r4-it] it=5 perr=0.030 dq=[-0.0, 0.067, -0.002, -0.0, -0.067, 0.0] base=[-0.466, 0.002, 0.122]
[r4-it] it=0 perr=0.030 dq=[-0.0, 0.067, -0.002, -0.0, -0.067, 0.0] base=[-0.466, 0.002, 0.122]
[r4-it] it=1 perr=0.030 dq=[-0.0, 0.067, -0.002, -0.0, -0.067, 0.0] base=[-0.466, 0.002, 0.122]
[r4-it] it=2 perr=0.030 dq=[-0.0, 0.067, -0.002, -0.0, -0.067, 0.0] base=[-0.466, 0.002, 0.122]
[r4-it] it=3 perr=0.030 dq=[-0.0, 0.067, -0.002, -0.0, -0.067, 0.0] base=[-0.466, 0.002, 0.122]
[r4-it] it=4 perr=0.030 dq=[-0.0, 0.067, -0.002, -0.0, -0.067, 0.0] base=[-0.466, 0.002, 0.122]
[r4-it] it=5 perr=0.030 dq=[-0.0, 0.067, -0.002, -0.0, -0.067, 0.0] base=[-0.466, 0.002, 0.122]
[r4-it] it=0 perr=0.030 dq=[-0.0, 0.067, -0.002, -0.0, -0.067, 0.0] base=[-0.466, 0.002, 0.122]
[r4-it] it=1 perr=0.030 dq=[-0.0, 0.067, -0.002, -0.0, -0.067, 0.0] base=[-0.466, 0.002, 0.122]
[r4-it] it=2 perr=0.030 dq=[-0.0, 0.067, -0.002, -0.0, -0.067, 0.0] base=[-0.466, 0.002, 0.122]
[r4-it] it=3 perr=0.030 dq=[-0.0, 0.067, -0.002, -0.0, -0.067, 0.0] base=[-0.466, 0.002, 0.122]
[r4-it] it=4 perr=0.030 dq=[0.0, 0.067, -0.002, -0.0, -0.067, 0.0] base=[-0.466, 0.002, 0.122]
[r4-it] it=5 perr=0.030 dq=[0.0, 0.067, -0.002, -0.0, -0.067, 0.0] base=[-0.466, 0.002, 0.122]
[r4-it] it=0 perr=0.030 dq=[-0.0, 0.067, -0.002, -0.0, -0.067, 0.0] base=[-0.466, 0.002, 0.122]
[r4-it] it=1 perr=0.030 dq=[-0.0, 0.067, -0.002, -0.0, -0.067, 0.0] base=[-0.466, 0.002, 0.122]
[r4-it] it=2 perr=0.030 dq=[0.0, 0.067, -0.002, -0.0, -0.067, 0.0] base=[-0.466, 0.002, 0.122]
[r4-it] it=3 perr=0.030 dq=[0.0, 0.067, -0.002, -0.0, -0.067, 0.0] base=[-0.466, 0.002, 0.122]
[r4-it] it=4 perr=0.030 dq=[0.0, 0.067, -0.002, -0.0, -0.067, 0.0] base=[-0.466, 0.002, 0.122]
[r4-it] it=5 perr=0.030 dq=[0.0, 0.067, -0.002, -0.0, -0.067, 0.0] base=[-0.466, 0.002, 0.122]
[r4-it] it=0 perr=0.030 dq=[0.0, 0.067, -0.002, -0.0, -0.067, 0.0] base=[-0.466, 0.002, 0.122]
[r4-it] it=1 perr=0.030 dq=[0.0, 0.067, -0.002, -0.0, -0.067, 0.0] base=[-0.466, 0.002, 0.122]
[r4-it] it=2 perr=0.030 dq=[0.0, 0.067, -0.002, -0.0, -0.067, 0.0] base=[-0.466, 0.002, 0.122]
[r4-it] it=3 perr=0.030 dq=[0.0, 0.067, -0.002, 0.0, -0.067, 0.0] base=[-0.466, 0.002, 0.122]
[r4-it] it=4 perr=0.030 dq=[0.0, 0.067, -0.002, 0.0, -0.067, 0.0] base=[-0.466, 0.002, 0.122]
[r4-it] it=5 perr=0.030 dq=[0.0, 0.067, -0.002, 0.0, -0.067, 0.0] base=[-0.466, 0.002, 0.122]
[r4-it] it=0 perr=0.030 dq=[0.0, 0.067, -0.002, 0.0, -0.067, 0.0] base=[-0.466, 0.002, 0.122]
[r4-it] it=1 perr=0.030 dq=[0.0, 0.067, -0.002, 0.0, -0.067, 0.0] base=[-0.466, 0.002, 0.122]
[r4-it] it=2 perr=0.030 dq=[0.0, 0.067, -0.002, 0.0, -0.067, 0.0] base=[-0.466, 0.002, 0.122]
[r4-it] it=3 perr=0.030 dq=[0.0, 0.067, -0.002, 0.0, -0.067, 0.0] base=[-0.466, 0.002, 0.123]
[r4-it] it=4 perr=0.030 dq=[0.0, 0.067, -0.002, 0.0, -0.067, 0.0] base=[-0.466, 0.002, 0.123]
[r4-it] it=5 perr=0.030 dq=[0.0, 0.067, -0.002, 0.0, -0.067, 0.0] base=[-0.466, 0.002, 0.123]
[r4-it] it=0 perr=0.030 dq=[0.0, 0.067, -0.002, 0.0, -0.067, 0.0] base=[-0.466, 0.002, 0.123]
[r4-it] it=1 perr=0.030 dq=[0.0, 0.067, -0.002, 0.0, -0.067, 0.0] base=[-0.466, 0.002, 0.123]
[r4-it] it=2 perr=0.030 dq=[0.0, 0.067, -0.002, 0.0, -0.067, 0.0] base=[-0.466, 0.002, 0.122]
[r4-it] it=3 perr=0.030 dq=[0.0, 0.067, -0.002, 0.0, -0.067, 0.0] base=[-0.466, 0.002, 0.122]
[r4-it] it=4 perr=0.030 dq=[0.0, 0.067, -0.002, 0.0, -0.067, 0.0] base=[-0.466, 0.002, 0.122]
[r4-it] it=5 perr=0.030 dq=[0.0, 0.067, -0.002, 0.0, -0.067, 0.0] base=[-0.466, 0.002, 0.122]
[r4-it] it=0 perr=0.030 dq=[0.0, 0.067, -0.002, 0.0, -0.067, 0.0] base=[-0.466, 0.002, 0.122]
[r4-it] it=1 perr=0.030 dq=[0.0, 0.067, -0.002, 0.0, -0.067, 0.0] base=[-0.466, 0.002, 0.122]
[r4-it] it=2 perr=0.030 dq=[0.0, 0.067, -0.002, 0.0, -0.067, 0.0] base=[-0.466, 0.002, 0.122]
[r4-it] it=3 perr=0.030 dq=[0.0, 0.067, -0.002, 0.0, -0.067, 0.0] base=[-0.466, 0.002, 0.122]
[r4-it] it=4 perr=0.030 dq=[0.0, 0.067, -0.002, 0.0, -0.067, 0.0] base=[-0.466, 0.002, 0.122]
[r4-it] it=5 perr=0.030 dq=[0.0, 0.067, -0.002, 0.0, -0.067, 0.0] base=[-0.466, 0.002, 0.122]
[r4-it] it=0 perr=0.030 dq=[0.0, 0.067, -0.002, 0.0, -0.067, 0.0] base=[-0.466, 0.002, 0.122]
[r4-it] it=1 perr=0.030 dq=[0.0, 0.067, -0.002, 0.0, -0.067, 0.0] base=[-0.466, 0.002, 0.122]
[r4-it] it=2 perr=0.030 dq=[0.0, 0.067, -0.002, 0.0, -0.067, 0.0] base=[-0.466, 0.002, 0.122]
[r4-it] it=3 perr=0.030 dq=[0.0, 0.067, -0.002, 0.0, -0.067, 0.0] base=[-0.466, 0.002, 0.122]
[r4-it] it=4 perr=0.030 dq=[0.0, 0.067, -0.002, 0.0, -0.067, 0.0] base=[-0.466, 0.002, 0.122]
[r4-it] it=5 perr=0.030 dq=[0.0, 0.067, -0.002, 0.0, -0.067, 0.0] base=[-0.466, 0.002, 0.122]
[r4-it] it=0 perr=0.030 dq=[0.0, 0.067, -0.002, 0.0, -0.067, 0.0] base=[-0.466, 0.002, 0.122]
[r4-it] it=1 perr=0.030 dq=[0.0, 0.067, -0.002, 0.0, -0.067, 0.0] base=[-0.466, 0.002, 0.122]
[r4-it] it=2 perr=0.030 dq=[0.0, 0.067, -0.002, 0.0, -0.067, 0.0] base=[-0.466, 0.002, 0.122]
[r4-it] it=3 perr=0.030 dq=[0.0, 0.067, -0.002, 0.0, -0.067, 0.0] base=[-0.466, 0.002, 0.122]
[r4-it] it=4 perr=0.030 dq=[0.0, 0.067, -0.002, 0.0, -0.067, 0.0] base=[-0.466, 0.002, 0.122]
[r4-it] it=5 perr=0.030 dq=[0.0, 0.067, -0.002, 0.0, -0.067, 0.0] base=[-0.466, 0.002, 0.122]
[r4-it] it=0 perr=0.030 dq=[0.0, 0.067, -0.002, 0.0, -0.067, 0.0] base=[-0.466, 0.002, 0.122]
[r4-it] it=1 perr=0.030 dq=[0.0, 0.067, -0.002, 0.0, -0.067, 0.0] base=[-0.466, 0.002, 0.122]
[r4-it] it=2 perr=0.030 dq=[0.0, 0.067, -0.002, 0.0, -0.067, 0.0] base=[-0.466, 0.002, 0.122]
[r4-it] it=3 perr=0.030 dq=[0.0, 0.067, -0.002, 0.0, -0.067, 0.0] base=[-0.466, 0.002, 0.122]
[r4-it] it=4 perr=0.030 dq=[0.0, 0.067, -0.002, 0.0, -0.067, 0.0] base=[-0.466, 0.002, 0.122]
[r4-it] it=5 perr=0.030 dq=[0.0, 0.067, -0.002, 0.0, -0.067, 0.0] base=[-0.466, 0.002, 0.122]
[r4-it] it=0 perr=0.030 dq=[0.0, 0.067, -0.002, 0.0, -0.067, 0.0] base=[-0.466, 0.002, 0.122]
[r4-it] it=1 perr=0.030 dq=[0.0, 0.067, -0.002, 0.0, -0.067, 0.0] base=[-0.466, 0.002, 0.122]
[r4-it] it=2 perr=0.030 dq=[0.0, 0.067, -0.002, 0.0, -0.067, 0.0] base=[-0.466, 0.002, 0.122]
[r4-it] it=3 perr=0.030 dq=[0.0, 0.067, -0.002, 0.0, -0.067, 0.0] base=[-0.466, 0.002, 0.122]
[r4-it] it=4 perr=0.030 dq=[0.0, 0.067, -0.002, 0.0, -0.067, 0.0] base=[-0.466, 0.002, 0.122]
[r4-it] it=5 perr=0.030 dq=[0.0, 0.067, -0.002, 0.0, -0.067, 0.0] base=[-0.466, 0.002, 0.122]
[r4-it] it=0 perr=0.030 dq=[0.0, 0.067, -0.002, 0.0, -0.067, 0.0] base=[-0.466, 0.002, 0.122]
[r4-it] it=1 perr=0.030 dq=[0.0, 0.067, -0.002, 0.0, -0.067, 0.0] base=[-0.466, 0.002, 0.122]
[r4-it] it=2 perr=0.030 dq=[0.0, 0.067, -0.002, 0.0, -0.067, 0.0] base=[-0.466, 0.002, 0.122]
[r4-it] it=3 perr=0.030 dq=[0.0, 0.067, -0.002, 0.0, -0.067, 0.0] base=[-0.466, 0.002, 0.122]
[r4-it] it=4 perr=0.030 dq=[0.0, 0.067, -0.002, 0.0, -0.067, 0.0] base=[-0.466, 0.002, 0.122]
[r4-it] it=5 perr=0.030 dq=[0.0, 0.067, -0.002, 0.0, -0.067, 0.0] base=[-0.466, 0.002, 0.122]
[r4-it] it=0 perr=0.030 dq=[0.0, 0.067, -0.002, 0.0, -0.067, 0.0] base=[-0.466, 0.002, 0.122]
[r4-it] it=1 perr=0.030 dq=[0.0, 0.067, -0.002, 0.0, -0.067, 0.0] base=[-0.466, 0.002, 0.122]
[r4-it] it=2 perr=0.030 dq=[0.0, 0.067, -0.002, 0.0, -0.067, 0.0] base=[-0.466, 0.002, 0.123]
[r4-it] it=3 perr=0.030 dq=[0.0, 0.067, -0.002, -0.0, -0.067, 0.0] base=[-0.466, 0.002, 0.123]
[r4-it] it=4 perr=0.030 dq=[-0.0, 0.067, -0.002, -0.0, -0.067, 0.0] base=[-0.466, 0.002, 0.123]
[r4-it] it=5 perr=0.030 dq=[-0.0, 0.067, -0.002, -0.0, -0.067, 0.0] base=[-0.466, 0.002, 0.123]
[r4-it] it=0 perr=0.030 dq=[0.0, 0.067, -0.002, -0.0, -0.067, 0.0] base=[-0.466, 0.002, 0.123]
[r4-it] it=1 perr=0.030 dq=[-0.0, 0.067, -0.002, -0.0, -0.067, 0.0] base=[-0.466, 0.002, 0.123]
[r4-it] it=2 perr=0.030 dq=[-0.0, 0.067, -0.002, -0.0, -0.067, 0.0] base=[-0.466, 0.002, 0.123]
[r4-it] it=3 perr=0.030 dq=[-0.0, 0.067, -0.002, -0.0, -0.067, 0.0] base=[-0.466, 0.002, 0.123]
[r4-it] it=4 perr=0.030 dq=[-0.0, 0.067, -0.002, -0.0, -0.067, 0.0] base=[-0.465, 0.002, 0.123]
[r4-it] it=5 perr=0.030 dq=[-0.0, 0.067, -0.002, -0.0, -0.067, 0.0] base=[-0.465, 0.002, 0.123]
[r4-it] it=0 perr=0.030 dq=[-0.0, 0.067, -0.002, -0.0, -0.067, 0.0] base=[-0.465, 0.002, 0.123]
[r4-it] it=1 perr=0.030 dq=[-0.0, 0.067, -0.002, -0.0, -0.067, 0.0] base=[-0.466, 0.002, 0.123]
[r4-it] it=2 perr=0.030 dq=[-0.0, 0.067, -0.002, -0.0, -0.067, 0.0] base=[-0.466, 0.002, 0.123]
[r4-it] it=3 perr=0.030 dq=[-0.0, 0.067, -0.002, -0.0, -0.067, 0.0] base=[-0.466, 0.002, 0.123]
[r4-it] it=4 perr=0.030 dq=[-0.0, 0.067, -0.002, -0.0, -0.067, 0.0] base=[-0.466, 0.002, 0.123]
[r4-it] it=5 perr=0.030 dq=[-0.0, 0.067, -0.002, -0.0, -0.067, 0.0] base=[-0.466, 0.002, 0.123]
[r4-it] it=0 perr=0.030 dq=[-0.0, 0.067, -0.002, -0.0, -0.067, 0.0] base=[-0.466, 0.002, 0.123]
[r4-it] it=1 perr=0.030 dq=[-0.0, 0.067, -0.002, -0.0, -0.067, 0.0] base=[-0.466, 0.002, 0.123]
[r4-it] it=2 perr=0.030 dq=[-0.0, 0.067, -0.002, -0.0, -0.067, 0.0] base=[-0.466, 0.002, 0.123]
[r4-it] it=3 perr=0.030 dq=[-0.0, 0.067, -0.002, -0.0, -0.067, 0.0] base=[-0.466, 0.002, 0.122]
[r4-it] it=4 perr=0.030 dq=[-0.0, 0.067, -0.002, -0.0, -0.067, 0.0] base=[-0.466, 0.002, 0.122]
[r4-it] it=5 perr=0.030 dq=[-0.0, 0.067, -0.002, -0.0, -0.067, 0.0] base=[-0.466, 0.002, 0.122]
[r4-it] it=0 perr=0.030 dq=[-0.0, 0.067, -0.002, -0.0, -0.067, 0.0] base=[-0.466, 0.002, 0.122]
[r4-it] it=1 perr=0.030 dq=[-0.0, 0.067, -0.002, -0.0, -0.067, 0.0] base=[-0.466, 0.002, 0.122]
[r4-it] it=2 perr=0.030 dq=[-0.0, 0.067, -0.002, -0.0, -0.067, 0.0] base=[-0.466, 0.002, 0.122]
[r4-it] it=3 perr=0.030 dq=[-0.0, 0.067, -0.002, -0.0, -0.067, 0.0] base=[-0.466, 0.002, 0.122]
[r4-it] it=4 perr=0.030 dq=[-0.0, 0.067, -0.002, -0.0, -0.067, 0.0] base=[-0.466, 0.002, 0.122]
[r4-it] it=5 perr=0.030 dq=[-0.0, 0.067, -0.002, -0.0, -0.067, 0.0] base=[-0.466, 0.002, 0.122]
[r4-it] it=0 perr=0.030 dq=[-0.0, 0.067, -0.002, -0.0, -0.067, 0.0] base=[-0.466, 0.002, 0.122]
[r4-it] it=1 perr=0.030 dq=[-0.0, 0.067, -0.002, -0.0, -0.067, 0.0] base=[-0.466, 0.002, 0.122]
[r4-it] it=2 perr=0.030 dq=[-0.0, 0.067, -0.002, -0.0, -0.067, 0.0] base=[-0.466, 0.002, 0.122]
[r4-it] it=3 perr=0.030 dq=[-0.0, 0.067, -0.002, -0.0, -0.067, 0.0] base=[-0.466, 0.002, 0.122]
[r4-it] it=4 perr=0.030 dq=[-0.0, 0.067, -0.002, -0.0, -0.067, 0.0] base=[-0.466, 0.002, 0.122]
[r4-it] it=5 perr=0.030 dq=[-0.0, 0.067, -0.002, -0.0, -0.067, 0.0] base=[-0.466, 0.002, 0.122]
[r4-it] it=0 perr=0.030 dq=[-0.0, 0.067, -0.002, -0.0, -0.067, 0.0] base=[-0.466, 0.002, 0.122]
[r4-it] it=1 perr=0.030 dq=[-0.0, 0.067, -0.002, -0.0, -0.067, 0.0] base=[-0.466, 0.002, 0.122]
[r4-it] it=2 perr=0.030 dq=[-0.0, 0.067, -0.002, -0.0, -0.067, 0.0] base=[-0.466, 0.002, 0.122]
[r4-it] it=3 perr=0.030 dq=[-0.0, 0.067, -0.002, -0.0, -0.067, 0.0] base=[-0.466, 0.002, 0.122]
[r4-it] it=4 perr=0.030 dq=[-0.0, 0.067, -0.002, -0.0, -0.067, -0.0] base=[-0.466, 0.002, 0.122]
[r4-it] it=5 perr=0.030 dq=[-0.0, 0.067, -0.002, -0.0, -0.067, -0.0] base=[-0.466, 0.002, 0.122]
[r4-it] it=0 perr=0.030 dq=[-0.0, 0.067, -0.002, -0.0, -0.067, -0.0] base=[-0.466, 0.002, 0.122]
[r4-it] it=1 perr=0.030 dq=[-0.0, 0.067, -0.002, -0.0, -0.067, -0.0] base=[-0.466, 0.002, 0.122]
[r4-it] it=2 perr=0.030 dq=[-0.0, 0.067, -0.002, -0.0, -0.067, -0.0] base=[-0.466, 0.002, 0.122]
[r4-it] it=3 perr=0.030 dq=[-0.0, 0.067, -0.002, -0.0, -0.067, -0.0] base=[-0.466, 0.002, 0.122]
[r4-it] it=4 perr=0.030 dq=[-0.0, 0.067, -0.002, -0.0, -0.067, -0.0] base=[-0.466, 0.002, 0.122]
[r4-it] it=5 perr=0.030 dq=[-0.0, 0.067, -0.002, -0.0, -0.067, -0.0] base=[-0.466, 0.002, 0.122]
[r4-it] it=0 perr=0.030 dq=[-0.0, 0.067, -0.002, -0.0, -0.067, -0.0] base=[-0.466, 0.002, 0.122]
[r4-it] it=1 perr=0.030 dq=[-0.0, 0.067, -0.002, -0.0, -0.067, -0.0] base=[-0.466, 0.002, 0.122]
[r4-it] it=2 perr=0.030 dq=[-0.0, 0.067, -0.002, -0.0, -0.067, -0.0] base=[-0.466, 0.002, 0.122]
[r4-it] it=3 perr=0.030 dq=[-0.0, 0.067, -0.002, -0.0, -0.067, -0.0] base=[-0.466, 0.002, 0.122]
[r4-it] it=4 perr=0.030 dq=[-0.0, 0.067, -0.002, -0.0, -0.067, -0.0] base=[-0.466, 0.002, 0.122]
[r4-it] it=5 perr=0.030 dq=[-0.0, 0.067, -0.002, 0.0, -0.067, -0.0] base=[-0.466, 0.002, 0.122]
[r4-it] it=0 perr=0.030 dq=[-0.0, 0.067, -0.002, 0.0, -0.067, -0.0] base=[-0.466, 0.002, 0.122]
[r4-it] it=1 perr=0.030 dq=[-0.0, 0.067, -0.002, 0.0, -0.067, -0.0] base=[-0.466, 0.002, 0.122]
[r4-it] it=2 perr=0.030 dq=[-0.0, 0.067, -0.002, 0.0, -0.067, -0.0] base=[-0.466, 0.002, 0.123]
[r4-it] it=3 perr=0.030 dq=[0.0, 0.067, -0.002, 0.0, -0.067, -0.0] base=[-0.466, 0.002, 0.123]
[r4-it] it=4 perr=0.030 dq=[0.0, 0.067, -0.002, 0.0, -0.067, -0.0] base=[-0.466, 0.002, 0.123]
[r4-it] it=5 perr=0.030 dq=[0.0, 0.067, -0.002, 0.0, -0.067, -0.0] base=[-0.466, 0.002, 0.123]
[r4-it] it=0 perr=0.030 dq=[-0.0, 0.067, -0.002, 0.0, -0.067, -0.0] base=[-0.466, 0.002, 0.123]
[r4-it] it=1 perr=0.030 dq=[0.0, 0.067, -0.002, 0.0, -0.067, -0.0] base=[-0.466, 0.002, 0.123]
[r4-it] it=2 perr=0.030 dq=[0.0, 0.067, -0.002, 0.0, -0.067, -0.0] base=[-0.466, 0.002, 0.123]
[r4-it] it=3 perr=0.030 dq=[0.0, 0.067, -0.002, 0.0, -0.067, -0.0] base=[-0.466, 0.002, 0.123]
[r4-it] it=4 perr=0.030 dq=[0.0, 0.067, -0.002, 0.0, -0.067, -0.0] base=[-0.466, 0.002, 0.123]
[r4-it] it=5 perr=0.030 dq=[0.0, 0.067, -0.002, 0.0, -0.067, -0.0] base=[-0.466, 0.002, 0.123]
[r4-it] it=0 perr=0.030 dq=[0.0, 0.067, -0.002, 0.0, -0.067, -0.0] base=[-0.466, 0.002, 0.123]
[r4-it] it=1 perr=0.030 dq=[0.0, 0.067, -0.002, 0.0, -0.067, -0.0] base=[-0.466, 0.002, 0.123]
[r4-it] it=2 perr=0.030 dq=[0.0, 0.067, -0.002, 0.0, -0.067, -0.0] base=[-0.465, 0.002, 0.123]
[r4-it] it=3 perr=0.030 dq=[0.0, 0.067, -0.002, 0.0, -0.067, -0.0] base=[-0.465, 0.002, 0.123]
[r4-it] it=4 perr=0.030 dq=[0.0, 0.067, -0.002, 0.0, -0.067, -0.0] base=[-0.465, 0.002, 0.123]
[r4-it] it=5 perr=0.030 dq=[0.0, 0.067, -0.002, 0.0, -0.067, -0.0] base=[-0.465, 0.002, 0.123]
[r4-it] it=0 perr=0.030 dq=[0.0, 0.067, -0.002, 0.0, -0.067, 0.0] base=[-0.465, 0.002, 0.123]
[r4-it] it=1 perr=0.030 dq=[0.0, 0.067, -0.002, 0.0, -0.067, 0.0] base=[-0.465, 0.002, 0.123]
[r4-it] it=2 perr=0.030 dq=[0.0, 0.067, -0.002, 0.0, -0.067, 0.0] base=[-0.465, 0.002, 0.123]
[r4-it] it=3 perr=0.030 dq=[0.0, 0.067, -0.002, 0.0, -0.067, 0.0] base=[-0.465, 0.002, 0.123]
[r4-it] it=4 perr=0.030 dq=[0.0, 0.067, -0.002, 0.0, -0.067, 0.0] base=[-0.465, 0.002, 0.123]
[r4-it] it=5 perr=0.030 dq=[0.0, 0.067, -0.002, 0.0, -0.067, 0.0] base=[-0.465, 0.002, 0.123]
[r4-it] it=0 perr=0.030 dq=[0.0, 0.067, -0.002, 0.0, -0.066, 0.0] base=[-0.465, 0.002, 0.123]
[r4-it] it=1 perr=0.030 dq=[0.0, 0.067, -0.002, 0.0, -0.066, 0.0] base=[-0.465, 0.002, 0.123]
[r4-it] it=2 perr=0.030 dq=[0.0, 0.067, -0.002, 0.0, -0.066, 0.0] base=[-0.465, 0.002, 0.123]
[r4-it] it=3 perr=0.030 dq=[0.0, 0.067, -0.002, 0.0, -0.066, 0.0] base=[-0.465, 0.002, 0.123]
[r4-it] it=4 perr=0.030 dq=[0.0, 0.067, -0.002, 0.0, -0.067, 0.0] base=[-0.465, 0.002, 0.123]
[r4-it] it=5 perr=0.030 dq=[0.0, 0.067, -0.002, 0.0, -0.067, 0.0] base=[-0.465, 0.002, 0.123]
[r4-it] it=0 perr=0.030 dq=[0.0, 0.067, -0.002, 0.0, -0.067, 0.0] base=[-0.465, 0.002, 0.123]
[r4-it] it=1 perr=0.030 dq=[0.0, 0.067, -0.002, 0.0, -0.067, 0.0] base=[-0.465, 0.002, 0.123]
[r4-it] it=2 perr=0.030 dq=[0.0, 0.067, -0.002, 0.0, -0.067, 0.0] base=[-0.465, 0.002, 0.123]
[r4-it] it=3 perr=0.030 dq=[0.0, 0.067, -0.002, 0.0, -0.067, 0.0] base=[-0.465, 0.002, 0.123]
[r4-it] it=4 perr=0.030 dq=[0.0, 0.067, -0.002, 0.0, -0.067, 0.0] base=[-0.465, 0.002, 0.123]
[r4-it] it=5 perr=0.030 dq=[0.0, 0.067, -0.002, 0.0, -0.067, 0.0] base=[-0.466, 0.002, 0.123]
[r4-it] it=0 perr=0.030 dq=[0.0, 0.067, -0.002, 0.0, -0.067, 0.0] base=[-0.466, 0.002, 0.123]
[r4-it] it=1 perr=0.030 dq=[0.0, 0.067, -0.002, 0.0, -0.067, 0.0] base=[-0.466, 0.002, 0.123]
[r4-it] it=2 perr=0.030 dq=[0.0, 0.067, -0.002, 0.0, -0.067, 0.0] base=[-0.466, 0.002, 0.123]
[r4-it] it=3 perr=0.030 dq=[0.0, 0.067, -0.002, 0.0, -0.067, 0.0] base=[-0.466, 0.002, 0.123]
[r4-it] it=4 perr=0.030 dq=[0.0, 0.067, -0.002, 0.0, -0.067, 0.0] base=[-0.466, 0.002, 0.123]
[r4-it] it=5 perr=0.030 dq=[0.0, 0.067, -0.002, 0.0, -0.067, 0.0] base=[-0.466, 0.002, 0.123]
[r4-it] it=0 perr=0.030 dq=[0.0, 0.067, -0.002, 0.0, -0.067, 0.0] base=[-0.466, 0.002, 0.123]
[r4-it] it=1 perr=0.030 dq=[0.0, 0.067, -0.002, 0.0, -0.067, 0.0] base=[-0.466, 0.002, 0.123]
[r4-it] it=2 perr=0.030 dq=[0.0, 0.067, -0.002, 0.0, -0.067, 0.0] base=[-0.466, 0.002, 0.123]
[r4-it] it=3 perr=0.030 dq=[0.0, 0.067, -0.002, 0.0, -0.067, 0.0] base=[-0.466, 0.002, 0.123]
[r4-it] it=4 perr=0.030 dq=[0.0, 0.067, -0.002, 0.0, -0.067, 0.0] base=[-0.466, 0.002, 0.123]
[r4-it] it=5 perr=0.030 dq=[0.0, 0.067, -0.002, 0.0, -0.067, 0.0] base=[-0.466, 0.002, 0.123]
[r4-it] it=0 perr=0.030 dq=[0.0, 0.067, -0.002, 0.0, -0.067, 0.0] base=[-0.466, 0.002, 0.123]
[r4-it] it=1 perr=0.030 dq=[0.0, 0.067, -0.002, 0.0, -0.067, 0.0] base=[-0.466, 0.002, 0.123]
[r4-it] it=2 perr=0.030 dq=[0.0, 0.067, -0.002, 0.0, -0.067, 0.0] base=[-0.466, 0.002, 0.123]
[r4-it] it=3 perr=0.030 dq=[0.0, 0.067, -0.002, 0.0, -0.067, 0.0] base=[-0.466, 0.002, 0.123]
[r4-it] it=4 perr=0.030 dq=[-0.0, 0.067, -0.002, 0.0, -0.067, 0.0] base=[-0.466, 0.002, 0.123]
[r4-it] it=5 perr=0.030 dq=[-0.0, 0.067, -0.002, 0.0, -0.067, 0.0] base=[-0.466, 0.002, 0.123]
[r4-it] it=0 perr=0.030 dq=[0.0, 0.067, -0.002, 0.0, -0.067, -0.0] base=[-0.466, 0.002, 0.123]
[r4-it] it=1 perr=0.030 dq=[0.0, 0.067, -0.002, 0.0, -0.067, -0.0] base=[-0.466, 0.002, 0.123]
[r4-it] it=2 perr=0.030 dq=[0.0, 0.067, -0.002, 0.0, -0.067, -0.0] base=[-0.466, 0.002, 0.123]
[r4-it] it=3 perr=0.030 dq=[0.0, 0.067, -0.002, 0.0, -0.067, -0.0] base=[-0.466, 0.002, 0.123]
[r4-it] it=4 perr=0.030 dq=[-0.0, 0.067, -0.002, 0.0, -0.067, -0.0] base=[-0.466, 0.002, 0.123]
[r4-it] it=5 perr=0.030 dq=[-0.0, 0.067, -0.002, 0.0, -0.067, -0.0] base=[-0.466, 0.002, 0.123]
[r4-it] it=0 perr=0.030 dq=[0.0, 0.067, -0.002, 0.0, -0.067, -0.0] base=[-0.466, 0.002, 0.123]
[r4-it] it=1 perr=0.030 dq=[0.0, 0.067, -0.002, 0.0, -0.067, -0.0] base=[-0.466, 0.002, 0.123]
[r4-it] it=2 perr=0.030 dq=[0.0, 0.067, -0.002, 0.0, -0.067, -0.0] base=[-0.466, 0.002, 0.123]
[r4-it] it=3 perr=0.030 dq=[-0.0, 0.067, -0.002, 0.0, -0.067, -0.0] base=[-0.466, 0.002, 0.123]
[r4-it] it=4 perr=0.030 dq=[-0.0, 0.067, -0.002, 0.0, -0.067, -0.0] base=[-0.465, 0.002, 0.123]
[r4-it] it=5 perr=0.030 dq=[-0.0, 0.067, -0.002, 0.0, -0.067, -0.0] base=[-0.465, 0.002, 0.123]
[r4-it] it=0 perr=0.030 dq=[0.0, 0.067, -0.002, 0.0, -0.067, -0.0] base=[-0.465, 0.002, 0.123]
[r4-it] it=1 perr=0.030 dq=[-0.0, 0.067, -0.002, 0.0, -0.067, -0.0] base=[-0.465, 0.002, 0.123]
[r4-it] it=2 perr=0.030 dq=[-0.0, 0.067, -0.002, 0.0, -0.067, -0.0] base=[-0.465, 0.002, 0.123]
[r4-it] it=3 perr=0.030 dq=[-0.0, 0.067, -0.002, 0.0, -0.067, -0.0] base=[-0.465, 0.002, 0.123]
[r4-it] it=4 perr=0.030 dq=[-0.0, 0.067, -0.002, 0.0, -0.067, -0.0] base=[-0.465, 0.002, 0.123]
[r4-it] it=5 perr=0.030 dq=[-0.0, 0.067, -0.002, 0.0, -0.067, -0.0] base=[-0.465, 0.002, 0.123]
[r4-it] it=0 perr=0.030 dq=[-0.0, 0.067, -0.002, 0.0, -0.067, -0.0] base=[-0.465, 0.002, 0.123]
[r4-it] it=1 perr=0.030 dq=[-0.0, 0.067, -0.002, 0.0, -0.067, -0.0] base=[-0.465, 0.002, 0.123]
[r4-it] it=2 perr=0.030 dq=[-0.0, 0.067, -0.002, 0.0, -0.067, -0.0] base=[-0.465, 0.002, 0.123]
[r4-it] it=3 perr=0.030 dq=[-0.0, 0.067, -0.002, 0.0, -0.067, -0.0] base=[-0.465, 0.002, 0.123]
[r4-it] it=4 perr=0.030 dq=[-0.0, 0.067, -0.002, 0.0, -0.067, -0.0] base=[-0.465, 0.002, 0.123]
[r4-it] it=5 perr=0.030 dq=[-0.0, 0.067, -0.002, -0.0, -0.067, -0.0] base=[-0.465, 0.002, 0.123]
[r4-it] it=0 perr=0.030 dq=[-0.0, 0.067, -0.002, -0.0, -0.067, -0.0] base=[-0.465, 0.002, 0.123]
[r4-it] it=1 perr=0.030 dq=[-0.0, 0.067, -0.002, -0.0, -0.066, -0.0] base=[-0.465, 0.002, 0.123]
[r4-it] it=2 perr=0.030 dq=[-0.0, 0.067, -0.002, -0.0, -0.066, -0.0] base=[-0.465, 0.002, 0.123]
[r4-it] it=3 perr=0.030 dq=[-0.0, 0.067, -0.002, -0.0, -0.066, -0.0] base=[-0.465, 0.002, 0.123]
[r4-it] it=4 perr=0.030 dq=[-0.0, 0.067, -0.002, -0.0, -0.066, -0.0] base=[-0.465, 0.002, 0.123]
[r4-it] it=5 perr=0.030 dq=[-0.0, 0.067, -0.002, -0.0, -0.066, -0.0] base=[-0.465, 0.002, 0.123]
[r4-it] it=0 perr=0.030 dq=[-0.0, 0.067, -0.002, -0.0, -0.066, -0.0] base=[-0.465, 0.002, 0.123]
[r4-it] it=1 perr=0.030 dq=[-0.0, 0.067, -0.002, -0.0, -0.066, -0.0] base=[-0.465, 0.002, 0.123]
[r4-it] it=2 perr=0.030 dq=[-0.0, 0.067, -0.002, -0.0, -0.066, -0.0] base=[-0.465, 0.002, 0.123]
[r4-it] it=3 perr=0.030 dq=[-0.0, 0.067, -0.002, -0.0, -0.066, -0.0] base=[-0.465, 0.002, 0.123]
[r4-it] it=4 perr=0.030 dq=[-0.0, 0.067, -0.002, -0.0, -0.066, 0.0] base=[-0.465, 0.002, 0.123]
[r4-it] it=5 perr=0.030 dq=[-0.0, 0.067, -0.002, -0.0, -0.066, 0.0] base=[-0.465, 0.002, 0.123]
[r4-it] it=0 perr=0.030 dq=[-0.0, 0.067, -0.002, -0.0, -0.066, 0.0] base=[-0.465, 0.002, 0.123]
[r4-it] it=1 perr=0.030 dq=[-0.0, 0.067, -0.002, -0.0, -0.066, 0.0] base=[-0.465, 0.002, 0.123]
[r4-it] it=2 perr=0.030 dq=[-0.0, 0.067, -0.002, -0.0, -0.066, 0.0] base=[-0.465, 0.002, 0.123]
[r4-it] it=3 perr=0.030 dq=[-0.0, 0.067, -0.002, -0.0, -0.066, 0.0] base=[-0.465, 0.002, 0.123]
[r4-it] it=4 perr=0.030 dq=[-0.0, 0.067, -0.002, -0.0, -0.066, 0.0] base=[-0.465, 0.002, 0.123]
[r4-it] it=5 perr=0.030 dq=[-0.0, 0.067, -0.002, -0.0, -0.066, 0.0] base=[-0.465, 0.002, 0.123]
[r4-it] it=0 perr=0.030 dq=[-0.0, 0.067, -0.002, -0.0, -0.066, 0.0] base=[-0.465, 0.002, 0.123]
[r4-it] it=1 perr=0.030 dq=[-0.0, 0.067, -0.002, -0.0, -0.066, 0.0] base=[-0.465, 0.002, 0.123]
[r4-it] it=2 perr=0.030 dq=[-0.0, 0.067, -0.002, -0.0, -0.066, 0.0] base=[-0.465, 0.002, 0.123]
[r4-it] it=3 perr=0.030 dq=[-0.0, 0.067, -0.002, -0.0, -0.066, 0.0] base=[-0.465, 0.002, 0.123]
[r4-it] it=4 perr=0.030 dq=[-0.0, 0.067, -0.002, -0.0, -0.066, 0.0] base=[-0.465, 0.002, 0.123]
[r4-it] it=5 perr=0.030 dq=[-0.0, 0.067, -0.002, -0.0, -0.066, 0.0] base=[-0.465, 0.002, 0.123]
[r4-it] it=0 perr=0.030 dq=[-0.0, 0.067, -0.002, -0.0, -0.066, 0.0] base=[-0.465, 0.002, 0.123]
[r4-it] it=1 perr=0.030 dq=[-0.0, 0.067, -0.002, -0.0, -0.066, 0.0] base=[-0.465, 0.002, 0.123]
[r4-it] it=2 perr=0.030 dq=[-0.0, 0.067, -0.002, -0.0, -0.066, 0.0] base=[-0.465, 0.002, 0.123]
[r4-it] it=3 perr=0.030 dq=[-0.0, 0.067, -0.002, -0.0, -0.066, 0.0] base=[-0.465, 0.002, 0.123]
[r4-it] it=4 perr=0.030 dq=[-0.0, 0.067, -0.002, -0.0, -0.066, 0.0] base=[-0.465, 0.002, 0.123]
[r4-it] it=5 perr=0.030 dq=[0.0, 0.067, -0.002, -0.0, -0.066, 0.0] base=[-0.465, 0.002, 0.123]
[r4-it] it=0 perr=0.030 dq=[-0.0, 0.067, -0.002, -0.0, -0.066, 0.0] base=[-0.465, 0.002, 0.123]
[r4-it] it=1 perr=0.030 dq=[-0.0, 0.067, -0.002, -0.0, -0.066, 0.0] base=[-0.465, 0.002, 0.123]
[r4-it] it=2 perr=0.030 dq=[-0.0, 0.067, -0.002, -0.0, -0.066, 0.0] base=[-0.465, 0.002, 0.123]
[r4-it] it=3 perr=0.030 dq=[-0.0, 0.067, -0.002, -0.0, -0.066, 0.0] base=[-0.465, 0.002, 0.123]
[r4-it] it=4 perr=0.030 dq=[-0.0, 0.067, -0.002, -0.0, -0.066, 0.0] base=[-0.465, 0.002, 0.123]
[r4-it] it=5 perr=0.030 dq=[-0.0, 0.067, -0.002, -0.0, -0.066, 0.0] base=[-0.465, 0.002, 0.123]
[r4-it] it=0 perr=0.030 dq=[-0.0, 0.067, -0.002, -0.0, -0.066, 0.0] base=[-0.465, 0.002, 0.123]
[r4-it] it=1 perr=0.030 dq=[-0.0, 0.067, -0.002, -0.0, -0.066, 0.0] base=[-0.465, 0.002, 0.123]
[r4-it] it=2 perr=0.030 dq=[-0.0, 0.067, -0.002, -0.0, -0.066, 0.0] base=[-0.465, 0.002, 0.123]
[r4-it] it=3 perr=0.030 dq=[-0.0, 0.067, -0.002, -0.0, -0.066, 0.0] base=[-0.465, 0.002, 0.123]
[r4-it] it=4 perr=0.030 dq=[-0.0, 0.067, -0.002, -0.0, -0.066, 0.0] base=[-0.465, 0.002, 0.123]
[r4-it] it=5 perr=0.030 dq=[-0.0, 0.067, -0.002, -0.0, -0.066, 0.0] base=[-0.465, 0.002, 0.123]
[r4-it] it=0 perr=0.030 dq=[-0.0, 0.067, -0.002, -0.0, -0.066, 0.0] base=[-0.465, 0.002, 0.123]
[r4-it] it=1 perr=0.030 dq=[-0.0, 0.067, -0.002, -0.0, -0.066, 0.0] base=[-0.465, 0.002, 0.123]
[r4-it] it=2 perr=0.030 dq=[-0.0, 0.067, -0.002, -0.0, -0.066, 0.0] base=[-0.465, 0.002, 0.123]
[r4-it] it=3 perr=0.030 dq=[-0.0, 0.067, -0.002, -0.0, -0.066, 0.0] base=[-0.465, 0.002, 0.123]
[r4-it] it=4 perr=0.030 dq=[-0.0, 0.067, -0.002, -0.0, -0.066, 0.0] base=[-0.465, 0.002, 0.123]
[r4-it] it=5 perr=0.030 dq=[-0.0, 0.067, -0.002, -0.0, -0.066, 0.0] base=[-0.465, 0.002, 0.123]
[r4-it] it=0 perr=0.030 dq=[-0.0, 0.067, -0.002, -0.0, -0.066, 0.0] base=[-0.465, 0.002, 0.123]
[r4-it] it=1 perr=0.030 dq=[-0.0, 0.067, -0.002, -0.0, -0.066, 0.0] base=[-0.465, 0.002, 0.123]
[r4-it] it=2 perr=0.030 dq=[-0.0, 0.067, -0.002, -0.0, -0.066, 0.0] base=[-0.465, 0.002, 0.123]
[r4-it] it=3 perr=0.030 dq=[-0.0, 0.067, -0.002, -0.0, -0.066, 0.0] base=[-0.465, 0.002, 0.123]
[r4-it] it=4 perr=0.030 dq=[-0.0, 0.067, -0.002, -0.0, -0.067, 0.0] base=[-0.465, 0.002, 0.123]
[r4-it] it=5 perr=0.030 dq=[-0.0, 0.067, -0.002, -0.0, -0.067, 0.0] base=[-0.465, 0.002, 0.123]
[r4-it] it=0 perr=0.030 dq=[-0.0, 0.067, -0.002, -0.0, -0.067, 0.0] base=[-0.465, 0.002, 0.123]
[r4-it] it=1 perr=0.030 dq=[-0.0, 0.067, -0.002, 0.0, -0.067, -0.0] base=[-0.465, 0.002, 0.123]
[r4-it] it=2 perr=0.030 dq=[-0.0, 0.067, -0.002, 0.0, -0.067, -0.0] base=[-0.465, 0.002, 0.123]
[r4-it] it=3 perr=0.030 dq=[-0.0, 0.067, -0.002, 0.0, -0.067, -0.0] base=[-0.465, 0.002, 0.123]
[r4-it] it=4 perr=0.030 dq=[-0.0, 0.067, -0.002, 0.0, -0.067, -0.0] base=[-0.465, 0.002, 0.123]
[r4-it] it=5 perr=0.030 dq=[-0.0, 0.067, -0.002, 0.0, -0.067, -0.0] base=[-0.465, 0.002, 0.123]
[r4-it] it=0 perr=0.030 dq=[0.0, 0.067, -0.002, 0.0, -0.067, -0.0] base=[-0.465, 0.002, 0.123]
[r4-it] it=1 perr=0.030 dq=[0.0, 0.067, -0.002, 0.0, -0.067, -0.0] base=[-0.465, 0.002, 0.123]
[r4-it] it=2 perr=0.030 dq=[-0.0, 0.067, -0.002, 0.0, -0.067, -0.0] base=[-0.465, 0.002, 0.123]
[r4-it] it=3 perr=0.030 dq=[-0.0, 0.067, -0.002, 0.0, -0.067, -0.0] base=[-0.465, 0.002, 0.123]
[r4-it] it=4 perr=0.030 dq=[-0.0, 0.067, -0.002, 0.0, -0.067, -0.0] base=[-0.465, 0.002, 0.123]
[r4-it] it=5 perr=0.030 dq=[-0.0, 0.067, -0.002, 0.0, -0.067, -0.0] base=[-0.465, 0.002, 0.123]
[r4-it] it=0 perr=0.030 dq=[0.0, 0.067, -0.002, 0.0, -0.066, -0.0] base=[-0.465, 0.002, 0.123]
[r4-it] it=1 perr=0.030 dq=[0.0, 0.067, -0.002, 0.0, -0.066, -0.0] base=[-0.465, 0.002, 0.123]
[r4-it] it=2 perr=0.030 dq=[0.0, 0.067, -0.002, 0.0, -0.066, -0.0] base=[-0.465, 0.002, 0.123]
[r4-it] it=3 perr=0.030 dq=[0.0, 0.067, -0.002, 0.0, -0.066, -0.0] base=[-0.465, 0.002, 0.123]
[r4-it] it=4 perr=0.030 dq=[0.0, 0.067, -0.002, 0.0, -0.066, -0.0] base=[-0.465, 0.002, 0.123]
[r4-it] it=5 perr=0.030 dq=[0.0, 0.067, -0.002, 0.0, -0.066, -0.0] base=[-0.465, 0.002, 0.123]
[r4-it] it=0 perr=0.030 dq=[0.0, 0.067, -0.002, 0.0, -0.066, -0.0] base=[-0.465, 0.002, 0.123]
[r4-it] it=1 perr=0.030 dq=[0.0, 0.067, -0.002, 0.0, -0.066, -0.0] base=[-0.465, 0.002, 0.123]
[r4-it] it=2 perr=0.030 dq=[0.0, 0.067, -0.002, 0.0, -0.066, -0.0] base=[-0.465, 0.002, 0.123]
[r4-it] it=3 perr=0.030 dq=[0.0, 0.067, -0.002, 0.0, -0.066, -0.0] base=[-0.465, 0.002, 0.123]
[r4-it] it=4 perr=0.030 dq=[0.0, 0.067, -0.002, 0.0, -0.066, -0.0] base=[-0.465, 0.002, 0.123]
[r4-it] it=5 perr=0.030 dq=[0.0, 0.067, -0.002, 0.0, -0.066, -0.0] base=[-0.465, 0.002, 0.123]
[r4-it] it=0 perr=0.030 dq=[0.0, 0.067, -0.002, 0.0, -0.066, -0.0] base=[-0.465, 0.002, 0.123]
[r4-it] it=1 perr=0.030 dq=[0.0, 0.067, -0.002, 0.0, -0.066, -0.0] base=[-0.465, 0.002, 0.123]
[r4-it] it=2 perr=0.030 dq=[0.0, 0.067, -0.002, 0.0, -0.066, -0.0] base=[-0.465, 0.002, 0.123]
[r4-it] it=3 perr=0.030 dq=[0.0, 0.067, -0.002, 0.0, -0.066, -0.0] base=[-0.465, 0.002, 0.123]
[r4-it] it=4 perr=0.030 dq=[0.0, 0.067, -0.002, 0.0, -0.066, -0.0] base=[-0.465, 0.002, 0.123]
[r4-it] it=5 perr=0.030 dq=[0.0, 0.067, -0.002, 0.0, -0.066, -0.0] base=[-0.465, 0.002, 0.123]
[r4-it] it=0 perr=0.030 dq=[0.0, 0.067, -0.002, 0.0, -0.066, -0.0] base=[-0.465, 0.002, 0.123]
[r4-it] it=1 perr=0.030 dq=[0.0, 0.067, -0.002, 0.0, -0.066, -0.0] base=[-0.465, 0.002, 0.123]
[r4-it] it=2 perr=0.030 dq=[0.0, 0.067, -0.002, 0.0, -0.066, -0.0] base=[-0.465, 0.002, 0.123]
[r4-it] it=3 perr=0.030 dq=[0.0, 0.067, -0.002, 0.0, -0.066, -0.0] base=[-0.465, 0.002, 0.123]
[r4-it] it=4 perr=0.030 dq=[0.0, 0.067, -0.002, 0.0, -0.066, -0.0] base=[-0.465, 0.002, 0.123]
[r4-it] it=5 perr=0.030 dq=[0.0, 0.067, -0.002, 0.0, -0.066, -0.0] base=[-0.465, 0.002, 0.123]
[r4-it] it=0 perr=0.030 dq=[0.0, 0.067, -0.002, 0.0, -0.066, -0.0] base=[-0.465, 0.002, 0.123]
[r4-it] it=1 perr=0.030 dq=[0.0, 0.067, -0.002, 0.0, -0.066, -0.0] base=[-0.465, 0.002, 0.123]
[r4-it] it=2 perr=0.030 dq=[0.0, 0.067, -0.002, 0.0, -0.066, -0.0] base=[-0.465, 0.002, 0.123]
[r4-it] it=3 perr=0.030 dq=[0.0, 0.067, -0.002, 0.0, -0.066, -0.0] base=[-0.465, 0.002, 0.123]
[r4-it] it=4 perr=0.030 dq=[0.0, 0.067, -0.002, 0.0, -0.066, -0.0] base=[-0.465, 0.002, 0.123]
[r4-it] it=5 perr=0.030 dq=[0.0, 0.067, -0.002, 0.0, -0.066, -0.0] base=[-0.465, 0.002, 0.123]
[r4-it] it=0 perr=0.030 dq=[0.0, 0.067, -0.002, 0.0, -0.066, -0.0] base=[-0.465, 0.002, 0.123]
[r4-it] it=1 perr=0.030 dq=[0.0, 0.067, -0.002, 0.0, -0.066, -0.0] base=[-0.465, 0.002, 0.123]
[r4-it] it=2 perr=0.030 dq=[0.0, 0.067, -0.002, 0.0, -0.066, -0.0] base=[-0.465, 0.002, 0.123]
[r4-it] it=3 perr=0.030 dq=[0.0, 0.067, -0.002, 0.0, -0.066, -0.0] base=[-0.465, 0.002, 0.123]
[r4-it] it=4 perr=0.030 dq=[0.0, 0.067, -0.002, 0.0, -0.066, -0.0] base=[-0.465, 0.002, 0.123]
[r4-it] it=5 perr=0.030 dq=[0.0, 0.067, -0.002, 0.0, -0.066, 0.0] base=[-0.465, 0.002, 0.123]
[r4-it] it=0 perr=0.030 dq=[0.0, 0.067, -0.002, 0.0, -0.066, 0.0] base=[-0.465, 0.002, 0.123]
[r4-it] it=1 perr=0.030 dq=[0.0, 0.067, -0.002, 0.0, -0.066, 0.0] base=[-0.465, 0.002, 0.123]
[r4-it] it=2 perr=0.030 dq=[0.0, 0.067, -0.002, 0.0, -0.065, 0.0] base=[-0.465, 0.002, 0.123]
[r4-it] it=3 perr=0.030 dq=[0.0, 0.067, -0.002, 0.0, -0.065, 0.0] base=[-0.465, 0.002, 0.123]
[r4-it] it=4 perr=0.030 dq=[0.0, 0.067, -0.002, -0.0, -0.065, 0.0] base=[-0.465, 0.002, 0.123]
[r4-it] it=5 perr=0.030 dq=[0.0, 0.067, -0.002, -0.0, -0.065, 0.0] base=[-0.465, 0.002, 0.123]
[r4-it] it=0 perr=0.030 dq=[0.0, 0.067, -0.002, -0.0, -0.065, 0.0] base=[-0.465, 0.002, 0.123]
[r4-it] it=1 perr=0.030 dq=[0.0, 0.067, -0.002, -0.0, -0.065, 0.0] base=[-0.465, 0.002, 0.123]
[r4-it] it=2 perr=0.030 dq=[0.0, 0.067, -0.002, -0.0, -0.065, 0.0] base=[-0.465, 0.002, 0.123]
[r4-it] it=3 perr=0.030 dq=[0.0, 0.067, -0.002, -0.0, -0.065, 0.0] base=[-0.465, 0.002, 0.123]
[r4-it] it=4 perr=0.030 dq=[0.0, 0.067, -0.002, -0.0, -0.065, 0.0] base=[-0.465, 0.002, 0.123]
[r4-it] it=5 perr=0.030 dq=[0.0, 0.067, -0.001, -0.0, -0.065, 0.0] base=[-0.465, 0.002, 0.123]
[r4-it] it=0 perr=0.030 dq=[-0.0, 0.067, -0.002, -0.0, -0.065, 0.0] base=[-0.465, 0.002, 0.123]
[r4-it] it=1 perr=0.030 dq=[-0.0, 0.067, -0.002, -0.0, -0.065, 0.0] base=[-0.465, 0.002, 0.123]
[r4-it] it=2 perr=0.030 dq=[-0.0, 0.066, -0.002, -0.0, -0.065, 0.0] base=[-0.465, 0.002, 0.123]
[r4-it] it=3 perr=0.030 dq=[-0.0, 0.066, -0.001, -0.0, -0.065, 0.0] base=[-0.465, 0.002, 0.123]
[r4-it] it=4 perr=0.030 dq=[-0.0, 0.066, -0.001, -0.0, -0.065, 0.0] base=[-0.465, 0.002, 0.123]
[r4-it] it=5 perr=0.030 dq=[-0.0, 0.066, -0.001, -0.0, -0.065, 0.0] base=[-0.465, 0.002, 0.123]
[r4-it] it=0 perr=0.030 dq=[-0.0, 0.066, -0.001, -0.0, -0.065, 0.0] base=[-0.465, 0.002, 0.123]
[r4-it] it=1 perr=0.030 dq=[-0.0, 0.066, -0.001, -0.0, -0.065, 0.0] base=[-0.465, 0.002, 0.123]
[r4-it] it=2 perr=0.030 dq=[-0.0, 0.066, -0.001, -0.0, -0.065, 0.0] base=[-0.465, 0.002, 0.123]
[r4-it] it=3 perr=0.030 dq=[-0.0, 0.066, -0.001, -0.0, -0.065, 0.0] base=[-0.465, 0.002, 0.123]
[r4-it] it=4 perr=0.030 dq=[-0.0, 0.066, -0.001, -0.0, -0.065, 0.0] base=[-0.465, 0.002, 0.123]
[r4-it] it=5 perr=0.030 dq=[-0.0, 0.066, -0.001, -0.0, -0.065, 0.0] base=[-0.465, 0.002, 0.123]
[r4-it] it=0 perr=0.030 dq=[-0.0, 0.066, -0.001, -0.0, -0.065, 0.0] base=[-0.465, 0.002, 0.123]
[r4-it] it=1 perr=0.030 dq=[-0.0, 0.066, -0.001, -0.0, -0.065, 0.0] base=[-0.465, 0.002, 0.123]
[r4-it] it=2 perr=0.030 dq=[-0.0, 0.066, -0.001, -0.0, -0.065, 0.0] base=[-0.465, 0.002, 0.123]
[r4-it] it=3 perr=0.030 dq=[-0.0, 0.066, -0.001, -0.0, -0.065, 0.0] base=[-0.465, 0.002, 0.123]
[r4-it] it=4 perr=0.030 dq=[-0.0, 0.066, -0.001, -0.0, -0.065, 0.0] base=[-0.465, 0.002, 0.123]
[r4-it] it=5 perr=0.030 dq=[-0.0, 0.066, -0.002, -0.0, -0.065, 0.0] base=[-0.465, 0.002, 0.123]
[r4-it] it=0 perr=0.030 dq=[-0.0, 0.066, -0.001, -0.0, -0.065, 0.0] base=[-0.465, 0.002, 0.123]
[r4-it] it=1 perr=0.030 dq=[-0.0, 0.066, -0.002, -0.0, -0.065, 0.0] base=[-0.465, 0.002, 0.123]
[r4-it] it=2 perr=0.030 dq=[-0.0, 0.066, -0.002, -0.0, -0.065, 0.0] base=[-0.465, 0.002, 0.123]
[r4-it] it=3 perr=0.030 dq=[-0.0, 0.066, -0.002, -0.0, -0.065, 0.0] base=[-0.465, 0.002, 0.123]
[r4-it] it=4 perr=0.030 dq=[-0.0, 0.067, -0.002, -0.0, -0.065, 0.0] base=[-0.465, 0.002, 0.123]
[r4-it] it=5 perr=0.030 dq=[-0.0, 0.067, -0.002, -0.0, -0.065, 0.0] base=[-0.465, 0.002, 0.123]
[r4-it] it=0 perr=0.030 dq=[-0.0, 0.067, -0.002, -0.0, -0.065, 0.0] base=[-0.465, 0.002, 0.123]
[r4-it] it=1 perr=0.030 dq=[-0.0, 0.067, -0.002, -0.0, -0.065, 0.0] base=[-0.465, 0.002, 0.123]
[r4-it] it=2 perr=0.030 dq=[-0.0, 0.067, -0.002, -0.0, -0.065, 0.0] base=[-0.465, 0.002, 0.123]
[r4-it] it=3 perr=0.030 dq=[-0.0, 0.067, -0.002, -0.0, -0.065, 0.0] base=[-0.465, 0.002, 0.123]
[r4-it] it=4 perr=0.030 dq=[-0.0, 0.067, -0.002, -0.0, -0.065, 0.0] base=[-0.465, 0.002, 0.123]
[r4-it] it=5 perr=0.030 dq=[-0.0, 0.067, -0.002, -0.0, -0.065, 0.0] base=[-0.465, 0.002, 0.123]
[r4-it] it=0 perr=0.030 dq=[-0.0, 0.067, -0.002, -0.0, -0.065, 0.0] base=[-0.465, 0.002, 0.123]
[r4-it] it=1 perr=0.030 dq=[-0.0, 0.067, -0.002, -0.0, -0.065, 0.0] base=[-0.465, 0.002, 0.123]
[r4-it] it=2 perr=0.030 dq=[-0.0, 0.067, -0.002, -0.0, -0.065, 0.0] base=[-0.465, 0.002, 0.123]
[r4-it] it=3 perr=0.030 dq=[-0.0, 0.067, -0.002, -0.0, -0.065, 0.0] base=[-0.465, 0.002, 0.123]
[r4-it] it=4 perr=0.030 dq=[-0.0, 0.067, -0.002, -0.0, -0.065, 0.0] base=[-0.465, 0.002, 0.123]
[r4-it] it=5 perr=0.030 dq=[-0.0, 0.067, -0.002, -0.0, -0.065, 0.0] base=[-0.465, 0.002, 0.123]
[r4-it] it=0 perr=0.030 dq=[-0.0, 0.067, -0.002, -0.0, -0.065, 0.0] base=[-0.465, 0.002, 0.123]
[r4-it] it=1 perr=0.030 dq=[-0.0, 0.067, -0.002, -0.0, -0.065, 0.0] base=[-0.465, 0.002, 0.123]
[r4-it] it=2 perr=0.030 dq=[-0.0, 0.067, -0.002, -0.0, -0.065, 0.0] base=[-0.465, 0.002, 0.123]
[r4-it] it=3 perr=0.030 dq=[-0.0, 0.067, -0.002, -0.0, -0.065, 0.0] base=[-0.465, 0.002, 0.123]
[r4-it] it=4 perr=0.030 dq=[-0.0, 0.067, -0.002, -0.0, -0.065, 0.0] base=[-0.465, 0.002, 0.123]
[r4-it] it=5 perr=0.030 dq=[-0.0, 0.067, -0.002, -0.0, -0.065, 0.0] base=[-0.465, 0.002, 0.123]
[r4-it] it=0 perr=0.030 dq=[-0.0, 0.067, -0.002, -0.0, -0.066, -0.0] base=[-0.465, 0.002, 0.123]
[r4-it] it=1 perr=0.030 dq=[-0.0, 0.067, -0.002, -0.0, -0.066, -0.0] base=[-0.465, 0.002, 0.123]
[r4-it] it=2 perr=0.030 dq=[-0.0, 0.067, -0.002, -0.0, -0.066, -0.0] base=[-0.465, 0.002, 0.123]
[r4-it] it=3 perr=0.030 dq=[-0.0, 0.067, -0.002, -0.0, -0.066, -0.0] base=[-0.465, 0.002, 0.123]
[r4-it] it=4 perr=0.030 dq=[-0.0, 0.067, -0.002, 0.0, -0.066, -0.0] base=[-0.465, 0.002, 0.123]
[r4-it] it=5 perr=0.030 dq=[-0.0, 0.067, -0.002, 0.0, -0.066, -0.0] base=[-0.465, 0.002, 0.123]
[r4-it] it=0 perr=0.030 dq=[-0.0, 0.067, -0.002, 0.0, -0.066, -0.0] base=[-0.465, 0.002, 0.123]
[r4-it] it=1 perr=0.030 dq=[-0.0, 0.067, -0.002, 0.0, -0.066, -0.0] base=[-0.465, 0.002, 0.123]
[r4-it] it=2 perr=0.030 dq=[-0.0, 0.067, -0.002, 0.0, -0.066, -0.0] base=[-0.465, 0.002, 0.123]
[r4-it] it=3 perr=0.030 dq=[-0.0, 0.067, -0.002, 0.0, -0.066, -0.0] base=[-0.465, 0.002, 0.123]
[r4-it] it=4 perr=0.030 dq=[-0.0, 0.067, -0.002, 0.0, -0.066, -0.0] base=[-0.465, 0.002, 0.123]
[r4-it] it=5 perr=0.030 dq=[-0.0, 0.067, -0.002, 0.0, -0.066, -0.0] base=[-0.465, 0.002, 0.123]
[r4-it] it=0 perr=0.030 dq=[0.0, 0.067, -0.002, 0.0, -0.066, -0.0] base=[-0.465, 0.002, 0.123]
[r4-it] it=1 perr=0.030 dq=[0.0, 0.067, -0.002, 0.0, -0.066, -0.0] base=[-0.465, 0.002, 0.123]
[r4-it] it=2 perr=0.030 dq=[0.0, 0.067, -0.002, 0.0, -0.066, -0.0] base=[-0.465, 0.002, 0.123]
[r4-it] it=3 perr=0.030 dq=[0.0, 0.067, -0.002, 0.0, -0.066, -0.0] base=[-0.465, 0.002, 0.123]
[r4-it] it=4 perr=0.030 dq=[0.0, 0.067, -0.002, 0.0, -0.066, -0.0] base=[-0.465, 0.002, 0.123]
[r4-it] it=5 perr=0.030 dq=[0.0, 0.067, -0.002, 0.0, -0.066, -0.0] base=[-0.465, 0.002, 0.123]
[r4-it] it=0 perr=0.030 dq=[0.0, 0.067, -0.002, 0.0, -0.066, -0.0] base=[-0.465, 0.002, 0.123]
[r4-it] it=1 perr=0.030 dq=[0.0, 0.067, -0.002, 0.0, -0.066, -0.0] base=[-0.465, 0.002, 0.123]
[r4-it] it=2 perr=0.030 dq=[0.0, 0.067, -0.002, 0.0, -0.066, -0.0] base=[-0.465, 0.002, 0.123]
[r4-it] it=3 perr=0.030 dq=[0.0, 0.067, -0.002, 0.0, -0.066, -0.0] base=[-0.465, 0.002, 0.123]
[r4-it] it=4 perr=0.030 dq=[0.0, 0.067, -0.002, 0.0, -0.066, -0.0] base=[-0.465, 0.002, 0.123]
[r4-it] it=5 perr=0.030 dq=[0.0, 0.067, -0.002, 0.0, -0.066, -0.0] base=[-0.465, 0.002, 0.123]
[r4-it] it=0 perr=0.030 dq=[0.0, 0.067, -0.002, 0.0, -0.065, -0.0] base=[-0.465, 0.002, 0.123]
[r4-it] it=1 perr=0.030 dq=[0.0, 0.067, -0.002, 0.0, -0.065, -0.0] base=[-0.465, 0.002, 0.123]
[r4-it] it=2 perr=0.030 dq=[0.0, 0.067, -0.002, 0.0, -0.065, -0.0] base=[-0.465, 0.002, 0.123]
[r4-it] it=3 perr=0.030 dq=[0.0, 0.067, -0.002, 0.0, -0.065, -0.0] base=[-0.465, 0.002, 0.123]
[r4-it] it=4 perr=0.030 dq=[0.0, 0.067, -0.002, 0.0, -0.065, -0.0] base=[-0.465, 0.002, 0.123]
[r4-it] it=5 perr=0.030 dq=[0.0, 0.067, -0.002, 0.0, -0.065, -0.0] base=[-0.465, 0.002, 0.123]
[r4-it] it=0 perr=0.030 dq=[0.0, 0.067, -0.002, 0.0, -0.065, -0.0] base=[-0.465, 0.002, 0.123]
[r4-it] it=1 perr=0.030 dq=[0.0, 0.067, -0.002, 0.0, -0.065, -0.0] base=[-0.465, 0.002, 0.123]
[r4-it] it=2 perr=0.030 dq=[0.0, 0.067, -0.002, 0.0, -0.065, -0.0] base=[-0.465, 0.002, 0.123]
[r4-it] it=3 perr=0.030 dq=[0.0, 0.067, -0.002, 0.0, -0.065, -0.0] base=[-0.465, 0.002, 0.123]
[r4-it] it=4 perr=0.030 dq=[0.0, 0.067, -0.002, 0.0, -0.065, -0.0] base=[-0.465, 0.002, 0.123]
[r4-it] it=5 perr=0.030 dq=[0.0, 0.067, -0.002, 0.0, -0.065, -0.0] base=[-0.465, 0.002, 0.123]
[r4-it] it=0 perr=0.030 dq=[0.0, 0.067, -0.002, 0.0, -0.065, -0.0] base=[-0.465, 0.002, 0.123]
[r4-it] it=1 perr=0.030 dq=[0.0, 0.067, -0.002, 0.0, -0.065, -0.0] base=[-0.465, 0.002, 0.123]
[r4-it] it=2 perr=0.030 dq=[0.0, 0.067, -0.002, 0.0, -0.065, -0.0] base=[-0.465, 0.002, 0.123]
[r4-it] it=3 perr=0.030 dq=[0.0, 0.066, -0.002, 0.0, -0.065, -0.0] base=[-0.465, 0.002, 0.123]
[r4-it] it=4 perr=0.030 dq=[0.0, 0.066, -0.001, 0.0, -0.065, -0.0] base=[-0.465, 0.002, 0.123]
[r4-it] it=5 perr=0.030 dq=[0.0, 0.066, -0.001, 0.0, -0.065, -0.0] base=[-0.465, 0.002, 0.123]
[r4-it] it=0 perr=0.030 dq=[0.0, 0.066, -0.002, 0.0, -0.065, -0.0] base=[-0.465, 0.002, 0.123]
[r4-it] it=1 perr=0.030 dq=[0.0, 0.066, -0.001, 0.0, -0.065, -0.0] base=[-0.465, 0.002, 0.123]
[r4-it] it=2 perr=0.030 dq=[0.0, 0.066, -0.001, 0.0, -0.065, -0.0] base=[-0.465, 0.002, 0.123]
[r4-it] it=3 perr=0.030 dq=[0.0, 0.066, -0.001, 0.0, -0.065, -0.0] base=[-0.465, 0.002, 0.123]
[r4-it] it=4 perr=0.030 dq=[0.0, 0.066, -0.001, 0.0, -0.065, -0.0] base=[-0.465, 0.002, 0.123]
[r4-it] it=5 perr=0.030 dq=[0.0, 0.066, -0.001, 0.0, -0.065, -0.0] base=[-0.465, 0.002, 0.123]
[r4-it] it=0 perr=0.030 dq=[0.0, 0.066, -0.001, 0.0, -0.065, -0.0] base=[-0.465, 0.002, 0.123]
[r4-it] it=1 perr=0.030 dq=[0.0, 0.066, -0.001, 0.0, -0.065, -0.0] base=[-0.465, 0.002, 0.123]
[r4-it] it=2 perr=0.030 dq=[0.0, 0.066, -0.001, 0.0, -0.065, 0.0] base=[-0.465, 0.002, 0.123]
[r4-it] it=3 perr=0.030 dq=[0.0, 0.066, -0.001, 0.0, -0.065, 0.0] base=[-0.465, 0.002, 0.123]
[r4-it] it=4 perr=0.030 dq=[0.0, 0.066, -0.001, 0.0, -0.065, 0.0] base=[-0.465, 0.002, 0.123]
[r4-it] it=5 perr=0.030 dq=[0.0, 0.066, -0.001, 0.0, -0.065, 0.0] base=[-0.465, 0.002, 0.123]
[r4-it] it=0 perr=0.030 dq=[0.0, 0.066, -0.001, 0.0, -0.065, 0.0] base=[-0.465, 0.002, 0.123]
[r4-it] it=1 perr=0.030 dq=[0.0, 0.066, -0.001, -0.0, -0.065, 0.0] base=[-0.465, 0.002, 0.123]
[r4-it] it=2 perr=0.030 dq=[0.0, 0.066, -0.001, -0.0, -0.065, 0.0] base=[-0.465, 0.002, 0.123]
[r4-it] it=3 perr=0.030 dq=[0.0, 0.066, -0.001, -0.0, -0.065, 0.0] base=[-0.465, 0.002, 0.123]
[r4-it] it=4 perr=0.030 dq=[0.0, 0.066, -0.001, -0.0, -0.065, 0.0] base=[-0.465, 0.002, 0.123]
[r4-it] it=5 perr=0.030 dq=[0.0, 0.066, -0.001, -0.0, -0.065, 0.0] base=[-0.465, 0.002, 0.123]
[r4-it] it=0 perr=0.030 dq=[0.0, 0.066, -0.001, -0.0, -0.065, 0.0] base=[-0.465, 0.002, 0.123]
[r4-it] it=1 perr=0.030 dq=[0.0, 0.066, -0.001, -0.0, -0.065, 0.0] base=[-0.465, 0.002, 0.123]
[r4-it] it=2 perr=0.030 dq=[-0.0, 0.066, -0.001, -0.0, -0.065, 0.0] base=[-0.465, 0.002, 0.123]
[r4-it] it=3 perr=0.030 dq=[-0.0, 0.066, -0.001, -0.0, -0.065, 0.0] base=[-0.465, 0.002, 0.123]
[r4-it] it=4 perr=0.030 dq=[-0.0, 0.066, -0.001, -0.0, -0.065, 0.0] base=[-0.465, 0.002, 0.123]
[r4-it] it=5 perr=0.030 dq=[-0.0, 0.066, -0.001, -0.0, -0.065, 0.0] base=[-0.465, 0.002, 0.123]
[r4-it] it=0 perr=0.030 dq=[-0.0, 0.066, -0.001, -0.0, -0.065, 0.0] base=[-0.465, 0.002, 0.123]
[r4-it] it=1 perr=0.030 dq=[-0.0, 0.066, -0.001, -0.0, -0.065, 0.0] base=[-0.465, 0.002, 0.123]
[r4-it] it=2 perr=0.030 dq=[-0.0, 0.066, -0.001, -0.0, -0.065, 0.0] base=[-0.465, 0.002, 0.123]
[r4-it] it=3 perr=0.030 dq=[-0.0, 0.066, -0.001, -0.0, -0.065, 0.0] base=[-0.465, 0.002, 0.123]
[r4-it] it=4 perr=0.030 dq=[-0.0, 0.066, -0.001, -0.0, -0.065, 0.0] base=[-0.465, 0.002, 0.123]
[r4-it] it=5 perr=0.030 dq=[-0.0, 0.066, -0.001, -0.0, -0.065, 0.0] base=[-0.465, 0.002, 0.123]
[r4-it] it=0 perr=0.030 dq=[-0.0, 0.066, -0.001, -0.0, -0.064, 0.0] base=[-0.465, 0.002, 0.123]
[r4-it] it=1 perr=0.030 dq=[-0.0, 0.066, -0.001, -0.0, -0.064, 0.0] base=[-0.465, 0.002, 0.123]
[r4-it] it=2 perr=0.030 dq=[-0.0, 0.066, -0.001, -0.0, -0.064, 0.0] base=[-0.465, 0.002, 0.123]
[r4-it] it=3 perr=0.030 dq=[-0.0, 0.066, -0.001, -0.0, -0.064, 0.0] base=[-0.465, 0.002, 0.123]
[r4-it] it=4 perr=0.030 dq=[-0.0, 0.066, -0.001, -0.0, -0.064, 0.0] base=[-0.465, 0.002, 0.123]
[r4-it] it=5 perr=0.030 dq=[-0.0, 0.066, -0.001, -0.0, -0.064, 0.0] base=[-0.465, 0.002, 0.123]
[r4-it] it=0 perr=0.030 dq=[-0.0, 0.066, -0.001, -0.0, -0.064, 0.0] base=[-0.465, 0.002, 0.123]
[r4-it] it=1 perr=0.030 dq=[-0.0, 0.066, -0.001, -0.0, -0.064, 0.0] base=[-0.465, 0.002, 0.123]
[r4-it] it=2 perr=0.030 dq=[-0.0, 0.066, -0.001, -0.0, -0.064, 0.0] base=[-0.465, 0.002, 0.123]
[r4-it] it=3 perr=0.030 dq=[-0.0, 0.066, -0.001, -0.0, -0.064, 0.0] base=[-0.465, 0.002, 0.123]
[r4-it] it=4 perr=0.030 dq=[-0.0, 0.066, -0.001, -0.0, -0.064, 0.0] base=[-0.465, 0.002, 0.123]
[r4-it] it=5 perr=0.030 dq=[-0.0, 0.066, -0.001, -0.0, -0.064, 0.0] base=[-0.465, 0.002, 0.123]
[r4-it] it=0 perr=0.030 dq=[-0.0, 0.066, -0.001, -0.0, -0.064, 0.0] base=[-0.465, 0.002, 0.123]
[r4-it] it=1 perr=0.030 dq=[-0.0, 0.066, -0.001, -0.0, -0.064, 0.0] base=[-0.465, 0.002, 0.123]
[r4-it] it=2 perr=0.030 dq=[-0.0, 0.066, -0.001, -0.0, -0.064, 0.0] base=[-0.465, 0.002, 0.123]
[r4-it] it=3 perr=0.030 dq=[-0.0, 0.066, -0.001, -0.0, -0.064, 0.0] base=[-0.465, 0.002, 0.123]
[r4-it] it=4 perr=0.030 dq=[-0.0, 0.066, -0.001, -0.0, -0.064, 0.0] base=[-0.465, 0.002, 0.123]
[r4-it] it=5 perr=0.030 dq=[-0.0, 0.066, -0.001, -0.0, -0.064, 0.0] base=[-0.465, 0.002, 0.123]
[r4-it] it=0 perr=0.030 dq=[-0.0, 0.066, -0.001, -0.0, -0.064, 0.0] base=[-0.465, 0.002, 0.123]
[r4-it] it=1 perr=0.030 dq=[-0.0, 0.066, -0.001, -0.0, -0.064, 0.0] base=[-0.465, 0.002, 0.123]
[r4-it] it=2 perr=0.030 dq=[-0.0, 0.066, -0.001, -0.0, -0.064, 0.0] base=[-0.465, 0.002, 0.123]
[r4-it] it=3 perr=0.030 dq=[-0.0, 0.066, -0.001, -0.0, -0.064, 0.0] base=[-0.465, 0.002, 0.123]
[r4-it] it=4 perr=0.030 dq=[-0.0, 0.066, -0.001, -0.0, -0.064, 0.0] base=[-0.465, 0.002, 0.123]
[r4-it] it=5 perr=0.030 dq=[-0.0, 0.066, -0.001, -0.0, -0.064, 0.0] base=[-0.465, 0.002, 0.123]
[r4-it] it=0 perr=0.030 dq=[-0.0, 0.066, -0.001, -0.0, -0.064, 0.0] base=[-0.465, 0.002, 0.123]
[r4-it] it=1 perr=0.030 dq=[-0.0, 0.066, -0.001, -0.0, -0.064, 0.0] base=[-0.465, 0.002, 0.123]
[r4-it] it=2 perr=0.030 dq=[-0.0, 0.066, -0.001, -0.0, -0.064, 0.0] base=[-0.465, 0.002, 0.123]
[r4-it] it=3 perr=0.030 dq=[0.0, 0.066, -0.001, -0.0, -0.064, 0.0] base=[-0.465, 0.002, 0.123]
[r4-it] it=4 perr=0.030 dq=[0.0, 0.066, -0.0, -0.0, -0.064, 0.0] base=[-0.465, 0.002, 0.123]
[r4-it] it=5 perr=0.030 dq=[0.0, 0.066, -0.0, -0.0, -0.064, 0.0] base=[-0.465, 0.002, 0.123]
[r4-it] it=0 perr=0.030 dq=[0.0, 0.066, -0.001, 0.0, -0.064, 0.0] base=[-0.465, 0.002, 0.123]
[r4-it] it=1 perr=0.030 dq=[0.0, 0.066, -0.0, 0.0, -0.064, 0.0] base=[-0.465, 0.002, 0.123]
[r4-it] it=2 perr=0.030 dq=[0.0, 0.066, -0.0, 0.0, -0.064, 0.0] base=[-0.465, 0.002, 0.123]
[r4-it] it=3 perr=0.030 dq=[0.0, 0.066, -0.0, 0.0, -0.064, 0.0] base=[-0.465, 0.002, 0.123]
[r4-it] it=4 perr=0.030 dq=[0.0, 0.066, -0.0, 0.0, -0.064, 0.0] base=[-0.465, 0.002, 0.123]
[r4-it] it=5 perr=0.030 dq=[0.0, 0.066, -0.0, 0.0, -0.064, 0.0] base=[-0.465, 0.002, 0.123]
[r4-it] it=0 perr=0.030 dq=[0.0, 0.066, -0.0, 0.0, -0.064, 0.0] base=[-0.465, 0.002, 0.123]
[r4-it] it=1 perr=0.030 dq=[0.0, 0.066, -0.0, 0.0, -0.064, 0.0] base=[-0.465, 0.002, 0.123]
[r4-it] it=2 perr=0.030 dq=[0.0, 0.066, -0.0, 0.0, -0.064, -0.0] base=[-0.465, 0.002, 0.123]
[r4-it] it=3 perr=0.030 dq=[0.0, 0.066, -0.0, 0.0, -0.064, -0.0] base=[-0.465, 0.002, 0.123]
[r4-it] it=4 perr=0.030 dq=[0.0, 0.066, -0.0, 0.0, -0.064, -0.0] base=[-0.465, 0.002, 0.123]
[r4-it] it=5 perr=0.030 dq=[0.0, 0.066, -0.0, 0.0, -0.064, -0.0] base=[-0.465, 0.002, 0.123]
[r4-it] it=0 perr=0.030 dq=[0.0, 0.066, -0.0, 0.0, -0.064, -0.0] base=[-0.465, 0.002, 0.123]
[r4-it] it=1 perr=0.030 dq=[0.0, 0.066, -0.0, 0.0, -0.064, -0.0] base=[-0.465, 0.002, 0.123]
[r4-it] it=2 perr=0.030 dq=[0.0, 0.066, -0.0, 0.0, -0.064, -0.0] base=[-0.465, 0.002, 0.123]
[r4-it] it=3 perr=0.030 dq=[0.0, 0.066, -0.0, 0.0, -0.064, -0.0] base=[-0.465, 0.002, 0.123]
[r4-it] it=4 perr=0.030 dq=[0.0, 0.066, -0.001, 0.0, -0.064, -0.0] base=[-0.465, 0.002, 0.123]
[r4-it] it=5 perr=0.030 dq=[0.0, 0.066, -0.001, 0.0, -0.064, -0.0] base=[-0.465, 0.002, 0.123]
[r4-it] it=0 perr=0.030 dq=[0.0, 0.066, -0.0, 0.0, -0.064, -0.0] base=[-0.465, 0.002, 0.123]
[r4-it] it=1 perr=0.030 dq=[0.0, 0.066, -0.001, 0.0, -0.064, -0.0] base=[-0.465, 0.002, 0.123]
[r4-it] it=2 perr=0.030 dq=[0.0, 0.066, -0.001, 0.0, -0.064, -0.0] base=[-0.465, 0.002, 0.123]
[r4-it] it=3 perr=0.030 dq=[0.0, 0.066, -0.001, 0.0, -0.064, -0.0] base=[-0.465, 0.002, 0.123]
[r4-it] it=4 perr=0.030 dq=[0.0, 0.066, -0.001, 0.0, -0.064, -0.0] base=[-0.465, 0.002, 0.123]
[r4-it] it=5 perr=0.030 dq=[0.0, 0.066, -0.001, 0.0, -0.064, -0.0] base=[-0.465, 0.002, 0.123]
[r4-it] it=0 perr=0.030 dq=[0.0, 0.066, -0.001, 0.0, -0.064, -0.0] base=[-0.465, 0.002, 0.123]
[r4-it] it=1 perr=0.030 dq=[0.0, 0.066, -0.001, 0.0, -0.064, -0.0] base=[-0.465, 0.002, 0.123]
[r4-it] it=2 perr=0.030 dq=[0.0, 0.066, -0.001, 0.0, -0.064, -0.0] base=[-0.465, 0.002, 0.123]
[r4-it] it=3 perr=0.030 dq=[0.0, 0.066, -0.001, 0.0, -0.064, -0.0] base=[-0.465, 0.002, 0.123]
[r4-it] it=4 perr=0.030 dq=[0.0, 0.066, -0.001, 0.0, -0.064, -0.0] base=[-0.465, 0.002, 0.123]
[r4-it] it=5 perr=0.030 dq=[0.0, 0.066, -0.001, 0.0, -0.064, -0.0] base=[-0.465, 0.002, 0.123]
[r4-it] it=0 perr=0.030 dq=[0.0, 0.066, -0.001, 0.0, -0.064, -0.0] base=[-0.465, 0.002, 0.123]
[r4-it] it=1 perr=0.030 dq=[0.0, 0.066, -0.001, 0.0, -0.064, -0.0] base=[-0.465, 0.002, 0.123]
[r4-it] it=2 perr=0.030 dq=[0.0, 0.066, -0.001, 0.0, -0.064, -0.0] base=[-0.465, 0.002, 0.123]
[r4-it] it=3 perr=0.030 dq=[0.0, 0.066, -0.001, 0.0, -0.064, -0.0] base=[-0.465, 0.002, 0.123]
[r4-it] it=4 perr=0.030 dq=[0.0, 0.066, -0.001, 0.0, -0.064, -0.0] base=[-0.465, 0.002, 0.123]
[r4-it] it=5 perr=0.030 dq=[0.0, 0.066, -0.001, 0.0, -0.064, -0.0] base=[-0.465, 0.002, 0.123]
[r4-it] it=0 perr=0.030 dq=[0.0, 0.066, -0.001, 0.0, -0.064, -0.0] base=[-0.465, 0.002, 0.123]
[r4-it] it=1 perr=0.030 dq=[0.0, 0.066, -0.001, 0.0, -0.064, -0.0] base=[-0.465, 0.002, 0.123]
[r4-it] it=2 perr=0.030 dq=[0.0, 0.066, -0.001, 0.0, -0.064, -0.0] base=[-0.465, 0.002, 0.123]
[r4-it] it=3 perr=0.030 dq=[0.0, 0.066, -0.001, 0.0, -0.064, -0.0] base=[-0.465, 0.002, 0.123]
[r4-it] it=4 perr=0.030 dq=[-0.0, 0.066, -0.001, 0.0, -0.064, -0.0] base=[-0.465, 0.002, 0.123]
[r4-it] it=5 perr=0.030 dq=[-0.0, 0.066, -0.001, 0.0, -0.064, -0.0] base=[-0.465, 0.002, 0.123]
[r4-it] it=0 perr=0.030 dq=[0.0, 0.066, -0.001, 0.0, -0.064, -0.0] base=[-0.465, 0.002, 0.123]
[r4-it] it=1 perr=0.030 dq=[0.0, 0.066, -0.001, 0.0, -0.064, -0.0] base=[-0.465, 0.002, 0.123]
[r4-it] it=2 perr=0.030 dq=[-0.0, 0.066, -0.001, 0.0, -0.064, -0.0] base=[-0.465, 0.002, 0.123]
[r4-it] it=3 perr=0.030 dq=[-0.0, 0.066, -0.001, 0.0, -0.064, -0.0] base=[-0.465, 0.002, 0.123]
[r4-it] it=4 perr=0.030 dq=[-0.0, 0.066, -0.001, 0.0, -0.064, -0.0] base=[-0.465, 0.002, 0.123]
[r4-it] it=5 perr=0.030 dq=[-0.0, 0.066, -0.001, 0.0, -0.064, -0.0] base=[-0.465, 0.002, 0.123]
[r4-it] it=0 perr=0.030 dq=[-0.0, 0.066, -0.001, 0.0, -0.065, -0.0] base=[-0.465, 0.002, 0.123]
[r4-it] it=1 perr=0.030 dq=[-0.0, 0.066, -0.001, 0.0, -0.065, -0.0] base=[-0.465, 0.002, 0.123]
[r4-it] it=2 perr=0.030 dq=[-0.0, 0.066, -0.001, 0.0, -0.065, -0.0] base=[-0.465, 0.002, 0.123]
[r4-it] it=3 perr=0.030 dq=[-0.0, 0.066, -0.001, 0.0, -0.065, -0.0] base=[-0.465, 0.002, 0.123]
[r4-it] it=4 perr=0.030 dq=[-0.0, 0.066, -0.001, 0.0, -0.065, -0.0] base=[-0.465, 0.002, 0.123]
[r4-it] it=5 perr=0.030 dq=[-0.0, 0.066, -0.001, 0.0, -0.065, -0.0] base=[-0.465, 0.002, 0.123]
[r4-it] it=0 perr=0.030 dq=[-0.0, 0.066, -0.001, 0.0, -0.065, -0.0] base=[-0.465, 0.002, 0.123]
[r4-it] it=1 perr=0.030 dq=[-0.0, 0.066, -0.001, 0.0, -0.065, -0.0] base=[-0.465, 0.002, 0.123]
[r4-it] it=2 perr=0.030 dq=[-0.0, 0.066, -0.001, 0.0, -0.065, -0.0] base=[-0.465, 0.002, 0.123]
[r4-it] it=3 perr=0.030 dq=[-0.0, 0.066, -0.001, 0.0, -0.065, -0.0] base=[-0.465, 0.002, 0.123]
[r4-it] it=4 perr=0.030 dq=[-0.0, 0.066, -0.001, -0.0, -0.065, -0.0] base=[-0.465, 0.002, 0.123]
[r4-it] it=5 perr=0.030 dq=[-0.0, 0.066, -0.001, -0.0, -0.065, -0.0] base=[-0.465, 0.002, 0.123]
[r4-it] it=0 perr=0.030 dq=[-0.0, 0.066, -0.001, -0.0, -0.065, -0.0] base=[-0.465, 0.002, 0.123]
[r4-it] it=1 perr=0.030 dq=[-0.0, 0.066, -0.001, -0.0, -0.065, -0.0] base=[-0.465, 0.002, 0.123]
[r4-it] it=2 perr=0.030 dq=[-0.0, 0.066, -0.001, -0.0, -0.065, -0.0] base=[-0.465, 0.002, 0.123]
[r4-it] it=3 perr=0.030 dq=[-0.0, 0.066, -0.001, -0.0, -0.065, -0.0] base=[-0.465, 0.002, 0.123]
[r4-it] it=4 perr=0.030 dq=[-0.0, 0.066, -0.001, -0.0, -0.065, -0.0] base=[-0.465, 0.002, 0.123]
[r4-it] it=5 perr=0.030 dq=[-0.0, 0.066, -0.002, -0.0, -0.065, -0.0] base=[-0.465, 0.002, 0.123]
[r4-it] it=0 perr=0.030 dq=[-0.0, 0.066, -0.001, -0.0, -0.065, -0.0] base=[-0.465, 0.002, 0.123]
[r4-it] it=1 perr=0.030 dq=[-0.0, 0.066, -0.001, -0.0, -0.065, -0.0] base=[-0.465, 0.002, 0.123]
[r4-it] it=2 perr=0.030 dq=[-0.0, 0.066, -0.002, -0.0, -0.065, -0.0] base=[-0.465, 0.002, 0.123]
[r4-it] it=3 perr=0.030 dq=[-0.0, 0.066, -0.002, -0.0, -0.065, -0.0] base=[-0.465, 0.002, 0.123]
[r4-it] it=4 perr=0.030 dq=[-0.0, 0.066, -0.002, -0.0, -0.065, -0.0] base=[-0.465, 0.002, 0.123]
[r4-it] it=5 perr=0.030 dq=[-0.0, 0.067, -0.002, -0.0, -0.065, -0.0] base=[-0.465, 0.002, 0.123]
[r4-it] it=0 perr=0.030 dq=[-0.0, 0.066, -0.002, -0.0, -0.065, -0.0] base=[-0.465, 0.002, 0.123]
[r4-it] it=1 perr=0.030 dq=[-0.0, 0.066, -0.002, -0.0, -0.065, -0.0] base=[-0.465, 0.002, 0.123]
[r4-it] it=2 perr=0.030 dq=[-0.0, 0.067, -0.002, -0.0, -0.065, -0.0] base=[-0.465, 0.002, 0.123]
[r4-it] it=3 perr=0.030 dq=[-0.0, 0.067, -0.002, -0.0, -0.065, -0.0] base=[-0.465, 0.002, 0.123]
[r4-it] it=4 perr=0.030 dq=[-0.0, 0.067, -0.002, -0.0, -0.065, -0.0] base=[-0.465, 0.002, 0.123]
[r4-it] it=5 perr=0.030 dq=[-0.0, 0.067, -0.002, -0.0, -0.065, -0.0] base=[-0.465, 0.002, 0.123]
[r4-it] it=0 perr=0.030 dq=[-0.0, 0.067, -0.002, -0.0, -0.065, -0.0] base=[-0.465, 0.002, 0.123]
[r4-it] it=1 perr=0.030 dq=[-0.0, 0.067, -0.002, -0.0, -0.065, -0.0] base=[-0.465, 0.002, 0.123]
[r4-it] it=2 perr=0.030 dq=[-0.0, 0.067, -0.002, -0.0, -0.065, -0.0] base=[-0.465, 0.002, 0.123]
[r4-it] it=3 perr=0.030 dq=[-0.0, 0.067, -0.002, -0.0, -0.065, -0.0] base=[-0.465, 0.002, 0.123]
[r4-it] it=4 perr=0.030 dq=[-0.0, 0.067, -0.002, -0.0, -0.065, -0.0] base=[-0.465, 0.002, 0.123]
[r4-it] it=5 perr=0.030 dq=[-0.0, 0.067, -0.002, -0.0, -0.065, -0.0] base=[-0.465, 0.002, 0.123]
[r4-it] it=0 perr=0.030 dq=[-0.0, 0.067, -0.002, -0.0, -0.065, -0.0] base=[-0.465, 0.002, 0.123]
[r4-it] it=1 perr=0.030 dq=[-0.0, 0.067, -0.002, -0.0, -0.065, -0.0] base=[-0.465, 0.002, 0.123]
[r4-it] it=2 perr=0.030 dq=[-0.0, 0.067, -0.002, -0.0, -0.065, -0.0] base=[-0.465, 0.002, 0.123]
[r4-it] it=3 perr=0.030 dq=[-0.0, 0.067, -0.002, -0.0, -0.065, -0.0] base=[-0.465, 0.002, 0.123]
[r4-it] it=4 perr=0.030 dq=[-0.0, 0.067, -0.002, -0.0, -0.065, -0.0] base=[-0.465, 0.002, 0.123]
[r4-it] it=5 perr=0.030 dq=[-0.0, 0.067, -0.002, -0.0, -0.065, -0.0] base=[-0.465, 0.002, 0.123]
[r4-it] it=0 perr=0.030 dq=[-0.0, 0.067, -0.002, -0.0, -0.065, 0.0] base=[-0.465, 0.002, 0.123]
[r4-it] it=1 perr=0.030 dq=[-0.0, 0.066, -0.002, -0.0, -0.065, 0.0] base=[-0.465, 0.002, 0.123]
[r4-it] it=2 perr=0.030 dq=[-0.0, 0.066, -0.002, -0.0, -0.065, 0.0] base=[-0.465, 0.002, 0.123]
[r4-it] it=3 perr=0.030 dq=[-0.0, 0.066, -0.002, -0.0, -0.065, 0.0] base=[-0.465, 0.002, 0.123]
[r4-it] it=4 perr=0.030 dq=[-0.0, 0.066, -0.001, -0.0, -0.065, 0.0] base=[-0.465, 0.002, 0.123]
[r4-it] it=5 perr=0.030 dq=[0.0, 0.066, -0.001, -0.0, -0.065, 0.0] base=[-0.465, 0.002, 0.123]
[r4-it] it=0 perr=0.030 dq=[-0.0, 0.066, -0.002, -0.0, -0.065, 0.0] base=[-0.465, 0.002, 0.123]
[r4-it] it=1 perr=0.030 dq=[-0.0, 0.066, -0.001, -0.0, -0.065, 0.0] base=[-0.465, 0.002, 0.123]
[r4-it] it=2 perr=0.030 dq=[-0.0, 0.066, -0.001, -0.0, -0.065, 0.0] base=[-0.465, 0.002, 0.123]
[r4-it] it=3 perr=0.030 dq=[-0.0, 0.066, -0.001, -0.0, -0.065, 0.0] base=[-0.465, 0.002, 0.123]
[r4-it] it=4 perr=0.030 dq=[0.0, 0.066, -0.001, -0.0, -0.065, 0.0] base=[-0.465, 0.002, 0.123]
[r4-it] it=5 perr=0.030 dq=[0.0, 0.066, -0.001, -0.0, -0.065, 0.0] base=[-0.465, 0.002, 0.123]
[r4-it] it=0 perr=0.030 dq=[-0.0, 0.066, -0.001, -0.0, -0.065, 0.0] base=[-0.465, 0.002, 0.123]
[r4-it] it=1 perr=0.030 dq=[-0.0, 0.066, -0.001, -0.0, -0.065, 0.0] base=[-0.465, 0.002, 0.123]
[r4-it] it=2 perr=0.030 dq=[-0.0, 0.066, -0.001, -0.0, -0.065, 0.0] base=[-0.465, 0.002, 0.123]
[r4-it] it=3 perr=0.030 dq=[0.0, 0.066, -0.001, -0.0, -0.065, 0.0] base=[-0.465, 0.002, 0.123]
[r4-it] it=4 perr=0.030 dq=[0.0, 0.066, -0.001, -0.0, -0.065, 0.0] base=[-0.465, 0.002, 0.123]
[r4-it] it=5 perr=0.030 dq=[0.0, 0.066, -0.001, -0.0, -0.065, 0.0] base=[-0.465, 0.002, 0.123]
[r4-it] it=0 perr=0.030 dq=[-0.0, 0.066, -0.001, -0.0, -0.065, 0.0] base=[-0.465, 0.002, 0.123]
[r4-it] it=1 perr=0.030 dq=[0.0, 0.066, -0.001, -0.0, -0.065, 0.0] base=[-0.465, 0.002, 0.123]
[r4-it] it=2 perr=0.030 dq=[0.0, 0.066, -0.001, -0.0, -0.065, 0.0] base=[-0.465, 0.002, 0.123]
[r4-it] it=3 perr=0.030 dq=[0.0, 0.066, -0.001, -0.0, -0.065, 0.0] base=[-0.465, 0.002, 0.123]
[r4-it] it=4 perr=0.030 dq=[0.0, 0.066, -0.001, -0.0, -0.065, 0.0] base=[-0.465, 0.002, 0.123]
[r4-it] it=5 perr=0.030 dq=[0.0, 0.066, -0.001, -0.0, -0.065, 0.0] base=[-0.465, 0.002, 0.123]
[r4-it] it=0 perr=0.030 dq=[0.0, 0.066, -0.001, -0.0, -0.065, 0.0] base=[-0.465, 0.002, 0.123]
[r4-it] it=1 perr=0.030 dq=[0.0, 0.066, -0.001, -0.0, -0.065, 0.0] base=[-0.465, 0.002, 0.123]
[r4-it] it=2 perr=0.030 dq=[0.0, 0.066, -0.001, 0.0, -0.065, 0.0] base=[-0.465, 0.002, 0.123]
[r4-it] it=3 perr=0.030 dq=[0.0, 0.066, -0.001, 0.0, -0.065, 0.0] base=[-0.465, 0.002, 0.123]
[r4-it] it=4 perr=0.030 dq=[0.0, 0.066, -0.001, 0.0, -0.065, 0.0] base=[-0.465, 0.002, 0.123]
[r4-it] it=5 perr=0.030 dq=[0.0, 0.066, -0.001, 0.0, -0.065, 0.0] base=[-0.465, 0.002, 0.123]
[r4-it] it=0 perr=0.030 dq=[0.0, 0.066, -0.001, 0.0, -0.065, 0.0] base=[-0.465, 0.002, 0.123]
[r4-it] it=1 perr=0.030 dq=[0.0, 0.066, -0.001, 0.0, -0.065, 0.0] base=[-0.465, 0.002, 0.123]
[r4-it] it=2 perr=0.030 dq=[0.0, 0.066, -0.001, 0.0, -0.065, 0.0] base=[-0.465, 0.002, 0.123]
[r4-it] it=3 perr=0.030 dq=[0.0, 0.066, -0.001, 0.0, -0.065, 0.0] base=[-0.465, 0.002, 0.123]
[r4-it] it=4 perr=0.030 dq=[0.0, 0.066, -0.001, 0.0, -0.065, 0.0] base=[-0.465, 0.002, 0.123]
[r4-it] it=5 perr=0.030 dq=[0.0, 0.066, -0.001, 0.0, -0.065, 0.0] base=[-0.465, 0.002, 0.123]
[r4-it] it=0 perr=0.030 dq=[0.0, 0.066, -0.001, 0.0, -0.065, 0.0] base=[-0.465, 0.002, 0.123]
[r4-it] it=1 perr=0.030 dq=[0.0, 0.066, -0.001, 0.0, -0.065, 0.0] base=[-0.465, 0.002, 0.123]
[r4-it] it=2 perr=0.030 dq=[0.0, 0.066, -0.001, 0.0, -0.065, 0.0] base=[-0.465, 0.002, 0.123]
[r4-it] it=3 perr=0.030 dq=[0.0, 0.066, -0.001, 0.0, -0.065, 0.0] base=[-0.465, 0.002, 0.123]
[r4-it] it=4 perr=0.030 dq=[0.0, 0.066, -0.001, 0.0, -0.065, 0.0] base=[-0.465, 0.002, 0.123]
[r4-it] it=5 perr=0.030 dq=[0.0, 0.066, -0.001, 0.0, -0.065, 0.0] base=[-0.465, 0.002, 0.123]
[r4-it] it=0 perr=0.030 dq=[0.0, 0.066, -0.001, 0.0, -0.064, 0.0] base=[-0.465, 0.002, 0.123]
[r4-it] it=1 perr=0.030 dq=[0.0, 0.066, -0.001, 0.0, -0.064, 0.0] base=[-0.465, 0.002, 0.123]
[r4-it] it=2 perr=0.030 dq=[0.0, 0.066, -0.001, 0.0, -0.064, 0.0] base=[-0.465, 0.002, 0.123]
[r4-it] it=3 perr=0.030 dq=[0.0, 0.066, -0.001, 0.0, -0.064, 0.0] base=[-0.465, 0.002, 0.123]
[r4-it] it=4 perr=0.030 dq=[0.0, 0.066, -0.001, 0.0, -0.064, 0.0] base=[-0.465, 0.002, 0.123]
[r4-it] it=5 perr=0.030 dq=[0.0, 0.066, -0.001, 0.0, -0.064, 0.0] base=[-0.465, 0.002, 0.123]
[r4-it] it=0 perr=0.030 dq=[0.0, 0.066, -0.001, 0.0, -0.064, 0.0] base=[-0.465, 0.002, 0.123]
[r4-it] it=1 perr=0.030 dq=[0.0, 0.066, -0.001, 0.0, -0.064, 0.0] base=[-0.465, 0.002, 0.123]
[r4-it] it=2 perr=0.030 dq=[0.0, 0.066, -0.001, 0.0, -0.064, 0.0] base=[-0.465, 0.002, 0.123]
[r4-it] it=3 perr=0.030 dq=[0.0, 0.066, -0.001, 0.0, -0.064, 0.0] base=[-0.465, 0.002, 0.123]
[r4-it] it=4 perr=0.030 dq=[0.0, 0.066, -0.001, 0.0, -0.064, 0.0] base=[-0.465, 0.002, 0.123]
[r4-it] it=5 perr=0.030 dq=[0.0, 0.066, -0.001, 0.0, -0.064, 0.0] base=[-0.465, 0.002, 0.123]
[r4-it] it=0 perr=0.030 dq=[0.0, 0.066, -0.001, 0.0, -0.064, 0.0] base=[-0.465, 0.002, 0.123]
[r4-it] it=1 perr=0.030 dq=[0.0, 0.066, -0.001, 0.0, -0.064, 0.0] base=[-0.465, 0.002, 0.123]
[r4-it] it=2 perr=0.030 dq=[0.0, 0.066, -0.001, 0.0, -0.064, 0.0] base=[-0.465, 0.002, 0.123]
[r4-it] it=3 perr=0.030 dq=[0.0, 0.066, -0.001, 0.0, -0.064, 0.0] base=[-0.465, 0.002, 0.123]
[r4-it] it=4 perr=0.030 dq=[0.0, 0.066, -0.001, 0.0, -0.064, 0.0] base=[-0.465, 0.002, 0.123]
[r4-it] it=5 perr=0.030 dq=[0.0, 0.066, -0.001, 0.0, -0.064, 0.0] base=[-0.465, 0.002, 0.123]
[r4-it] it=0 perr=0.030 dq=[0.0, 0.066, -0.001, 0.0, -0.064, 0.0] base=[-0.465, 0.002, 0.123]
[r4-it] it=1 perr=0.030 dq=[0.0, 0.066, -0.001, 0.0, -0.064, 0.0] base=[-0.465, 0.002, 0.123]
[r4-it] it=2 perr=0.030 dq=[0.0, 0.066, -0.001, 0.0, -0.064, 0.0] base=[-0.465, 0.002, 0.123]
[r4-it] it=3 perr=0.030 dq=[0.0, 0.066, -0.001, 0.0, -0.064, 0.0] base=[-0.465, 0.002, 0.123]
[r4-it] it=4 perr=0.030 dq=[0.0, 0.066, -0.001, 0.0, -0.064, 0.0] base=[-0.465, 0.002, 0.123]
[r4-it] it=5 perr=0.030 dq=[0.0, 0.066, -0.001, 0.0, -0.064, 0.0] base=[-0.465, 0.002, 0.123]
[r4-it] it=0 perr=0.030 dq=[0.0, 0.066, -0.001, 0.0, -0.064, 0.0] base=[-0.465, 0.002, 0.123]
[r4-it] it=1 perr=0.030 dq=[0.0, 0.066, -0.001, 0.0, -0.064, 0.0] base=[-0.465, 0.002, 0.123]
[r4-it] it=2 perr=0.030 dq=[0.0, 0.066, -0.001, 0.0, -0.064, 0.0] base=[-0.465, 0.002, 0.123]
[r4-it] it=3 perr=0.030 dq=[0.0, 0.066, -0.001, 0.0, -0.064, 0.0] base=[-0.465, 0.002, 0.123]
[r4-it] it=4 perr=0.030 dq=[0.0, 0.066, -0.001, 0.0, -0.064, 0.0] base=[-0.465, 0.002, 0.123]
[r4-it] it=5 perr=0.030 dq=[0.0, 0.066, -0.001, 0.0, -0.064, 0.0] base=[-0.465, 0.002, 0.123]
[r4-it] it=0 perr=0.030 dq=[0.0, 0.066, -0.001, 0.0, -0.064, -0.0] base=[-0.465, 0.002, 0.123]
[r4-it] it=1 perr=0.030 dq=[0.0, 0.066, -0.001, 0.0, -0.064, -0.0] base=[-0.465, 0.002, 0.123]
[r4-it] it=2 perr=0.030 dq=[0.0, 0.066, -0.001, 0.0, -0.064, -0.0] base=[-0.465, 0.002, 0.123]
[r4-it] it=3 perr=0.030 dq=[0.0, 0.066, -0.001, 0.0, -0.064, -0.0] base=[-0.465, 0.002, 0.123]
[r4-it] it=4 perr=0.030 dq=[-0.0, 0.066, -0.001, 0.0, -0.064, -0.0] base=[-0.465, 0.002, 0.123]
[r4-it] it=5 perr=0.030 dq=[-0.0, 0.066, -0.001, 0.0, -0.064, -0.0] base=[-0.465, 0.002, 0.123]
[r4-it] it=0 perr=0.030 dq=[0.0, 0.066, -0.001, 0.0, -0.064, -0.0] base=[-0.465, 0.002, 0.123]
[r4-it] it=1 perr=0.030 dq=[0.0, 0.066, -0.001, 0.0, -0.064, -0.0] base=[-0.465, 0.002, 0.123]
[r4-it] it=2 perr=0.030 dq=[0.0, 0.066, -0.001, 0.0, -0.064, -0.0] base=[-0.465, 0.002, 0.123]
[r4-it] it=3 perr=0.030 dq=[-0.0, 0.066, -0.001, 0.0, -0.064, -0.0] base=[-0.465, 0.002, 0.123]
[r4-it] it=4 perr=0.030 dq=[-0.0, 0.066, -0.001, 0.0, -0.064, -0.0] base=[-0.465, 0.002, 0.123]
[r4-it] it=5 perr=0.030 dq=[-0.0, 0.066, -0.0, 0.0, -0.064, -0.0] base=[-0.465, 0.002, 0.123]
[r4-it] it=0 perr=0.030 dq=[0.0, 0.066, -0.001, 0.0, -0.064, -0.0] base=[-0.465, 0.002, 0.123]
[r4-it] it=1 perr=0.030 dq=[-0.0, 0.066, -0.001, 0.0, -0.064, -0.0] base=[-0.465, 0.002, 0.123]
[r4-it] it=2 perr=0.030 dq=[-0.0, 0.066, -0.0, 0.0, -0.064, -0.0] base=[-0.465, 0.002, 0.123]
[r4-it] it=3 perr=0.030 dq=[-0.0, 0.066, -0.0, -0.0, -0.064, -0.0] base=[-0.465, 0.002, 0.123]
[r4-it] it=4 perr=0.030 dq=[-0.0, 0.066, -0.0, -0.0, -0.064, -0.0] base=[-0.465, 0.002, 0.123]
[r4-it] it=5 perr=0.030 dq=[-0.0, 0.066, -0.0, -0.0, -0.064, -0.0] base=[-0.465, 0.002, 0.123]
[r4-it] it=0 perr=0.030 dq=[-0.0, 0.066, -0.0, -0.0, -0.064, -0.0] base=[-0.465, 0.002, 0.123]
[r4-it] it=1 perr=0.030 dq=[-0.0, 0.066, -0.0, -0.0, -0.064, -0.0] base=[-0.465, 0.002, 0.123]
[r4-it] it=2 perr=0.030 dq=[-0.0, 0.066, -0.0, -0.0, -0.064, -0.0] base=[-0.465, 0.002, 0.123]
[r4-it] it=3 perr=0.030 dq=[-0.0, 0.066, -0.0, -0.0, -0.064, -0.0] base=[-0.465, 0.002, 0.123]
[r4-it] it=4 perr=0.030 dq=[-0.0, 0.066, -0.0, -0.0, -0.064, -0.0] base=[-0.465, 0.002, 0.123]
[r4-it] it=5 perr=0.030 dq=[-0.0, 0.066, -0.0, -0.0, -0.064, -0.0] base=[-0.465, 0.002, 0.123]
[r4-it] it=0 perr=0.030 dq=[-0.0, 0.066, -0.0, -0.0, -0.064, -0.0] base=[-0.465, 0.002, 0.123]
[r4-it] it=1 perr=0.030 dq=[-0.0, 0.066, -0.0, -0.0, -0.064, -0.0] base=[-0.465, 0.002, 0.123]
[r4-it] it=2 perr=0.030 dq=[-0.0, 0.066, -0.0, -0.0, -0.064, -0.0] base=[-0.465, 0.002, 0.123]
[r4-it] it=3 perr=0.030 dq=[-0.0, 0.066, -0.0, -0.0, -0.064, -0.0] base=[-0.465, 0.002, 0.123]
[r4-it] it=4 perr=0.030 dq=[-0.0, 0.066, -0.0, -0.0, -0.064, -0.0] base=[-0.465, 0.002, 0.123]
[r4-it] it=5 perr=0.030 dq=[-0.0, 0.066, -0.0, -0.0, -0.064, -0.0] base=[-0.465, 0.002, 0.123]
[r4-it] it=0 perr=0.030 dq=[-0.0, 0.066, -0.0, -0.0, -0.064, -0.0] base=[-0.465, 0.002, 0.123]
[r4-it] it=1 perr=0.030 dq=[-0.0, 0.066, -0.0, -0.0, -0.064, -0.0] base=[-0.465, 0.002, 0.123]
[r4-it] it=2 perr=0.030 dq=[-0.0, 0.066, -0.0, -0.0, -0.064, 0.0] base=[-0.465, 0.002, 0.123]
[r4-it] it=3 perr=0.030 dq=[-0.0, 0.066, -0.0, -0.0, -0.064, 0.0] base=[-0.465, 0.002, 0.123]
[r4-it] it=4 perr=0.030 dq=[-0.0, 0.066, -0.0, -0.0, -0.064, 0.0] base=[-0.465, 0.002, 0.123]
[r4-it] it=5 perr=0.030 dq=[-0.0, 0.066, -0.0, -0.0, -0.064, 0.0] base=[-0.465, 0.002, 0.123]
[r4-it] it=0 perr=0.030 dq=[-0.0, 0.066, -0.0, -0.0, -0.064, 0.0] base=[-0.465, 0.002, 0.123]
[r4-it] it=1 perr=0.030 dq=[-0.0, 0.066, -0.0, -0.0, -0.064, 0.0] base=[-0.465, 0.002, 0.123]
[r4-it] it=2 perr=0.030 dq=[-0.0, 0.066, -0.0, -0.0, -0.064, 0.0] base=[-0.465, 0.002, 0.123]
[r4-it] it=3 perr=0.030 dq=[-0.0, 0.066, -0.0, -0.0, -0.064, 0.0] base=[-0.465, 0.002, 0.123]
[r4-it] it=4 perr=0.030 dq=[-0.0, 0.066, -0.0, -0.0, -0.064, 0.0] base=[-0.465, 0.002, 0.123]
[r4-it] it=5 perr=0.030 dq=[-0.0, 0.066, -0.0, -0.0, -0.064, 0.0] base=[-0.465, 0.002, 0.123]
[r4-it] it=0 perr=0.030 dq=[-0.0, 0.066, -0.0, -0.0, -0.064, 0.0] base=[-0.465, 0.002, 0.123]
[r4-it] it=1 perr=0.030 dq=[-0.0, 0.066, -0.0, -0.0, -0.064, 0.0] base=[-0.465, 0.002, 0.123]
[r4-it] it=2 perr=0.030 dq=[-0.0, 0.066, -0.0, -0.0, -0.064, 0.0] base=[-0.465, 0.002, 0.123]
[r4-it] it=3 perr=0.030 dq=[-0.0, 0.066, -0.0, -0.0, -0.064, 0.0] base=[-0.465, 0.002, 0.123]
[r4-it] it=4 perr=0.030 dq=[-0.0, 0.066, -0.0, -0.0, -0.064, 0.0] base=[-0.465, 0.002, 0.123]
[r4-it] it=5 perr=0.030 dq=[-0.0, 0.066, -0.0, -0.0, -0.064, 0.0] base=[-0.465, 0.002, 0.123]
[r4-it] it=0 perr=0.030 dq=[-0.0, 0.066, -0.0, -0.0, -0.064, 0.0] base=[-0.465, 0.002, 0.123]
[r4-it] it=1 perr=0.030 dq=[-0.0, 0.066, -0.0, -0.0, -0.064, 0.0] base=[-0.465, 0.002, 0.123]
[r4-it] it=2 perr=0.030 dq=[-0.0, 0.066, -0.0, -0.0, -0.064, 0.0] base=[-0.465, 0.002, 0.123]
[r4-it] it=3 perr=0.030 dq=[-0.0, 0.066, -0.0, -0.0, -0.064, 0.0] base=[-0.465, 0.002, 0.123]
[r4-it] it=4 perr=0.030 dq=[-0.0, 0.066, -0.0, -0.0, -0.064, 0.0] base=[-0.465, 0.002, 0.123]
[r4-it] it=5 perr=0.030 dq=[-0.0, 0.066, -0.0, -0.0, -0.064, 0.0] base=[-0.465, 0.002, 0.123]
[r4-it] it=0 perr=0.030 dq=[-0.0, 0.066, -0.0, -0.0, -0.064, 0.0] base=[-0.465, 0.002, 0.123]
[r4-it] it=1 perr=0.030 dq=[-0.0, 0.066, -0.0, -0.0, -0.064, 0.0] base=[-0.465, 0.002, 0.123]
[r4-it] it=2 perr=0.030 dq=[-0.0, 0.066, -0.0, -0.0, -0.064, 0.0] base=[-0.465, 0.002, 0.123]
[r4-it] it=3 perr=0.030 dq=[-0.0, 0.066, -0.0, -0.0, -0.064, 0.0] base=[-0.465, 0.002, 0.123]
[r4-it] it=4 perr=0.030 dq=[-0.0, 0.066, -0.0, -0.0, -0.064, 0.0] base=[-0.465, 0.002, 0.123]
[r4-it] it=5 perr=0.030 dq=[-0.0, 0.066, -0.0, -0.0, -0.064, 0.0] base=[-0.465, 0.002, 0.123]
[r4-it] it=0 perr=0.030 dq=[-0.0, 0.066, -0.0, -0.0, -0.064, 0.0] base=[-0.465, 0.002, 0.123]
[r4-it] it=1 perr=0.030 dq=[-0.0, 0.066, -0.0, -0.0, -0.064, 0.0] base=[-0.465, 0.002, 0.123]
[r4-it] it=2 perr=0.030 dq=[-0.0, 0.066, -0.0, -0.0, -0.064, 0.0] base=[-0.465, 0.002, 0.123]
[r4-it] it=3 perr=0.030 dq=[-0.0, 0.066, -0.0, -0.0, -0.064, 0.0] base=[-0.465, 0.002, 0.123]
[r4-it] it=4 perr=0.030 dq=[-0.0, 0.066, -0.0, -0.0, -0.064, 0.0] base=[-0.465, 0.002, 0.123]
[r4-it] it=5 perr=0.030 dq=[-0.0, 0.066, -0.0, -0.0, -0.064, 0.0] base=[-0.465, 0.002, 0.123]
[r4-it] it=0 perr=0.030 dq=[-0.0, 0.066, -0.0, -0.0, -0.064, 0.0] base=[-0.465, 0.002, 0.123]
[r4-it] it=1 perr=0.030 dq=[-0.0, 0.066, -0.0, -0.0, -0.064, 0.0] base=[-0.465, 0.002, 0.123]
[r4-it] it=2 perr=0.030 dq=[-0.0, 0.066, -0.0, -0.0, -0.064, 0.0] base=[-0.465, 0.002, 0.123]
[r4-it] it=3 perr=0.030 dq=[0.0, 0.066, -0.0, -0.0, -0.064, 0.0] base=[-0.465, 0.002, 0.123]
[r4-it] it=4 perr=0.030 dq=[0.0, 0.066, -0.0, -0.0, -0.064, 0.0] base=[-0.465, 0.002, 0.123]
[r4-it] it=5 perr=0.030 dq=[0.0, 0.066, -0.0, -0.0, -0.064, 0.0] base=[-0.465, 0.002, 0.123]
[r4-it] it=0 perr=0.030 dq=[-0.0, 0.066, -0.0, -0.0, -0.064, 0.0] base=[-0.465, 0.002, 0.123]
[r4-it] it=1 perr=0.030 dq=[0.0, 0.066, -0.0, -0.0, -0.064, 0.0] base=[-0.465, 0.002, 0.123]
[r4-it] it=2 perr=0.030 dq=[0.0, 0.066, -0.0, -0.0, -0.064, 0.0] base=[-0.465, 0.002, 0.123]
[r4-it] it=3 perr=0.030 dq=[0.0, 0.066, -0.0, -0.0, -0.064, 0.0] base=[-0.465, 0.002, 0.123]
[r4-it] it=4 perr=0.030 dq=[0.0, 0.066, -0.0, -0.0, -0.064, 0.0] base=[-0.465, 0.002, 0.123]
[r4-it] it=5 perr=0.030 dq=[0.0, 0.066, -0.0, 0.0, -0.064, 0.0] base=[-0.465, 0.002, 0.123]
[r4-it] it=0 perr=0.030 dq=[0.0, 0.066, -0.0, 0.0, -0.064, 0.0] base=[-0.465, 0.002, 0.123]
[r4-it] it=1 perr=0.030 dq=[0.0, 0.066, -0.0, 0.0, -0.064, 0.0] base=[-0.465, 0.002, 0.123]
[r4-it] it=2 perr=0.030 dq=[0.0, 0.066, -0.0, 0.0, -0.064, 0.0] base=[-0.465, 0.002, 0.123]
[r4-it] it=3 perr=0.030 dq=[0.0, 0.066, -0.0, 0.0, -0.064, 0.0] base=[-0.465, 0.002, 0.123]
[r4-it] it=4 perr=0.030 dq=[0.0, 0.066, -0.0, 0.0, -0.064, 0.0] base=[-0.465, 0.002, 0.123]
[r4-it] it=5 perr=0.030 dq=[0.0, 0.066, -0.0, 0.0, -0.064, 0.0] base=[-0.465, 0.002, 0.123]
[r4-it] it=0 perr=0.030 dq=[0.0, 0.066, -0.0, 0.0, -0.064, 0.0] base=[-0.465, 0.002, 0.123]
[r4-it] it=1 perr=0.030 dq=[0.0, 0.066, -0.0, 0.0, -0.064, 0.0] base=[-0.465, 0.002, 0.123]
[r4-it] it=2 perr=0.030 dq=[0.0, 0.066, -0.0, 0.0, -0.064, 0.0] base=[-0.465, 0.002, 0.123]
[r4-it] it=3 perr=0.030 dq=[0.0, 0.066, -0.0, 0.0, -0.064, 0.0] base=[-0.465, 0.002, 0.123]
[r4-it] it=4 perr=0.030 dq=[0.0, 0.066, -0.0, 0.0, -0.064, 0.0] base=[-0.465, 0.002, 0.123]
[r4-it] it=5 perr=0.030 dq=[0.0, 0.066, -0.0, 0.0, -0.064, 0.0] base=[-0.465, 0.002, 0.123]
[r4-it] it=0 perr=0.030 dq=[0.0, 0.066, -0.0, 0.0, -0.064, 0.0] base=[-0.465, 0.002, 0.123]
[r4-it] it=1 perr=0.030 dq=[0.0, 0.066, -0.0, 0.0, -0.064, -0.0] base=[-0.465, 0.002, 0.123]
[r4-it] it=2 perr=0.030 dq=[0.0, 0.066, -0.0, 0.0, -0.064, -0.0] base=[-0.465, 0.002, 0.123]
[r4-it] it=3 perr=0.030 dq=[0.0, 0.066, -0.0, 0.0, -0.064, -0.0] base=[-0.465, 0.002, 0.123]
[r4-it] it=4 perr=0.030 dq=[0.0, 0.066, -0.0, 0.0, -0.064, -0.0] base=[-0.465, 0.002, 0.123]
[r4-it] it=5 perr=0.030 dq=[0.0, 0.066, -0.0, 0.0, -0.064, -0.0] base=[-0.465, 0.002, 0.123]
[r4-it] it=0 perr=0.030 dq=[0.0, 0.066, -0.0, 0.0, -0.064, -0.0] base=[-0.465, 0.002, 0.123]
[r4-it] it=1 perr=0.030 dq=[0.0, 0.066, -0.0, 0.0, -0.064, -0.0] base=[-0.465, 0.002, 0.123]
[r4-it] it=2 perr=0.030 dq=[0.0, 0.066, -0.0, 0.0, -0.064, -0.0] base=[-0.465, 0.002, 0.123]
[r4-it] it=3 perr=0.030 dq=[0.0, 0.066, -0.0, 0.0, -0.064, -0.0] base=[-0.465, 0.002, 0.123]
[r4-it] it=4 perr=0.030 dq=[0.0, 0.066, -0.0, 0.0, -0.064, -0.0] base=[-0.465, 0.002, 0.123]
[r4-it] it=5 perr=0.030 dq=[0.0, 0.066, -0.0, 0.0, -0.064, -0.0] base=[-0.465, 0.002, 0.123]
[r4-it] it=0 perr=0.030 dq=[0.0, 0.066, -0.0, 0.0, -0.063, -0.0] base=[-0.465, 0.002, 0.123]
[r4-it] it=1 perr=0.030 dq=[0.0, 0.066, -0.0, 0.0, -0.064, -0.0] base=[-0.465, 0.002, 0.123]
[r4-it] it=2 perr=0.030 dq=[0.0, 0.066, 0.0, 0.0, -0.063, -0.0] base=[-0.465, 0.002, 0.123]
[r4-it] it=3 perr=0.030 dq=[0.0, 0.066, 0.0, 0.0, -0.064, -0.0] base=[-0.465, 0.002, 0.123]
[r4-it] it=4 perr=0.030 dq=[0.0, 0.066, 0.0, 0.0, -0.064, -0.0] base=[-0.465, 0.002, 0.123]
[r4-it] it=5 perr=0.030 dq=[0.0, 0.066, 0.0, 0.0, -0.064, -0.0] base=[-0.465, 0.002, 0.123]
[r4-it] it=0 perr=0.030 dq=[0.0, 0.066, 0.0, 0.0, -0.063, -0.0] base=[-0.465, 0.002, 0.123]
[r4-it] it=1 perr=0.030 dq=[0.0, 0.066, 0.0, 0.0, -0.063, -0.0] base=[-0.465, 0.002, 0.123]
[r4-it] it=2 perr=0.030 dq=[0.0, 0.066, 0.0, 0.0, -0.063, -0.0] base=[-0.465, 0.002, 0.123]
[r4-it] it=3 perr=0.030 dq=[0.0, 0.066, 0.0, 0.0, -0.063, -0.0] base=[-0.465, 0.002, 0.123]
[r4-it] it=4 perr=0.030 dq=[0.0, 0.066, 0.0, 0.0, -0.063, -0.0] base=[-0.465, 0.002, 0.123]
[r4-it] it=5 perr=0.030 dq=[0.0, 0.066, 0.0, 0.0, -0.063, -0.0] base=[-0.465, 0.002, 0.123]
[r4-it] it=0 perr=0.030 dq=[0.0, 0.066, 0.0, 0.0, -0.063, -0.0] base=[-0.465, 0.002, 0.123]
[r4-it] it=1 perr=0.030 dq=[0.0, 0.066, 0.0, 0.0, -0.063, -0.0] base=[-0.465, 0.002, 0.123]
[r4-it] it=2 perr=0.030 dq=[0.0, 0.066, 0.0, 0.0, -0.063, -0.0] base=[-0.465, 0.002, 0.123]
[r4-it] it=3 perr=0.030 dq=[0.0, 0.066, 0.0, 0.0, -0.063, -0.0] base=[-0.465, 0.002, 0.123]
[r4-it] it=4 perr=0.030 dq=[0.0, 0.066, 0.0, 0.0, -0.063, -0.0] base=[-0.465, 0.002, 0.123]
[r4-it] it=5 perr=0.030 dq=[0.0, 0.066, 0.0, 0.0, -0.063, -0.0] base=[-0.465, 0.002, 0.123]
[r4-it] it=0 perr=0.030 dq=[0.0, 0.066, 0.0, 0.0, -0.063, -0.0] base=[-0.465, 0.002, 0.123]
[r4-it] it=1 perr=0.030 dq=[0.0, 0.066, 0.0, 0.0, -0.063, -0.0] base=[-0.465, 0.002, 0.123]
[r4-it] it=2 perr=0.030 dq=[0.0, 0.066, 0.0, 0.0, -0.063, -0.0] base=[-0.465, 0.002, 0.123]
[r4-it] it=3 perr=0.030 dq=[0.0, 0.066, 0.0, 0.0, -0.063, -0.0] base=[-0.465, 0.002, 0.123]
[r4-it] it=4 perr=0.030 dq=[0.0, 0.066, 0.0, 0.0, -0.063, -0.0] base=[-0.465, 0.002, 0.123]
[r4-it] it=5 perr=0.030 dq=[0.0, 0.066, 0.0, 0.0, -0.063, -0.0] base=[-0.465, 0.002, 0.123]
[r4-it] it=0 perr=0.030 dq=[0.0, 0.066, 0.0, 0.0, -0.063, -0.0] base=[-0.465, 0.002, 0.123]
[r4-it] it=1 perr=0.030 dq=[0.0, 0.066, 0.0, 0.0, -0.063, -0.0] base=[-0.465, 0.002, 0.123]
[r4-it] it=2 perr=0.030 dq=[0.0, 0.066, 0.0, 0.0, -0.063, -0.0] base=[-0.465, 0.002, 0.123]
[r4-it] it=3 perr=0.030 dq=[0.0, 0.066, -0.0, 0.0, -0.063, -0.0] base=[-0.465, 0.002, 0.123]
[r4-it] it=4 perr=0.030 dq=[-0.0, 0.066, -0.0, 0.0, -0.063, -0.0] base=[-0.465, 0.002, 0.123]
[r4-it] it=5 perr=0.030 dq=[-0.0, 0.066, -0.0, 0.0, -0.063, -0.0] base=[-0.465, 0.002, 0.123]
[r4-it] it=0 perr=0.030 dq=[0.0, 0.066, -0.0, 0.0, -0.064, -0.0] base=[-0.465, 0.002, 0.123]
[r4-it] it=1 perr=0.030 dq=[-0.0, 0.066, -0.0, 0.0, -0.064, -0.0] base=[-0.465, 0.002, 0.123]
[r4-it] it=2 perr=0.030 dq=[-0.0, 0.066, -0.0, 0.0, -0.064, -0.0] base=[-0.465, 0.002, 0.123]
[r4-it] it=3 perr=0.030 dq=[-0.0, 0.066, -0.0, 0.0, -0.064, -0.0] base=[-0.465, 0.002, 0.123]
[r4-it] it=4 perr=0.030 dq=[-0.0, 0.066, -0.0, 0.0, -0.064, -0.0] base=[-0.465, 0.002, 0.123]
[r4-it] it=5 perr=0.030 dq=[-0.0, 0.066, -0.0, 0.0, -0.064, -0.0] base=[-0.465, 0.002, 0.123]
[r4-it] it=0 perr=0.030 dq=[-0.0, 0.066, -0.0, -0.0, -0.064, -0.0] base=[-0.465, 0.002, 0.123]
[r4-it] it=1 perr=0.030 dq=[-0.0, 0.066, -0.0, -0.0, -0.064, -0.0] base=[-0.465, 0.002, 0.123]
[r4-it] it=2 perr=0.030 dq=[-0.0, 0.066, -0.0, -0.0, -0.064, -0.0] base=[-0.465, 0.002, 0.123]
[r4-it] it=3 perr=0.030 dq=[-0.0, 0.066, -0.0, -0.0, -0.064, -0.0] base=[-0.465, 0.002, 0.123]
[r4-it] it=4 perr=0.030 dq=[-0.0, 0.066, -0.0, -0.0, -0.064, -0.0] base=[-0.465, 0.002, 0.123]
[r4-it] it=5 perr=0.030 dq=[-0.0, 0.066, -0.0, -0.0, -0.064, -0.0] base=[-0.465, 0.002, 0.123]
[r4-it] it=0 perr=0.030 dq=[-0.0, 0.066, -0.0, -0.0, -0.064, -0.0] base=[-0.465, 0.002, 0.123]
[r4-it] it=1 perr=0.030 dq=[-0.0, 0.066, -0.0, -0.0, -0.064, -0.0] base=[-0.465, 0.002, 0.123]
[r4-it] it=2 perr=0.030 dq=[-0.0, 0.066, -0.0, -0.0, -0.064, -0.0] base=[-0.465, 0.002, 0.123]
[r4-it] it=3 perr=0.030 dq=[-0.0, 0.066, -0.0, -0.0, -0.064, -0.0] base=[-0.465, 0.002, 0.123]
[r4-it] it=4 perr=0.030 dq=[-0.0, 0.066, -0.0, -0.0, -0.064, -0.0] base=[-0.465, 0.002, 0.123]
[r4-it] it=5 perr=0.030 dq=[-0.0, 0.066, -0.0, -0.0, -0.064, -0.0] base=[-0.465, 0.002, 0.123]
[r4-it] it=0 perr=0.030 dq=[-0.0, 0.066, -0.0, -0.0, -0.064, -0.0] base=[-0.465, 0.002, 0.123]
[r4-it] it=1 perr=0.030 dq=[-0.0, 0.066, -0.0, -0.0, -0.064, -0.0] base=[-0.465, 0.002, 0.123]
[r4-it] it=2 perr=0.030 dq=[-0.0, 0.066, -0.0, -0.0, -0.064, -0.0] base=[-0.465, 0.002, 0.123]
[r4-it] it=3 perr=0.030 dq=[-0.0, 0.066, -0.0, -0.0, -0.064, -0.0] base=[-0.465, 0.002, 0.123]
[r4-it] it=4 perr=0.030 dq=[-0.0, 0.066, -0.001, -0.0, -0.064, -0.0] base=[-0.465, 0.002, 0.123]
[r4-it] it=5 perr=0.030 dq=[-0.0, 0.066, -0.001, -0.0, -0.064, -0.0] base=[-0.465, 0.002, 0.123]
[r4-it] it=0 perr=0.030 dq=[-0.0, 0.066, -0.0, -0.0, -0.064, -0.0] base=[-0.465, 0.002, 0.123]
[r4-it] it=1 perr=0.030 dq=[-0.0, 0.066, -0.001, -0.0, -0.064, -0.0] base=[-0.465, 0.002, 0.123]
[r4-it] it=2 perr=0.030 dq=[-0.0, 0.066, -0.001, -0.0, -0.064, -0.0] base=[-0.465, 0.002, 0.123]
[r4-it] it=3 perr=0.030 dq=[-0.0, 0.066, -0.001, -0.0, -0.064, -0.0] base=[-0.465, 0.002, 0.123]
[r4-it] it=4 perr=0.030 dq=[-0.0, 0.066, -0.001, -0.0, -0.064, -0.0] base=[-0.465, 0.002, 0.123]
[r4-it] it=5 perr=0.030 dq=[-0.0, 0.066, -0.001, -0.0, -0.064, -0.0] base=[-0.465, 0.002, 0.123]
[r4-it] it=0 perr=0.030 dq=[-0.0, 0.066, -0.001, -0.0, -0.064, -0.0] base=[-0.465, 0.002, 0.123]
[r4-it] it=1 perr=0.030 dq=[-0.0, 0.066, -0.001, -0.0, -0.064, -0.0] base=[-0.465, 0.002, 0.123]
[r4-it] it=2 perr=0.030 dq=[-0.0, 0.066, -0.001, -0.0, -0.064, -0.0] base=[-0.465, 0.002, 0.123]
[r4-it] it=3 perr=0.030 dq=[-0.0, 0.066, -0.001, -0.0, -0.064, -0.0] base=[-0.465, 0.002, 0.123]
[r4-it] it=4 perr=0.030 dq=[-0.0, 0.066, -0.001, -0.0, -0.064, -0.0] base=[-0.465, 0.002, 0.123]
[r4-it] it=5 perr=0.030 dq=[-0.0, 0.066, -0.001, -0.0, -0.064, -0.0] base=[-0.465, 0.002, 0.123]
[r4-it] it=0 perr=0.030 dq=[-0.0, 0.066, -0.001, -0.0, -0.064, -0.0] base=[-0.465, 0.002, 0.123]
[r4-it] it=1 perr=0.030 dq=[-0.0, 0.066, -0.001, -0.0, -0.064, -0.0] base=[-0.465, 0.002, 0.123]
[r4-it] it=2 perr=0.030 dq=[-0.0, 0.066, -0.001, -0.0, -0.064, -0.0] base=[-0.465, 0.002, 0.123]
[r4-it] it=3 perr=0.030 dq=[-0.0, 0.066, -0.001, -0.0, -0.064, -0.0] base=[-0.465, 0.002, 0.123]
[r4-it] it=4 perr=0.030 dq=[-0.0, 0.066, -0.001, -0.0, -0.064, -0.0] base=[-0.465, 0.002, 0.123]
[r4-it] it=5 perr=0.030 dq=[-0.0, 0.066, -0.001, -0.0, -0.064, -0.0] base=[-0.465, 0.002, 0.123]
[r4-it] it=0 perr=0.030 dq=[-0.0, 0.066, -0.001, -0.0, -0.064, -0.0] base=[-0.465, 0.002, 0.123]
[r4-it] it=1 perr=0.030 dq=[-0.0, 0.066, -0.001, -0.0, -0.064, -0.0] base=[-0.465, 0.002, 0.123]
[r4-it] it=2 perr=0.030 dq=[-0.0, 0.066, -0.001, -0.0, -0.064, -0.0] base=[-0.465, 0.002, 0.123]
[r4-it] it=3 perr=0.030 dq=[-0.0, 0.066, -0.001, -0.0, -0.064, -0.0] base=[-0.465, 0.002, 0.123]
[r4-it] it=4 perr=0.030 dq=[-0.0, 0.066, -0.001, -0.0, -0.064, -0.0] base=[-0.465, 0.002, 0.123]
[r4-it] it=5 perr=0.030 dq=[-0.0, 0.066, -0.001, -0.0, -0.064, -0.0] base=[-0.465, 0.002, 0.123]
[r4-it] it=0 perr=0.030 dq=[-0.0, 0.066, -0.001, -0.0, -0.064, -0.0] base=[-0.465, 0.002, 0.123]
[r4-it] it=1 perr=0.030 dq=[-0.0, 0.066, -0.001, -0.0, -0.064, -0.0] base=[-0.465, 0.002, 0.123]
[r4-it] it=2 perr=0.030 dq=[-0.0, 0.066, -0.001, -0.0, -0.064, -0.0] base=[-0.465, 0.002, 0.123]
[r4-it] it=3 perr=0.030 dq=[-0.0, 0.066, -0.001, -0.0, -0.064, -0.0] base=[-0.465, 0.002, 0.123]
[r4-it] it=4 perr=0.030 dq=[-0.0, 0.066, -0.001, -0.0, -0.064, -0.0] base=[-0.465, 0.002, 0.123]
[r4-it] it=5 perr=0.030 dq=[-0.0, 0.066, -0.001, -0.0, -0.064, -0.0] base=[-0.465, 0.002, 0.123]
[r4-it] it=0 perr=0.030 dq=[-0.0, 0.066, -0.001, -0.0, -0.064, -0.0] base=[-0.465, 0.002, 0.123]
[r4-it] it=1 perr=0.030 dq=[-0.0, 0.066, -0.001, -0.0, -0.064, -0.0] base=[-0.465, 0.002, 0.123]
[r4-it] it=2 perr=0.030 dq=[-0.0, 0.066, -0.001, -0.0, -0.064, -0.0] base=[-0.465, 0.002, 0.123]
[r4-it] it=3 perr=0.030 dq=[-0.0, 0.066, -0.001, -0.0, -0.064, -0.0] base=[-0.465, 0.002, 0.123]
[r4-it] it=4 perr=0.030 dq=[-0.0, 0.066, -0.001, -0.0, -0.064, -0.0] base=[-0.465, 0.002, 0.123]
[r4-it] it=5 perr=0.030 dq=[-0.0, 0.066, -0.001, -0.0, -0.064, -0.0] base=[-0.465, 0.002, 0.123]
[r4-it] it=0 perr=0.030 dq=[-0.0, 0.066, -0.001, -0.0, -0.065, -0.0] base=[-0.465, 0.002, 0.123]
[r4-it] it=1 perr=0.030 dq=[-0.0, 0.066, -0.001, -0.0, -0.065, -0.0] base=[-0.465, 0.002, 0.123]
[r4-it] it=2 perr=0.030 dq=[-0.0, 0.066, -0.001, -0.0, -0.065, -0.0] base=[-0.465, 0.002, 0.123]
[r4-it] it=3 perr=0.030 dq=[-0.0, 0.066, -0.001, -0.0, -0.065, -0.0] base=[-0.465, 0.002, 0.123]
[r4-it] it=4 perr=0.030 dq=[0.0, 0.066, -0.001, -0.0, -0.065, -0.0] base=[-0.465, 0.002, 0.123]
[r4-it] it=5 perr=0.030 dq=[0.0, 0.066, -0.001, -0.0, -0.065, -0.0] base=[-0.465, 0.002, 0.123]
[r4-it] it=0 perr=0.030 dq=[-0.0, 0.066, -0.001, -0.0, -0.065, -0.0] base=[-0.465, 0.002, 0.123]
[r4-it] it=1 perr=0.030 dq=[-0.0, 0.066, -0.001, 0.0, -0.065, -0.0] base=[-0.465, 0.002, 0.123]
[r4-it] it=2 perr=0.030 dq=[0.0, 0.066, -0.001, 0.0, -0.065, -0.0] base=[-0.465, 0.002, 0.123]
[r4-it] it=3 perr=0.030 dq=[0.0, 0.066, -0.001, 0.0, -0.065, -0.0] base=[-0.465, 0.002, 0.123]
[r4-it] it=4 perr=0.030 dq=[0.0, 0.066, -0.001, 0.0, -0.065, -0.0] base=[-0.465, 0.002, 0.123]
[r4-it] it=5 perr=0.030 dq=[0.0, 0.066, -0.001, 0.0, -0.065, -0.0] base=[-0.465, 0.002, 0.123]
[r4-it] it=0 perr=0.030 dq=[0.0, 0.066, -0.001, 0.0, -0.065, -0.0] base=[-0.465, 0.002, 0.123]
[r4-it] it=1 perr=0.030 dq=[0.0, 0.066, -0.001, 0.0, -0.065, -0.0] base=[-0.465, 0.002, 0.123]
[r4-it] it=2 perr=0.030 dq=[0.0, 0.066, -0.001, 0.0, -0.065, -0.0] base=[-0.465, 0.002, 0.123]
[r4-it] it=3 perr=0.030 dq=[0.0, 0.066, -0.001, 0.0, -0.065, -0.0] base=[-0.465, 0.002, 0.123]
[r4-it] it=4 perr=0.030 dq=[0.0, 0.066, -0.001, 0.0, -0.065, -0.0] base=[-0.465, 0.002, 0.123]
[r4-it] it=5 perr=0.030 dq=[0.0, 0.066, -0.001, 0.0, -0.065, -0.0] base=[-0.465, 0.002, 0.123]
[r4-it] it=0 perr=0.030 dq=[0.0, 0.066, -0.001, 0.0, -0.065, -0.0] base=[-0.465, 0.002, 0.123]
[r4-it] it=1 perr=0.030 dq=[0.0, 0.066, -0.001, 0.0, -0.065, -0.0] base=[-0.465, 0.002, 0.123]
[r4-it] it=2 perr=0.030 dq=[0.0, 0.066, -0.001, 0.0, -0.065, -0.0] base=[-0.465, 0.002, 0.123]
[r4-it] it=3 perr=0.030 dq=[0.0, 0.066, -0.001, 0.0, -0.065, -0.0] base=[-0.465, 0.002, 0.123]
[r4-it] it=4 perr=0.030 dq=[0.0, 0.066, -0.001, 0.0, -0.065, -0.0] base=[-0.465, 0.002, 0.123]
[r4-it] it=5 perr=0.030 dq=[0.0, 0.066, -0.001, 0.0, -0.065, -0.0] base=[-0.465, 0.002, 0.123]
[r4-it] it=0 perr=0.030 dq=[0.0, 0.066, -0.001, 0.0, -0.065, -0.0] base=[-0.465, 0.002, 0.123]
[r4-it] it=1 perr=0.030 dq=[0.0, 0.066, -0.001, 0.0, -0.065, -0.0] base=[-0.465, 0.002, 0.123]
[r4-it] it=2 perr=0.030 dq=[0.0, 0.066, -0.001, 0.0, -0.065, -0.0] base=[-0.465, 0.002, 0.123]
[r4-it] it=3 perr=0.030 dq=[0.0, 0.066, -0.001, 0.0, -0.065, -0.0] base=[-0.465, 0.002, 0.123]
[r4-it] it=4 perr=0.030 dq=[0.0, 0.066, -0.001, 0.0, -0.065, -0.0] base=[-0.465, 0.002, 0.123]
[r4-it] it=5 perr=0.030 dq=[0.0, 0.066, -0.001, 0.0, -0.065, -0.0] base=[-0.465, 0.002, 0.123]
[r4-it] it=0 perr=0.030 dq=[0.0, 0.066, -0.001, 0.0, -0.065, -0.0] base=[-0.465, 0.002, 0.123]
[r4-it] it=1 perr=0.030 dq=[0.0, 0.066, -0.001, 0.0, -0.065, -0.0] base=[-0.465, 0.002, 0.123]
[r4-it] it=2 perr=0.030 dq=[0.0, 0.066, -0.001, 0.0, -0.065, -0.0] base=[-0.465, 0.002, 0.123]
[r4-it] it=3 perr=0.030 dq=[0.0, 0.066, -0.001, 0.0, -0.065, -0.0] base=[-0.465, 0.002, 0.123]
[r4-it] it=4 perr=0.030 dq=[0.0, 0.066, -0.001, 0.0, -0.065, -0.0] base=[-0.465, 0.002, 0.123]
[r4-it] it=5 perr=0.030 dq=[0.0, 0.066, -0.001, 0.0, -0.065, -0.0] base=[-0.465, 0.002, 0.123]
[r4-it] it=0 perr=0.030 dq=[0.0, 0.066, -0.001, 0.0, -0.065, -0.0] base=[-0.465, 0.002, 0.123]
[r4-it] it=1 perr=0.030 dq=[0.0, 0.066, -0.001, 0.0, -0.065, -0.0] base=[-0.465, 0.002, 0.123]
[r4-it] it=2 perr=0.030 dq=[0.0, 0.066, -0.001, 0.0, -0.065, -0.0] base=[-0.465, 0.002, 0.123]
[r4-it] it=3 perr=0.030 dq=[0.0, 0.066, -0.001, 0.0, -0.065, -0.0] base=[-0.465, 0.002, 0.123]
[r4-it] it=4 perr=0.030 dq=[0.0, 0.066, -0.001, 0.0, -0.065, -0.0] base=[-0.465, 0.002, 0.123]
[r4-it] it=5 perr=0.030 dq=[0.0, 0.066, -0.001, 0.0, -0.065, -0.0] base=[-0.465, 0.002, 0.123]
[r4-it] it=0 perr=0.030 dq=[0.0, 0.066, -0.001, 0.0, -0.065, -0.0] base=[-0.465, 0.002, 0.123]
[r4-it] it=1 perr=0.030 dq=[0.0, 0.066, -0.001, 0.0, -0.065, -0.0] base=[-0.465, 0.002, 0.123]
[r4-it] it=2 perr=0.030 dq=[0.0, 0.066, -0.001, 0.0, -0.065, -0.0] base=[-0.465, 0.002, 0.123]
[r4-it] it=3 perr=0.030 dq=[0.0, 0.066, -0.001, 0.0, -0.065, -0.0] base=[-0.465, 0.002, 0.123]
[r4-it] it=4 perr=0.030 dq=[0.0, 0.066, -0.001, 0.0, -0.065, -0.0] base=[-0.465, 0.002, 0.123]
[r4-it] it=5 perr=0.030 dq=[0.0, 0.066, -0.001, 0.0, -0.065, -0.0] base=[-0.465, 0.002, 0.123]
[r4-it] it=0 perr=0.030 dq=[0.0, 0.066, -0.001, 0.0, -0.065, -0.0] base=[-0.465, 0.002, 0.123]
[r4-it] it=1 perr=0.030 dq=[0.0, 0.066, -0.001, 0.0, -0.065, -0.0] base=[-0.465, 0.002, 0.123]
[r4-it] it=2 perr=0.030 dq=[0.0, 0.066, -0.001, 0.0, -0.065, -0.0] base=[-0.465, 0.002, 0.123]
[r4-it] it=3 perr=0.030 dq=[0.0, 0.066, -0.001, 0.0, -0.065, -0.0] base=[-0.465, 0.002, 0.123]
[r4-it] it=4 perr=0.030 dq=[0.0, 0.066, -0.001, 0.0, -0.065, -0.0] base=[-0.465, 0.002, 0.123]
[r4-it] it=5 perr=0.030 dq=[0.0, 0.066, -0.001, 0.0, -0.065, -0.0] base=[-0.465, 0.002, 0.123]
[r4-it] it=0 perr=0.030 dq=[0.0, 0.066, -0.001, 0.0, -0.065, -0.0] base=[-0.465, 0.002, 0.123]
[r4-it] it=1 perr=0.030 dq=[0.0, 0.066, -0.001, 0.0, -0.065, -0.0] base=[-0.465, 0.002, 0.123]
[r4-it] it=2 perr=0.030 dq=[0.0, 0.066, -0.001, 0.0, -0.065, -0.0] base=[-0.465, 0.002, 0.123]
[r4-it] it=3 perr=0.030 dq=[0.0, 0.066, -0.001, 0.0, -0.065, -0.0] base=[-0.465, 0.002, 0.123]
[r4-it] it=4 perr=0.030 dq=[0.0, 0.066, -0.001, 0.0, -0.065, -0.0] base=[-0.465, 0.002, 0.123]
[r4-it] it=5 perr=0.030 dq=[0.0, 0.066, -0.001, 0.0, -0.065, -0.0] base=[-0.465, 0.002, 0.123]
[r4-it] it=0 perr=0.030 dq=[0.0, 0.066, -0.001, 0.0, -0.064, -0.0] base=[-0.465, 0.002, 0.123]
[r4-it] it=1 perr=0.030 dq=[0.0, 0.066, -0.001, 0.0, -0.064, 0.0] base=[-0.465, 0.002, 0.123]
[r4-it] it=2 perr=0.030 dq=[0.0, 0.066, -0.001, 0.0, -0.064, 0.0] base=[-0.465, 0.002, 0.123]
[r4-it] it=3 perr=0.030 dq=[0.0, 0.066, -0.001, 0.0, -0.064, 0.0] base=[-0.465, 0.002, 0.123]
[r4-it] it=4 perr=0.030 dq=[0.0, 0.066, -0.001, 0.0, -0.064, 0.0] base=[-0.465, 0.002, 0.123]
[r4-it] it=5 perr=0.030 dq=[0.0, 0.066, -0.001, -0.0, -0.064, 0.0] base=[-0.465, 0.002, 0.123]
[r4-it] it=0 perr=0.030 dq=[0.0, 0.066, -0.001, -0.0, -0.064, 0.0] base=[-0.465, 0.002, 0.123]
[r4-it] it=1 perr=0.030 dq=[0.0, 0.066, -0.001, -0.0, -0.064, 0.0] base=[-0.465, 0.002, 0.123]
[r4-it] it=2 perr=0.030 dq=[0.0, 0.066, -0.001, -0.0, -0.064, 0.0] base=[-0.465, 0.002, 0.123]
[r4-it] it=3 perr=0.030 dq=[0.0, 0.066, -0.001, -0.0, -0.064, 0.0] base=[-0.465, 0.002, 0.123]
[r4-it] it=4 perr=0.030 dq=[0.0, 0.066, -0.001, -0.0, -0.064, 0.0] base=[-0.465, 0.002, 0.123]
[r4-it] it=5 perr=0.030 dq=[0.0, 0.066, -0.001, -0.0, -0.064, 0.0] base=[-0.465, 0.002, 0.123]
[r4-it] it=0 perr=0.030 dq=[-0.0, 0.066, -0.001, -0.0, -0.064, 0.0] base=[-0.465, 0.002, 0.123]
[r4-it] it=1 perr=0.030 dq=[-0.0, 0.066, -0.001, -0.0, -0.064, 0.0] base=[-0.465, 0.002, 0.123]
[r4-it] it=2 perr=0.030 dq=[-0.0, 0.066, -0.001, -0.0, -0.064, 0.0] base=[-0.465, 0.002, 0.123]
[r4-it] it=3 perr=0.030 dq=[-0.0, 0.066, -0.001, -0.0, -0.064, 0.0] base=[-0.465, 0.002, 0.123]
[r4-it] it=4 perr=0.030 dq=[-0.0, 0.066, -0.001, -0.0, -0.064, 0.0] base=[-0.465, 0.002, 0.123]
[r4-it] it=5 perr=0.030 dq=[-0.0, 0.066, -0.001, -0.0, -0.064, 0.0] base=[-0.465, 0.002, 0.123]
[r4-it] it=0 perr=0.030 dq=[-0.0, 0.066, -0.001, -0.0, -0.064, 0.0] base=[-0.465, 0.002, 0.123]
[r4-it] it=1 perr=0.030 dq=[-0.0, 0.066, -0.001, -0.0, -0.064, 0.0] base=[-0.465, 0.002, 0.123]
[r4-it] it=2 perr=0.030 dq=[-0.0, 0.066, -0.001, -0.0, -0.064, 0.0] base=[-0.465, 0.002, 0.123]
[r4-it] it=3 perr=0.030 dq=[-0.0, 0.066, -0.001, -0.0, -0.064, 0.0] base=[-0.465, 0.002, 0.123]
[r4-it] it=4 perr=0.030 dq=[-0.0, 0.066, -0.001, -0.0, -0.064, 0.0] base=[-0.465, 0.002, 0.123]
[r4-it] it=5 perr=0.030 dq=[-0.0, 0.066, -0.001, -0.0, -0.064, 0.0] base=[-0.465, 0.002, 0.123]
[r4-it] it=0 perr=0.030 dq=[-0.0, 0.066, -0.001, -0.0, -0.064, 0.0] base=[-0.465, 0.002, 0.123]
[r4-it] it=1 perr=0.030 dq=[-0.0, 0.066, -0.001, -0.0, -0.064, 0.0] base=[-0.465, 0.002, 0.123]
[r4-it] it=2 perr=0.030 dq=[-0.0, 0.066, -0.001, -0.0, -0.064, 0.0] base=[-0.465, 0.002, 0.123]
[r4-it] it=3 perr=0.030 dq=[-0.0, 0.066, -0.001, -0.0, -0.064, 0.0] base=[-0.465, 0.002, 0.123]
[r4-it] it=4 perr=0.030 dq=[-0.0, 0.066, -0.001, -0.0, -0.064, 0.0] base=[-0.465, 0.002, 0.123]
[r4-it] it=5 perr=0.030 dq=[-0.0, 0.066, -0.001, -0.0, -0.064, 0.0] base=[-0.465, 0.002, 0.123]
[r4-it] it=0 perr=0.030 dq=[-0.0, 0.066, -0.001, -0.0, -0.064, 0.0] base=[-0.465, 0.002, 0.123]
[r4-it] it=1 perr=0.030 dq=[-0.0, 0.066, -0.001, -0.0, -0.064, 0.0] base=[-0.465, 0.002, 0.123]
[r4-it] it=2 perr=0.030 dq=[-0.0, 0.066, -0.001, -0.0, -0.064, 0.0] base=[-0.465, 0.002, 0.123]
[r4-it] it=3 perr=0.030 dq=[-0.0, 0.066, -0.001, -0.0, -0.064, 0.0] base=[-0.465, 0.002, 0.123]
[r4-it] it=4 perr=0.030 dq=[-0.0, 0.066, -0.001, -0.0, -0.064, 0.0] base=[-0.465, 0.002, 0.123]
[r4-it] it=5 perr=0.030 dq=[-0.0, 0.066, -0.001, -0.0, -0.064, 0.0] base=[-0.465, 0.002, 0.123]
[r4-it] it=0 perr=0.030 dq=[-0.0, 0.066, -0.001, -0.0, -0.064, 0.0] base=[-0.465, 0.002, 0.123]
[r4-it] it=1 perr=0.030 dq=[-0.0, 0.066, -0.001, -0.0, -0.064, 0.0] base=[-0.465, 0.002, 0.123]
[r4-it] it=2 perr=0.030 dq=[-0.0, 0.066, -0.001, -0.0, -0.064, 0.0] base=[-0.465, 0.002, 0.123]
[r4-it] it=3 perr=0.030 dq=[-0.0, 0.066, -0.0, -0.0, -0.064, 0.0] base=[-0.465, 0.002, 0.123]
[r4-it] it=4 perr=0.030 dq=[-0.0, 0.066, -0.0, -0.0, -0.064, 0.0] base=[-0.465, 0.002, 0.123]
[r4-it] it=5 perr=0.030 dq=[-0.0, 0.066, -0.0, -0.0, -0.064, 0.0] base=[-0.465, 0.002, 0.123]
[r4-it] it=0 perr=0.030 dq=[-0.0, 0.066, -0.0, -0.0, -0.064, 0.0] base=[-0.465, 0.002, 0.123]
[r4-it] it=1 perr=0.030 dq=[-0.0, 0.066, -0.0, -0.0, -0.064, 0.0] base=[-0.465, 0.002, 0.123]
[r4-it] it=2 perr=0.030 dq=[-0.0, 0.066, -0.0, -0.0, -0.064, 0.0] base=[-0.465, 0.002, 0.123]
[r4-it] it=3 perr=0.030 dq=[-0.0, 0.066, -0.0, -0.0, -0.064, 0.0] base=[-0.465, 0.002, 0.123]
[r4-it] it=4 perr=0.030 dq=[-0.0, 0.066, -0.0, -0.0, -0.064, 0.0] base=[-0.465, 0.002, 0.123]
[r4-it] it=5 perr=0.030 dq=[-0.0, 0.066, -0.0, -0.0, -0.064, 0.0] base=[-0.465, 0.002, 0.123]
[r4-it] it=0 perr=0.030 dq=[-0.0, 0.066, -0.0, -0.0, -0.064, 0.0] base=[-0.465, 0.002, 0.123]
[r4-it] it=1 perr=0.030 dq=[-0.0, 0.066, -0.0, -0.0, -0.064, 0.0] base=[-0.465, 0.002, 0.123]
[r4-it] it=2 perr=0.030 dq=[-0.0, 0.066, -0.0, -0.0, -0.064, 0.0] base=[-0.465, 0.002, 0.123]
[r4-it] it=3 perr=0.030 dq=[-0.0, 0.066, -0.0, -0.0, -0.064, 0.0] base=[-0.465, 0.002, 0.123]
[r4-it] it=4 perr=0.030 dq=[-0.0, 0.066, -0.0, -0.0, -0.064, 0.0] base=[-0.465, 0.002, 0.123]
[r4-it] it=5 perr=0.030 dq=[-0.0, 0.066, -0.0, -0.0, -0.064, 0.0] base=[-0.465, 0.002, 0.123]
[r4-it] it=0 perr=0.030 dq=[-0.0, 0.066, -0.0, -0.0, -0.064, 0.0] base=[-0.465, 0.002, 0.123]
[r4-it] it=1 perr=0.030 dq=[-0.0, 0.066, -0.0, -0.0, -0.064, 0.0] base=[-0.465, 0.002, 0.123]
[r4-it] it=2 perr=0.030 dq=[-0.0, 0.066, -0.0, -0.0, -0.064, 0.0] base=[-0.465, 0.002, 0.123]
[r4-it] it=3 perr=0.030 dq=[-0.0, 0.066, -0.0, -0.0, -0.064, 0.0] base=[-0.465, 0.002, 0.123]
[r4-it] it=4 perr=0.030 dq=[0.0, 0.066, -0.0, -0.0, -0.064, 0.0] base=[-0.465, 0.002, 0.123]
[r4-it] it=5 perr=0.030 dq=[0.0, 0.066, -0.0, -0.0, -0.064, 0.0] base=[-0.465, 0.002, 0.123]
[r4-it] it=0 perr=0.030 dq=[-0.0, 0.066, -0.0, -0.0, -0.064, 0.0] base=[-0.465, 0.002, 0.123]
[r4-it] it=1 perr=0.030 dq=[0.0, 0.066, -0.0, -0.0, -0.064, 0.0] base=[-0.465, 0.002, 0.123]
[r4-it] it=2 perr=0.030 dq=[0.0, 0.066, -0.0, -0.0, -0.064, 0.0] base=[-0.465, 0.002, 0.123]
[r4-it] it=3 perr=0.030 dq=[0.0, 0.066, -0.0, -0.0, -0.064, 0.0] base=[-0.465, 0.002, 0.123]
[r4-it] it=4 perr=0.030 dq=[0.0, 0.066, -0.0, -0.0, -0.064, 0.0] base=[-0.465, 0.002, 0.123]
[r4-it] it=5 perr=0.030 dq=[0.0, 0.066, -0.0, -0.0, -0.064, 0.0] base=[-0.465, 0.002, 0.123]
[r4-it] it=0 perr=0.030 dq=[0.0, 0.066, -0.0, -0.0, -0.064, 0.0] base=[-0.465, 0.002, 0.123]
[r4-it] it=1 perr=0.030 dq=[0.0, 0.066, -0.0, 0.0, -0.064, 0.0] base=[-0.465, 0.002, 0.123]
[r4-it] it=2 perr=0.030 dq=[0.0, 0.066, -0.0, 0.0, -0.064, 0.0] base=[-0.465, 0.002, 0.123]
[r4-it] it=3 perr=0.030 dq=[0.0, 0.066, -0.0, 0.0, -0.064, 0.0] base=[-0.465, 0.002, 0.123]
[r4-it] it=4 perr=0.030 dq=[0.0, 0.066, -0.0, 0.0, -0.064, 0.0] base=[-0.465, 0.002, 0.123]
[r4-it] it=5 perr=0.030 dq=[0.0, 0.066, -0.0, 0.0, -0.064, 0.0] base=[-0.465, 0.002, 0.123]
[r4-it] it=0 perr=0.030 dq=[0.0, 0.066, -0.0, 0.0, -0.064, 0.0] base=[-0.465, 0.002, 0.123]
[r4-it] it=1 perr=0.030 dq=[0.0, 0.066, -0.0, 0.0, -0.064, 0.0] base=[-0.465, 0.002, 0.123]
[r4-it] it=2 perr=0.030 dq=[0.0, 0.066, -0.0, 0.0, -0.064, 0.0] base=[-0.465, 0.002, 0.123]
[r4-it] it=3 perr=0.030 dq=[0.0, 0.066, -0.0, 0.0, -0.064, 0.0] base=[-0.465, 0.002, 0.123]
[r4-it] it=4 perr=0.030 dq=[0.0, 0.066, -0.0, 0.0, -0.064, 0.0] base=[-0.465, 0.002, 0.123]
[r4-it] it=5 perr=0.030 dq=[0.0, 0.066, -0.0, 0.0, -0.064, 0.0] base=[-0.465, 0.002, 0.123]
[r4-it] it=0 perr=0.030 dq=[0.0, 0.066, -0.0, 0.0, -0.064, -0.0] base=[-0.465, 0.002, 0.123]
[r4-it] it=1 perr=0.030 dq=[0.0, 0.066, -0.0, 0.0, -0.064, -0.0] base=[-0.465, 0.002, 0.123]
[r4-it] it=2 perr=0.030 dq=[0.0, 0.066, -0.0, 0.0, -0.064, -0.0] base=[-0.465, 0.002, 0.123]
[r4-it] it=3 perr=0.030 dq=[0.0, 0.066, -0.0, 0.0, -0.064, -0.0] base=[-0.465, 0.002, 0.123]
[r4-it] it=4 perr=0.030 dq=[0.0, 0.066, -0.0, 0.0, -0.064, -0.0] base=[-0.465, 0.002, 0.123]
[r4-it] it=5 perr=0.030 dq=[0.0, 0.066, -0.0, 0.0, -0.064, -0.0] base=[-0.465, 0.002, 0.123]
[r4-it] it=0 perr=0.030 dq=[0.0, 0.066, -0.0, 0.0, -0.064, -0.0] base=[-0.465, 0.002, 0.123]
[r4-it] it=1 perr=0.030 dq=[0.0, 0.066, -0.0, 0.0, -0.064, -0.0] base=[-0.465, 0.002, 0.123]
[r4-it] it=2 perr=0.030 dq=[0.0, 0.066, -0.0, 0.0, -0.064, -0.0] base=[-0.465, 0.002, 0.123]
[r4-it] it=3 perr=0.030 dq=[0.0, 0.066, -0.0, 0.0, -0.064, -0.0] base=[-0.465, 0.002, 0.123]
[r4-it] it=4 perr=0.030 dq=[0.0, 0.066, -0.0, 0.0, -0.064, -0.0] base=[-0.465, 0.002, 0.123]
[r4-it] it=5 perr=0.030 dq=[0.0, 0.066, -0.0, 0.0, -0.064, -0.0] base=[-0.465, 0.002, 0.123]
[r4-it] it=0 perr=0.030 dq=[0.0, 0.066, -0.0, 0.0, -0.064, -0.0] base=[-0.465, 0.002, 0.123]
[r4-it] it=1 perr=0.030 dq=[0.0, 0.066, -0.0, 0.0, -0.064, -0.0] base=[-0.465, 0.002, 0.123]
[r4-it] it=2 perr=0.030 dq=[0.0, 0.066, -0.0, 0.0, -0.064, -0.0] base=[-0.465, 0.002, 0.123]
[r4-it] it=3 perr=0.030 dq=[0.0, 0.066, -0.0, 0.0, -0.064, -0.0] base=[-0.465, 0.002, 0.123]
[r4-it] it=4 perr=0.030 dq=[0.0, 0.066, -0.0, 0.0, -0.064, -0.0] base=[-0.465, 0.002, 0.123]
[r4-it] it=5 perr=0.030 dq=[0.0, 0.066, -0.0, 0.0, -0.064, -0.0] base=[-0.465, 0.002, 0.123]
[r4-it] it=0 perr=0.030 dq=[0.0, 0.066, -0.0, 0.0, -0.064, -0.0] base=[-0.465, 0.002, 0.123]
[r4-it] it=1 perr=0.030 dq=[0.0, 0.066, -0.0, 0.0, -0.064, -0.0] base=[-0.465, 0.002, 0.123]
[r4-it] it=2 perr=0.030 dq=[0.0, 0.066, -0.0, 0.0, -0.064, -0.0] base=[-0.465, 0.002, 0.123]
[r4-it] it=3 perr=0.030 dq=[0.0, 0.066, -0.0, 0.0, -0.064, -0.0] base=[-0.465, 0.002, 0.123]
[r4-it] it=4 perr=0.030 dq=[0.0, 0.066, -0.0, 0.0, -0.064, -0.0] base=[-0.465, 0.002, 0.123]
[r4-it] it=5 perr=0.030 dq=[0.0, 0.066, -0.0, 0.0, -0.064, -0.0] base=[-0.465, 0.002, 0.123]
[r4-it] it=0 perr=0.030 dq=[0.0, 0.066, -0.0, 0.0, -0.064, -0.0] base=[-0.465, 0.002, 0.123]
[r4-it] it=1 perr=0.030 dq=[0.0, 0.066, -0.0, 0.0, -0.064, -0.0] base=[-0.465, 0.002, 0.123]
[r4-it] it=2 perr=0.030 dq=[0.0, 0.066, -0.0, 0.0, -0.064, -0.0] base=[-0.465, 0.002, 0.123]
[r4-it] it=3 perr=0.030 dq=[0.0, 0.066, -0.0, 0.0, -0.064, -0.0] base=[-0.465, 0.002, 0.123]
[r4-it] it=4 perr=0.030 dq=[0.0, 0.066, -0.0, 0.0, -0.064, -0.0] base=[-0.465, 0.002, 0.123]
[r4-it] it=5 perr=0.030 dq=[0.0, 0.066, -0.0, 0.0, -0.064, -0.0] base=[-0.465, 0.002, 0.123]
[r4-it] it=0 perr=0.030 dq=[0.0, 0.066, -0.0, 0.0, -0.064, -0.0] base=[-0.465, 0.002, 0.123]
[r4-it] it=1 perr=0.030 dq=[0.0, 0.066, -0.0, 0.0, -0.064, -0.0] base=[-0.465, 0.002, 0.123]
[r4-it] it=2 perr=0.030 dq=[0.0, 0.066, -0.0, 0.0, -0.064, -0.0] base=[-0.465, 0.002, 0.123]
[r4-it] it=3 perr=0.030 dq=[0.0, 0.066, -0.0, 0.0, -0.064, -0.0] base=[-0.465, 0.002, 0.123]
[r4-it] it=4 perr=0.030 dq=[0.0, 0.066, -0.0, 0.0, -0.064, -0.0] base=[-0.465, 0.002, 0.123]
[r4-it] it=5 perr=0.030 dq=[0.0, 0.066, -0.0, 0.0, -0.064, -0.0] base=[-0.465, 0.002, 0.123]
[r4-it] it=0 perr=0.030 dq=[0.0, 0.066, -0.0, 0.0, -0.064, -0.0] base=[-0.465, 0.002, 0.123]
[r4-it] it=1 perr=0.030 dq=[0.0, 0.066, -0.0, 0.0, -0.064, -0.0] base=[-0.465, 0.002, 0.123]
[r4-it] it=2 perr=0.030 dq=[0.0, 0.066, -0.0, 0.0, -0.064, -0.0] base=[-0.465, 0.002, 0.123]
[r4-it] it=3 perr=0.030 dq=[0.0, 0.066, -0.0, 0.0, -0.064, -0.0] base=[-0.465, 0.002, 0.123]
[r4-it] it=4 perr=0.030 dq=[0.0, 0.066, -0.0, 0.0, -0.064, -0.0] base=[-0.465, 0.002, 0.123]
[r4-it] it=5 perr=0.030 dq=[0.0, 0.066, -0.0, 0.0, -0.064, -0.0] base=[-0.465, 0.002, 0.123]
[r4-it] it=0 perr=0.030 dq=[0.0, 0.066, -0.0, 0.0, -0.064, -0.0] base=[-0.465, 0.002, 0.123]
[r4-it] it=1 perr=0.030 dq=[0.0, 0.066, -0.0, 0.0, -0.064, -0.0] base=[-0.465, 0.002, 0.123]
[r4-it] it=2 perr=0.030 dq=[0.0, 0.066, -0.0, 0.0, -0.064, -0.0] base=[-0.465, 0.002, 0.123]
[r4-it] it=3 perr=0.030 dq=[-0.0, 0.066, -0.0, 0.0, -0.064, -0.0] base=[-0.465, 0.002, 0.123]
[r4-it] it=4 perr=0.030 dq=[-0.0, 0.066, -0.0, 0.0, -0.064, -0.0] base=[-0.465, 0.002, 0.123]
[r4-it] it=5 perr=0.030 dq=[-0.0, 0.066, -0.0, 0.0, -0.064, -0.0] base=[-0.465, 0.002, 0.123]
[r4-it] it=0 perr=0.030 dq=[-0.0, 0.066, -0.0, 0.0, -0.064, -0.0] base=[-0.465, 0.002, 0.123]
[r4-it] it=1 perr=0.030 dq=[-0.0, 0.066, -0.0, 0.0, -0.064, -0.0] base=[-0.465, 0.002, 0.123]
[r4-it] it=2 perr=0.030 dq=[-0.0, 0.066, -0.0, -0.0, -0.064, -0.0] base=[-0.465, 0.002, 0.123]
[r4-it] it=3 perr=0.030 dq=[-0.0, 0.066, -0.0, -0.0, -0.064, -0.0] base=[-0.465, 0.002, 0.123]
[r4-it] it=4 perr=0.030 dq=[-0.0, 0.066, -0.0, -0.0, -0.064, -0.0] base=[-0.465, 0.002, 0.123]
[r4-it] it=5 perr=0.030 dq=[-0.0, 0.066, -0.0, -0.0, -0.064, -0.0] base=[-0.465, 0.002, 0.123]
[r4-it] it=0 perr=0.030 dq=[-0.0, 0.066, -0.0, -0.0, -0.064, -0.0] base=[-0.465, 0.002, 0.123]
[r4-it] it=1 perr=0.030 dq=[-0.0, 0.066, -0.0, -0.0, -0.064, 0.0] base=[-0.465, 0.002, 0.123]
[r4-it] it=2 perr=0.030 dq=[-0.0, 0.066, -0.0, -0.0, -0.064, 0.0] base=[-0.465, 0.002, 0.123]
[r4-it] it=3 perr=0.030 dq=[-0.0, 0.066, -0.0, -0.0, -0.064, 0.0] base=[-0.465, 0.002, 0.123]
[r4-it] it=4 perr=0.030 dq=[-0.0, 0.066, -0.0, -0.0, -0.064, 0.0] base=[-0.465, 0.002, 0.123]
[r4-it] it=5 perr=0.030 dq=[-0.0, 0.066, -0.0, -0.0, -0.064, 0.0] base=[-0.465, 0.002, 0.123]
[r4-it] it=0 perr=0.030 dq=[-0.0, 0.066, -0.0, -0.0, -0.064, 0.0] base=[-0.465, 0.002, 0.123]
[r4-it] it=1 perr=0.030 dq=[-0.0, 0.066, -0.0, -0.0, -0.064, 0.0] base=[-0.465, 0.002, 0.123]
[r4-it] it=2 perr=0.030 dq=[-0.0, 0.066, -0.0, -0.0, -0.064, 0.0] base=[-0.465, 0.002, 0.123]
[r4-it] it=3 perr=0.030 dq=[-0.0, 0.066, -0.0, -0.0, -0.064, 0.0] base=[-0.465, 0.002, 0.123]
[r4-it] it=4 perr=0.030 dq=[-0.0, 0.066, -0.0, -0.0, -0.064, 0.0] base=[-0.465, 0.002, 0.123]
[r4-it] it=5 perr=0.030 dq=[-0.0, 0.066, -0.0, -0.0, -0.064, 0.0] base=[-0.465, 0.002, 0.123]
[r4-it] it=0 perr=0.030 dq=[-0.0, 0.066, -0.0, -0.0, -0.064, 0.0] base=[-0.465, 0.002, 0.123]
[r4-it] it=1 perr=0.030 dq=[-0.0, 0.066, -0.0, -0.0, -0.064, 0.0] base=[-0.465, 0.002, 0.123]
[r4-it] it=2 perr=0.030 dq=[-0.0, 0.066, -0.0, -0.0, -0.064, 0.0] base=[-0.465, 0.002, 0.123]
[r4-it] it=3 perr=0.030 dq=[-0.0, 0.066, -0.0, -0.0, -0.064, 0.0] base=[-0.465, 0.002, 0.123]
[r4-it] it=4 perr=0.030 dq=[-0.0, 0.066, -0.0, -0.0, -0.064, 0.0] base=[-0.465, 0.002, 0.123]
[r4-it] it=5 perr=0.030 dq=[-0.0, 0.066, -0.0, -0.0, -0.064, 0.0] base=[-0.465, 0.002, 0.123]
[r4-it] it=0 perr=0.030 dq=[-0.0, 0.066, -0.0, -0.0, -0.064, 0.0] base=[-0.465, 0.002, 0.123]
[r4-it] it=1 perr=0.030 dq=[-0.0, 0.066, -0.0, -0.0, -0.064, 0.0] base=[-0.465, 0.002, 0.123]
[r4-it] it=2 perr=0.030 dq=[-0.0, 0.066, -0.0, -0.0, -0.064, 0.0] base=[-0.465, 0.002, 0.123]
[r4-it] it=3 perr=0.030 dq=[-0.0, 0.066, -0.0, -0.0, -0.064, 0.0] base=[-0.465, 0.002, 0.123]
[r4-it] it=4 perr=0.030 dq=[-0.0, 0.066, -0.0, -0.0, -0.064, 0.0] base=[-0.465, 0.002, 0.123]
[r4-it] it=5 perr=0.030 dq=[-0.0, 0.066, -0.0, -0.0, -0.064, 0.0] base=[-0.465, 0.002, 0.123]
[r4-it] it=0 perr=0.030 dq=[-0.0, 0.066, -0.0, -0.0, -0.064, 0.0] base=[-0.465, 0.002, 0.123]
[r4-it] it=1 perr=0.030 dq=[-0.0, 0.066, -0.0, -0.0, -0.064, 0.0] base=[-0.465, 0.002, 0.123]
[r4-it] it=2 perr=0.030 dq=[-0.0, 0.066, -0.0, -0.0, -0.064, 0.0] base=[-0.465, 0.002, 0.123]
[r4-it] it=3 perr=0.030 dq=[-0.0, 0.066, -0.0, -0.0, -0.064, 0.0] base=[-0.465, 0.002, 0.123]
[r4-it] it=4 perr=0.030 dq=[-0.0, 0.066, -0.0, -0.0, -0.064, 0.0] base=[-0.465, 0.002, 0.123]
[r4-it] it=5 perr=0.030 dq=[-0.0, 0.066, -0.0, -0.0, -0.064, 0.0] base=[-0.465, 0.002, 0.123]
[r4-it] it=0 perr=0.030 dq=[-0.0, 0.066, -0.0, -0.0, -0.064, 0.0] base=[-0.465, 0.002, 0.123]
[r4-it] it=1 perr=0.030 dq=[-0.0, 0.066, -0.0, -0.0, -0.064, 0.0] base=[-0.465, 0.002, 0.123]
[r4-it] it=2 perr=0.030 dq=[-0.0, 0.066, -0.0, -0.0, -0.064, 0.0] base=[-0.465, 0.002, 0.123]
[r4-it] it=3 perr=0.030 dq=[-0.0, 0.066, -0.0, -0.0, -0.064, 0.0] base=[-0.465, 0.002, 0.123]
[r4-it] it=4 perr=0.030 dq=[-0.0, 0.066, -0.0, -0.0, -0.064, 0.0] base=[-0.465, 0.002, 0.123]
[r4-it] it=5 perr=0.030 dq=[-0.0, 0.066, -0.0, -0.0, -0.064, 0.0] base=[-0.465, 0.002, 0.123]
[r4-it] it=0 perr=0.030 dq=[-0.0, 0.066, -0.0, -0.0, -0.064, 0.0] base=[-0.465, 0.002, 0.123]
[r4-it] it=1 perr=0.030 dq=[-0.0, 0.066, -0.0, -0.0, -0.064, 0.0] base=[-0.465, 0.002, 0.123]
[r4-it] it=2 perr=0.030 dq=[-0.0, 0.066, -0.0, -0.0, -0.064, 0.0] base=[-0.465, 0.002, 0.123]
[r4-it] it=3 perr=0.030 dq=[-0.0, 0.066, -0.0, -0.0, -0.064, 0.0] base=[-0.465, 0.002, 0.123]
[r4-it] it=4 perr=0.030 dq=[-0.0, 0.066, -0.0, -0.0, -0.064, 0.0] base=[-0.465, 0.002, 0.123]
[r4-it] it=5 perr=0.030 dq=[-0.0, 0.066, -0.0, -0.0, -0.064, 0.0] base=[-0.465, 0.002, 0.123]
[r4-it] it=0 perr=0.030 dq=[-0.0, 0.066, -0.0, -0.0, -0.064, 0.0] base=[-0.465, 0.002, 0.123]
[r4-it] it=1 perr=0.030 dq=[-0.0, 0.066, -0.0, -0.0, -0.064, 0.0] base=[-0.465, 0.002, 0.123]
[r4-it] it=2 perr=0.030 dq=[-0.0, 0.066, -0.0, -0.0, -0.064, 0.0] base=[-0.465, 0.002, 0.123]
[r4-it] it=3 perr=0.030 dq=[-0.0, 0.066, -0.0, -0.0, -0.064, 0.0] base=[-0.465, 0.002, 0.123]
[r4-it] it=4 perr=0.030 dq=[-0.0, 0.066, -0.0, -0.0, -0.064, 0.0] base=[-0.465, 0.002, 0.123]
[r4-it] it=5 perr=0.030 dq=[-0.0, 0.066, -0.0, -0.0, -0.064, 0.0] base=[-0.465, 0.002, 0.123]
[r4-it] it=0 perr=0.030 dq=[-0.0, 0.066, -0.0, -0.0, -0.064, 0.0] base=[-0.465, 0.002, 0.123]
[r4-it] it=1 perr=0.030 dq=[-0.0, 0.066, -0.0, -0.0, -0.064, 0.0] base=[-0.465, 0.002, 0.123]
[r4-it] it=2 perr=0.030 dq=[-0.0, 0.066, -0.0, -0.0, -0.064, 0.0] base=[-0.465, 0.002, 0.123]
[r4-it] it=3 perr=0.030 dq=[-0.0, 0.066, -0.0, -0.0, -0.064, 0.0] base=[-0.465, 0.002, 0.123]
[r4-it] it=4 perr=0.030 dq=[0.0, 0.066, -0.0, -0.0, -0.064, 0.0] base=[-0.465, 0.002, 0.123]
[r4-it] it=5 perr=0.030 dq=[0.0, 0.066, -0.0, -0.0, -0.064, 0.0] base=[-0.465, 0.002, 0.123]
[r4-it] it=0 perr=0.030 dq=[-0.0, 0.066, -0.0, -0.0, -0.063, 0.0] base=[-0.465, 0.002, 0.123]
[r4-it] it=1 perr=0.030 dq=[0.0, 0.066, -0.0, -0.0, -0.063, 0.0] base=[-0.465, 0.002, 0.123]
[r4-it] it=2 perr=0.030 dq=[0.0, 0.066, -0.0, -0.0, -0.063, 0.0] base=[-0.465, 0.002, 0.123]
[r4-it] it=3 perr=0.030 dq=[0.0, 0.066, -0.0, 0.0, -0.063, 0.0] base=[-0.465, 0.002, 0.123]
[r4-it] it=4 perr=0.030 dq=[0.0, 0.066, -0.0, 0.0, -0.063, 0.0] base=[-0.465, 0.002, 0.123]
[r4-it] it=5 perr=0.030 dq=[0.0, 0.066, -0.0, 0.0, -0.063, 0.0] base=[-0.465, 0.002, 0.123]
[r4-it] it=0 perr=0.030 dq=[0.0, 0.066, -0.0, 0.0, -0.063, 0.0] base=[-0.465, 0.002, 0.123]
[r4-it] it=1 perr=0.030 dq=[0.0, 0.066, -0.0, 0.0, -0.063, 0.0] base=[-0.465, 0.002, 0.123]
[r4-it] it=2 perr=0.030 dq=[0.0, 0.066, -0.0, 0.0, -0.063, 0.0] base=[-0.465, 0.002, 0.123]
[r4-it] it=3 perr=0.030 dq=[0.0, 0.066, -0.0, 0.0, -0.063, 0.0] base=[-0.465, 0.002, 0.123]
[r4-it] it=4 perr=0.030 dq=[0.0, 0.066, -0.0, 0.0, -0.063, -0.0] base=[-0.465, 0.002, 0.123]
[r4-it] it=5 perr=0.030 dq=[0.0, 0.066, -0.0, 0.0, -0.063, -0.0] base=[-0.465, 0.002, 0.123]
[r4-it] it=0 perr=0.030 dq=[0.0, 0.066, -0.0, 0.0, -0.063, -0.0] base=[-0.465, 0.002, 0.123]
[r4-it] it=1 perr=0.030 dq=[0.0, 0.066, -0.0, 0.0, -0.063, -0.0] base=[-0.465, 0.002, 0.123]
[r4-it] it=2 perr=0.030 dq=[0.0, 0.066, -0.0, 0.0, -0.063, -0.0] base=[-0.465, 0.002, 0.123]
[r4-it] it=3 perr=0.030 dq=[0.0, 0.066, -0.0, 0.0, -0.063, -0.0] base=[-0.465, 0.002, 0.123]
[r4-it] it=4 perr=0.030 dq=[0.0, 0.066, -0.0, 0.0, -0.063, -0.0] base=[-0.465, 0.002, 0.123]
[r4-it] it=5 perr=0.030 dq=[0.0, 0.066, -0.0, 0.0, -0.063, -0.0] base=[-0.465, 0.002, 0.123]
[r4-it] it=0 perr=0.030 dq=[0.0, 0.066, -0.0, 0.0, -0.063, -0.0] base=[-0.465, 0.002, 0.123]
[r4-it] it=1 perr=0.030 dq=[0.0, 0.066, -0.0, 0.0, -0.063, -0.0] base=[-0.465, 0.002, 0.123]
[r4-it] it=2 perr=0.030 dq=[0.0, 0.066, -0.0, 0.0, -0.063, -0.0] base=[-0.465, 0.002, 0.123]
[r4-it] it=3 perr=0.030 dq=[0.0, 0.066, -0.0, 0.0, -0.063, -0.0] base=[-0.465, 0.002, 0.123]
[r4-it] it=4 perr=0.030 dq=[0.0, 0.066, -0.0, 0.0, -0.063, -0.0] base=[-0.465, 0.002, 0.123]
[r4-it] it=5 perr=0.030 dq=[0.0, 0.066, -0.0, 0.0, -0.063, -0.0] base=[-0.465, 0.002, 0.123]
[r4-it] it=0 perr=0.030 dq=[0.0, 0.066, -0.0, 0.0, -0.063, -0.0] base=[-0.465, 0.002, 0.123]
[r4-it] it=1 perr=0.030 dq=[0.0, 0.066, -0.0, 0.0, -0.063, -0.0] base=[-0.465, 0.002, 0.123]
[r4-it] it=2 perr=0.030 dq=[0.0, 0.066, -0.0, 0.0, -0.063, -0.0] base=[-0.465, 0.002, 0.123]
[r4-it] it=3 perr=0.030 dq=[0.0, 0.066, -0.0, 0.0, -0.063, -0.0] base=[-0.465, 0.002, 0.123]
[r4-it] it=4 perr=0.030 dq=[0.0, 0.066, -0.0, 0.0, -0.063, -0.0] base=[-0.465, 0.002, 0.123]
[r4-it] it=5 perr=0.030 dq=[0.0, 0.066, -0.0, 0.0, -0.063, -0.0] base=[-0.465, 0.002, 0.123]
[r4-it] it=0 perr=0.030 dq=[0.0, 0.066, -0.0, 0.0, -0.063, -0.0] base=[-0.465, 0.002, 0.123]
[r4-it] it=1 perr=0.030 dq=[0.0, 0.066, -0.0, 0.0, -0.063, -0.0] base=[-0.465, 0.002, 0.123]
[r4-it] it=2 perr=0.030 dq=[0.0, 0.066, -0.0, 0.0, -0.063, -0.0] base=[-0.465, 0.002, 0.123]
[r4-it] it=3 perr=0.030 dq=[0.0, 0.066, -0.0, 0.0, -0.063, -0.0] base=[-0.465, 0.002, 0.123]
[r4-it] it=4 perr=0.030 dq=[0.0, 0.066, -0.0, 0.0, -0.063, -0.0] base=[-0.465, 0.002, 0.123]
[r4-it] it=5 perr=0.030 dq=[0.0, 0.066, -0.0, 0.0, -0.063, -0.0] base=[-0.465, 0.002, 0.123]
[r4-it] it=0 perr=0.030 dq=[0.0, 0.066, -0.0, 0.0, -0.063, -0.0] base=[-0.465, 0.002, 0.123]
[r4-it] it=1 perr=0.030 dq=[0.0, 0.066, -0.0, 0.0, -0.063, -0.0] base=[-0.465, 0.002, 0.123]
[r4-it] it=2 perr=0.030 dq=[0.0, 0.066, -0.0, 0.0, -0.063, -0.0] base=[-0.465, 0.002, 0.123]
[r4-it] it=3 perr=0.030 dq=[0.0, 0.066, -0.0, 0.0, -0.063, -0.0] base=[-0.465, 0.002, 0.123]
[r4-it] it=4 perr=0.030 dq=[0.0, 0.066, -0.0, 0.0, -0.063, -0.0] base=[-0.465, 0.002, 0.123]
[r4-it] it=5 perr=0.030 dq=[0.0, 0.066, -0.0, 0.0, -0.063, -0.0] base=[-0.465, 0.002, 0.123]
[r4-it] it=0 perr=0.030 dq=[0.0, 0.066, -0.0, 0.0, -0.063, -0.0] base=[-0.465, 0.002, 0.123]
[r4-it] it=1 perr=0.030 dq=[0.0, 0.066, -0.0, 0.0, -0.063, -0.0] base=[-0.465, 0.002, 0.123]
[r4-it] it=2 perr=0.030 dq=[0.0, 0.066, -0.0, 0.0, -0.063, -0.0] base=[-0.465, 0.002, 0.123]
[r4-it] it=3 perr=0.030 dq=[0.0, 0.066, -0.0, 0.0, -0.063, -0.0] base=[-0.465, 0.002, 0.123]
[r4-it] it=4 perr=0.030 dq=[0.0, 0.066, -0.0, 0.0, -0.063, -0.0] base=[-0.465, 0.002, 0.123]
[r4-it] it=5 perr=0.030 dq=[0.0, 0.066, -0.0, 0.0, -0.063, -0.0] base=[-0.465, 0.002, 0.123]
[r4-it] it=0 perr=0.030 dq=[0.0, 0.066, -0.0, 0.0, -0.063, -0.0] base=[-0.465, 0.002, 0.123]
[r4-it] it=1 perr=0.030 dq=[0.0, 0.066, -0.0, 0.0, -0.063, -0.0] base=[-0.465, 0.002, 0.123]
[r4-it] it=2 perr=0.030 dq=[0.0, 0.066, -0.0, 0.0, -0.063, -0.0] base=[-0.465, 0.002, 0.123]
[r4-it] it=3 perr=0.030 dq=[0.0, 0.066, -0.0, 0.0, -0.063, -0.0] base=[-0.465, 0.002, 0.123]
[r4-it] it=4 perr=0.030 dq=[0.0, 0.066, -0.0, 0.0, -0.063, -0.0] base=[-0.465, 0.002, 0.123]
[r4-it] it=5 perr=0.030 dq=[0.0, 0.066, -0.0, 0.0, -0.063, -0.0] base=[-0.465, 0.002, 0.123]
[r4-it] it=0 perr=0.030 dq=[0.0, 0.066, -0.0, 0.0, -0.063, -0.0] base=[-0.465, 0.002, 0.123]
[r4-it] it=1 perr=0.030 dq=[0.0, 0.066, -0.0, 0.0, -0.063, -0.0] base=[-0.465, 0.002, 0.123]
[r4-it] it=2 perr=0.030 dq=[0.0, 0.066, -0.0, 0.0, -0.063, -0.0] base=[-0.465, 0.002, 0.123]
[r4-it] it=3 perr=0.030 dq=[0.0, 0.066, -0.0, 0.0, -0.063, -0.0] base=[-0.465, 0.002, 0.123]
[r4-it] it=4 perr=0.030 dq=[0.0, 0.066, -0.0, 0.0, -0.063, -0.0] base=[-0.465, 0.002, 0.123]
[r4-it] it=5 perr=0.030 dq=[-0.0, 0.066, -0.0, 0.0, -0.063, -0.0] base=[-0.465, 0.002, 0.123]
[r4-it] it=0 perr=0.030 dq=[0.0, 0.066, -0.0, 0.0, -0.063, -0.0] base=[-0.465, 0.002, 0.123]
[r4-it] it=1 perr=0.030 dq=[0.0, 0.066, -0.0, 0.0, -0.063, -0.0] base=[-0.465, 0.002, 0.123]
[r4-it] it=2 perr=0.030 dq=[-0.0, 0.066, -0.0, 0.0, -0.063, -0.0] base=[-0.465, 0.002, 0.123]
[r4-it] it=3 perr=0.030 dq=[-0.0, 0.066, -0.0, 0.0, -0.063, -0.0] base=[-0.465, 0.002, 0.123]
[r4-it] it=4 perr=0.030 dq=[-0.0, 0.066, -0.0, 0.0, -0.063, -0.0] base=[-0.465, 0.002, 0.123]
[r4-it] it=5 perr=0.030 dq=[-0.0, 0.066, -0.0, -0.0, -0.063, -0.0] base=[-0.465, 0.002, 0.123]
[r4-it] it=0 perr=0.030 dq=[-0.0, 0.066, -0.0, -0.0, -0.063, -0.0] base=[-0.465, 0.002, 0.123]
[r4-it] it=1 perr=0.030 dq=[-0.0, 0.066, -0.0, -0.0, -0.063, -0.0] base=[-0.465, 0.002, 0.123]
[r4-it] it=2 perr=0.030 dq=[-0.0, 0.066, -0.0, -0.0, -0.063, -0.0] base=[-0.465, 0.002, 0.123]
[r4-it] it=3 perr=0.030 dq=[-0.0, 0.066, -0.0, -0.0, -0.063, -0.0] base=[-0.465, 0.002, 0.123]
[r4-it] it=4 perr=0.030 dq=[-0.0, 0.066, -0.0, -0.0, -0.063, 0.0] base=[-0.465, 0.002, 0.123]
[r4-it] it=5 perr=0.030 dq=[-0.0, 0.066, -0.0, -0.0, -0.063, 0.0] base=[-0.465, 0.002, 0.123]
[r4-it] it=0 perr=0.030 dq=[-0.0, 0.066, -0.0, -0.0, -0.063, 0.0] base=[-0.465, 0.002, 0.123]
[r4-it] it=1 perr=0.030 dq=[-0.0, 0.066, -0.0, -0.0, -0.063, 0.0] base=[-0.465, 0.002, 0.123]
[r4-it] it=2 perr=0.030 dq=[-0.0, 0.066, -0.0, -0.0, -0.063, 0.0] base=[-0.465, 0.002, 0.123]
[r4-it] it=3 perr=0.030 dq=[-0.0, 0.066, -0.0, -0.0, -0.063, 0.0] base=[-0.465, 0.002, 0.123]
[r4-it] it=4 perr=0.030 dq=[-0.0, 0.066, -0.0, -0.0, -0.063, 0.0] base=[-0.465, 0.002, 0.123]
[r4-it] it=5 perr=0.030 dq=[-0.0, 0.066, -0.0, -0.0, -0.063, 0.0] base=[-0.465, 0.002, 0.123]
[r4-it] it=0 perr=0.030 dq=[-0.0, 0.066, -0.0, -0.0, -0.063, 0.0] base=[-0.465, 0.002, 0.123]
[r4-it] it=1 perr=0.030 dq=[-0.0, 0.066, -0.0, -0.0, -0.063, 0.0] base=[-0.465, 0.002, 0.123]
[r4-it] it=2 perr=0.030 dq=[-0.0, 0.066, -0.0, -0.0, -0.063, 0.0] base=[-0.465, 0.002, 0.123]
[r4-it] it=3 perr=0.030 dq=[-0.0, 0.066, -0.0, -0.0, -0.063, 0.0] base=[-0.465, 0.002, 0.123]
[r4-it] it=4 perr=0.030 dq=[-0.0, 0.066, -0.0, -0.0, -0.063, 0.0] base=[-0.465, 0.002, 0.123]
[r4-it] it=5 perr=0.030 dq=[-0.0, 0.066, -0.0, -0.0, -0.063, 0.0] base=[-0.465, 0.002, 0.123]
[r4-it] it=0 perr=0.030 dq=[-0.0, 0.066, -0.0, -0.0, -0.063, 0.0] base=[-0.465, 0.002, 0.123]
[r4-it] it=1 perr=0.030 dq=[-0.0, 0.066, -0.0, -0.0, -0.063, 0.0] base=[-0.465, 0.002, 0.123]
[r4-it] it=2 perr=0.030 dq=[-0.0, 0.066, -0.0, -0.0, -0.063, 0.0] base=[-0.465, 0.002, 0.123]
[r4-it] it=3 perr=0.030 dq=[-0.0, 0.066, -0.0, -0.0, -0.063, 0.0] base=[-0.465, 0.002, 0.123]
[r4-it] it=4 perr=0.030 dq=[-0.0, 0.066, -0.0, -0.0, -0.063, 0.0] base=[-0.465, 0.002, 0.123]
[r4-it] it=5 perr=0.030 dq=[-0.0, 0.066, -0.0, -0.0, -0.063, 0.0] base=[-0.465, 0.002, 0.123]
[r4-it] it=0 perr=0.030 dq=[-0.0, 0.066, -0.0, -0.0, -0.063, 0.0] base=[-0.465, 0.002, 0.123]
[r4-it] it=1 perr=0.030 dq=[-0.0, 0.066, -0.0, -0.0, -0.063, 0.0] base=[-0.465, 0.002, 0.123]
[r4-it] it=2 perr=0.030 dq=[-0.0, 0.066, 0.0, -0.0, -0.063, 0.0] base=[-0.465, 0.002, 0.123]
[r4-it] it=3 perr=0.030 dq=[-0.0, 0.066, 0.0, -0.0, -0.063, 0.0] base=[-0.465, 0.002, 0.123]
[r4-it] it=4 perr=0.030 dq=[-0.0, 0.066, -0.0, -0.0, -0.063, 0.0] base=[-0.465, 0.002, 0.123]
[r4-it] it=5 perr=0.030 dq=[-0.0, 0.066, 0.0, -0.0, -0.063, 0.0] base=[-0.465, 0.002, 0.123]
[r4-it] it=0 perr=0.030 dq=[-0.0, 0.066, -0.0, -0.0, -0.063, 0.0] base=[-0.465, 0.002, 0.123]
[r4-it] it=1 perr=0.030 dq=[-0.0, 0.066, 0.0, -0.0, -0.063, 0.0] base=[-0.465, 0.002, 0.123]
[r4-it] it=2 perr=0.030 dq=[-0.0, 0.066, 0.0, -0.0, -0.063, 0.0] base=[-0.465, 0.002, 0.123]
[r4-it] it=3 perr=0.030 dq=[-0.0, 0.066, 0.0, -0.0, -0.063, 0.0] base=[-0.465, 0.002, 0.123]
[r4-it] it=4 perr=0.030 dq=[-0.0, 0.066, 0.0, -0.0, -0.063, 0.0] base=[-0.465, 0.002, 0.123]
[r4-it] it=5 perr=0.030 dq=[-0.0, 0.066, 0.0, -0.0, -0.063, 0.0] base=[-0.465, 0.002, 0.123]
[r4-it] it=0 perr=0.030 dq=[-0.0, 0.066, 0.0, -0.0, -0.063, 0.0] base=[-0.465, 0.002, 0.123]
[r4-it] it=1 perr=0.030 dq=[-0.0, 0.066, 0.0, -0.0, -0.063, 0.0] base=[-0.465, 0.002, 0.123]
[r4-it] it=2 perr=0.030 dq=[-0.0, 0.066, 0.0, -0.0, -0.063, 0.0] base=[-0.465, 0.002, 0.123]
[r4-it] it=3 perr=0.030 dq=[-0.0, 0.066, 0.0, -0.0, -0.063, 0.0] base=[-0.465, 0.002, 0.123]
[r4-it] it=4 perr=0.030 dq=[-0.0, 0.066, 0.0, -0.0, -0.063, 0.0] base=[-0.465, 0.002, 0.123]
[r4-it] it=5 perr=0.030 dq=[-0.0, 0.066, 0.0, -0.0, -0.063, 0.0] base=[-0.465, 0.002, 0.123]
[r4-it] it=0 perr=0.030 dq=[-0.0, 0.066, 0.0, -0.0, -0.063, 0.0] base=[-0.465, 0.002, 0.123]
[r4-it] it=1 perr=0.030 dq=[-0.0, 0.066, 0.0, -0.0, -0.063, 0.0] base=[-0.465, 0.002, 0.123]
[r4-it] it=2 perr=0.030 dq=[-0.0, 0.066, 0.0, -0.0, -0.063, 0.0] base=[-0.465, 0.002, 0.123]
[r4-it] it=3 perr=0.030 dq=[-0.0, 0.066, 0.0, -0.0, -0.063, 0.0] base=[-0.465, 0.002, 0.123]
[r4-it] it=4 perr=0.030 dq=[-0.0, 0.066, 0.0, -0.0, -0.063, 0.0] base=[-0.465, 0.002, 0.123]
[r4-it] it=5 perr=0.030 dq=[-0.0, 0.066, 0.0, -0.0, -0.063, 0.0] base=[-0.465, 0.002, 0.123]
[r4-it] it=0 perr=0.030 dq=[-0.0, 0.066, 0.0, -0.0, -0.063, 0.0] base=[-0.465, 0.002, 0.123]
[r4-it] it=1 perr=0.030 dq=[-0.0, 0.066, 0.0, -0.0, -0.063, 0.0] base=[-0.465, 0.002, 0.123]
[r4-it] it=2 perr=0.030 dq=[-0.0, 0.066, 0.0, -0.0, -0.063, 0.0] base=[-0.465, 0.002, 0.123]
[r4-it] it=3 perr=0.030 dq=[-0.0, 0.066, 0.0, -0.0, -0.063, 0.0] base=[-0.465, 0.002, 0.123]
[r4-it] it=4 perr=0.030 dq=[-0.0, 0.066, 0.0, -0.0, -0.063, 0.0] base=[-0.465, 0.002, 0.123]
[r4-it] it=5 perr=0.030 dq=[-0.0, 0.066, 0.0, -0.0, -0.063, 0.0] base=[-0.465, 0.002, 0.123]
[r4-it] it=0 perr=0.030 dq=[-0.0, 0.066, 0.0, -0.0, -0.063, 0.0] base=[-0.465, 0.002, 0.123]
[r4-it] it=1 perr=0.030 dq=[-0.0, 0.066, 0.0, -0.0, -0.063, 0.0] base=[-0.465, 0.002, 0.123]
[r4-it] it=2 perr=0.030 dq=[-0.0, 0.066, 0.0, -0.0, -0.063, 0.0] base=[-0.465, 0.002, 0.123]
[r4-it] it=3 perr=0.030 dq=[0.0, 0.066, 0.0, -0.0, -0.063, 0.0] base=[-0.465, 0.002, 0.123]
[r4-it] it=4 perr=0.030 dq=[0.0, 0.066, 0.0, -0.0, -0.063, 0.0] base=[-0.465, 0.002, 0.123]
[r4-it] it=5 perr=0.030 dq=[0.0, 0.066, 0.0, -0.0, -0.063, 0.0] base=[-0.465, 0.002, 0.123]
[r4-it] it=0 perr=0.030 dq=[0.0, 0.066, 0.0, -0.0, -0.063, 0.0] base=[-0.465, 0.002, 0.123]
[r4-it] it=1 perr=0.030 dq=[0.0, 0.066, 0.0, -0.0, -0.063, 0.0] base=[-0.465, 0.002, 0.123]
[r4-it] it=2 perr=0.030 dq=[0.0, 0.066, 0.0, 0.0, -0.063, 0.0] base=[-0.465, 0.002, 0.123]
[r4-it] it=3 perr=0.030 dq=[0.0, 0.066, 0.0, 0.0, -0.063, 0.0] base=[-0.465, 0.002, 0.123]
[r4-it] it=4 perr=0.030 dq=[0.0, 0.066, 0.0, 0.0, -0.063, 0.0] base=[-0.465, 0.002, 0.123]
[r4-it] it=5 perr=0.030 dq=[0.0, 0.066, 0.0, 0.0, -0.063, 0.0] base=[-0.465, 0.002, 0.123]
[r4-it] it=0 perr=0.030 dq=[0.0, 0.066, 0.0, 0.0, -0.063, 0.0] base=[-0.465, 0.002, 0.123]
[r4-it] it=1 perr=0.030 dq=[0.0, 0.066, 0.0, 0.0, -0.063, 0.0] base=[-0.465, 0.002, 0.123]
[r4-it] it=2 perr=0.030 dq=[0.0, 0.066, 0.0, 0.0, -0.063, 0.0] base=[-0.465, 0.002, 0.123]
[r4-it] it=3 perr=0.030 dq=[0.0, 0.066, 0.0, 0.0, -0.063, 0.0] base=[-0.465, 0.002, 0.123]
[r4-it] it=4 perr=0.030 dq=[0.0, 0.066, 0.0, 0.0, -0.063, 0.0] base=[-0.465, 0.002, 0.123]
[r4-it] it=5 perr=0.030 dq=[0.0, 0.066, 0.0, 0.0, -0.063, 0.0] base=[-0.465, 0.002, 0.123]
[r4-it] it=0 perr=0.030 dq=[0.0, 0.066, 0.0, 0.0, -0.063, 0.0] base=[-0.465, 0.002, 0.123]
[r4-it] it=1 perr=0.030 dq=[0.0, 0.066, 0.0, 0.0, -0.063, 0.0] base=[-0.465, 0.002, 0.123]
[r4-it] it=2 perr=0.030 dq=[0.0, 0.066, 0.0, 0.0, -0.063, -0.0] base=[-0.465, 0.002, 0.123]
[r4-it] it=3 perr=0.030 dq=[0.0, 0.066, 0.0, 0.0, -0.063, -0.0] base=[-0.465, 0.002, 0.123]
[r4-it] it=4 perr=0.030 dq=[0.0, 0.066, 0.0, 0.0, -0.063, -0.0] base=[-0.465, 0.002, 0.123]
[r4-it] it=5 perr=0.030 dq=[0.0, 0.066, 0.0, 0.0, -0.063, -0.0] base=[-0.465, 0.002, 0.123]
[r4-it] it=0 perr=0.030 dq=[0.0, 0.066, 0.0, 0.0, -0.063, -0.0] base=[-0.465, 0.002, 0.123]
[r4-it] it=1 perr=0.030 dq=[0.0, 0.066, 0.0, 0.0, -0.063, -0.0] base=[-0.465, 0.002, 0.123]
[r4-it] it=2 perr=0.030 dq=[0.0, 0.066, 0.0, 0.0, -0.063, -0.0] base=[-0.465, 0.002, 0.123]
[r4-it] it=3 perr=0.030 dq=[0.0, 0.066, 0.0, 0.0, -0.063, -0.0] base=[-0.465, 0.002, 0.123]
[r4-it] it=4 perr=0.030 dq=[0.0, 0.066, 0.0, 0.0, -0.063, -0.0] base=[-0.465, 0.002, 0.123]
[r4-it] it=5 perr=0.030 dq=[0.0, 0.066, 0.0, 0.0, -0.063, -0.0] base=[-0.465, 0.002, 0.123]
[r4-it] it=0 perr=0.030 dq=[0.0, 0.066, 0.0, 0.0, -0.063, -0.0] base=[-0.465, 0.002, 0.123]
[r4-it] it=1 perr=0.030 dq=[0.0, 0.066, 0.0, 0.0, -0.063, -0.0] base=[-0.465, 0.002, 0.123]
[r4-it] it=2 perr=0.030 dq=[0.0, 0.066, 0.0, 0.0, -0.063, -0.0] base=[-0.465, 0.002, 0.123]
[r4-it] it=3 perr=0.030 dq=[0.0, 0.066, 0.0, 0.0, -0.063, -0.0] base=[-0.465, 0.002, 0.123]
[r4-it] it=4 perr=0.030 dq=[0.0, 0.066, 0.0, 0.0, -0.063, -0.0] base=[-0.465, 0.002, 0.123]
[r4-it] it=5 perr=0.030 dq=[0.0, 0.066, 0.0, 0.0, -0.063, -0.0] base=[-0.465, 0.002, 0.123]
[r4-it] it=0 perr=0.030 dq=[0.0, 0.066, 0.0, 0.0, -0.063, -0.0] base=[-0.465, 0.002, 0.123]
[r4-it] it=1 perr=0.030 dq=[0.0, 0.066, 0.0, 0.0, -0.063, -0.0] base=[-0.465, 0.002, 0.123]
[r4-it] it=2 perr=0.030 dq=[0.0, 0.066, 0.0, 0.0, -0.063, -0.0] base=[-0.465, 0.002, 0.123]
[r4-it] it=3 perr=0.030 dq=[0.0, 0.066, 0.0, 0.0, -0.063, -0.0] base=[-0.465, 0.002, 0.123]
[r4-it] it=4 perr=0.030 dq=[0.0, 0.066, 0.0, 0.0, -0.063, -0.0] base=[-0.465, 0.002, 0.123]
[r4-it] it=5 perr=0.030 dq=[0.0, 0.066, 0.0, 0.0, -0.063, -0.0] base=[-0.465, 0.002, 0.123]
[r4-it] it=0 perr=0.030 dq=[0.0, 0.066, 0.0, 0.0, -0.063, -0.0] base=[-0.465, 0.002, 0.123]
[r4-it] it=1 perr=0.030 dq=[0.0, 0.066, 0.0, 0.0, -0.063, -0.0] base=[-0.465, 0.002, 0.123]
[r4-it] it=2 perr=0.030 dq=[0.0, 0.066, 0.0, 0.0, -0.063, -0.0] base=[-0.465, 0.002, 0.123]
[r4-it] it=3 perr=0.030 dq=[0.0, 0.066, 0.0, 0.0, -0.063, -0.0] base=[-0.465, 0.002, 0.123]
[r4-it] it=4 perr=0.030 dq=[0.0, 0.066, 0.0, 0.0, -0.063, -0.0] base=[-0.465, 0.002, 0.123]
[r4-it] it=5 perr=0.030 dq=[0.0, 0.066, 0.0, 0.0, -0.063, -0.0] base=[-0.465, 0.002, 0.123]
[r4-it] it=0 perr=0.030 dq=[0.0, 0.066, 0.0, 0.0, -0.063, -0.0] base=[-0.465, 0.002, 0.123]
[r4-it] it=1 perr=0.030 dq=[0.0, 0.066, 0.0, 0.0, -0.063, -0.0] base=[-0.465, 0.002, 0.123]
[r4-it] it=2 perr=0.030 dq=[0.0, 0.066, 0.0, 0.0, -0.063, -0.0] base=[-0.465, 0.002, 0.123]
[r4-it] it=3 perr=0.030 dq=[0.0, 0.066, 0.0, 0.0, -0.063, -0.0] base=[-0.465, 0.002, 0.123]
[r4-it] it=4 perr=0.030 dq=[0.0, 0.066, 0.0, 0.0, -0.063, -0.0] base=[-0.465, 0.002, 0.123]
[r4-it] it=5 perr=0.030 dq=[0.0, 0.066, 0.0, 0.0, -0.063, -0.0] base=[-0.465, 0.002, 0.123]
[r4-it] it=0 perr=0.030 dq=[0.0, 0.066, 0.0, 0.0, -0.063, -0.0] base=[-0.465, 0.002, 0.123]
[r4-it] it=1 perr=0.030 dq=[0.0, 0.066, 0.0, 0.0, -0.063, -0.0] base=[-0.465, 0.002, 0.123]
[r4-it] it=2 perr=0.030 dq=[0.0, 0.066, 0.0, 0.0, -0.063, -0.0] base=[-0.465, 0.002, 0.123]
[r4-it] it=3 perr=0.030 dq=[0.0, 0.066, 0.0, 0.0, -0.063, -0.0] base=[-0.465, 0.002, 0.123]
[r4-it] it=4 perr=0.030 dq=[0.0, 0.066, 0.0, 0.0, -0.063, -0.0] base=[-0.465, 0.002, 0.123]
[r4-it] it=5 perr=0.030 dq=[-0.0, 0.066, 0.0, 0.0, -0.063, -0.0] base=[-0.465, 0.002, 0.123]
[r4-it] it=0 perr=0.030 dq=[0.0, 0.066, 0.0, 0.0, -0.063, -0.0] base=[-0.465, 0.002, 0.123]
[r4-it] it=1 perr=0.030 dq=[0.0, 0.066, 0.0, 0.0, -0.063, -0.0] base=[-0.465, 0.002, 0.123]
[r4-it] it=2 perr=0.030 dq=[0.0, 0.066, 0.0, 0.0, -0.063, -0.0] base=[-0.465, 0.002, 0.123]
[r4-it] it=3 perr=0.030 dq=[-0.0, 0.066, 0.0, 0.0, -0.063, -0.0] base=[-0.465, 0.002, 0.123]
[r4-it] it=4 perr=0.030 dq=[-0.0, 0.066, 0.0, 0.0, -0.063, -0.0] base=[-0.465, 0.002, 0.123]
[r4-it] it=5 perr=0.030 dq=[-0.0, 0.066, 0.0, 0.0, -0.063, -0.0] base=[-0.465, 0.002, 0.123]
[r4-it] it=0 perr=0.030 dq=[0.0, 0.066, 0.0, 0.0, -0.063, -0.0] base=[-0.465, 0.002, 0.123]
[r4-it] it=1 perr=0.030 dq=[-0.0, 0.066, 0.0, 0.0, -0.063, -0.0] base=[-0.465, 0.002, 0.123]
[r4-it] it=2 perr=0.030 dq=[-0.0, 0.066, 0.0, 0.0, -0.063, -0.0] base=[-0.465, 0.002, 0.123]
[r4-it] it=3 perr=0.030 dq=[-0.0, 0.066, 0.0, 0.0, -0.063, -0.0] base=[-0.465, 0.002, 0.123]
[r4-it] it=4 perr=0.030 dq=[-0.0, 0.066, 0.0, 0.0, -0.063, -0.0] base=[-0.465, 0.002, 0.123]
[r4-it] it=5 perr=0.030 dq=[-0.0, 0.066, 0.0, 0.0, -0.063, -0.0] base=[-0.465, 0.002, 0.123]
[r4-it] it=0 perr=0.030 dq=[-0.0, 0.066, 0.0, -0.0, -0.063, -0.0] base=[-0.465, 0.002, 0.123]
[r4-it] it=1 perr=0.030 dq=[-0.0, 0.066, 0.0, -0.0, -0.063, -0.0] base=[-0.465, 0.002, 0.123]
[r4-it] it=2 perr=0.030 dq=[-0.0, 0.066, 0.0, -0.0, -0.063, -0.0] base=[-0.465, 0.002, 0.123]
[r4-it] it=3 perr=0.030 dq=[-0.0, 0.066, 0.0, -0.0, -0.063, -0.0] base=[-0.465, 0.002, 0.123]
[r4-it] it=4 perr=0.030 dq=[-0.0, 0.066, 0.0, -0.0, -0.063, -0.0] base=[-0.465, 0.002, 0.123]
[r4-it] it=5 perr=0.030 dq=[-0.0, 0.066, 0.0, -0.0, -0.063, -0.0] base=[-0.465, 0.002, 0.123]
[r4-it] it=0 perr=0.030 dq=[-0.0, 0.066, 0.0, -0.0, -0.063, -0.0] base=[-0.465, 0.002, 0.123]
[r4-it] it=1 perr=0.030 dq=[-0.0, 0.066, 0.0, -0.0, -0.063, -0.0] base=[-0.465, 0.002, 0.123]
[r4-it] it=2 perr=0.030 dq=[-0.0, 0.066, 0.0, -0.0, -0.063, -0.0] base=[-0.465, 0.002, 0.123]
[r4-it] it=3 perr=0.030 dq=[-0.0, 0.066, 0.0, -0.0, -0.063, -0.0] base=[-0.465, 0.002, 0.123]
[r4-it] it=4 perr=0.030 dq=[-0.0, 0.066, 0.0, -0.0, -0.063, -0.0] base=[-0.465, 0.002, 0.123]
[r4-it] it=5 perr=0.030 dq=[-0.0, 0.066, 0.0, -0.0, -0.063, -0.0] base=[-0.465, 0.002, 0.123]
[r4-it] it=0 perr=0.030 dq=[-0.0, 0.066, 0.0, -0.0, -0.063, -0.0] base=[-0.465, 0.002, 0.123]
[r4-it] it=1 perr=0.030 dq=[-0.0, 0.066, 0.0, -0.0, -0.063, -0.0] base=[-0.465, 0.002, 0.123]
[r4-it] it=2 perr=0.030 dq=[-0.0, 0.066, 0.0, -0.0, -0.063, -0.0] base=[-0.465, 0.002, 0.123]
[r4-it] it=3 perr=0.030 dq=[-0.0, 0.066, 0.0, -0.0, -0.063, -0.0] base=[-0.465, 0.002, 0.123]
[r4-it] it=4 perr=0.030 dq=[-0.0, 0.066, 0.0, -0.0, -0.063, -0.0] base=[-0.465, 0.002, 0.123]
[r4-it] it=5 perr=0.030 dq=[-0.0, 0.066, 0.0, -0.0, -0.063, -0.0] base=[-0.465, 0.002, 0.123]
[r4-it] it=0 perr=0.030 dq=[-0.0, 0.066, 0.0, -0.0, -0.063, -0.0] base=[-0.465, 0.002, 0.123]
[r4-it] it=1 perr=0.030 dq=[-0.0, 0.066, 0.0, -0.0, -0.063, -0.0] base=[-0.465, 0.002, 0.123]
[r4-it] it=2 perr=0.030 dq=[-0.0, 0.066, 0.0, -0.0, -0.063, -0.0] base=[-0.465, 0.002, 0.123]
[r4-it] it=3 perr=0.030 dq=[-0.0, 0.066, 0.0, -0.0, -0.063, -0.0] base=[-0.465, 0.002, 0.123]
[r4-it] it=4 perr=0.030 dq=[-0.0, 0.066, 0.0, -0.0, -0.063, -0.0] base=[-0.465, 0.002, 0.123]
[r4-it] it=5 perr=0.030 dq=[-0.0, 0.066, 0.0, -0.0, -0.063, -0.0] base=[-0.465, 0.002, 0.123]
[r4-it] it=0 perr=0.030 dq=[-0.0, 0.066, 0.0, -0.0, -0.063, -0.0] base=[-0.465, 0.002, 0.123]
[r4-it] it=1 perr=0.030 dq=[-0.0, 0.066, 0.0, -0.0, -0.063, -0.0] base=[-0.465, 0.002, 0.123]
[r4-it] it=2 perr=0.030 dq=[-0.0, 0.066, 0.0, -0.0, -0.063, -0.0] base=[-0.465, 0.002, 0.123]
[r4-it] it=3 perr=0.030 dq=[-0.0, 0.066, 0.0, -0.0, -0.063, -0.0] base=[-0.465, 0.002, 0.123]
[r4-it] it=4 perr=0.030 dq=[-0.0, 0.066, 0.0, -0.0, -0.063, 0.0] base=[-0.465, 0.002, 0.123]
[r4-it] it=5 perr=0.030 dq=[-0.0, 0.066, 0.0, -0.0, -0.063, 0.0] base=[-0.465, 0.002, 0.123]
[r4-it] it=0 perr=0.030 dq=[-0.0, 0.066, 0.0, -0.0, -0.063, 0.0] base=[-0.465, 0.002, 0.123]
[r4-it] it=1 perr=0.030 dq=[-0.0, 0.066, 0.0, -0.0, -0.063, 0.0] base=[-0.465, 0.002, 0.123]
[r4-it] it=2 perr=0.030 dq=[-0.0, 0.066, 0.0, -0.0, -0.063, 0.0] base=[-0.465, 0.002, 0.123]
[r4-it] it=3 perr=0.030 dq=[-0.0, 0.066, 0.0, -0.0, -0.063, 0.0] base=[-0.465, 0.002, 0.123]
[r4-it] it=4 perr=0.030 dq=[-0.0, 0.066, 0.0, -0.0, -0.063, 0.0] base=[-0.465, 0.002, 0.123]
[r4-it] it=5 perr=0.030 dq=[-0.0, 0.066, 0.0, -0.0, -0.063, 0.0] base=[-0.465, 0.002, 0.123]
[r4-it] it=0 perr=0.030 dq=[-0.0, 0.066, 0.0, -0.0, -0.063, 0.0] base=[-0.465, 0.002, 0.123]
[r4-it] it=1 perr=0.030 dq=[-0.0, 0.066, 0.0, -0.0, -0.063, 0.0] base=[-0.465, 0.002, 0.123]
[r4-it] it=2 perr=0.030 dq=[-0.0, 0.066, 0.0, -0.0, -0.063, 0.0] base=[-0.465, 0.002, 0.123]
[r4-it] it=3 perr=0.030 dq=[-0.0, 0.066, 0.0, -0.0, -0.063, 0.0] base=[-0.465, 0.002, 0.123]
[r4-it] it=4 perr=0.030 dq=[-0.0, 0.066, 0.0, -0.0, -0.063, 0.0] base=[-0.465, 0.002, 0.123]
[r4-it] it=5 perr=0.030 dq=[-0.0, 0.066, 0.0, -0.0, -0.063, 0.0] base=[-0.465, 0.002, 0.123]
[r4-it] it=0 perr=0.030 dq=[-0.0, 0.066, 0.0, -0.0, -0.063, 0.0] base=[-0.465, 0.002, 0.123]
[r4-it] it=1 perr=0.030 dq=[-0.0, 0.066, 0.0, -0.0, -0.063, 0.0] base=[-0.465, 0.002, 0.123]
[r4-it] it=2 perr=0.030 dq=[-0.0, 0.066, 0.0, -0.0, -0.063, 0.0] base=[-0.465, 0.002, 0.123]
[r4-it] it=3 perr=0.030 dq=[-0.0, 0.066, 0.0, -0.0, -0.063, 0.0] base=[-0.465, 0.002, 0.123]
[r4-it] it=4 perr=0.030 dq=[-0.0, 0.066, 0.0, -0.0, -0.063, 0.0] base=[-0.465, 0.002, 0.123]
[r4-it] it=5 perr=0.030 dq=[0.0, 0.066, 0.0, -0.0, -0.063, 0.0] base=[-0.465, 0.002, 0.123]
[r4-it] it=0 perr=0.030 dq=[-0.0, 0.066, 0.0, -0.0, -0.063, 0.0] base=[-0.465, 0.002, 0.123]
[r4-it] it=1 perr=0.030 dq=[-0.0, 0.066, 0.0, -0.0, -0.063, 0.0] base=[-0.465, 0.002, 0.123]
[r4-it] it=2 perr=0.030 dq=[-0.0, 0.066, 0.0, -0.0, -0.063, 0.0] base=[-0.465, 0.002, 0.123]
[r4-it] it=3 perr=0.030 dq=[0.0, 0.066, 0.0, -0.0, -0.063, 0.0] base=[-0.465, 0.002, 0.123]
[r4-it] it=4 perr=0.030 dq=[0.0, 0.066, 0.0, -0.0, -0.063, 0.0] base=[-0.465, 0.002, 0.123]
[r4-it] it=5 perr=0.030 dq=[0.0, 0.066, 0.0, -0.0, -0.063, 0.0] base=[-0.465, 0.002, 0.123]
[r4-it] it=0 perr=0.030 dq=[-0.0, 0.066, 0.0, -0.0, -0.063, 0.0] base=[-0.465, 0.002, 0.123]
[r4-it] it=1 perr=0.030 dq=[0.0, 0.066, 0.0, -0.0, -0.063, 0.0] base=[-0.465, 0.002, 0.123]
[r4-it] it=2 perr=0.030 dq=[0.0, 0.066, 0.0, -0.0, -0.063, 0.0] base=[-0.465, 0.002, 0.123]
[r4-it] it=3 perr=0.030 dq=[0.0, 0.066, 0.0, 0.0, -0.063, 0.0] base=[-0.465, 0.002, 0.123]
[r4-it] it=4 perr=0.030 dq=[0.0, 0.066, 0.0, 0.0, -0.063, 0.0] base=[-0.465, 0.002, 0.123]
[r4-it] it=5 perr=0.030 dq=[0.0, 0.066, 0.0, 0.0, -0.063, 0.0] base=[-0.465, 0.002, 0.123]
[r4-it] it=0 perr=0.030 dq=[0.0, 0.066, 0.0, 0.0, -0.063, 0.0] base=[-0.465, 0.002, 0.123]
[r4-it] it=1 perr=0.030 dq=[0.0, 0.066, 0.0, 0.0, -0.063, 0.0] base=[-0.465, 0.002, 0.123]
[r4-it] it=2 perr=0.030 dq=[0.0, 0.066, 0.0, 0.0, -0.063, 0.0] base=[-0.465, 0.002, 0.123]
[r4-it] it=3 perr=0.030 dq=[0.0, 0.066, 0.0, 0.0, -0.063, -0.0] base=[-0.465, 0.002, 0.123]
[r4-it] it=4 perr=0.030 dq=[0.0, 0.066, 0.0, 0.0, -0.063, -0.0] base=[-0.465, 0.002, 0.123]
[r4-it] it=5 perr=0.030 dq=[0.0, 0.066, 0.0, 0.0, -0.063, -0.0] base=[-0.465, 0.002, 0.123]
[r4-it] it=0 perr=0.030 dq=[0.0, 0.066, 0.0, 0.0, -0.063, -0.0] base=[-0.465, 0.002, 0.123]
[r4-it] it=1 perr=0.030 dq=[0.0, 0.066, 0.0, 0.0, -0.063, -0.0] base=[-0.465, 0.002, 0.123]
[r4-it] it=2 perr=0.030 dq=[0.0, 0.066, 0.0, 0.0, -0.063, -0.0] base=[-0.465, 0.002, 0.123]
[r4-it] it=3 perr=0.030 dq=[0.0, 0.066, 0.0, 0.0, -0.063, -0.0] base=[-0.465, 0.002, 0.123]
[r4-it] it=4 perr=0.030 dq=[0.0, 0.066, 0.0, 0.0, -0.063, -0.0] base=[-0.465, 0.002, 0.123]
[r4-it] it=5 perr=0.030 dq=[0.0, 0.066, 0.0, 0.0, -0.063, -0.0] base=[-0.465, 0.002, 0.123]
[r4-it] it=0 perr=0.030 dq=[0.0, 0.066, 0.0, 0.0, -0.063, -0.0] base=[-0.465, 0.002, 0.123]
[r4-it] it=1 perr=0.030 dq=[0.0, 0.066, 0.0, 0.0, -0.063, -0.0] base=[-0.465, 0.002, 0.123]
[r4-it] it=2 perr=0.030 dq=[0.0, 0.066, 0.0, 0.0, -0.063, -0.0] base=[-0.465, 0.002, 0.123]
[r4-it] it=3 perr=0.030 dq=[0.0, 0.066, 0.0, 0.0, -0.063, -0.0] base=[-0.465, 0.002, 0.123]
[r4-it] it=4 perr=0.030 dq=[0.0, 0.066, 0.0, 0.0, -0.063, -0.0] base=[-0.465, 0.002, 0.123]
[r4-it] it=5 perr=0.030 dq=[0.0, 0.066, 0.0, 0.0, -0.063, -0.0] base=[-0.465, 0.002, 0.123]
[r4-it] it=0 perr=0.030 dq=[0.0, 0.066, 0.0, 0.0, -0.063, -0.0] base=[-0.465, 0.002, 0.123]
[r4-it] it=1 perr=0.030 dq=[0.0, 0.066, 0.0, 0.0, -0.063, -0.0] base=[-0.465, 0.002, 0.123]
[r4-it] it=2 perr=0.030 dq=[0.0, 0.066, 0.0, 0.0, -0.063, -0.0] base=[-0.465, 0.002, 0.123]
[r4-it] it=3 perr=0.030 dq=[0.0, 0.066, 0.0, 0.0, -0.063, -0.0] base=[-0.465, 0.002, 0.123]
[r4-it] it=4 perr=0.030 dq=[0.0, 0.066, 0.0, 0.0, -0.063, -0.0] base=[-0.465, 0.002, 0.123]
[r4-it] it=5 perr=0.030 dq=[0.0, 0.066, 0.0, 0.0, -0.063, -0.0] base=[-0.465, 0.002, 0.123]
[r4-it] it=0 perr=0.030 dq=[0.0, 0.066, 0.0, 0.0, -0.063, -0.0] base=[-0.465, 0.002, 0.123]
[r4-it] it=1 perr=0.030 dq=[0.0, 0.066, -0.0, 0.0, -0.063, -0.0] base=[-0.465, 0.002, 0.123]
[r4-it] it=2 perr=0.030 dq=[0.0, 0.066, -0.0, 0.0, -0.063, -0.0] base=[-0.465, 0.002, 0.123]
[r4-it] it=3 perr=0.030 dq=[0.0, 0.066, -0.0, 0.0, -0.063, -0.0] base=[-0.465, 0.002, 0.123]
[r4-it] it=4 perr=0.030 dq=[0.0, 0.066, -0.0, 0.0, -0.063, -0.0] base=[-0.465, 0.002, 0.123]
[r4-it] it=5 perr=0.030 dq=[0.0, 0.066, -0.0, 0.0, -0.063, -0.0] base=[-0.465, 0.002, 0.123]
[r4-it] it=0 perr=0.030 dq=[0.0, 0.066, -0.0, 0.0, -0.064, -0.0] base=[-0.465, 0.002, 0.123]
[r4-it] it=1 perr=0.030 dq=[0.0, 0.066, -0.0, 0.0, -0.064, -0.0] base=[-0.465, 0.002, 0.123]
[r4-it] it=2 perr=0.030 dq=[0.0, 0.066, -0.0, 0.0, -0.064, -0.0] base=[-0.465, 0.002, 0.123]
[r4-it] it=3 perr=0.030 dq=[0.0, 0.066, -0.0, 0.0, -0.064, -0.0] base=[-0.465, 0.002, 0.123]
[r4-it] it=4 perr=0.030 dq=[0.0, 0.066, -0.0, 0.0, -0.064, -0.0] base=[-0.465, 0.002, 0.123]
[r4-it] it=5 perr=0.030 dq=[0.0, 0.066, -0.0, 0.0, -0.064, -0.0] base=[-0.465, 0.002, 0.123]
[r4-it] it=0 perr=0.030 dq=[0.0, 0.066, -0.0, 0.0, -0.064, -0.0] base=[-0.465, 0.002, 0.123]
[r4-it] it=1 perr=0.030 dq=[0.0, 0.066, -0.0, 0.0, -0.064, -0.0] base=[-0.465, 0.002, 0.123]
[r4-it] it=2 perr=0.030 dq=[0.0, 0.066, -0.0, 0.0, -0.064, -0.0] base=[-0.465, 0.002, 0.123]
[r4-it] it=3 perr=0.030 dq=[-0.0, 0.066, -0.0, 0.0, -0.064, -0.0] base=[-0.465, 0.002, 0.123]
[r4-it] it=4 perr=0.030 dq=[-0.0, 0.066, -0.0, 0.0, -0.064, -0.0] base=[-0.465, 0.002, 0.123]
[r4-it] it=5 perr=0.030 dq=[-0.0, 0.066, -0.0, 0.0, -0.064, -0.0] base=[-0.465, 0.002, 0.123]
[r4-it] it=0 perr=0.030 dq=[0.0, 0.066, -0.0, 0.0, -0.064, -0.0] base=[-0.465, 0.002, 0.123]
[r4-it] it=1 perr=0.030 dq=[0.0, 0.066, -0.0, 0.0, -0.064, -0.0] base=[-0.465, 0.002, 0.123]
[r4-it] it=2 perr=0.030 dq=[-0.0, 0.066, -0.0, 0.0, -0.064, -0.0] base=[-0.465, 0.002, 0.123]
[r4-it] it=3 perr=0.030 dq=[-0.0, 0.066, -0.0, 0.0, -0.064, -0.0] base=[-0.465, 0.002, 0.123]
[r4-it] it=4 perr=0.030 dq=[-0.0, 0.066, -0.0, 0.0, -0.064, -0.0] base=[-0.465, 0.002, 0.123]
[r4-it] it=5 perr=0.030 dq=[-0.0, 0.066, -0.0, 0.0, -0.064, -0.0] base=[-0.465, 0.002, 0.123]
[r4-it] it=0 perr=0.030 dq=[-0.0, 0.066, -0.0, 0.0, -0.064, -0.0] base=[-0.465, 0.002, 0.123]
[r4-it] it=1 perr=0.030 dq=[-0.0, 0.066, -0.0, 0.0, -0.064, -0.0] base=[-0.465, 0.002, 0.123]
[r4-it] it=2 perr=0.030 dq=[-0.0, 0.066, -0.0, 0.0, -0.064, -0.0] base=[-0.465, 0.002, 0.123]
[r4-it] it=3 perr=0.030 dq=[-0.0, 0.066, -0.0, 0.0, -0.064, -0.0] base=[-0.465, 0.002, 0.123]
[r4-it] it=4 perr=0.030 dq=[-0.0, 0.066, -0.0, 0.0, -0.064, -0.0] base=[-0.465, 0.002, 0.123]
[r4-it] it=5 perr=0.030 dq=[-0.0, 0.066, -0.0, 0.0, -0.064, -0.0] base=[-0.465, 0.002, 0.123]
[r4-it] it=0 perr=0.030 dq=[-0.0, 0.066, -0.0, 0.0, -0.064, -0.0] base=[-0.465, 0.002, 0.123]
[r4-it] it=1 perr=0.030 dq=[-0.0, 0.066, -0.0, 0.0, -0.064, -0.0] base=[-0.465, 0.002, 0.123]
[r4-it] it=2 perr=0.030 dq=[-0.0, 0.066, -0.0, 0.0, -0.064, -0.0] base=[-0.465, 0.002, 0.123]
[r4-it] it=3 perr=0.030 dq=[-0.0, 0.066, -0.0, 0.0, -0.064, -0.0] base=[-0.465, 0.002, 0.123]
[r4-it] it=4 perr=0.030 dq=[-0.0, 0.066, -0.0, 0.0, -0.064, -0.0] base=[-0.465, 0.002, 0.123]
[r4-it] it=5 perr=0.030 dq=[-0.0, 0.066, -0.0, 0.0, -0.064, -0.0] base=[-0.465, 0.002, 0.123]
[r4-it] it=0 perr=0.030 dq=[-0.0, 0.066, -0.0, 0.0, -0.064, -0.0] base=[-0.465, 0.002, 0.123]
[r4-it] it=1 perr=0.030 dq=[-0.0, 0.066, -0.0, 0.0, -0.064, -0.0] base=[-0.465, 0.002, 0.123]
[r4-it] it=2 perr=0.030 dq=[-0.0, 0.066, -0.0, 0.0, -0.064, -0.0] base=[-0.465, 0.002, 0.123]
[r4-it] it=3 perr=0.030 dq=[-0.0, 0.066, -0.001, -0.0, -0.064, -0.0] base=[-0.465, 0.002, 0.123]
[r4-it] it=4 perr=0.030 dq=[-0.0, 0.066, -0.001, -0.0, -0.064, -0.0] base=[-0.465, 0.002, 0.123]
[r4-it] it=5 perr=0.030 dq=[-0.0, 0.066, -0.001, -0.0, -0.064, -0.0] base=[-0.465, 0.002, 0.123]
[r4-it] it=0 perr=0.030 dq=[-0.0, 0.066, -0.001, -0.0, -0.064, -0.0] base=[-0.465, 0.002, 0.123]
[r4-it] it=1 perr=0.030 dq=[-0.0, 0.066, -0.001, -0.0, -0.064, -0.0] base=[-0.465, 0.002, 0.123]
[r4-it] it=2 perr=0.030 dq=[-0.0, 0.066, -0.001, -0.0, -0.064, -0.0] base=[-0.465, 0.002, 0.123]
[r4-it] it=3 perr=0.030 dq=[-0.0, 0.066, -0.001, -0.0, -0.064, -0.0] base=[-0.465, 0.002, 0.123]
[r4-it] it=4 perr=0.030 dq=[-0.0, 0.066, -0.001, -0.0, -0.064, -0.0] base=[-0.465, 0.002, 0.123]
[r4-it] it=5 perr=0.030 dq=[-0.0, 0.066, -0.001, -0.0, -0.064, -0.0] base=[-0.465, 0.002, 0.123]
[r4-it] it=0 perr=0.030 dq=[-0.0, 0.066, -0.001, -0.0, -0.064, -0.0] base=[-0.465, 0.002, 0.123]
[r4-it] it=1 perr=0.030 dq=[-0.0, 0.066, -0.001, -0.0, -0.064, -0.0] base=[-0.465, 0.002, 0.123]
[r4-it] it=2 perr=0.030 dq=[-0.0, 0.066, -0.001, -0.0, -0.064, -0.0] base=[-0.465, 0.002, 0.123]
[r4-it] it=3 perr=0.030 dq=[-0.0, 0.066, -0.001, -0.0, -0.064, -0.0] base=[-0.465, 0.002, 0.123]
[r4-it] it=4 perr=0.030 dq=[-0.0, 0.066, -0.001, -0.0, -0.064, -0.0] base=[-0.465, 0.002, 0.123]
[r4-it] it=5 perr=0.030 dq=[-0.0, 0.066, -0.001, -0.0, -0.064, -0.0] base=[-0.465, 0.002, 0.123]
[r4-it] it=0 perr=0.030 dq=[-0.0, 0.066, -0.001, -0.0, -0.064, -0.0] base=[-0.465, 0.002, 0.123]
[r4-it] it=1 perr=0.030 dq=[-0.0, 0.066, -0.001, -0.0, -0.064, -0.0] base=[-0.465, 0.002, 0.123]
[r4-it] it=2 perr=0.030 dq=[-0.0, 0.066, -0.001, -0.0, -0.064, -0.0] base=[-0.465, 0.002, 0.123]
[r4-it] it=3 perr=0.030 dq=[-0.0, 0.066, -0.001, -0.0, -0.064, -0.0] base=[-0.465, 0.002, 0.123]
[r4-it] it=4 perr=0.030 dq=[-0.0, 0.066, -0.001, -0.0, -0.064, -0.0] base=[-0.465, 0.002, 0.123]
[r4-it] it=5 perr=0.030 dq=[-0.0, 0.066, -0.001, -0.0, -0.064, -0.0] base=[-0.465, 0.002, 0.123]
[r4-it] it=0 perr=0.030 dq=[-0.0, 0.066, -0.001, -0.0, -0.064, -0.0] base=[-0.465, 0.002, 0.123]
[r4-it] it=1 perr=0.030 dq=[-0.0, 0.066, -0.001, -0.0, -0.064, -0.0] base=[-0.465, 0.002, 0.123]
[r4-it] it=2 perr=0.030 dq=[-0.0, 0.066, -0.001, -0.0, -0.064, -0.0] base=[-0.465, 0.002, 0.123]
[r4-it] it=3 perr=0.030 dq=[-0.0, 0.066, -0.001, -0.0, -0.064, -0.0] base=[-0.465, 0.002, 0.123]
[r4-it] it=4 perr=0.030 dq=[-0.0, 0.066, -0.001, -0.0, -0.064, -0.0] base=[-0.465, 0.002, 0.123]
[r4-it] it=5 perr=0.030 dq=[-0.0, 0.066, -0.001, -0.0, -0.064, -0.0] base=[-0.465, 0.002, 0.123]
[r4-it] it=0 perr=0.030 dq=[-0.0, 0.066, -0.001, -0.0, -0.064, -0.0] base=[-0.465, 0.002, 0.123]
[r4-it] it=1 perr=0.030 dq=[-0.0, 0.066, -0.001, -0.0, -0.064, -0.0] base=[-0.465, 0.002, 0.123]
[r4-it] it=2 perr=0.030 dq=[-0.0, 0.066, -0.001, -0.0, -0.064, -0.0] base=[-0.465, 0.002, 0.123]
[r4-it] it=3 perr=0.030 dq=[-0.0, 0.066, -0.001, -0.0, -0.064, -0.0] base=[-0.465, 0.002, 0.123]
[r4-it] it=4 perr=0.030 dq=[-0.0, 0.066, -0.001, -0.0, -0.064, -0.0] base=[-0.465, 0.002, 0.123]
[r4-it] it=5 perr=0.030 dq=[-0.0, 0.066, -0.001, -0.0, -0.064, -0.0] base=[-0.465, 0.002, 0.123]
[r4-it] it=0 perr=0.030 dq=[-0.0, 0.066, -0.001, -0.0, -0.064, -0.0] base=[-0.465, 0.002, 0.123]
[r4-it] it=1 perr=0.030 dq=[-0.0, 0.066, -0.001, -0.0, -0.064, -0.0] base=[-0.465, 0.002, 0.123]
[r4-it] it=2 perr=0.030 dq=[-0.0, 0.066, -0.001, -0.0, -0.064, -0.0] base=[-0.465, 0.002, 0.123]
[r4-it] it=3 perr=0.030 dq=[-0.0, 0.066, -0.001, -0.0, -0.064, -0.0] base=[-0.465, 0.002, 0.123]
[r4-it] it=4 perr=0.030 dq=[-0.0, 0.066, -0.001, -0.0, -0.064, -0.0] base=[-0.465, 0.002, 0.123]
[r4-it] it=5 perr=0.030 dq=[-0.0, 0.066, -0.001, -0.0, -0.064, -0.0] base=[-0.465, 0.002, 0.123]
[r4-it] it=0 perr=0.030 dq=[-0.0, 0.066, -0.001, -0.0, -0.064, -0.0] base=[-0.465, 0.002, 0.123]
[r4-it] it=1 perr=0.030 dq=[-0.0, 0.066, -0.001, -0.0, -0.064, -0.0] base=[-0.465, 0.002, 0.123]
[r4-it] it=2 perr=0.030 dq=[-0.0, 0.066, -0.001, -0.0, -0.064, -0.0] base=[-0.465, 0.002, 0.123]
[r4-it] it=3 perr=0.030 dq=[-0.0, 0.066, -0.001, -0.0, -0.064, -0.0] base=[-0.465, 0.002, 0.123]
[r4-it] it=4 perr=0.030 dq=[-0.0, 0.066, -0.001, -0.0, -0.064, -0.0] base=[-0.465, 0.002, 0.123]
[r4-it] it=5 perr=0.030 dq=[-0.0, 0.066, -0.001, -0.0, -0.064, -0.0] base=[-0.465, 0.002, 0.123]
[r4-it] it=0 perr=0.030 dq=[-0.0, 0.066, -0.001, -0.0, -0.064, -0.0] base=[-0.465, 0.002, 0.123]
[r4-it] it=1 perr=0.030 dq=[-0.0, 0.066, -0.001, -0.0, -0.064, -0.0] base=[-0.465, 0.002, 0.123]
[r4-it] it=2 perr=0.030 dq=[-0.0, 0.066, -0.001, -0.0, -0.064, -0.0] base=[-0.465, 0.002, 0.123]
[r4-it] it=3 perr=0.030 dq=[-0.0, 0.066, -0.001, -0.0, -0.064, -0.0] base=[-0.465, 0.002, 0.123]
[r4-it] it=4 perr=0.030 dq=[-0.0, 0.066, -0.001, -0.0, -0.064, -0.0] base=[-0.465, 0.002, 0.123]
[r4-it] it=5 perr=0.030 dq=[0.0, 0.066, -0.001, -0.0, -0.064, -0.0] base=[-0.465, 0.002, 0.123]
[r4-it] it=0 perr=0.030 dq=[-0.0, 0.066, -0.001, -0.0, -0.064, -0.0] base=[-0.465, 0.002, 0.123]
[r4-it] it=1 perr=0.030 dq=[-0.0, 0.066, -0.001, -0.0, -0.064, -0.0] base=[-0.465, 0.002, 0.123]
[r4-it] it=2 perr=0.030 dq=[-0.0, 0.066, -0.001, -0.0, -0.064, -0.0] base=[-0.465, 0.002, 0.123]
[r4-it] it=3 perr=0.030 dq=[-0.0, 0.066, -0.001, -0.0, -0.064, -0.0] base=[-0.465, 0.002, 0.123]
[r4-it] it=4 perr=0.030 dq=[0.0, 0.066, -0.001, -0.0, -0.064, -0.0] base=[-0.465, 0.002, 0.123]
[r4-it] it=5 perr=0.030 dq=[0.0, 0.066, -0.001, 0.0, -0.064, -0.0] base=[-0.465, 0.002, 0.123]
[r4-it] it=0 perr=0.030 dq=[-0.0, 0.066, -0.001, 0.0, -0.065, -0.0] base=[-0.465, 0.002, 0.123]
[r4-it] it=1 perr=0.030 dq=[-0.0, 0.066, -0.001, 0.0, -0.065, -0.0] base=[-0.465, 0.002, 0.123]
[r4-it] it=2 perr=0.030 dq=[-0.0, 0.066, -0.001, 0.0, -0.065, -0.0] base=[-0.465, 0.002, 0.123]
[r4-it] it=3 perr=0.030 dq=[0.0, 0.066, -0.001, 0.0, -0.065, -0.0] base=[-0.465, 0.002, 0.123]
[r4-it] it=4 perr=0.030 dq=[0.0, 0.066, -0.001, 0.0, -0.065, -0.0] base=[-0.465, 0.002, 0.123]
[r4-it] it=5 perr=0.030 dq=[0.0, 0.066, -0.001, 0.0, -0.065, -0.0] base=[-0.465, 0.002, 0.123]
[r4-it] it=0 perr=0.030 dq=[0.0, 0.066, -0.001, 0.0, -0.065, -0.0] base=[-0.465, 0.002, 0.123]
[r4-it] it=1 perr=0.030 dq=[0.0, 0.066, -0.001, 0.0, -0.065, -0.0] base=[-0.465, 0.002, 0.123]
[r4-it] it=2 perr=0.030 dq=[0.0, 0.066, -0.001, 0.0, -0.065, -0.0] base=[-0.465, 0.002, 0.123]
[r4-it] it=3 perr=0.030 dq=[0.0, 0.066, -0.001, 0.0, -0.065, -0.0] base=[-0.465, 0.002, 0.123]
[r4-it] it=4 perr=0.030 dq=[0.0, 0.066, -0.001, 0.0, -0.065, -0.0] base=[-0.465, 0.002, 0.123]
[r4-it] it=5 perr=0.030 dq=[0.0, 0.066, -0.001, 0.0, -0.065, -0.0] base=[-0.465, 0.002, 0.123]
[r4-it] it=0 perr=0.030 dq=[0.0, 0.066, -0.001, 0.0, -0.065, -0.0] base=[-0.465, 0.002, 0.123]
[r4-it] it=1 perr=0.030 dq=[0.0, 0.066, -0.001, 0.0, -0.065, -0.0] base=[-0.465, 0.002, 0.123]
[r4-it] it=2 perr=0.030 dq=[0.0, 0.066, -0.001, 0.0, -0.065, -0.0] base=[-0.465, 0.002, 0.123]
[r4-it] it=3 perr=0.030 dq=[0.0, 0.066, -0.001, 0.0, -0.065, -0.0] base=[-0.465, 0.002, 0.123]
[r4-it] it=4 perr=0.030 dq=[0.0, 0.066, -0.001, 0.0, -0.065, -0.0] base=[-0.465, 0.002, 0.123]
[r4-it] it=5 perr=0.030 dq=[-0.0, 0.066, -0.001, 0.0, -0.065, -0.0] base=[-0.465, 0.002, 0.123]
[r4-it] it=0 perr=0.030 dq=[0.0, 0.066, -0.001, 0.0, -0.065, -0.0] base=[-0.465, 0.002, 0.123]
[r4-it] it=1 perr=0.030 dq=[0.0, 0.066, -0.001, 0.0, -0.065, -0.0] base=[-0.465, 0.002, 0.123]
[r4-it] it=2 perr=0.030 dq=[0.0, 0.066, -0.001, 0.0, -0.065, -0.0] base=[-0.465, 0.002, 0.123]
[r4-it] it=3 perr=0.030 dq=[0.0, 0.066, -0.001, 0.0, -0.065, -0.0] base=[-0.465, 0.002, 0.123]
[r4-it] it=4 perr=0.030 dq=[0.0, 0.066, -0.001, 0.0, -0.065, -0.0] base=[-0.465, 0.002, 0.123]
[r4-it] it=5 perr=0.030 dq=[0.0, 0.066, -0.001, 0.0, -0.065, -0.0] base=[-0.465, 0.002, 0.123]
[r4-it] it=0 perr=0.030 dq=[0.0, 0.066, -0.001, 0.0, -0.065, -0.0] base=[-0.465, 0.002, 0.123]
[r4-it] it=1 perr=0.030 dq=[0.0, 0.066, -0.001, 0.0, -0.065, -0.0] base=[-0.465, 0.002, 0.123]
[r4-it] it=2 perr=0.030 dq=[0.0, 0.066, -0.001, 0.0, -0.065, -0.0] base=[-0.465, 0.002, 0.123]
[r4-it] it=3 perr=0.030 dq=[0.0, 0.066, -0.001, 0.0, -0.065, -0.0] base=[-0.465, 0.002, 0.123]
[r4-it] it=4 perr=0.030 dq=[0.0, 0.066, -0.001, 0.0, -0.065, -0.0] base=[-0.465, 0.002, 0.123]
[r4-it] it=5 perr=0.030 dq=[0.0, 0.066, -0.001, 0.0, -0.065, -0.0] base=[-0.465, 0.002, 0.123]
[r4-it] it=0 perr=0.030 dq=[0.0, 0.066, -0.001, 0.0, -0.064, -0.0] base=[-0.465, 0.002, 0.123]
[r4-it] it=1 perr=0.030 dq=[0.0, 0.066, -0.001, 0.0, -0.064, -0.0] base=[-0.465, 0.002, 0.123]
[r4-it] it=2 perr=0.030 dq=[0.0, 0.066, -0.001, 0.0, -0.064, -0.0] base=[-0.465, 0.002, 0.123]
[r4-it] it=3 perr=0.030 dq=[0.0, 0.066, -0.001, 0.0, -0.064, -0.0] base=[-0.465, 0.002, 0.123]
[r4-it] it=4 perr=0.030 dq=[0.0, 0.066, -0.001, 0.0, -0.064, -0.0] base=[-0.465, 0.002, 0.123]
[r4-it] it=5 perr=0.030 dq=[0.0, 0.066, -0.001, 0.0, -0.064, -0.0] base=[-0.465, 0.002, 0.123]
[r4-it] it=0 perr=0.030 dq=[0.0, 0.066, -0.001, 0.0, -0.064, -0.0] base=[-0.465, 0.002, 0.123]
[r4-it] it=1 perr=0.030 dq=[0.0, 0.066, -0.001, 0.0, -0.064, -0.0] base=[-0.465, 0.002, 0.123]
[r4-it] it=2 perr=0.030 dq=[0.0, 0.066, -0.001, 0.0, -0.064, -0.0] base=[-0.465, 0.002, 0.123]
[r4-it] it=3 perr=0.030 dq=[0.0, 0.066, -0.001, 0.0, -0.064, -0.0] base=[-0.465, 0.002, 0.123]
[r4-it] it=4 perr=0.030 dq=[0.0, 0.066, -0.001, 0.0, -0.064, -0.0] base=[-0.465, 0.002, 0.123]
[r4-it] it=5 perr=0.030 dq=[0.0, 0.066, -0.001, 0.0, -0.064, -0.0] base=[-0.465, 0.002, 0.123]
[r4-it] it=0 perr=0.030 dq=[0.0, 0.066, -0.001, 0.0, -0.064, -0.0] base=[-0.465, 0.002, 0.123]
[r4-it] it=1 perr=0.030 dq=[0.0, 0.066, -0.001, 0.0, -0.064, -0.0] base=[-0.465, 0.002, 0.123]
[r4-it] it=2 perr=0.030 dq=[0.0, 0.066, -0.001, 0.0, -0.064, -0.0] base=[-0.465, 0.002, 0.123]
[r4-it] it=3 perr=0.030 dq=[0.0, 0.066, -0.001, 0.0, -0.064, -0.0] base=[-0.465, 0.002, 0.123]
[r4-it] it=4 perr=0.030 dq=[0.0, 0.066, -0.001, 0.0, -0.064, -0.0] base=[-0.465, 0.002, 0.123]
[r4-it] it=5 perr=0.030 dq=[0.0, 0.066, -0.001, 0.0, -0.064, -0.0] base=[-0.465, 0.002, 0.123]
[r4-it] it=0 perr=0.030 dq=[0.0, 0.066, -0.001, 0.0, -0.064, -0.0] base=[-0.465, 0.002, 0.123]
[r4-it] it=1 perr=0.030 dq=[0.0, 0.066, -0.001, 0.0, -0.064, -0.0] base=[-0.465, 0.002, 0.123]
[r4-it] it=2 perr=0.030 dq=[0.0, 0.066, -0.001, 0.0, -0.064, -0.0] base=[-0.465, 0.002, 0.123]
[r4-it] it=3 perr=0.030 dq=[0.0, 0.066, -0.001, 0.0, -0.064, 0.0] base=[-0.465, 0.002, 0.123]
[r4-it] it=4 perr=0.030 dq=[0.0, 0.066, -0.001, 0.0, -0.064, 0.0] base=[-0.465, 0.002, 0.123]
[r4-it] it=5 perr=0.030 dq=[0.0, 0.066, -0.001, 0.0, -0.064, 0.0] base=[-0.465, 0.002, 0.123]
[r4-it] it=0 perr=0.030 dq=[0.0, 0.066, -0.001, -0.0, -0.064, 0.0] base=[-0.465, 0.002, 0.123]
[r4-it] it=1 perr=0.030 dq=[0.0, 0.066, -0.001, -0.0, -0.064, 0.0] base=[-0.465, 0.002, 0.123]
[r4-it] it=2 perr=0.030 dq=[0.0, 0.066, -0.001, -0.0, -0.064, 0.0] base=[-0.465, 0.002, 0.123]
[r4-it] it=3 perr=0.030 dq=[0.0, 0.066, -0.001, -0.0, -0.064, 0.0] base=[-0.465, 0.002, 0.123]
[r4-it] it=4 perr=0.030 dq=[0.0, 0.066, -0.001, -0.0, -0.064, 0.0] base=[-0.465, 0.002, 0.123]
[r4-it] it=5 perr=0.030 dq=[0.0, 0.066, -0.001, -0.0, -0.064, 0.0] base=[-0.465, 0.002, 0.123]
[r4-it] it=0 perr=0.030 dq=[0.0, 0.066, -0.001, -0.0, -0.064, 0.0] base=[-0.465, 0.002, 0.123]
[r4-it] it=1 perr=0.030 dq=[0.0, 0.066, -0.001, -0.0, -0.064, 0.0] base=[-0.465, 0.002, 0.123]
[r4-it] it=2 perr=0.030 dq=[0.0, 0.066, -0.001, -0.0, -0.064, 0.0] base=[-0.465, 0.002, 0.123]
[r4-it] it=3 perr=0.030 dq=[0.0, 0.066, -0.001, -0.0, -0.064, 0.0] base=[-0.465, 0.002, 0.123]
[r4-it] it=4 perr=0.030 dq=[0.0, 0.066, -0.001, -0.0, -0.064, 0.0] base=[-0.465, 0.002, 0.123]
[r4-it] it=5 perr=0.030 dq=[0.0, 0.066, -0.001, -0.0, -0.064, 0.0] base=[-0.465, 0.002, 0.123]
[r4-it] it=0 perr=0.030 dq=[-0.0, 0.066, -0.001, -0.0, -0.064, 0.0] base=[-0.465, 0.002, 0.123]
[r4-it] it=1 perr=0.030 dq=[-0.0, 0.066, -0.001, -0.0, -0.064, 0.0] base=[-0.465, 0.002, 0.123]
[r4-it] it=2 perr=0.030 dq=[0.0, 0.066, -0.001, -0.0, -0.064, 0.0] base=[-0.465, 0.002, 0.123]
[r4-it] it=3 perr=0.030 dq=[0.0, 0.066, -0.001, -0.0, -0.064, 0.0] base=[-0.465, 0.002, 0.123]
[r4-it] it=4 perr=0.030 dq=[0.0, 0.066, -0.0, -0.0, -0.064, 0.0] base=[-0.465, 0.002, 0.123]
[r4-it] it=5 perr=0.030 dq=[0.0, 0.066, -0.0, -0.0, -0.064, 0.0] base=[-0.465, 0.002, 0.123]
[r4-it] it=0 perr=0.030 dq=[-0.0, 0.066, -0.001, -0.0, -0.064, 0.0] base=[-0.465, 0.002, 0.123]
[r4-it] it=1 perr=0.030 dq=[-0.0, 0.066, -0.0, -0.0, -0.064, 0.0] base=[-0.465, 0.002, 0.123]
[r4-it] it=2 perr=0.030 dq=[-0.0, 0.066, -0.0, -0.0, -0.064, 0.0] base=[-0.465, 0.002, 0.123]
[r4-it] it=3 perr=0.030 dq=[0.0, 0.066, -0.0, -0.0, -0.064, 0.0] base=[-0.465, 0.002, 0.123]
[r4-it] it=4 perr=0.030 dq=[0.0, 0.066, -0.0, -0.0, -0.064, 0.0] base=[-0.465, 0.002, 0.123]
[r4-it] it=5 perr=0.030 dq=[0.0, 0.066, -0.0, -0.0, -0.064, 0.0] base=[-0.465, 0.002, 0.123]
[r4-it] it=0 perr=0.030 dq=[-0.0, 0.066, -0.0, -0.0, -0.064, 0.0] base=[-0.465, 0.002, 0.123]
[r4-it] it=1 perr=0.030 dq=[-0.0, 0.066, -0.0, -0.0, -0.064, 0.0] base=[-0.465, 0.002, 0.123]
[r4-it] it=2 perr=0.030 dq=[-0.0, 0.066, -0.0, -0.0, -0.064, 0.0] base=[-0.465, 0.002, 0.123]
[r4-it] it=3 perr=0.030 dq=[-0.0, 0.066, -0.0, -0.0, -0.064, 0.0] base=[-0.465, 0.002, 0.123]
[r4-it] it=4 perr=0.030 dq=[-0.0, 0.066, -0.0, -0.0, -0.064, 0.0] base=[-0.465, 0.002, 0.123]
[r4-it] it=5 perr=0.030 dq=[0.0, 0.066, -0.0, -0.0, -0.064, 0.0] base=[-0.465, 0.002, 0.123]
[r4-it] it=0 perr=0.030 dq=[-0.0, 0.066, -0.0, -0.0, -0.064, 0.0] base=[-0.465, 0.002, 0.123]
[r4-it] it=1 perr=0.030 dq=[-0.0, 0.066, -0.0, -0.0, -0.064, 0.0] base=[-0.465, 0.002, 0.123]
[r4-it] it=2 perr=0.030 dq=[-0.0, 0.066, -0.0, -0.0, -0.064, 0.0] base=[-0.465, 0.002, 0.123]
[r4-it] it=3 perr=0.030 dq=[0.0, 0.066, -0.0, -0.0, -0.064, 0.0] base=[-0.465, 0.002, 0.123]
[r4-it] it=4 perr=0.030 dq=[0.0, 0.066, -0.0, -0.0, -0.064, 0.0] base=[-0.465, 0.002, 0.123]
[r4-it] it=5 perr=0.030 dq=[0.0, 0.066, -0.0, -0.0, -0.064, 0.0] base=[-0.465, 0.002, 0.123]
[r4-it] it=0 perr=0.030 dq=[-0.0, 0.066, -0.0, -0.0, -0.064, 0.0] base=[-0.465, 0.002, 0.123]
[r4-it] it=1 perr=0.030 dq=[-0.0, 0.066, -0.0, -0.0, -0.064, 0.0] base=[-0.465, 0.002, 0.123]
[r4-it] it=2 perr=0.030 dq=[0.0, 0.066, -0.0, -0.0, -0.064, 0.0] base=[-0.465, 0.002, 0.123]
[r4-it] it=3 perr=0.030 dq=[0.0, 0.066, -0.0, -0.0, -0.064, 0.0] base=[-0.465, 0.002, 0.123]
[r4-it] it=4 perr=0.030 dq=[0.0, 0.066, -0.0, -0.0, -0.064, 0.0] base=[-0.465, 0.002, 0.123]
[r4-it] it=5 perr=0.030 dq=[0.0, 0.066, -0.0, -0.0, -0.064, 0.0] base=[-0.465, 0.002, 0.123]
[r4-it] it=0 perr=0.030 dq=[0.0, 0.066, -0.0, -0.0, -0.064, 0.0] base=[-0.465, 0.002, 0.123]
[r4-it] it=1 perr=0.030 dq=[0.0, 0.066, -0.0, -0.0, -0.064, 0.0] base=[-0.465, 0.002, 0.123]
[r4-it] it=2 perr=0.030 dq=[0.0, 0.066, -0.0, -0.0, -0.064, 0.0] base=[-0.465, 0.002, 0.123]
[r4-it] it=3 perr=0.030 dq=[0.0, 0.066, -0.0, -0.0, -0.064, 0.0] base=[-0.465, 0.002, 0.123]
[r4-it] it=4 perr=0.030 dq=[0.0, 0.066, -0.0, -0.0, -0.064, 0.0] base=[-0.465, 0.002, 0.123]
[r4-it] it=5 perr=0.030 dq=[0.0, 0.066, -0.0, -0.0, -0.064, 0.0] base=[-0.465, 0.002, 0.123]
[r4-it] it=0 perr=0.030 dq=[0.0, 0.066, -0.0, -0.0, -0.064, 0.0] base=[-0.465, 0.002, 0.123]
[r4-it] it=1 perr=0.030 dq=[0.0, 0.066, -0.0, -0.0, -0.064, 0.0] base=[-0.465, 0.002, 0.123]
[r4-it] it=2 perr=0.030 dq=[0.0, 0.066, -0.0, -0.0, -0.064, 0.0] base=[-0.465, 0.002, 0.123]
[r4-it] it=3 perr=0.030 dq=[0.0, 0.066, -0.0, -0.0, -0.064, 0.0] base=[-0.465, 0.002, 0.123]
[r4-it] it=4 perr=0.030 dq=[0.0, 0.066, -0.0, -0.0, -0.064, 0.0] base=[-0.465, 0.002, 0.123]
[r4-it] it=5 perr=0.030 dq=[0.0, 0.066, -0.0, -0.0, -0.064, 0.0] base=[-0.465, 0.002, 0.123]
[r4-it] it=0 perr=0.030 dq=[0.0, 0.066, -0.0, -0.0, -0.064, 0.0] base=[-0.465, 0.002, 0.123]
[r4-it] it=1 perr=0.030 dq=[0.0, 0.066, -0.0, -0.0, -0.064, 0.0] base=[-0.465, 0.002, 0.123]
[r4-it] it=2 perr=0.030 dq=[0.0, 0.066, -0.0, -0.0, -0.064, 0.0] base=[-0.465, 0.002, 0.123]
[r4-it] it=3 perr=0.030 dq=[0.0, 0.066, -0.0, -0.0, -0.064, 0.0] base=[-0.465, 0.002, 0.123]
[r4-it] it=4 perr=0.030 dq=[0.0, 0.066, -0.0, -0.0, -0.064, 0.0] base=[-0.465, 0.002, 0.123]
[r4-it] it=5 perr=0.030 dq=[0.0, 0.066, -0.0, -0.0, -0.064, 0.0] base=[-0.465, 0.002, 0.123]
[r4-it] it=0 perr=0.030 dq=[0.0, 0.066, -0.0, -0.0, -0.064, 0.0] base=[-0.465, 0.002, 0.123]
[r4-it] it=1 perr=0.030 dq=[0.0, 0.066, -0.0, 0.0, -0.064, 0.0] base=[-0.465, 0.002, 0.123]
[r4-it] it=2 perr=0.030 dq=[0.0, 0.066, -0.0, 0.0, -0.064, 0.0] base=[-0.465, 0.002, 0.123]
[r4-it] it=3 perr=0.030 dq=[0.0, 0.066, -0.0, 0.0, -0.064, 0.0] base=[-0.465, 0.002, 0.123]
[r4-it] it=4 perr=0.030 dq=[0.0, 0.066, -0.0, 0.0, -0.064, 0.0] base=[-0.465, 0.002, 0.123]
[r4-it] it=5 perr=0.030 dq=[0.0, 0.066, -0.0, 0.0, -0.064, 0.0] base=[-0.465, 0.002, 0.123]
[r4-it] it=0 perr=0.030 dq=[0.0, 0.066, -0.0, 0.0, -0.064, 0.0] base=[-0.465, 0.002, 0.123]
[r4-it] it=1 perr=0.030 dq=[0.0, 0.066, -0.0, 0.0, -0.064, 0.0] base=[-0.465, 0.002, 0.123]
[r4-it] it=2 perr=0.030 dq=[0.0, 0.066, -0.0, 0.0, -0.064, 0.0] base=[-0.465, 0.002, 0.123]
[r4-it] it=3 perr=0.030 dq=[0.0, 0.066, -0.0, 0.0, -0.064, 0.0] base=[-0.465, 0.002, 0.123]
[r4-it] it=4 perr=0.030 dq=[0.0, 0.066, -0.0, 0.0, -0.064, 0.0] base=[-0.465, 0.002, 0.123]
[r4-it] it=5 perr=0.030 dq=[0.0, 0.066, -0.0, 0.0, -0.064, 0.0] base=[-0.465, 0.002, 0.123]
[r4-it] it=0 perr=0.030 dq=[0.0, 0.066, -0.0, 0.0, -0.064, 0.0] base=[-0.465, 0.002, 0.123]
[r4-it] it=1 perr=0.030 dq=[0.0, 0.066, -0.0, 0.0, -0.064, 0.0] base=[-0.465, 0.002, 0.123]
[r4-it] it=2 perr=0.030 dq=[0.0, 0.066, -0.0, 0.0, -0.064, 0.0] base=[-0.465, 0.002, 0.123]
[r4-it] it=3 perr=0.030 dq=[0.0, 0.066, -0.0, 0.0, -0.064, 0.0] base=[-0.465, 0.002, 0.123]
[r4-it] it=4 perr=0.030 dq=[0.0, 0.066, -0.0, 0.0, -0.064, -0.0] base=[-0.465, 0.002, 0.123]
[r4-it] it=5 perr=0.030 dq=[0.0, 0.066, -0.0, 0.0, -0.064, -0.0] base=[-0.465, 0.002, 0.123]
[r4-it] it=0 perr=0.030 dq=[0.0, 0.066, -0.0, 0.0, -0.064, -0.0] base=[-0.465, 0.002, 0.123]
[r4-it] it=1 perr=0.030 dq=[0.0, 0.066, -0.0, 0.0, -0.064, -0.0] base=[-0.465, 0.002, 0.123]
[r4-it] it=2 perr=0.030 dq=[0.0, 0.066, -0.0, 0.0, -0.064, -0.0] base=[-0.465, 0.002, 0.123]
[r4-it] it=3 perr=0.030 dq=[0.0, 0.066, -0.0, 0.0, -0.064, -0.0] base=[-0.465, 0.002, 0.123]
[r4-it] it=4 perr=0.030 dq=[0.0, 0.066, -0.0, 0.0, -0.064, -0.0] base=[-0.465, 0.002, 0.123]
[r4-it] it=5 perr=0.030 dq=[0.0, 0.066, -0.0, 0.0, -0.064, -0.0] base=[-0.465, 0.002, 0.123]
[r4-it] it=0 perr=0.030 dq=[0.0, 0.066, -0.0, 0.0, -0.064, -0.0] base=[-0.465, 0.002, 0.123]
[r4-it] it=1 perr=0.030 dq=[0.0, 0.066, -0.0, 0.0, -0.064, -0.0] base=[-0.465, 0.002, 0.123]
[r4-it] it=2 perr=0.030 dq=[0.0, 0.066, -0.0, 0.0, -0.064, -0.0] base=[-0.465, 0.002, 0.123]
[r4-it] it=3 perr=0.030 dq=[0.0, 0.066, -0.0, 0.0, -0.064, -0.0] base=[-0.465, 0.002, 0.123]
[r4-it] it=4 perr=0.030 dq=[0.0, 0.066, -0.0, 0.0, -0.064, -0.0] base=[-0.465, 0.002, 0.123]
[r4-it] it=5 perr=0.030 dq=[0.0, 0.066, -0.0, 0.0, -0.064, -0.0] base=[-0.465, 0.002, 0.123]
[r4-it] it=0 perr=0.030 dq=[0.0, 0.066, -0.0, 0.0, -0.064, -0.0] base=[-0.465, 0.002, 0.123]
[r4-it] it=1 perr=0.030 dq=[0.0, 0.066, -0.0, 0.0, -0.064, -0.0] base=[-0.465, 0.002, 0.123]
[r4-it] it=2 perr=0.030 dq=[0.0, 0.066, -0.0, 0.0, -0.064, -0.0] base=[-0.465, 0.002, 0.123]
[r4-it] it=3 perr=0.030 dq=[0.0, 0.066, -0.0, 0.0, -0.064, -0.0] base=[-0.465, 0.002, 0.123]
[r4-it] it=4 perr=0.030 dq=[0.0, 0.066, -0.0, 0.0, -0.064, -0.0] base=[-0.465, 0.002, 0.123]
[r4-it] it=5 perr=0.030 dq=[-0.0, 0.066, -0.0, 0.0, -0.064, -0.0] base=[-0.465, 0.002, 0.123]
[r4-it] it=0 perr=0.030 dq=[0.0, 0.066, -0.0, 0.0, -0.064, -0.0] base=[-0.465, 0.002, 0.123]
[r4-it] it=1 perr=0.030 dq=[0.0, 0.066, -0.0, 0.0, -0.064, -0.0] base=[-0.465, 0.002, 0.123]
[r4-it] it=2 perr=0.030 dq=[0.0, 0.066, -0.0, 0.0, -0.064, -0.0] base=[-0.465, 0.002, 0.123]
[r4-it] it=3 perr=0.030 dq=[0.0, 0.066, -0.0, 0.0, -0.064, -0.0] base=[-0.465, 0.002, 0.123]
[r4-it] it=4 perr=0.030 dq=[-0.0, 0.066, -0.0, 0.0, -0.064, -0.0] base=[-0.465, 0.002, 0.123]
[r4-it] it=5 perr=0.030 dq=[-0.0, 0.066, -0.0, 0.0, -0.064, -0.0] base=[-0.465, 0.002, 0.123]
[r4-it] it=0 perr=0.030 dq=[0.0, 0.066, -0.0, 0.0, -0.064, -0.0] base=[-0.465, 0.002, 0.123]
[r4-it] it=1 perr=0.030 dq=[0.0, 0.066, -0.0, 0.0, -0.064, -0.0] base=[-0.465, 0.002, 0.123]
[r4-it] it=2 perr=0.030 dq=[0.0, 0.066, -0.0, 0.0, -0.064, -0.0] base=[-0.465, 0.002, 0.123]
[r4-it] it=3 perr=0.030 dq=[-0.0, 0.066, -0.0, 0.0, -0.064, -0.0] base=[-0.465, 0.002, 0.123]
[r4-it] it=4 perr=0.030 dq=[-0.0, 0.066, -0.0, 0.0, -0.064, -0.0] base=[-0.465, 0.002, 0.123]
[r4-it] it=5 perr=0.030 dq=[-0.0, 0.066, -0.0, 0.0, -0.064, -0.0] base=[-0.465, 0.002, 0.123]
[r4-it] it=0 perr=0.030 dq=[0.0, 0.066, -0.0, 0.0, -0.064, -0.0] base=[-0.465, 0.002, 0.123]
[r4-it] it=1 perr=0.030 dq=[-0.0, 0.066, -0.0, 0.0, -0.064, -0.0] base=[-0.465, 0.002, 0.123]
[r4-it] it=2 perr=0.030 dq=[-0.0, 0.066, -0.0, 0.0, -0.064, -0.0] base=[-0.465, 0.002, 0.123]
[r4-it] it=3 perr=0.030 dq=[-0.0, 0.066, -0.0, 0.0, -0.064, -0.0] base=[-0.465, 0.002, 0.123]
[r4-it] it=4 perr=0.030 dq=[-0.0, 0.066, -0.0, 0.0, -0.064, -0.0] base=[-0.465, 0.002, 0.123]
[r4-it] it=5 perr=0.030 dq=[-0.0, 0.066, -0.0, 0.0, -0.064, -0.0] base=[-0.465, 0.002, 0.123]
[r4-it] it=0 perr=0.030 dq=[-0.0, 0.066, -0.0, 0.0, -0.064, -0.0] base=[-0.465, 0.002, 0.123]
[r4-it] it=1 perr=0.030 dq=[-0.0, 0.066, -0.0, 0.0, -0.064, -0.0] base=[-0.465, 0.002, 0.123]
[r4-it] it=2 perr=0.030 dq=[-0.0, 0.066, -0.0, 0.0, -0.064, -0.0] base=[-0.465, 0.002, 0.123]
[r4-it] it=3 perr=0.030 dq=[-0.0, 0.066, -0.0, 0.0, -0.064, -0.0] base=[-0.465, 0.002, 0.123]
[r4-it] it=4 perr=0.030 dq=[-0.0, 0.066, -0.0, 0.0, -0.064, -0.0] base=[-0.465, 0.002, 0.123]
[r4-it] it=5 perr=0.030 dq=[-0.0, 0.066, -0.0, 0.0, -0.064, -0.0] base=[-0.465, 0.002, 0.123]
[r4-it] it=0 perr=0.030 dq=[-0.0, 0.066, -0.0, 0.0, -0.064, -0.0] base=[-0.465, 0.002, 0.123]
[r4-it] it=1 perr=0.030 dq=[-0.0, 0.066, -0.0, -0.0, -0.064, -0.0] base=[-0.465, 0.002, 0.123]
[r4-it] it=2 perr=0.030 dq=[-0.0, 0.066, -0.0, -0.0, -0.064, -0.0] base=[-0.465, 0.002, 0.123]
[r4-it] it=3 perr=0.030 dq=[-0.0, 0.066, -0.0, -0.0, -0.064, -0.0] base=[-0.465, 0.002, 0.123]
[r4-it] it=4 perr=0.030 dq=[-0.0, 0.066, -0.0, -0.0, -0.064, -0.0] base=[-0.465, 0.002, 0.123]
[r4-it] it=5 perr=0.030 dq=[-0.0, 0.066, -0.0, -0.0, -0.064, -0.0] base=[-0.465, 0.002, 0.123]
[r4-it] it=0 perr=0.030 dq=[-0.0, 0.066, -0.0, -0.0, -0.064, -0.0] base=[-0.465, 0.002, 0.123]
[r4-it] it=1 perr=0.030 dq=[-0.0, 0.066, -0.0, -0.0, -0.064, -0.0] base=[-0.465, 0.002, 0.123]
[r4-it] it=2 perr=0.030 dq=[-0.0, 0.066, -0.0, -0.0, -0.064, -0.0] base=[-0.465, 0.002, 0.123]
[r4-it] it=3 perr=0.030 dq=[-0.0, 0.066, -0.0, -0.0, -0.064, -0.0] base=[-0.465, 0.002, 0.123]
[r4-it] it=4 perr=0.030 dq=[-0.0, 0.066, -0.0, -0.0, -0.064, -0.0] base=[-0.465, 0.002, 0.123]
[r4-it] it=5 perr=0.030 dq=[-0.0, 0.066, -0.0, -0.0, -0.064, -0.0] base=[-0.465, 0.002, 0.123]
[r4-it] it=0 perr=0.030 dq=[-0.0, 0.066, -0.0, -0.0, -0.064, -0.0] base=[-0.465, 0.002, 0.123]
[r4-it] it=1 perr=0.030 dq=[-0.0, 0.066, -0.0, -0.0, -0.064, -0.0] base=[-0.465, 0.002, 0.123]
[r4-it] it=2 perr=0.030 dq=[-0.0, 0.066, -0.0, -0.0, -0.064, 0.0] base=[-0.465, 0.002, 0.123]
[r4-it] it=3 perr=0.030 dq=[-0.0, 0.066, -0.0, -0.0, -0.064, 0.0] base=[-0.465, 0.002, 0.123]
[r4-it] it=4 perr=0.030 dq=[-0.0, 0.066, -0.0, -0.0, -0.063, 0.0] base=[-0.465, 0.002, 0.123]
[r4-it] it=5 perr=0.030 dq=[-0.0, 0.066, -0.0, -0.0, -0.064, 0.0] base=[-0.465, 0.002, 0.123]
[r4-it] it=0 perr=0.030 dq=[-0.0, 0.066, -0.0, -0.0, -0.063, 0.0] base=[-0.465, 0.002, 0.123]
[r4-it] it=1 perr=0.030 dq=[-0.0, 0.066, -0.0, -0.0, -0.063, 0.0] base=[-0.465, 0.002, 0.123]
[r4-it] it=2 perr=0.030 dq=[-0.0, 0.066, -0.0, -0.0, -0.063, 0.0] base=[-0.465, 0.002, 0.123]
[r4-it] it=3 perr=0.030 dq=[-0.0, 0.066, -0.0, -0.0, -0.063, 0.0] base=[-0.465, 0.002, 0.123]
[r4-it] it=4 perr=0.030 dq=[-0.0, 0.066, -0.0, -0.0, -0.063, 0.0] base=[-0.465, 0.002, 0.123]
[r4-it] it=5 perr=0.030 dq=[-0.0, 0.066, -0.0, -0.0, -0.063, 0.0] base=[-0.465, 0.002, 0.123]
[r4-it] it=0 perr=0.030 dq=[-0.0, 0.066, -0.0, -0.0, -0.063, 0.0] base=[-0.465, 0.002, 0.123]
[r4-it] it=1 perr=0.030 dq=[-0.0, 0.066, -0.0, -0.0, -0.063, 0.0] base=[-0.465, 0.002, 0.123]
[r4-it] it=2 perr=0.030 dq=[-0.0, 0.066, -0.0, -0.0, -0.063, 0.0] base=[-0.465, 0.002, 0.123]
[r4-it] it=3 perr=0.030 dq=[-0.0, 0.066, -0.0, -0.0, -0.063, 0.0] base=[-0.465, 0.002, 0.123]
[r4-it] it=4 perr=0.030 dq=[-0.0, 0.066, -0.0, -0.0, -0.063, 0.0] base=[-0.465, 0.002, 0.123]
[r4-it] it=5 perr=0.030 dq=[-0.0, 0.066, -0.0, -0.0, -0.063, 0.0] base=[-0.465, 0.002, 0.123]
[r4-it] it=0 perr=0.030 dq=[-0.0, 0.066, -0.0, -0.0, -0.063, 0.0] base=[-0.465, 0.002, 0.123]
[r4-it] it=1 perr=0.030 dq=[-0.0, 0.066, -0.0, -0.0, -0.063, 0.0] base=[-0.465, 0.002, 0.123]
[r4-it] it=2 perr=0.030 dq=[-0.0, 0.066, -0.0, -0.0, -0.063, 0.0] base=[-0.465, 0.002, 0.123]
[r4-it] it=3 perr=0.030 dq=[-0.0, 0.066, -0.0, -0.0, -0.063, 0.0] base=[-0.465, 0.002, 0.123]
[r4-it] it=4 perr=0.030 dq=[-0.0, 0.066, -0.0, -0.0, -0.063, 0.0] base=[-0.465, 0.002, 0.123]
[r4-it] it=5 perr=0.030 dq=[0.0, 0.066, -0.0, -0.0, -0.063, 0.0] base=[-0.465, 0.002, 0.123]
[r4-it] it=0 perr=0.030 dq=[-0.0, 0.066, -0.0, -0.0, -0.063, 0.0] base=[-0.465, 0.002, 0.123]
[r4-it] it=1 perr=0.030 dq=[-0.0, 0.066, -0.0, -0.0, -0.063, 0.0] base=[-0.465, 0.002, 0.123]
[r4-it] it=2 perr=0.030 dq=[-0.0, 0.066, -0.0, -0.0, -0.063, 0.0] base=[-0.465, 0.002, 0.123]
[r4-it] it=3 perr=0.030 dq=[-0.0, 0.066, -0.0, -0.0, -0.063, 0.0] base=[-0.465, 0.002, 0.123]
[r4-it] it=4 perr=0.030 dq=[0.0, 0.066, -0.0, -0.0, -0.063, 0.0] base=[-0.465, 0.002, 0.123]
[r4-it] it=5 perr=0.030 dq=[0.0, 0.066, -0.0, -0.0, -0.063, 0.0] base=[-0.465, 0.002, 0.123]
[r4-it] it=0 perr=0.030 dq=[-0.0, 0.066, -0.0, -0.0, -0.063, 0.0] base=[-0.465, 0.002, 0.123]
[r4-it] it=1 perr=0.030 dq=[-0.0, 0.066, -0.0, -0.0, -0.063, 0.0] base=[-0.465, 0.002, 0.123]
[r4-it] it=2 perr=0.030 dq=[0.0, 0.066, -0.0, -0.0, -0.063, 0.0] base=[-0.465, 0.002, 0.123]
[r4-it] it=3 perr=0.030 dq=[0.0, 0.066, -0.0, -0.0, -0.063, 0.0] base=[-0.465, 0.002, 0.123]
[r4-it] it=4 perr=0.030 dq=[0.0, 0.066, -0.0, -0.0, -0.063, 0.0] base=[-0.465, 0.002, 0.123]
[r4-it] it=5 perr=0.030 dq=[0.0, 0.066, -0.0, -0.0, -0.063, 0.0] base=[-0.465, 0.002, 0.123]
[r4-it] it=0 perr=0.030 dq=[-0.0, 0.066, -0.0, -0.0, -0.063, 0.0] base=[-0.465, 0.002, 0.123]
[r4-it] it=1 perr=0.030 dq=[-0.0, 0.066, -0.0, -0.0, -0.063, 0.0] base=[-0.465, 0.002, 0.123]
[r4-it] it=2 perr=0.030 dq=[0.0, 0.066, -0.0, -0.0, -0.063, 0.0] base=[-0.465, 0.002, 0.123]
[r4-it] it=3 perr=0.030 dq=[0.0, 0.066, -0.0, -0.0, -0.063, 0.0] base=[-0.465, 0.002, 0.123]
[r4-it] it=4 perr=0.030 dq=[0.0, 0.066, -0.0, -0.0, -0.063, 0.0] base=[-0.465, 0.002, 0.123]
[r4-it] it=5 perr=0.030 dq=[0.0, 0.066, -0.0, -0.0, -0.063, 0.0] base=[-0.465, 0.002, 0.123]
[r4-it] it=0 perr=0.030 dq=[0.0, 0.066, -0.0, -0.0, -0.063, 0.0] base=[-0.465, 0.002, 0.123]
[r4-it] it=1 perr=0.030 dq=[0.0, 0.066, -0.0, -0.0, -0.063, 0.0] base=[-0.465, 0.002, 0.123]
[r4-it] it=2 perr=0.030 dq=[0.0, 0.066, -0.0, -0.0, -0.063, 0.0] base=[-0.465, 0.002, 0.123]
[r4-it] it=3 perr=0.030 dq=[0.0, 0.066, -0.0, -0.0, -0.063, 0.0] base=[-0.465, 0.002, 0.123]
[r4-it] it=4 perr=0.030 dq=[0.0, 0.066, -0.0, -0.0, -0.063, 0.0] base=[-0.465, 0.002, 0.123]
[r4-it] it=5 perr=0.030 dq=[0.0, 0.066, -0.0, -0.0, -0.063, 0.0] base=[-0.465, 0.002, 0.123]
[r4-it] it=0 perr=0.030 dq=[0.0, 0.066, -0.0, -0.0, -0.063, 0.0] base=[-0.465, 0.002, 0.123]
[r4-it] it=1 perr=0.030 dq=[0.0, 0.066, -0.0, 0.0, -0.063, 0.0] base=[-0.465, 0.002, 0.123]
[r4-it] it=2 perr=0.030 dq=[0.0, 0.066, -0.0, 0.0, -0.063, 0.0] base=[-0.465, 0.002, 0.123]
[r4-it] it=3 perr=0.030 dq=[0.0, 0.066, -0.0, 0.0, -0.063, 0.0] base=[-0.465, 0.002, 0.123]
[r4-it] it=4 perr=0.030 dq=[0.0, 0.066, -0.0, 0.0, -0.063, 0.0] base=[-0.465, 0.002, 0.123]
[r4-it] it=5 perr=0.030 dq=[0.0, 0.066, -0.0, 0.0, -0.063, 0.0] base=[-0.465, 0.002, 0.123]
[r4-it] it=0 perr=0.030 dq=[0.0, 0.066, -0.0, 0.0, -0.063, 0.0] base=[-0.465, 0.002, 0.123]
[r4-it] it=1 perr=0.030 dq=[0.0, 0.066, -0.0, 0.0, -0.063, 0.0] base=[-0.465, 0.002, 0.123]
[r4-it] it=2 perr=0.030 dq=[0.0, 0.066, -0.0, 0.0, -0.063, 0.0] base=[-0.465, 0.002, 0.123]
[r4-it] it=3 perr=0.030 dq=[0.0, 0.066, -0.0, 0.0, -0.063, 0.0] base=[-0.465, 0.002, 0.123]
[r4-it] it=4 perr=0.030 dq=[0.0, 0.066, -0.0, 0.0, -0.063, 0.0] base=[-0.465, 0.002, 0.123]
[r4-it] it=5 perr=0.030 dq=[0.0, 0.066, -0.0, 0.0, -0.063, 0.0] base=[-0.465, 0.002, 0.123]
[r4-it] it=0 perr=0.030 dq=[0.0, 0.066, -0.0, 0.0, -0.063, 0.0] base=[-0.465, 0.002, 0.123]
[r4-it] it=1 perr=0.030 dq=[0.0, 0.066, -0.0, 0.0, -0.063, 0.0] base=[-0.465, 0.002, 0.123]
[r4-it] it=2 perr=0.030 dq=[0.0, 0.066, -0.0, 0.0, -0.063, 0.0] base=[-0.465, 0.002, 0.123]
[r4-it] it=3 perr=0.030 dq=[0.0, 0.066, -0.0, 0.0, -0.063, -0.0] base=[-0.465, 0.002, 0.123]
[r4-it] it=4 perr=0.030 dq=[0.0, 0.066, -0.0, 0.0, -0.063, -0.0] base=[-0.465, 0.002, 0.123]
[r4-it] it=5 perr=0.030 dq=[0.0, 0.066, -0.0, 0.0, -0.063, -0.0] base=[-0.465, 0.002, 0.123]
[r4-it] it=0 perr=0.030 dq=[0.0, 0.066, -0.0, 0.0, -0.063, -0.0] base=[-0.465, 0.002, 0.123]
[r4-it] it=1 perr=0.030 dq=[0.0, 0.066, -0.0, 0.0, -0.063, -0.0] base=[-0.465, 0.002, 0.123]
[r4-it] it=2 perr=0.030 dq=[0.0, 0.066, -0.0, 0.0, -0.063, -0.0] base=[-0.465, 0.002, 0.123]
[r4-it] it=3 perr=0.030 dq=[0.0, 0.066, -0.0, 0.0, -0.063, -0.0] base=[-0.465, 0.002, 0.123]
[r4-it] it=4 perr=0.030 dq=[0.0, 0.066, -0.0, 0.0, -0.063, -0.0] base=[-0.465, 0.002, 0.123]
[r4-it] it=5 perr=0.030 dq=[0.0, 0.066, -0.0, 0.0, -0.063, -0.0] base=[-0.465, 0.002, 0.123]
[r4-it] it=0 perr=0.030 dq=[0.0, 0.066, -0.0, 0.0, -0.063, -0.0] base=[-0.465, 0.002, 0.123]
[r4-it] it=1 perr=0.030 dq=[0.0, 0.066, -0.0, 0.0, -0.063, -0.0] base=[-0.465, 0.002, 0.123]
[r4-it] it=2 perr=0.030 dq=[0.0, 0.066, -0.0, 0.0, -0.063, -0.0] base=[-0.465, 0.002, 0.123]
[r4-it] it=3 perr=0.030 dq=[0.0, 0.066, -0.0, 0.0, -0.063, -0.0] base=[-0.465, 0.002, 0.123]
[r4-it] it=4 perr=0.030 dq=[0.0, 0.066, 0.0, 0.0, -0.063, -0.0] base=[-0.465, 0.002, 0.123]
[r4-it] it=5 perr=0.030 dq=[0.0, 0.066, -0.0, 0.0, -0.063, -0.0] base=[-0.465, 0.002, 0.123]
[r4-it] it=0 perr=0.030 dq=[0.0, 0.066, -0.0, 0.0, -0.063, -0.0] base=[-0.465, 0.002, 0.123]
[r4-it] it=1 perr=0.030 dq=[0.0, 0.066, -0.0, 0.0, -0.063, -0.0] base=[-0.465, 0.002, 0.123]
[r4-it] it=2 perr=0.030 dq=[0.0, 0.066, -0.0, 0.0, -0.063, -0.0] base=[-0.465, 0.002, 0.123]
[r4-it] it=3 perr=0.030 dq=[0.0, 0.066, -0.0, 0.0, -0.063, -0.0] base=[-0.465, 0.002, 0.123]
[r4-it] it=4 perr=0.030 dq=[0.0, 0.066, -0.0, 0.0, -0.063, -0.0] base=[-0.465, 0.002, 0.123]
[r4-it] it=5 perr=0.030 dq=[-0.0, 0.066, -0.0, 0.0, -0.063, -0.0] base=[-0.465, 0.002, 0.123]
[r4-it] it=0 perr=0.030 dq=[0.0, 0.066, -0.0, 0.0, -0.063, -0.0] base=[-0.465, 0.002, 0.123]
[r4-it] it=1 perr=0.030 dq=[0.0, 0.066, -0.0, 0.0, -0.063, -0.0] base=[-0.465, 0.002, 0.123]
[r4-it] it=2 perr=0.030 dq=[0.0, 0.066, -0.0, 0.0, -0.063, -0.0] base=[-0.465, 0.002, 0.123]
[r4-it] it=3 perr=0.030 dq=[0.0, 0.066, -0.0, 0.0, -0.063, -0.0] base=[-0.465, 0.002, 0.123]
[r4-it] it=4 perr=0.030 dq=[-0.0, 0.066, -0.0, 0.0, -0.063, -0.0] base=[-0.465, 0.002, 0.123]
[r4-it] it=5 perr=0.030 dq=[-0.0, 0.066, -0.0, 0.0, -0.063, -0.0] base=[-0.465, 0.002, 0.123]
[r4-it] it=0 perr=0.030 dq=[0.0, 0.066, -0.0, 0.0, -0.063, -0.0] base=[-0.465, 0.002, 0.123]
[r4-it] it=1 perr=0.030 dq=[0.0, 0.066, -0.0, 0.0, -0.063, -0.0] base=[-0.465, 0.002, 0.123]
[r4-it] it=2 perr=0.030 dq=[0.0, 0.066, -0.0, 0.0, -0.063, -0.0] base=[-0.465, 0.002, 0.123]
[r4-it] it=3 perr=0.030 dq=[-0.0, 0.066, -0.0, 0.0, -0.063, -0.0] base=[-0.465, 0.002, 0.123]
[r4-it] it=4 perr=0.030 dq=[-0.0, 0.066, -0.0, 0.0, -0.063, -0.0] base=[-0.465, 0.002, 0.123]
[r4-it] it=5 perr=0.030 dq=[-0.0, 0.066, -0.0, 0.0, -0.063, -0.0] base=[-0.465, 0.002, 0.123]
[r4-it] it=0 perr=0.030 dq=[0.0, 0.066, -0.0, 0.0, -0.063, -0.0] base=[-0.465, 0.002, 0.123]
[r4-it] it=1 perr=0.030 dq=[0.0, 0.066, -0.0, 0.0, -0.063, -0.0] base=[-0.465, 0.002, 0.123]
[r4-it] it=2 perr=0.030 dq=[-0.0, 0.066, -0.0, 0.0, -0.063, -0.0] base=[-0.465, 0.002, 0.123]
[r4-it] it=3 perr=0.030 dq=[-0.0, 0.066, -0.0, 0.0, -0.063, -0.0] base=[-0.465, 0.002, 0.123]
[r4-it] it=4 perr=0.030 dq=[-0.0, 0.066, -0.0, 0.0, -0.063, -0.0] base=[-0.465, 0.002, 0.123]
[r4-it] it=5 perr=0.030 dq=[-0.0, 0.066, -0.0, 0.0, -0.063, -0.0] base=[-0.465, 0.002, 0.123]
[r4-it] it=0 perr=0.030 dq=[-0.0, 0.066, 0.0, 0.0, -0.063, -0.0] base=[-0.465, 0.002, 0.123]
[r4-it] it=1 perr=0.030 dq=[-0.0, 0.066, 0.0, 0.0, -0.063, -0.0] base=[-0.465, 0.002, 0.123]
[r4-it] it=2 perr=0.030 dq=[-0.0, 0.066, 0.0, 0.0, -0.063, -0.0] base=[-0.465, 0.002, 0.123]
[r4-it] it=3 perr=0.030 dq=[-0.0, 0.066, -0.0, 0.0, -0.063, -0.0] base=[-0.465, 0.002, 0.123]
[r4-it] it=4 perr=0.030 dq=[-0.0, 0.066, 0.0, 0.0, -0.063, -0.0] base=[-0.465, 0.002, 0.123]
[r4-it] it=5 perr=0.030 dq=[-0.0, 0.066, -0.0, 0.0, -0.063, -0.0] base=[-0.465, 0.002, 0.123]
[r4-it] it=0 perr=0.030 dq=[-0.0, 0.066, 0.0, 0.0, -0.063, -0.0] base=[-0.465, 0.002, 0.123]
[r4-it] it=1 perr=0.030 dq=[-0.0, 0.066, 0.0, -0.0, -0.063, -0.0] base=[-0.465, 0.002, 0.123]
[r4-it] it=2 perr=0.030 dq=[-0.0, 0.066, 0.0, -0.0, -0.063, -0.0] base=[-0.465, 0.002, 0.123]
[r4-it] it=3 perr=0.030 dq=[-0.0, 0.066, -0.0, -0.0, -0.063, -0.0] base=[-0.465, 0.002, 0.123]
[r4-it] it=4 perr=0.030 dq=[-0.0, 0.066, 0.0, -0.0, -0.063, -0.0] base=[-0.465, 0.002, 0.123]
[r4-it] it=5 perr=0.030 dq=[-0.0, 0.066, 0.0, -0.0, -0.063, -0.0] base=[-0.465, 0.002, 0.123]
[r4-it] it=0 perr=0.030 dq=[-0.0, 0.066, -0.0, -0.0, -0.063, -0.0] base=[-0.465, 0.002, 0.123]
[r4-it] it=1 perr=0.030 dq=[-0.0, 0.066, -0.0, -0.0, -0.063, -0.0] base=[-0.465, 0.002, 0.123]
[r4-it] it=2 perr=0.030 dq=[-0.0, 0.066, -0.0, -0.0, -0.063, -0.0] base=[-0.465, 0.002, 0.123]
[r4-it] it=3 perr=0.030 dq=[-0.0, 0.066, -0.0, -0.0, -0.063, -0.0] base=[-0.465, 0.002, 0.123]
[r4-it] it=4 perr=0.030 dq=[-0.0, 0.066, 0.0, -0.0, -0.063, -0.0] base=[-0.465, 0.002, 0.123]
[r4-it] it=5 perr=0.030 dq=[-0.0, 0.066, -0.0, -0.0, -0.063, -0.0] base=[-0.465, 0.002, 0.123]
[r4-it] it=0 perr=0.030 dq=[-0.0, 0.066, -0.0, -0.0, -0.063, -0.0] base=[-0.465, 0.002, 0.123]
[r4-it] it=1 perr=0.030 dq=[-0.0, 0.066, -0.0, -0.0, -0.063, -0.0] base=[-0.465, 0.002, 0.123]
[r4-it] it=2 perr=0.030 dq=[-0.0, 0.066, -0.0, -0.0, -0.063, -0.0] base=[-0.465, 0.002, 0.123]
[r4-it] it=3 perr=0.030 dq=[-0.0, 0.066, -0.0, -0.0, -0.063, -0.0] base=[-0.465, 0.002, 0.123]
[r4-it] it=4 perr=0.030 dq=[-0.0, 0.066, -0.0, -0.0, -0.063, 0.0] base=[-0.465, 0.002, 0.123]
[r4-it] it=5 perr=0.030 dq=[-0.0, 0.066, -0.0, -0.0, -0.063, 0.0] base=[-0.465, 0.002, 0.123]
[r4-it] it=0 perr=0.030 dq=[-0.0, 0.066, 0.0, -0.0, -0.063, 0.0] base=[-0.465, 0.002, 0.123]
[r4-it] it=1 perr=0.030 dq=[-0.0, 0.066, 0.0, -0.0, -0.063, 0.0] base=[-0.465, 0.002, 0.123]
[r4-it] it=2 perr=0.030 dq=[-0.0, 0.066, -0.0, -0.0, -0.063, 0.0] base=[-0.465, 0.002, 0.123]
[r4-it] it=3 perr=0.030 dq=[-0.0, 0.066, 0.0, -0.0, -0.063, 0.0] base=[-0.465, 0.002, 0.123]
[r4-it] it=4 perr=0.030 dq=[-0.0, 0.066, 0.0, -0.0, -0.063, 0.0] base=[-0.465, 0.002, 0.123]
[r4-it] it=5 perr=0.030 dq=[-0.0, 0.066, 0.0, -0.0, -0.063, 0.0] base=[-0.465, 0.002, 0.123]
[r4-it] it=0 perr=0.030 dq=[-0.0, 0.066, -0.0, -0.0, -0.063, 0.0] base=[-0.465, 0.002, 0.123]
[r4-it] it=1 perr=0.030 dq=[-0.0, 0.066, -0.0, -0.0, -0.063, 0.0] base=[-0.465, 0.002, 0.123]
[r4-it] it=2 perr=0.030 dq=[-0.0, 0.066, -0.0, -0.0, -0.063, 0.0] base=[-0.465, 0.002, 0.123]
[r4-it] it=3 perr=0.030 dq=[-0.0, 0.066, -0.0, -0.0, -0.063, 0.0] base=[-0.465, 0.002, 0.123]
[r4-it] it=4 perr=0.030 dq=[-0.0, 0.066, -0.0, -0.0, -0.063, 0.0] base=[-0.465, 0.002, 0.123]
[r4-it] it=5 perr=0.030 dq=[-0.0, 0.066, -0.0, -0.0, -0.063, 0.0] base=[-0.465, 0.002, 0.123]
[r4-it] it=0 perr=0.030 dq=[-0.0, 0.066, 0.0, -0.0, -0.063, 0.0] base=[-0.465, 0.002, 0.123]
[r4-it] it=1 perr=0.030 dq=[-0.0, 0.066, 0.0, -0.0, -0.063, 0.0] base=[-0.465, 0.002, 0.123]
[r4-it] it=2 perr=0.030 dq=[-0.0, 0.066, 0.0, -0.0, -0.063, 0.0] base=[-0.465, 0.002, 0.123]
[r4-it] it=3 perr=0.030 dq=[-0.0, 0.066, 0.0, -0.0, -0.063, 0.0] base=[-0.465, 0.002, 0.123]
[r4-it] it=4 perr=0.030 dq=[-0.0, 0.066, 0.0, -0.0, -0.063, 0.0] base=[-0.465, 0.002, 0.123]
[r4-it] it=5 perr=0.030 dq=[0.0, 0.066, 0.0, -0.0, -0.063, 0.0] base=[-0.465, 0.002, 0.123]
[r4-it] it=0 perr=0.030 dq=[-0.0, 0.066, 0.0, -0.0, -0.063, 0.0] base=[-0.465, 0.002, 0.123]
[r4-it] it=1 perr=0.030 dq=[-0.0, 0.066, 0.0, -0.0, -0.063, 0.0] base=[-0.465, 0.002, 0.123]
[r4-it] it=2 perr=0.030 dq=[-0.0, 0.066, 0.0, -0.0, -0.063, 0.0] base=[-0.465, 0.002, 0.123]
[r4-it] it=3 perr=0.030 dq=[-0.0, 0.066, 0.0, -0.0, -0.063, 0.0] base=[-0.465, 0.002, 0.123]
[r4-it] it=4 perr=0.030 dq=[0.0, 0.066, 0.0, -0.0, -0.063, 0.0] base=[-0.465, 0.002, 0.123]
[r4-it] it=5 perr=0.030 dq=[0.0, 0.066, 0.0, -0.0, -0.063, 0.0] base=[-0.465, 0.002, 0.123]
[r4-it] it=0 perr=0.030 dq=[-0.0, 0.066, 0.0, -0.0, -0.063, 0.0] base=[-0.465, 0.002, 0.123]
[r4-it] it=1 perr=0.030 dq=[-0.0, 0.066, 0.0, -0.0, -0.063, 0.0] base=[-0.465, 0.002, 0.123]
[r4-it] it=2 perr=0.030 dq=[0.0, 0.066, 0.0, -0.0, -0.063, 0.0] base=[-0.465, 0.002, 0.123]
[r4-it] it=3 perr=0.030 dq=[0.0, 0.066, 0.0, -0.0, -0.063, 0.0] base=[-0.465, 0.002, 0.123]
[r4-it] it=4 perr=0.030 dq=[0.0, 0.066, 0.0, -0.0, -0.063, 0.0] base=[-0.465, 0.002, 0.123]
[r4-it] it=5 perr=0.030 dq=[0.0, 0.066, 0.0, -0.0, -0.063, 0.0] base=[-0.465, 0.002, 0.123]
[r4-it] it=0 perr=0.030 dq=[0.0, 0.066, 0.0, -0.0, -0.063, 0.0] base=[-0.465, 0.002, 0.123]
[r4-it] it=1 perr=0.030 dq=[0.0, 0.066, 0.0, -0.0, -0.063, 0.0] base=[-0.465, 0.002, 0.123]
[r4-it] it=2 perr=0.030 dq=[0.0, 0.066, 0.0, -0.0, -0.063, 0.0] base=[-0.465, 0.002, 0.123]
[r4-it] it=3 perr=0.030 dq=[0.0, 0.066, 0.0, -0.0, -0.063, 0.0] base=[-0.465, 0.002, 0.123]
[r4-it] it=4 perr=0.030 dq=[0.0, 0.066, 0.0, -0.0, -0.063, 0.0] base=[-0.465, 0.002, 0.123]
[r4-it] it=5 perr=0.030 dq=[0.0, 0.066, 0.0, -0.0, -0.063, 0.0] base=[-0.465, 0.002, 0.123]
[r4-it] it=0 perr=0.030 dq=[0.0, 0.066, 0.0, 0.0, -0.063, 0.0] base=[-0.465, 0.002, 0.123]
[r4-it] it=1 perr=0.030 dq=[0.0, 0.066, 0.0, 0.0, -0.063, 0.0] base=[-0.465, 0.002, 0.123]
[r4-it] it=2 perr=0.030 dq=[0.0, 0.066, 0.0, 0.0, -0.063, 0.0] base=[-0.465, 0.002, 0.123]
[r4-it] it=3 perr=0.030 dq=[0.0, 0.066, 0.0, 0.0, -0.063, 0.0] base=[-0.465, 0.002, 0.123]
[r4-it] it=4 perr=0.030 dq=[0.0, 0.066, 0.0, 0.0, -0.063, 0.0] base=[-0.465, 0.002, 0.123]
[r4-it] it=5 perr=0.030 dq=[0.0, 0.066, 0.0, 0.0, -0.063, 0.0] base=[-0.465, 0.002, 0.123]
[r4-it] it=0 perr=0.030 dq=[0.0, 0.066, 0.0, 0.0, -0.063, 0.0] base=[-0.465, 0.002, 0.123]
[r4-it] it=1 perr=0.030 dq=[0.0, 0.066, 0.0, 0.0, -0.063, 0.0] base=[-0.465, 0.002, 0.123]
[r4-it] it=2 perr=0.030 dq=[0.0, 0.066, 0.0, 0.0, -0.063, 0.0] base=[-0.465, 0.002, 0.123]
[r4-it] it=3 perr=0.030 dq=[0.0, 0.066, 0.0, 0.0, -0.063, 0.0] base=[-0.465, 0.002, 0.123]
[r4-it] it=4 perr=0.030 dq=[0.0, 0.066, 0.0, 0.0, -0.063, 0.0] base=[-0.465, 0.002, 0.123]
[r4-it] it=5 perr=0.030 dq=[0.0, 0.066, 0.0, 0.0, -0.063, 0.0] base=[-0.465, 0.002, 0.123]
[r4-it] it=0 perr=0.030 dq=[0.0, 0.066, 0.0, 0.0, -0.063, 0.0] base=[-0.465, 0.002, 0.123]
[r4-it] it=1 perr=0.030 dq=[0.0, 0.066, 0.0, 0.0, -0.063, 0.0] base=[-0.465, 0.002, 0.123]
[r4-it] it=2 perr=0.030 dq=[0.0, 0.066, 0.0, 0.0, -0.063, 0.0] base=[-0.465, 0.002, 0.123]
[r4-it] it=3 perr=0.030 dq=[0.0, 0.066, 0.0, 0.0, -0.063, 0.0] base=[-0.465, 0.002, 0.123]
[r4-it] it=4 perr=0.030 dq=[0.0, 0.066, 0.0, 0.0, -0.063, 0.0] base=[-0.465, 0.002, 0.123]
[r4-it] it=5 perr=0.030 dq=[0.0, 0.066, 0.0, 0.0, -0.063, -0.0] base=[-0.465, 0.002, 0.123]
[r4-it] it=0 perr=0.030 dq=[0.0, 0.066, 0.0, 0.0, -0.063, -0.0] base=[-0.465, 0.002, 0.123]
[r4-it] it=1 perr=0.030 dq=[0.0, 0.066, 0.0, 0.0, -0.063, -0.0] base=[-0.465, 0.002, 0.123]
[r4-it] it=2 perr=0.030 dq=[0.0, 0.066, 0.0, 0.0, -0.063, -0.0] base=[-0.465, 0.002, 0.123]
[r4-it] it=3 perr=0.030 dq=[0.0, 0.066, 0.0, 0.0, -0.063, -0.0] base=[-0.465, 0.002, 0.123]
[r4-it] it=4 perr=0.030 dq=[0.0, 0.066, 0.0, 0.0, -0.063, -0.0] base=[-0.465, 0.002, 0.123]
[r4-it] it=5 perr=0.030 dq=[0.0, 0.066, 0.0, 0.0, -0.063, -0.0] base=[-0.465, 0.002, 0.123]
[r4-it] it=0 perr=0.030 dq=[0.0, 0.066, 0.0, 0.0, -0.063, -0.0] base=[-0.465, 0.002, 0.123]
[r4-it] it=1 perr=0.030 dq=[0.0, 0.066, 0.0, 0.0, -0.063, -0.0] base=[-0.465, 0.002, 0.123]
[r4-it] it=2 perr=0.030 dq=[0.0, 0.066, 0.0, 0.0, -0.063, -0.0] base=[-0.465, 0.002, 0.123]
[r4-it] it=3 perr=0.030 dq=[0.0, 0.066, 0.0, 0.0, -0.063, -0.0] base=[-0.465, 0.002, 0.123]
[r4-it] it=4 perr=0.030 dq=[0.0, 0.066, 0.0, 0.0, -0.063, -0.0] base=[-0.465, 0.002, 0.123]
[r4-it] it=5 perr=0.030 dq=[0.0, 0.066, 0.0, 0.0, -0.063, -0.0] base=[-0.465, 0.002, 0.123]
[r4-it] it=0 perr=0.030 dq=[0.0, 0.066, 0.0, 0.0, -0.063, -0.0] base=[-0.465, 0.002, 0.123]
[r4-it] it=1 perr=0.030 dq=[0.0, 0.066, 0.0, 0.0, -0.063, -0.0] base=[-0.465, 0.002, 0.123]
[r4-it] it=2 perr=0.030 dq=[0.0, 0.066, 0.0, 0.0, -0.063, -0.0] base=[-0.465, 0.002, 0.123]
[r4-it] it=3 perr=0.030 dq=[0.0, 0.066, 0.0, 0.0, -0.063, -0.0] base=[-0.465, 0.002, 0.123]
[r4-it] it=4 perr=0.030 dq=[0.0, 0.066, 0.0, 0.0, -0.063, -0.0] base=[-0.465, 0.002, 0.123]
[r4-it] it=5 perr=0.030 dq=[0.0, 0.066, 0.0, 0.0, -0.063, -0.0] base=[-0.465, 0.002, 0.123]
[r4-it] it=0 perr=0.030 dq=[0.0, 0.066, 0.0, 0.0, -0.063, -0.0] base=[-0.465, 0.002, 0.123]
[r4-it] it=1 perr=0.030 dq=[0.0, 0.066, 0.0, 0.0, -0.063, -0.0] base=[-0.465, 0.002, 0.123]
[r4-it] it=2 perr=0.030 dq=[0.0, 0.066, 0.0, 0.0, -0.063, -0.0] base=[-0.465, 0.002, 0.123]
[r4-it] it=3 perr=0.030 dq=[0.0, 0.066, 0.0, 0.0, -0.063, -0.0] base=[-0.465, 0.002, 0.123]
[r4-it] it=4 perr=0.030 dq=[0.0, 0.066, 0.0, 0.0, -0.063, -0.0] base=[-0.465, 0.002, 0.123]
[r4-it] it=5 perr=0.030 dq=[-0.0, 0.066, 0.0, 0.0, -0.063, -0.0] base=[-0.465, 0.002, 0.123]
[r4-it] it=0 perr=0.030 dq=[0.0, 0.066, 0.0, 0.0, -0.063, -0.0] base=[-0.465, 0.002, 0.123]
[r4-it] it=1 perr=0.030 dq=[0.0, 0.066, 0.0, 0.0, -0.063, -0.0] base=[-0.465, 0.002, 0.123]
[r4-it] it=2 perr=0.030 dq=[0.0, 0.066, 0.0, 0.0, -0.063, -0.0] base=[-0.465, 0.002, 0.123]
[r4-it] it=3 perr=0.030 dq=[0.0, 0.066, 0.0, 0.0, -0.063, -0.0] base=[-0.465, 0.002, 0.123]
[r4-it] it=4 perr=0.030 dq=[-0.0, 0.066, 0.0, 0.0, -0.063, -0.0] base=[-0.465, 0.002, 0.123]
[r4-it] it=5 perr=0.030 dq=[-0.0, 0.066, 0.0, 0.0, -0.063, -0.0] base=[-0.465, 0.002, 0.123]
[r4-it] it=0 perr=0.030 dq=[0.0, 0.066, 0.0, 0.0, -0.063, -0.0] base=[-0.465, 0.002, 0.123]
[r4-it] it=1 perr=0.030 dq=[0.0, 0.066, 0.0, 0.0, -0.063, -0.0] base=[-0.465, 0.002, 0.123]
[r4-it] it=2 perr=0.030 dq=[-0.0, 0.066, 0.0, 0.0, -0.063, -0.0] base=[-0.465, 0.002, 0.123]
[r4-it] it=3 perr=0.030 dq=[-0.0, 0.066, 0.0, 0.0, -0.063, -0.0] base=[-0.465, 0.002, 0.123]
[r4-it] it=4 perr=0.030 dq=[-0.0, 0.066, 0.0, 0.0, -0.063, -0.0] base=[-0.465, 0.002, 0.123]
[r4-it] it=5 perr=0.030 dq=[-0.0, 0.066, 0.0, 0.0, -0.063, -0.0] base=[-0.465, 0.002, 0.123]
[r4-it] it=0 perr=0.030 dq=[-0.0, 0.066, 0.0, 0.0, -0.063, -0.0] base=[-0.465, 0.002, 0.123]
[r4-it] it=1 perr=0.030 dq=[-0.0, 0.066, 0.0, 0.0, -0.063, -0.0] base=[-0.465, 0.002, 0.123]
[r4-it] it=2 perr=0.030 dq=[-0.0, 0.066, 0.0, 0.0, -0.063, -0.0] base=[-0.465, 0.002, 0.123]
[r4-it] it=3 perr=0.030 dq=[-0.0, 0.066, 0.0, 0.0, -0.063, -0.0] base=[-0.465, 0.002, 0.123]
[r4-it] it=4 perr=0.030 dq=[-0.0, 0.066, 0.0, 0.0, -0.063, -0.0] base=[-0.465, 0.002, 0.123]
[r4-it] it=5 perr=0.030 dq=[-0.0, 0.066, 0.0, 0.0, -0.063, -0.0] base=[-0.465, 0.002, 0.123]
[r4-it] it=0 perr=0.030 dq=[-0.0, 0.066, 0.0, 0.0, -0.063, -0.0] base=[-0.465, 0.002, 0.123]
[r4-it] it=1 perr=0.030 dq=[-0.0, 0.066, 0.0, 0.0, -0.063, -0.0] base=[-0.465, 0.002, 0.123]
[r4-it] it=2 perr=0.030 dq=[-0.0, 0.066, 0.0, 0.0, -0.063, -0.0] base=[-0.465, 0.002, 0.123]
[r4-it] it=3 perr=0.030 dq=[-0.0, 0.066, 0.0, 0.0, -0.063, -0.0] base=[-0.465, 0.002, 0.123]
[r4-it] it=4 perr=0.030 dq=[-0.0, 0.066, 0.0, -0.0, -0.063, -0.0] base=[-0.465, 0.002, 0.123]
[r4-it] it=5 perr=0.030 dq=[-0.0, 0.066, 0.0, -0.0, -0.063, -0.0] base=[-0.465, 0.002, 0.123]
[r4-it] it=0 perr=0.030 dq=[-0.0, 0.066, 0.0, -0.0, -0.063, -0.0] base=[-0.465, 0.002, 0.123]
[r4-it] it=1 perr=0.030 dq=[-0.0, 0.066, 0.0, -0.0, -0.063, -0.0] base=[-0.465, 0.002, 0.123]
[r4-it] it=2 perr=0.030 dq=[-0.0, 0.066, 0.0, -0.0, -0.063, -0.0] base=[-0.465, 0.002, 0.123]
[r4-it] it=3 perr=0.030 dq=[-0.0, 0.066, 0.0, -0.0, -0.063, -0.0] base=[-0.465, 0.002, 0.123]
[r4-it] it=4 perr=0.030 dq=[-0.0, 0.066, 0.0, -0.0, -0.063, -0.0] base=[-0.465, 0.002, 0.123]
[r4-it] it=5 perr=0.030 dq=[-0.0, 0.066, 0.0, -0.0, -0.063, -0.0] base=[-0.465, 0.002, 0.123]
[r4-it] it=0 perr=0.030 dq=[-0.0, 0.066, 0.0, -0.0, -0.063, -0.0] base=[-0.465, 0.002, 0.123]
[r4-it] it=1 perr=0.030 dq=[-0.0, 0.066, 0.0, -0.0, -0.063, -0.0] base=[-0.465, 0.002, 0.123]
[r4-it] it=2 perr=0.030 dq=[-0.0, 0.066, 0.0, -0.0, -0.063, -0.0] base=[-0.465, 0.002, 0.123]
[r4-it] it=3 perr=0.030 dq=[-0.0, 0.066, 0.0, -0.0, -0.063, -0.0] base=[-0.465, 0.002, 0.123]
[r4-it] it=4 perr=0.030 dq=[-0.0, 0.066, 0.0, -0.0, -0.063, -0.0] base=[-0.465, 0.002, 0.123]
[r4-it] it=5 perr=0.030 dq=[-0.0, 0.066, 0.0, -0.0, -0.063, -0.0] base=[-0.465, 0.002, 0.123]
[r4-it] it=0 perr=0.030 dq=[-0.0, 0.066, 0.0, -0.0, -0.063, 0.0] base=[-0.465, 0.002, 0.123]
[r4-it] it=1 perr=0.030 dq=[-0.0, 0.066, 0.0, -0.0, -0.063, 0.0] base=[-0.465, 0.002, 0.123]
[r4-it] it=2 perr=0.030 dq=[-0.0, 0.066, 0.0, -0.0, -0.063, 0.0] base=[-0.465, 0.002, 0.123]
[r4-it] it=3 perr=0.030 dq=[-0.0, 0.066, 0.0, -0.0, -0.063, 0.0] base=[-0.465, 0.002, 0.123]
[r4-it] it=4 perr=0.030 dq=[-0.0, 0.066, 0.0, -0.0, -0.063, 0.0] base=[-0.465, 0.002, 0.123]
[r4-it] it=5 perr=0.030 dq=[-0.0, 0.066, 0.0, -0.0, -0.063, 0.0] base=[-0.465, 0.002, 0.123]
[r4-it] it=0 perr=0.030 dq=[-0.0, 0.066, 0.0, -0.0, -0.063, 0.0] base=[-0.465, 0.002, 0.123]
[r4-it] it=1 perr=0.030 dq=[-0.0, 0.066, 0.0, -0.0, -0.063, 0.0] base=[-0.465, 0.002, 0.123]
[r4-it] it=2 perr=0.030 dq=[-0.0, 0.066, 0.0, -0.0, -0.063, 0.0] base=[-0.465, 0.002, 0.123]
[r4-it] it=3 perr=0.030 dq=[-0.0, 0.066, 0.0, -0.0, -0.063, 0.0] base=[-0.465, 0.002, 0.123]
[r4-it] it=4 perr=0.030 dq=[-0.0, 0.066, 0.0, -0.0, -0.063, 0.0] base=[-0.465, 0.002, 0.123]
[r4-it] it=5 perr=0.030 dq=[-0.0, 0.066, 0.0, -0.0, -0.063, 0.0] base=[-0.465, 0.002, 0.123]
[r4-it] it=0 perr=0.030 dq=[-0.0, 0.066, 0.0, -0.0, -0.063, 0.0] base=[-0.465, 0.002, 0.123]
[r4-it] it=1 perr=0.030 dq=[-0.0, 0.066, 0.0, -0.0, -0.063, 0.0] base=[-0.465, 0.002, 0.123]
[r4-it] it=2 perr=0.030 dq=[-0.0, 0.066, 0.0, -0.0, -0.063, 0.0] base=[-0.465, 0.002, 0.123]
[r4-it] it=3 perr=0.030 dq=[-0.0, 0.066, 0.0, -0.0, -0.063, 0.0] base=[-0.465, 0.002, 0.123]
[r4-it] it=4 perr=0.030 dq=[-0.0, 0.066, 0.0, -0.0, -0.063, 0.0] base=[-0.465, 0.002, 0.123]
[r4-it] it=5 perr=0.030 dq=[-0.0, 0.066, 0.0, -0.0, -0.063, 0.0] base=[-0.465, 0.002, 0.123]
[r4-it] it=0 perr=0.030 dq=[-0.0, 0.066, 0.0, -0.0, -0.063, 0.0] base=[-0.465, 0.002, 0.123]
[r4-it] it=1 perr=0.030 dq=[-0.0, 0.066, 0.0, -0.0, -0.063, 0.0] base=[-0.465, 0.002, 0.123]
[r4-it] it=2 perr=0.030 dq=[-0.0, 0.066, 0.0, -0.0, -0.063, 0.0] base=[-0.465, 0.002, 0.123]
[r4-it] it=3 perr=0.030 dq=[-0.0, 0.066, 0.0, -0.0, -0.063, 0.0] base=[-0.465, 0.002, 0.123]
[r4-it] it=4 perr=0.030 dq=[0.0, 0.066, 0.0, -0.0, -0.063, 0.0] base=[-0.465, 0.002, 0.123]
[r4-it] it=5 perr=0.030 dq=[0.0, 0.066, 0.0, -0.0, -0.063, 0.0] base=[-0.465, 0.002, 0.123]
[r4-it] it=0 perr=0.030 dq=[-0.0, 0.066, 0.0, -0.0, -0.063, 0.0] base=[-0.465, 0.002, 0.123]
[r4-it] it=1 perr=0.030 dq=[-0.0, 0.066, 0.0, -0.0, -0.063, 0.0] base=[-0.465, 0.002, 0.123]
[r4-it] it=2 perr=0.030 dq=[-0.0, 0.066, 0.0, -0.0, -0.063, 0.0] base=[-0.465, 0.002, 0.123]
[r4-it] it=3 perr=0.030 dq=[0.0, 0.066, 0.0, -0.0, -0.063, 0.0] base=[-0.465, 0.002, 0.123]
[r4-it] it=4 perr=0.030 dq=[0.0, 0.066, 0.0, -0.0, -0.063, 0.0] base=[-0.465, 0.002, 0.123]
[r4-it] it=5 perr=0.030 dq=[0.0, 0.066, 0.0, -0.0, -0.063, 0.0] base=[-0.465, 0.002, 0.123]
[r4-it] it=0 perr=0.030 dq=[-0.0, 0.066, 0.0, -0.0, -0.063, 0.0] base=[-0.465, 0.002, 0.123]
[r4-it] it=1 perr=0.030 dq=[-0.0, 0.066, 0.0, -0.0, -0.063, 0.0] base=[-0.465, 0.002, 0.123]
[r4-it] it=2 perr=0.030 dq=[0.0, 0.066, 0.0, -0.0, -0.063, 0.0] base=[-0.465, 0.002, 0.123]
[r4-it] it=3 perr=0.030 dq=[0.0, 0.066, 0.0, -0.0, -0.063, 0.0] base=[-0.465, 0.002, 0.123]
[r4-it] it=4 perr=0.030 dq=[0.0, 0.066, 0.0, -0.0, -0.063, 0.0] base=[-0.465, 0.002, 0.123]
[r4-it] it=5 perr=0.030 dq=[0.0, 0.066, 0.0, -0.0, -0.063, 0.0] base=[-0.465, 0.002, 0.123]
[r4-it] it=0 perr=0.030 dq=[0.0, 0.066, 0.0, -0.0, -0.063, 0.0] base=[-0.465, 0.002, 0.123]
[r4-it] it=1 perr=0.030 dq=[0.0, 0.066, 0.0, -0.0, -0.063, 0.0] base=[-0.465, 0.002, 0.123]
[r4-it] it=2 perr=0.030 dq=[0.0, 0.066, 0.0, -0.0, -0.063, 0.0] base=[-0.465, 0.002, 0.123]
[r4-it] it=3 perr=0.030 dq=[0.0, 0.066, 0.0, -0.0, -0.063, 0.0] base=[-0.465, 0.002, 0.123]
[r4-it] it=4 perr=0.030 dq=[0.0, 0.066, 0.0, -0.0, -0.063, 0.0] base=[-0.465, 0.002, 0.123]
[r4-it] it=5 perr=0.030 dq=[0.0, 0.066, 0.0, -0.0, -0.063, 0.0] base=[-0.465, 0.002, 0.123]
[r4-it] it=0 perr=0.030 dq=[0.0, 0.066, 0.0, -0.0, -0.063, 0.0] base=[-0.465, 0.002, 0.123]
[r4-it] it=1 perr=0.030 dq=[0.0, 0.066, 0.0, 0.0, -0.063, 0.0] base=[-0.465, 0.002, 0.123]
[r4-it] it=2 perr=0.030 dq=[0.0, 0.066, 0.0, 0.0, -0.063, 0.0] base=[-0.465, 0.002, 0.123]
[r4-it] it=3 perr=0.030 dq=[0.0, 0.066, 0.0, 0.0, -0.063, 0.0] base=[-0.465, 0.002, 0.123]
[r4-it] it=4 perr=0.030 dq=[0.0, 0.066, 0.0, 0.0, -0.063, 0.0] base=[-0.465, 0.002, 0.123]
[r4-it] it=5 perr=0.030 dq=[0.0, 0.066, 0.0, 0.0, -0.063, 0.0] base=[-0.465, 0.002, 0.123]
[r4-it] it=0 perr=0.030 dq=[0.0, 0.066, 0.0, 0.0, -0.063, 0.0] base=[-0.465, 0.002, 0.123]
[r4-it] it=1 perr=0.030 dq=[0.0, 0.066, 0.0, 0.0, -0.063, 0.0] base=[-0.465, 0.002, 0.123]
[r4-it] it=2 perr=0.030 dq=[0.0, 0.066, 0.0, 0.0, -0.063, 0.0] base=[-0.465, 0.002, 0.123]
[r4-it] it=3 perr=0.030 dq=[0.0, 0.066, 0.0, 0.0, -0.063, 0.0] base=[-0.465, 0.002, 0.123]
[r4-it] it=4 perr=0.030 dq=[0.0, 0.066, 0.0, 0.0, -0.063, 0.0] base=[-0.465, 0.002, 0.123]
[r4-it] it=5 perr=0.030 dq=[0.0, 0.066, 0.0, 0.0, -0.063, 0.0] base=[-0.465, 0.002, 0.123]
[r4-it] it=0 perr=0.030 dq=[0.0, 0.066, 0.0, 0.0, -0.063, 0.0] base=[-0.465, 0.002, 0.123]
[r4-it] it=1 perr=0.030 dq=[0.0, 0.066, 0.0, 0.0, -0.063, 0.0] base=[-0.465, 0.002, 0.123]
[r4-it] it=2 perr=0.030 dq=[0.0, 0.066, 0.0, 0.0, -0.063, 0.0] base=[-0.465, 0.002, 0.123]
[r4-it] it=3 perr=0.030 dq=[0.0, 0.066, 0.0, 0.0, -0.063, 0.0] base=[-0.465, 0.002, 0.123]
[r4-it] it=4 perr=0.030 dq=[0.0, 0.066, 0.0, 0.0, -0.063, 0.0] base=[-0.465, 0.002, 0.123]
[r4-it] it=5 perr=0.030 dq=[0.0, 0.066, 0.0, 0.0, -0.063, -0.0] base=[-0.465, 0.002, 0.123]
[r4-it] it=0 perr=0.030 dq=[0.0, 0.066, 0.0, 0.0, -0.063, -0.0] base=[-0.465, 0.002, 0.123]
[r4-it] it=1 perr=0.030 dq=[0.0, 0.066, 0.0, 0.0, -0.063, -0.0] base=[-0.465, 0.002, 0.123]
[r4-it] it=2 perr=0.030 dq=[0.0, 0.066, 0.0, 0.0, -0.063, -0.0] base=[-0.465, 0.002, 0.123]
[r4-it] it=3 perr=0.030 dq=[0.0, 0.066, 0.0, 0.0, -0.063, -0.0] base=[-0.465, 0.002, 0.123]
[r4-it] it=4 perr=0.030 dq=[0.0, 0.066, 0.0, 0.0, -0.063, -0.0] base=[-0.465, 0.002, 0.123]
[r4-it] it=5 perr=0.030 dq=[0.0, 0.066, 0.0, 0.0, -0.063, -0.0] base=[-0.465, 0.002, 0.123]
[r4] descended: pad-mid z=0.123 (target ~0.028)
[r4] cup at pad-mid: xy-off=0.003 cup z=0.020
[r4] closed: finger_joint=0.790 cup z=0.020
Traceback (most recent call last):
  File "/home/oedeh/github/physical-ai-jetson-robotics-gr00t/isaac/scripts/diag_hybrid_grasp.py", line 29, in main
    return _run()
           ^^^^^^
  File "/home/oedeh/github/physical-ai-jetson-robotics-gr00t/isaac/scripts/diag_hybrid_grasp.py", line 268, in _run
    tgt_up = tgt_lo.clone(); tgt_up[0, 2] = 0.35
             ^^^^^^
NameError: name 'tgt_lo' is not defined
Loading user config located at: '/home/oedeh/.venv/isaacsim5/lib/python3.11/site-packages/isaacsim/kit/data/Kit/Isaac-Sim/5.1/user.config.json'
[Info] [carb] Logging to file: /home/oedeh/.venv/isaacsim5/lib/python3.11/site-packages/isaacsim/kit/logs/Kit/Isaac-Sim/5.1/kit_20260730_112225.log
2026-07-30T16:22:25Z [5ms] [Warning] [omni.ext.plugin] [ext: isaaclab_newton] Extensions config 'extension.toml' doesn't exist '/home/oedeh/IsaacLab/source/isaaclab_newton' or '/home/oedeh/IsaacLab/source/isaaclab_newton/config'
2026-07-30T16:22:25Z [5ms] [Warning] [omni.ext.plugin] [ext: isaaclab_physx] Extensions config 'extension.toml' doesn't exist '/home/oedeh/IsaacLab/source/isaaclab_physx' or '/home/oedeh/IsaacLab/source/isaaclab_physx/config'
2026-07-30T16:22:25Z [5ms] [Warning] [omni.ext.plugin] [ext: isaaclab_ppisp] Extensions config 'extension.toml' doesn't exist '/home/oedeh/IsaacLab/source/isaaclab_ppisp' or '/home/oedeh/IsaacLab/source/isaaclab_ppisp/config'
2026-07-30T16:22:25Z [148ms] [Warning] [omni.usd_config.extension] Enable omni.materialx.libs extension to use MaterialX
2026-07-30T16:22:25Z [490ms] [Warning] [carb] Acquiring non optional plugin interface which is not listed as dependency: [omni::physx::IPhysxBenchmarks v1.0] (plugin: <default plugin>), by client: omni.physics.physx.plugin. Add it to CARB_PLUGIN_IMPL_DEPS() macro of a client.
2026-07-30T16:22:25Z [497ms] [Warning] [omni.isaac.dynamic_control] omni.isaac.dynamic_control is deprecated as of Isaac Sim 4.5. No action is needed from end-users.

|---------------------------------------------------------------------------------------------|
| Driver Version: 580.173.02    | Graphics API: Vulkan
|=============================================================================================|
| GPU | Name                             | Active | LDA | GPU Memory | Vendor-ID | LUID       |
|     |                                  |        |     |            | Device-ID | UUID       |
|     |                                  |        |     |            | Bus-ID    |            |
|---------------------------------------------------------------------------------------------|
| 0   | NVIDIA GeForce RTX 5090          | Yes: 0 |     | 32607   MB | 10de      | 0          |
|     |                                  |        |     |            | 2b85      | d9b11bde.. |
|     |                                  |        |     |            | 2         |            |
|=============================================================================================|
| OS: 24.04.4 LTS (Noble Numbat) ubuntu, Version: 24.04.4, Kernel: 6.17.0-22-generic
| XServer Vendor: The X.Org Foundation, XServer Version: 12101011 (1.21.1.11)
| Processor: Intel(R) Core(TM) Ultra 9 285K
| Cores: 24 | Logical Cores: 24
|---------------------------------------------------------------------------------------------|
| Total Memory (MB): 31668 | Free Memory: 11392
| Total Page/Swap (MB): 8191 | Free Page/Swap: 5358
|---------------------------------------------------------------------------------------------|
2026-07-30T16:22:29Z [4,130ms] [Warning] [gpu.foundation.plugin] CPU performance profile is set to powersave. This profile sets the CPU to the lowest frequency reducing performance.
2026-07-30T16:22:29Z [4,140ms] [Warning] [gpu.foundation.plugin] PCIe link width current (8) and maximum (16) for device 0 don't match.
2026-07-30T16:22:29Z [4,162ms] [Warning] [omni.kvdb.plugin] Disabling key-value database because another kit process is locking it
R4_EXIT=0
