Loading user config located at: '/home/oedeh/.venv/isaacsim5/lib/python3.11/site-packages/isaacsim/kit/data/Kit/Isaac-Sim/5.1/user.config.json'
[Info] [carb] Logging to file: /home/oedeh/.venv/isaacsim5/lib/python3.11/site-packages/isaacsim/kit/logs/Kit/Isaac-Sim/5.1/kit_20260808_222309.log
2026-08-09T03:23:09Z [4ms] [Warning] [omni.ext.plugin] [ext: isaaclab_physx] Extensions config 'extension.toml' doesn't exist '/home/oedeh/IsaacLab/source/isaaclab_physx' or '/home/oedeh/IsaacLab/source/isaaclab_physx/config'
2026-08-09T03:23:09Z [4ms] [Warning] [omni.ext.plugin] [ext: isaaclab_ppisp] Extensions config 'extension.toml' doesn't exist '/home/oedeh/IsaacLab/source/isaaclab_ppisp' or '/home/oedeh/IsaacLab/source/isaaclab_ppisp/config'
2026-08-09T03:23:09Z [4ms] [Warning] [omni.ext.plugin] [ext: isaaclab_newton] Extensions config 'extension.toml' doesn't exist '/home/oedeh/IsaacLab/source/isaaclab_newton' or '/home/oedeh/IsaacLab/source/isaaclab_newton/config'

|---------------------------------------------------------------------------------------------|
| Driver Version: 580.173.02    | Graphics API: Vulkan
|=============================================================================================|
| GPU | Name                             | Active | LDA | GPU Memory | Vendor-ID | LUID       |
|     |                                  |        |     |            | Device-ID | UUID       |
|     |                                  |        |     |            | Bus-ID    |            |
|---------------------------------------------------------------------------------------------|
| 0   | NVIDIA GeForce RTX 5090          | Yes: 0 |     | 32607   MB | 10de      | 0          |
|     |                                  |        |     |            | 2b85      | d9b11bde.. |
|     |                                  |        |     |            | 2         |            |
|=============================================================================================|
| OS: 24.04.4 LTS (Noble Numbat) ubuntu, Version: 24.04.4, Kernel: 6.17.0-22-generic
| XServer Vendor: The X.Org Foundation, XServer Version: 12101011 (1.21.1.11)
| Processor: Intel(R) Core(TM) Ultra 9 285K
| Cores: 24 | Logical Cores: 24
|---------------------------------------------------------------------------------------------|
| Total Memory (MB): 31668 | Free Memory: 24142
| Total Page/Swap (MB): 8191 | Free Page/Swap: 4413
|---------------------------------------------------------------------------------------------|
2026-08-09T03:23:10Z [632ms] [Warning] [gpu.foundation.plugin] CPU performance profile is set to powersave. This profile sets the CPU to the lowest frequency reducing performance.
2026-08-09T03:23:10Z [640ms] [Warning] [gpu.foundation.plugin] PCIe link width current (8) and maximum (16) for device 0 don't match.
2026-08-09T03:23:11Z [2,180ms] [Warning] [omni.log] Source: omni.hydra was already registered.
2026-08-09T03:23:11Z [2,262ms] [Warning] [carb] Acquiring non optional plugin interface which is not listed as dependency: [omni::physx::IPhysxBenchmarks v1.0] (plugin: <default plugin>), by client: omni.physics.physx.plugin. Add it to CARB_PLUGIN_IMPL_DEPS() macro of a client.
2026-08-09T03:23:12Z [2,374ms] [Warning] [omni.isaac.dynamic_control] omni.isaac.dynamic_control is deprecated as of Isaac Sim 4.5. No action is needed from end-users.
2026-08-09T03:23:13Z [3,609ms] [Warning] [pxr.Semantics] pxr.Semantics is deprecated - please use Semantics instead
2026-08-09T03:23:13Z [3,667ms] [Warning] [omni.graph.core.plugin] Found duplicate of category 'Replicator' - was 'Annotators', adding 'Fabric Reader'
2026-08-09T03:23:13Z [3,667ms] [Warning] [omni.graph.core.plugin] Category 'Replicator' not accepted on node type 'omni.replicator.core.FabricReader' in extension 'omni.replicator.core'
2026-08-09T03:23:13Z [3,668ms] [Warning] [omni.replicator.core.scripts.extension] No material configuration file, adding configuration to material settings directly.
2026-08-09T03:23:15Z [5,882ms] [Warning] [omni.fabric.plugin] Warning: attribute viewportHandle not found for bucket id 7

[INFO][AppLauncher]: Using device: cuda:0
[INFO][AppLauncher]: Loading experience file: /home/oedeh/IsaacLab/apps/isaaclab.python.headless.rendering.kit
[INFO]: Parsing configuration from: <class 'isaac.isaaclab_tasks.synria_pickplace.env_cfg.SynriaChessPickPlaceEnvCfg'>

[36m======================================================================================[0m
[36m[1m[INFO][IsaacLab]: Logging to file: /tmp/isaaclab/logs/isaaclab_2026-08-08_22-23-17.log[0m
[36m======================================================================================[0m

[33m22:23:17 [simulation_context.py] WARNING: The `enable_external_forces_every_iteration` parameter in the PhysxCfg is set to False. If you are experiencing noisy velocities, consider enabling this flag. You may need to slightly increase the number of velocity iterations (setting it to 1 or 2 rather than 0), together with this flag, to improve the accuracy of velocity updates.[0m
[INFO]: Base environment:
	Environment device    : cuda:0
	Environment seed      : 11
	Physics step-size     : 0.016666666666666666
	Rendering step-size   : 0.016666666666666666
	Environment step-size : 0.03333333333333333
[33m22:23:17 [manager_based_env.py] WARNING: The render interval (1) is smaller than the decimation (2). Multiple render calls will happen for each environment step. If this is not intended, set the render interval to be equal to the decimation.[0m
[INFO]: Time taken for scene creation : 0.403477 seconds
[INFO]: Scene manager:  <class InteractiveScene>
	Number of environments: 16
	Environment spacing   : 2.0
	Source prim name      : /World/envs/env_0
	Global prim paths     : []
	Replicate physics     : False
[INFO]: Starting the simulation. This may take a few seconds. Please wait...
[INFO]: Time taken for simulation start : 1.422540 seconds
[INFO] Command Manager:  <CommandManager> contains 0 active terms.
+------------------------+
|  Active Command Terms  |
+--------+-------+-------+
| Index  | Name  |  Type |
+--------+-------+-------+
+--------+-------+-------+

[INFO] Event Manager:  <EventManager> contains 2 active terms.
+----------------------------------+
| Active Event Terms in Mode: 'reset' |
+-----------+----------------------+
|   Index   | Name                 |
+-----------+----------------------+
|     0     | reset_trial          |
+-----------+----------------------+
+--------------------------------------------------+
|      Active Event Terms in Mode: 'interval'      |
+-------+----------------+-------------------------+
| Index | Name           | Interval time range (s) |
+-------+----------------+-------------------------+
|   0   | hold_staged    |       (0.03, 0.04)      |
|   1   | attach_carried |       (0.03, 0.04)      |
+-------+----------------+-------------------------+

[INFO] Recorder Manager:  <RecorderManager> contains 0 active terms.
+---------------------+
| Active Recorder Terms |
+-----------+---------+
|   Index   | Name    |
+-----------+---------+
+-----------+---------+

[INFO] Action Manager:  <ActionManager> contains 2 active terms.
+-----------------------------------+
|   Active Action Terms (shape: 7)  |
+-------+---------------+-----------+
| Index | Name          | Dimension |
+-------+---------------+-----------+
|   0   | arm_joint_pos |         6 |
|   1   | gripper       |         1 |
+-------+---------------+-----------+

[gripper_geometry] pad colliders verified against USD (2/2 sides, tolerance 0.5 mm) at /World/envs/env_0/SynriaArm
[INFO] Observation Manager: <ObservationManager> contains 1 groups.
+---------------------------------------------------------+
| Active Observation Terms in Group: 'policy' (shape: (68,)) |
+------------+-------------------------------+------------+
|   Index    | Name                          |   Shape    |
+------------+-------------------------------+------------+
|     0      | joint_state                   |   (13,)    |
|     1      | ee_pose                       |    (7,)    |
|     2      | piece_pos                     |    (3,)    |
|     3      | target_piece_id               |   (32,)    |
|     4      | target_zone_id                |    (4,)    |
|     5      | target_pos                    |    (4,)    |
|     6      | trial_phase                   |    (5,)    |
+------------+-------------------------------+------------+

[INFO] Termination Manager:  <TerminationManager> contains 4 active terms.
+----------------------------------------+
|        Active Termination Terms        |
+-------+---------------------+----------+
| Index | Name                | Time Out |
+-------+---------------------+----------+
|   0   | time_out            |   True   |
|   1   | piece_dropped       |  False   |
|   2   | piece_out_of_bounds |  False   |
|   3   | collision           |  False   |
+-------+---------------------+----------+

[INFO] Reward Manager:  <RewardManager> contains 20 active terms.
+-------------------------------------------------+
|               Active Reward Terms               |
+-------+--------------------------------+--------+
| Index | Name                           | Weight |
+-------+--------------------------------+--------+
|   0   | piece_to_target_distance       |  600.0 |
|   1   | ee_to_piece_distance           |  300.0 |
|   2   | piece_lift                     |    1.5 |
|   3   | gripper_to_piece_when_grasping |    0.3 |
|   4   | hold_maintenance               |    1.0 |
|   5   | carry_drop                     |   15.0 |
|   6   | release_at_zone                |   90.0 |
|   7   | upright_descent                |  100.0 |
|   8   | lower_at_zone                  |   15.0 |
|   9   | approach_guidance              |   0.15 |
|   10  | carry_guidance                 |    0.2 |
|   11  | hold_at_zone                   |    0.0 |
|   12  | action_norm_penalty            |  -0.01 |
|   13  | grasp_confirmed                |  300.0 |
|   14  | return_home                    |   60.0 |
|   15  | setdown_approach               |  600.0 |
|   16  | cycle_complete                 |  900.0 |
|   17  | piece_in_zone                  |  300.0 |
|   18  | piece_dropped                  |   30.0 |
|   19  | collision                      |   30.0 |
+-------+--------------------------------+--------+

[INFO] Curriculum Manager:  <CurriculumManager> contains 0 active terms.
+----------------------+
| Active Curriculum Terms |
+-----------+----------+
|   Index   | Name     |
+-----------+----------+
+-----------+----------+

[INFO]: Completed setting up the environment...
--------------------------------------------------------------------------------
Resolved observation sets: 
	 policy :  ['policy']
	 critic :  ['policy']
--------------------------------------------------------------------------------
Actor MLP: MLP(
  (0): Linear(in_features=68, out_features=512, bias=True)
  (1): ELU(alpha=1.0)
  (2): Linear(in_features=512, out_features=256, bias=True)
  (3): ELU(alpha=1.0)
  (4): Linear(in_features=256, out_features=128, bias=True)
  (5): ELU(alpha=1.0)
  (6): Linear(in_features=128, out_features=7, bias=True)
)
Critic MLP: MLP(
  (0): Linear(in_features=68, out_features=512, bias=True)
  (1): ELU(alpha=1.0)
  (2): Linear(in_features=512, out_features=256, bias=True)
  (3): ELU(alpha=1.0)
  (4): Linear(in_features=256, out_features=128, bias=True)
  (5): ELU(alpha=1.0)
  (6): Linear(in_features=128, out_features=1, bias=True)
)
[e33rec] policy: reports/training/synria_chess_pickplace_v6_e26_s43/model_final.pt
[e33rec] polarity: -1 -> 31.0 mm, +1 -> 50.0 mm
[e33rec] step=0 saved=0 phases={'policy': 16} funnel={'takeover': 0, 'released': 0, 'setdown': 0, 'cycle': 0, 'reset_mid_script': 0}
[e33rec] step=300 saved=0 phases={'policy': 11, 'place_descend': 2, 'release': 2, 'ascend': 1} funnel={'takeover': 5, 'released': 1, 'setdown': 2, 'cycle': 0, 'reset_mid_script': 0}
[e33rec] step=600 saved=0 phases={'policy': 11, 'ascend': 3, 'yaw_home': 1, 'go_home': 1} funnel={'takeover': 5, 'released': 3, 'setdown': 2, 'cycle': 0, 'reset_mid_script': 0}
[e33rec] step=900 saved=0 phases={'policy': 11, 'ascend': 3, 'go_home': 2} funnel={'takeover': 5, 'released': 3, 'setdown': 2, 'cycle': 0, 'reset_mid_script': 0}
[e33rec] episode 1/320 saved (len=947, env=12)
[e33rec] step=1200 saved=1 phases={'policy': 11, 'ascend': 3, 'go_home': 2} funnel={'takeover': 5, 'released': 3, 'setdown': 3, 'cycle': 1, 'reset_mid_script': 0}
[death] env=0 in=ascend taskphase=0 cup_tilt=0deg cup_z=815mm home_err=1.49rad
[death] env=4 in=ascend taskphase=0 cup_tilt=0deg cup_z=815mm home_err=1.32rad
[death] env=6 in=ascend taskphase=0 cup_tilt=0deg cup_z=810mm home_err=2.77rad
[death] env=11 in=go_home taskphase=0 cup_tilt=0deg cup_z=815mm home_err=1.38rad
[death] env=13 in=go_home taskphase=0 cup_tilt=0deg cup_z=815mm home_err=1.35rad
[e33rec] step=1500 saved=1 phases={'policy': 16} funnel={'takeover': 5, 'released': 3, 'setdown': 3, 'cycle': 1, 'reset_mid_script': 5}
[e33rec] episode 2/320 saved (len=275, env=4)
[e33rec] step=1800 saved=2 phases={'policy': 15, 'ascend': 1} funnel={'takeover': 6, 'released': 4, 'setdown': 4, 'cycle': 2, 'reset_mid_script': 5}
[e33rec] step=2100 saved=2 phases={'policy': 15, 'ascend': 1} funnel={'takeover': 6, 'released': 4, 'setdown': 4, 'cycle': 2, 'reset_mid_script': 5}
[e33rec] episode 3/320 saved (len=728, env=4)
[e33rec] step=2400 saved=3 phases={'policy': 15, 'go_home': 1} funnel={'takeover': 6, 'released': 4, 'setdown': 5, 'cycle': 3, 'reset_mid_script': 5}
[e33rec] step=2700 saved=3 phases={'policy': 15, 'go_home': 1} funnel={'takeover': 6, 'released': 4, 'setdown': 5, 'cycle': 3, 'reset_mid_script': 5}
[death] env=7 in=go_home taskphase=0 cup_tilt=0deg cup_z=815mm home_err=1.32rad
[e33rec] step=3000 saved=3 phases={'policy': 14, 'place_descend': 2} funnel={'takeover': 8, 'released': 4, 'setdown': 5, 'cycle': 3, 'reset_mid_script': 6}
[e33rec] episode 4/320 saved (len=297, env=15)
[e33rec] step=3300 saved=4 phases={'policy': 11, 'ascend': 5} funnel={'takeover': 11, 'released': 7, 'setdown': 6, 'cycle': 4, 'reset_mid_script': 6}
[e33rec] step=3600 saved=4 phases={'policy': 11, 'ascend': 5} funnel={'takeover': 11, 'released': 7, 'setdown': 6, 'cycle': 4, 'reset_mid_script': 6}
[e33rec] step=3900 saved=4 phases={'policy': 11, 'ascend': 4, 'go_home': 1} funnel={'takeover': 11, 'released': 7, 'setdown': 6, 'cycle': 4, 'reset_mid_script': 6}
[e33rec] step=4200 saved=4 phases={'policy': 11, 'ascend': 4, 'go_home': 1} funnel={'takeover': 11, 'released': 7, 'setdown': 6, 'cycle': 4, 'reset_mid_script': 6}
[death] env=0 in=go_home taskphase=0 cup_tilt=0deg cup_z=815mm home_err=1.36rad
[death] env=3 in=ascend taskphase=0 cup_tilt=0deg cup_z=815mm home_err=1.42rad
[death] env=5 in=ascend taskphase=0 cup_tilt=0deg cup_z=810mm home_err=1.30rad
[death] env=6 in=ascend taskphase=0 cup_tilt=0deg cup_z=815mm home_err=1.39rad
[death] env=9 in=ascend taskphase=0 cup_tilt=0deg cup_z=815mm home_err=1.33rad
[e33rec] episode 5/320 saved (len=265, env=1)
[e33rec] step=4500 saved=5 phases={'policy': 16} funnel={'takeover': 11, 'released': 7, 'setdown': 7, 'cycle': 5, 'reset_mid_script': 11}
[e33rec] step=4800 saved=5 phases={'policy': 16} funnel={'takeover': 11, 'released': 7, 'setdown': 7, 'cycle': 5, 'reset_mid_script': 11}
[e33rec] episode 6/320 saved (len=581, env=12)
[e33rec] step=5100 saved=6 phases={'policy': 16} funnel={'takeover': 11, 'released': 7, 'setdown': 8, 'cycle': 6, 'reset_mid_script': 11}
[e33rec] step=5400 saved=6 phases={'policy': 16} funnel={'takeover': 11, 'released': 7, 'setdown': 8, 'cycle': 6, 'reset_mid_script': 11}
[e33rec] step=5700 saved=6 phases={'policy': 16} funnel={'takeover': 11, 'released': 7, 'setdown': 8, 'cycle': 6, 'reset_mid_script': 11}
[e33rec] episode 7/320 saved (len=280, env=1)
[e33rec] step=6000 saved=7 phases={'policy': 14, 'release': 1, 'ascend': 1} funnel={'takeover': 13, 'released': 8, 'setdown': 9, 'cycle': 7, 'reset_mid_script': 11}
[e33rec] step=6300 saved=7 phases={'policy': 14, 'ascend': 2} funnel={'takeover': 13, 'released': 8, 'setdown': 9, 'cycle': 7, 'reset_mid_script': 11}
[e33rec] step=6600 saved=7 phases={'policy': 14, 'ascend': 2} funnel={'takeover': 13, 'released': 8, 'setdown': 9, 'cycle': 7, 'reset_mid_script': 11}
[e33rec] step=6900 saved=7 phases={'policy': 14, 'ascend': 2} funnel={'takeover': 13, 'released': 8, 'setdown': 9, 'cycle': 7, 'reset_mid_script': 11}
[death] env=3 in=ascend taskphase=0 cup_tilt=0deg cup_z=815mm home_err=1.70rad
[death] env=15 in=ascend taskphase=0 cup_tilt=0deg cup_z=810mm home_err=1.43rad
[e33rec] step=7200 saved=7 phases={'policy': 16} funnel={'takeover': 13, 'released': 8, 'setdown': 9, 'cycle': 7, 'reset_mid_script': 13}
[e33rec] step=7500 saved=7 phases={'policy': 11, 'place_descend': 1, 'release': 2, 'ascend': 1, 'go_home': 1} funnel={'takeover': 18, 'released': 10, 'setdown': 10, 'cycle': 7, 'reset_mid_script': 13}
[e33rec] step=7800 saved=7 phases={'policy': 11, 'ascend': 4, 'go_home': 1} funnel={'takeover': 18, 'released': 12, 'setdown': 10, 'cycle': 7, 'reset_mid_script': 13}
[e33rec] step=8100 saved=7 phases={'policy': 11, 'ascend': 4, 'go_home': 1} funnel={'takeover': 18, 'released': 12, 'setdown': 10, 'cycle': 7, 'reset_mid_script': 13}
[e33rec] step=8400 saved=7 phases={'policy': 11, 'ascend': 4, 'go_home': 1} funnel={'takeover': 18, 'released': 12, 'setdown': 10, 'cycle': 7, 'reset_mid_script': 13}
[death] env=1 in=go_home taskphase=0 cup_tilt=0deg cup_z=815mm home_err=1.33rad
[death] env=2 in=ascend taskphase=0 cup_tilt=0deg cup_z=810mm home_err=1.54rad
[death] env=4 in=ascend taskphase=0 cup_tilt=0deg cup_z=815mm home_err=1.40rad
[death] env=7 in=ascend taskphase=0 cup_tilt=0deg cup_z=815mm home_err=1.61rad
[death] env=10 in=ascend taskphase=0 cup_tilt=0deg cup_z=810mm home_err=2.62rad
[e33rec] step=8700 saved=7 phases={'policy': 16} funnel={'takeover': 18, 'released': 12, 'setdown': 10, 'cycle': 7, 'reset_mid_script': 18}
[e33rec] episode 8/320 saved (len=259, env=5)
[e33rec] step=9000 saved=8 phases={'policy': 15, 'ascend': 1} funnel={'takeover': 19, 'released': 13, 'setdown': 11, 'cycle': 8, 'reset_mid_script': 18}
[e33rec] step=9300 saved=8 phases={'policy': 14, 'place_descend': 1, 'ascend': 1} funnel={'takeover': 20, 'released': 13, 'setdown': 11, 'cycle': 8, 'reset_mid_script': 18}
[e33rec] step=9600 saved=8 phases={'policy': 14, 'ascend': 1, 'go_home': 1} funnel={'takeover': 20, 'released': 14, 'setdown': 11, 'cycle': 8, 'reset_mid_script': 18}
[e33rec] step=9900 saved=8 phases={'policy': 14, 'ascend': 1, 'go_home': 1} funnel={'takeover': 20, 'released': 14, 'setdown': 11, 'cycle': 8, 'reset_mid_script': 18}
[death] env=1 in=go_home taskphase=0 cup_tilt=0deg cup_z=815mm home_err=1.33rad
[death] env=12 in=ascend taskphase=0 cup_tilt=0deg cup_z=815mm home_err=1.48rad
[e33rec] step=10200 saved=8 phases={'policy': 15, 'release': 1} funnel={'takeover': 21, 'released': 14, 'setdown': 11, 'cycle': 8, 'reset_mid_script': 20}
[e33rec] step=10500 saved=8 phases={'policy': 13, 'ascend': 1, 'go_home': 2} funnel={'takeover': 23, 'released': 17, 'setdown': 11, 'cycle': 8, 'reset_mid_script': 20}
[e33rec] step=10800 saved=8 phases={'policy': 13, 'go_home': 3} funnel={'takeover': 23, 'released': 17, 'setdown': 11, 'cycle': 8, 'reset_mid_script': 20}
[e33rec] step=11100 saved=8 phases={'policy': 13, 'go_home': 3} funnel={'takeover': 23, 'released': 17, 'setdown': 11, 'cycle': 8, 'reset_mid_script': 20}
[e33rec] episode 9/320 saved (len=1218, env=6)
[e33rec] step=11400 saved=9 phases={'policy': 11, 'ascend': 2, 'go_home': 3} funnel={'takeover': 25, 'released': 19, 'setdown': 13, 'cycle': 9, 'reset_mid_script': 20}
[death] env=5 in=go_home taskphase=0 cup_tilt=0deg cup_z=815mm home_err=1.28rad
[death] env=8 in=go_home taskphase=0 cup_tilt=0deg cup_z=810mm home_err=1.33rad
[death] env=10 in=go_home taskphase=0 cup_tilt=0deg cup_z=810mm home_err=1.32rad
[death] env=13 in=go_home taskphase=0 cup_tilt=0deg cup_z=810mm home_err=2.79rad
[e33rec] step=11700 saved=9 phases={'policy': 11, 'release': 2, 'ascend': 2, 'go_home': 1} funnel={'takeover': 29, 'released': 21, 'setdown': 13, 'cycle': 9, 'reset_mid_script': 24}
[e33rec] step=12000 saved=9 phases={'policy': 11, 'ascend': 3, 'go_home': 2} funnel={'takeover': 29, 'released': 22, 'setdown': 13, 'cycle': 9, 'reset_mid_script': 24}
[e33rec] step=12300 saved=9 phases={'policy': 11, 'ascend': 3, 'go_home': 2} funnel={'takeover': 29, 'released': 22, 'setdown': 13, 'cycle': 9, 'reset_mid_script': 24}
[death] env=15 in=go_home taskphase=0 cup_tilt=0deg cup_z=810mm home_err=1.32rad
[e33rec] step=12600 saved=9 phases={'policy': 12, 'ascend': 3, 'go_home': 1} funnel={'takeover': 29, 'released': 22, 'setdown': 13, 'cycle': 9, 'reset_mid_script': 25}
[death] env=1 in=ascend taskphase=0 cup_tilt=0deg cup_z=810mm home_err=1.24rad
[death] env=2 in=ascend taskphase=0 cup_tilt=0deg cup_z=815mm home_err=1.38rad
[death] env=4 in=ascend taskphase=0 cup_tilt=0deg cup_z=810mm home_err=1.55rad
[death] env=9 in=ascend taskphase=0 cup_tilt=0deg cup_z=810mm home_err=1.80rad
[death] env=11 in=go_home taskphase=0 cup_tilt=0deg cup_z=810mm home_err=2.79rad
[e33rec] step=12900 saved=9 phases={'policy': 16} funnel={'takeover': 30, 'released': 23, 'setdown': 13, 'cycle': 9, 'reset_mid_script': 30}
[e33rec] episode 10/320 saved (len=211, env=6)
[e33rec] step=13200 saved=10 phases={'policy': 15, 'ascend': 1} funnel={'takeover': 31, 'released': 24, 'setdown': 15, 'cycle': 10, 'reset_mid_script': 30}
[e33rec] episode 11/320 saved (len=333, env=4)
[e33rec] step=13500 saved=11 phases={'policy': 15, 'go_home': 1} funnel={'takeover': 31, 'released': 24, 'setdown': 15, 'cycle': 11, 'reset_mid_script': 30}
[e33rec] step=13800 saved=11 phases={'policy': 15, 'go_home': 1} funnel={'takeover': 31, 'released': 24, 'setdown': 15, 'cycle': 11, 'reset_mid_script': 30}
[e33rec] step=14100 saved=11 phases={'policy': 15, 'go_home': 1} funnel={'takeover': 31, 'released': 24, 'setdown': 15, 'cycle': 11, 'reset_mid_script': 30}
[death] env=9 in=go_home taskphase=0 cup_tilt=0deg cup_z=810mm home_err=1.32rad
[e33rec] step=14400 saved=11 phases={'policy': 16} funnel={'takeover': 31, 'released': 24, 'setdown': 15, 'cycle': 11, 'reset_mid_script': 31}
[e33rec] step=14700 saved=11 phases={'policy': 14, 'release': 1, 'ascend': 1} funnel={'takeover': 33, 'released': 24, 'setdown': 15, 'cycle': 11, 'reset_mid_script': 31}
[e33rec] step=15000 saved=11 phases={'policy': 14, 'ascend': 1, 'go_home': 1} funnel={'takeover': 33, 'released': 25, 'setdown': 15, 'cycle': 11, 'reset_mid_script': 31}
[e33rec] step=15300 saved=11 phases={'policy': 14, 'ascend': 1, 'go_home': 1} funnel={'takeover': 33, 'released': 25, 'setdown': 15, 'cycle': 11, 'reset_mid_script': 31}
[e33rec] step=15600 saved=11 phases={'policy': 14, 'ascend': 1, 'go_home': 1} funnel={'takeover': 33, 'released': 25, 'setdown': 15, 'cycle': 11, 'reset_mid_script': 31}
[death] env=6 in=go_home taskphase=0 cup_tilt=0deg cup_z=810mm home_err=1.33rad
[death] env=14 in=ascend taskphase=0 cup_tilt=0deg cup_z=815mm home_err=1.39rad
[e33rec] step=15900 saved=11 phases={'policy': 16} funnel={'takeover': 33, 'released': 25, 'setdown': 15, 'cycle': 11, 'reset_mid_script': 33}
[e33rec] step=16200 saved=11 phases={'policy': 14, 'ascend': 2} funnel={'takeover': 35, 'released': 27, 'setdown': 16, 'cycle': 11, 'reset_mid_script': 33}
[e33rec] step=16500 saved=11 phases={'policy': 14, 'ascend': 2} funnel={'takeover': 35, 'released': 27, 'setdown': 16, 'cycle': 11, 'reset_mid_script': 33}
[e33rec] step=16800 saved=11 phases={'policy': 14, 'ascend': 2} funnel={'takeover': 35, 'released': 27, 'setdown': 16, 'cycle': 11, 'reset_mid_script': 33}
[e33rec] step=17100 saved=11 phases={'policy': 14, 'ascend': 1, 'go_home': 1} funnel={'takeover': 35, 'released': 27, 'setdown': 16, 'cycle': 11, 'reset_mid_script': 33}
[death] env=1 in=go_home taskphase=0 cup_tilt=0deg cup_z=815mm home_err=1.35rad
[death] env=4 in=ascend taskphase=0 cup_tilt=0deg cup_z=810mm home_err=1.39rad
[e33rec] step=17400 saved=11 phases={'policy': 16} funnel={'takeover': 35, 'released': 27, 'setdown': 16, 'cycle': 11, 'reset_mid_script': 35}
[e33rec] episode 12/320 saved (len=251, env=2)
[e33rec] episode 13/320 saved (len=279, env=0)
[e33rec] episode 14/320 saved (len=307, env=12)
[e33rec] step=17700 saved=14 phases={'policy': 16} funnel={'takeover': 35, 'released': 27, 'setdown': 19, 'cycle': 14, 'reset_mid_script': 35}
[e33rec] step=18000 saved=14 phases={'policy': 16} funnel={'takeover': 35, 'released': 27, 'setdown': 19, 'cycle': 14, 'reset_mid_script': 35}
[e33rec] step=18300 saved=14 phases={'policy': 16} funnel={'takeover': 35, 'released': 27, 'setdown': 19, 'cycle': 14, 'reset_mid_script': 35}
[e33rec] episode 15/320 saved (len=1295, env=3)
[e33rec] step=18600 saved=15 phases={'policy': 15, 'place_descend': 1} funnel={'takeover': 36, 'released': 27, 'setdown': 20, 'cycle': 15, 'reset_mid_script': 35}
[death] env=8 in=release taskphase=0 cup_tilt=0deg cup_z=815mm home_err=1.01rad
[e33rec] step=18900 saved=15 phases={'policy': 15, 'release': 1} funnel={'takeover': 37, 'released': 27, 'setdown': 21, 'cycle': 15, 'reset_mid_script': 36}
[e33rec] step=19200 saved=15 phases={'policy': 15, 'ascend': 1} funnel={'takeover': 37, 'released': 27, 'setdown': 21, 'cycle': 15, 'reset_mid_script': 36}
[e33rec] episode 16/320 saved (len=854, env=14)
[e33rec] step=19500 saved=16 phases={'policy': 15, 'ascend': 1} funnel={'takeover': 37, 'released': 27, 'setdown': 22, 'cycle': 16, 'reset_mid_script': 36}
[e33rec] episode 17/320 saved (len=1000, env=8)
[e33rec] step=19800 saved=17 phases={'policy': 15, 'ascend': 1} funnel={'takeover': 37, 'released': 27, 'setdown': 23, 'cycle': 17, 'reset_mid_script': 36}
[death] env=13 in=ascend taskphase=0 cup_tilt=0deg cup_z=815mm home_err=1.29rad
[e33rec] step=20100 saved=17 phases={'policy': 16} funnel={'takeover': 37, 'released': 27, 'setdown': 23, 'cycle': 17, 'reset_mid_script': 37}
[e33rec] episode 18/320 saved (len=238, env=4)
[e33rec] step=20400 saved=18 phases={'policy': 14, 'release': 1, 'ascend': 1} funnel={'takeover': 39, 'released': 28, 'setdown': 24, 'cycle': 18, 'reset_mid_script': 37}
[e33rec] step=20700 saved=18 phases={'policy': 13, 'place_descend': 1, 'ascend': 1, 'go_home': 1} funnel={'takeover': 40, 'released': 28, 'setdown': 24, 'cycle': 18, 'reset_mid_script': 37}
[e33rec] step=21000 saved=18 phases={'policy': 12, 'ascend': 3, 'go_home': 1} funnel={'takeover': 41, 'released': 30, 'setdown': 24, 'cycle': 18, 'reset_mid_script': 37}
[e33rec] step=21300 saved=18 phases={'policy': 12, 'ascend': 2, 'go_home': 2} funnel={'takeover': 41, 'released': 30, 'setdown': 24, 'cycle': 18, 'reset_mid_script': 37}
[e33rec] episode 19/320 saved (len=1317, env=11)
[death] env=1 in=ascend taskphase=0 cup_tilt=0deg cup_z=815mm home_err=1.55rad
[death] env=3 in=go_home taskphase=0 cup_tilt=0deg cup_z=831mm home_err=1.27rad
[death] env=10 in=go_home taskphase=0 cup_tilt=0deg cup_z=815mm home_err=2.76rad
[death] env=12 in=ascend taskphase=0 cup_tilt=0deg cup_z=810mm home_err=1.77rad
[e33rec] step=21600 saved=19 phases={'policy': 16} funnel={'takeover': 41, 'released': 30, 'setdown': 25, 'cycle': 19, 'reset_mid_script': 41}
[e33rec] step=21900 saved=19 phases={'policy': 15, 'release': 1} funnel={'takeover': 42, 'released': 30, 'setdown': 25, 'cycle': 19, 'reset_mid_script': 41}
[e33rec] episode 20/320 saved (len=663, env=11)
[e33rec] step=22200 saved=20 phases={'policy': 15, 'ascend': 1} funnel={'takeover': 42, 'released': 30, 'setdown': 26, 'cycle': 20, 'reset_mid_script': 41}
[e33rec] step=22500 saved=20 phases={'policy': 15, 'ascend': 1} funnel={'takeover': 42, 'released': 30, 'setdown': 26, 'cycle': 20, 'reset_mid_script': 41}
[e33rec] step=22800 saved=20 phases={'policy': 15, 'ascend': 1} funnel={'takeover': 42, 'released': 30, 'setdown': 26, 'cycle': 20, 'reset_mid_script': 41}
[death] env=7 in=ascend taskphase=0 cup_tilt=0deg cup_z=858mm home_err=1.50rad
[e33rec] step=23100 saved=20 phases={'policy': 16} funnel={'takeover': 42, 'released': 30, 'setdown': 26, 'cycle': 20, 'reset_mid_script': 42}
[e33rec] step=23400 saved=20 phases={'policy': 14, 'ascend': 2} funnel={'takeover': 44, 'released': 32, 'setdown': 26, 'cycle': 20, 'reset_mid_script': 42}
[e33rec] step=23700 saved=20 phases={'policy': 14, 'ascend': 1, 'go_home': 1} funnel={'takeover': 44, 'released': 32, 'setdown': 26, 'cycle': 20, 'reset_mid_script': 42}
[e33rec] step=24000 saved=20 phases={'policy': 14, 'ascend': 1, 'go_home': 1} funnel={'takeover': 44, 'released': 32, 'setdown': 26, 'cycle': 20, 'reset_mid_script': 42}
[e33rec] step=24300 saved=20 phases={'policy': 14, 'ascend': 1, 'go_home': 1} funnel={'takeover': 44, 'released': 32, 'setdown': 26, 'cycle': 20, 'reset_mid_script': 42}
[death] env=0 in=ascend taskphase=0 cup_tilt=0deg cup_z=810mm home_err=1.76rad
[death] env=7 in=go_home taskphase=0 cup_tilt=0deg cup_z=810mm home_err=1.33rad
[e33rec] step=24600 saved=20 phases={'policy': 15, 'ascend': 1} funnel={'takeover': 45, 'released': 33, 'setdown': 27, 'cycle': 20, 'reset_mid_script': 44}
[death] env=6 in=ascend taskphase=0 cup_tilt=0deg cup_z=815mm home_err=1.60rad
[e33rec] episode 21/320 saved (len=408, env=8)
[e33rec] step=24900 saved=21 phases={'policy': 15, 'ascend': 1} funnel={'takeover': 46, 'released': 34, 'setdown': 28, 'cycle': 21, 'reset_mid_script': 45}
[e33rec] step=25200 saved=21 phases={'policy': 15, 'go_home': 1} funnel={'takeover': 46, 'released': 34, 'setdown': 28, 'cycle': 21, 'reset_mid_script': 45}
[e33rec] step=25500 saved=21 phases={'policy': 15, 'go_home': 1} funnel={'takeover': 46, 'released': 34, 'setdown': 28, 'cycle': 21, 'reset_mid_script': 45}
[e33rec] episode 22/320 saved (len=231, env=15)
[e33rec] step=25800 saved=22 phases={'policy': 15, 'go_home': 1} funnel={'takeover': 46, 'released': 34, 'setdown': 29, 'cycle': 22, 'reset_mid_script': 45}
[death] env=3 in=go_home taskphase=0 cup_tilt=0deg cup_z=810mm home_err=2.79rad
[e33rec] step=26100 saved=22 phases={'policy': 13, 'place_descend': 1, 'ascend': 2} funnel={'takeover': 49, 'released': 36, 'setdown': 29, 'cycle': 22, 'reset_mid_script': 46}
[e33rec] step=26400 saved=22 phases={'policy': 13, 'ascend': 3} funnel={'takeover': 49, 'released': 36, 'setdown': 29, 'cycle': 22, 'reset_mid_script': 46}
[e33rec] episode 23/320 saved (len=230, env=6)
[e33rec] episode 24/320 saved (len=750, env=4)
[e33rec] step=26700 saved=24 phases={'policy': 13, 'ascend': 3} funnel={'takeover': 49, 'released': 36, 'setdown': 31, 'cycle': 24, 'reset_mid_script': 46}
[e33rec] step=27000 saved=24 phases={'policy': 13, 'ascend': 3} funnel={'takeover': 49, 'released': 36, 'setdown': 31, 'cycle': 24, 'reset_mid_script': 46}
[death] env=10 in=ascend taskphase=0 cup_tilt=0deg cup_z=815mm home_err=1.31rad
[death] env=11 in=ascend taskphase=0 cup_tilt=0deg cup_z=815mm home_err=1.35rad
[death] env=14 in=ascend taskphase=0 cup_tilt=0deg cup_z=815mm home_err=1.42rad
[e33rec] step=27300 saved=24 phases={'policy': 16} funnel={'takeover': 49, 'released': 36, 'setdown': 31, 'cycle': 24, 'reset_mid_script': 49}
[e33rec] episode 25/320 saved (len=246, env=4)
[e33rec] step=27600 saved=25 phases={'policy': 15, 'release': 1} funnel={'takeover': 50, 'released': 36, 'setdown': 32, 'cycle': 25, 'reset_mid_script': 49}
[e33rec] episode 26/320 saved (len=275, env=8)
[e33rec] step=27900 saved=26 phases={'policy': 15, 'ascend': 1} funnel={'takeover': 50, 'released': 36, 'setdown': 33, 'cycle': 26, 'reset_mid_script': 49}
[e33rec] episode 27/320 saved (len=831, env=7)
[e33rec] step=28200 saved=27 phases={'policy': 14, 'ascend': 2} funnel={'takeover': 51, 'released': 36, 'setdown': 35, 'cycle': 27, 'reset_mid_script': 49}
[e33rec] step=28500 saved=27 phases={'policy': 14, 'ascend': 2} funnel={'takeover': 51, 'released': 36, 'setdown': 35, 'cycle': 27, 'reset_mid_script': 49}
[death] env=2 in=ascend taskphase=0 cup_tilt=0deg cup_z=815mm home_err=1.69rad
[e33rec] step=28800 saved=27 phases={'policy': 15, 'ascend': 1} funnel={'takeover': 51, 'released': 36, 'setdown': 35, 'cycle': 27, 'reset_mid_script': 50}
[e33rec] step=29100 saved=27 phases={'policy': 13, 'release': 1, 'ascend': 1, 'yaw_home': 1} funnel={'takeover': 53, 'released': 37, 'setdown': 36, 'cycle': 27, 'reset_mid_script': 50}
[death] env=6 in=ascend taskphase=0 cup_tilt=0deg cup_z=815mm home_err=1.41rad
[e33rec] step=29400 saved=27 phases={'policy': 14, 'ascend': 1, 'go_home': 1} funnel={'takeover': 53, 'released': 37, 'setdown': 36, 'cycle': 27, 'reset_mid_script': 51}
[e33rec] step=29700 saved=27 phases={'policy': 13, 'release': 1, 'ascend': 1, 'go_home': 1} funnel={'takeover': 54, 'released': 37, 'setdown': 36, 'cycle': 27, 'reset_mid_script': 51}
[death] env=15 in=ascend taskphase=0 cup_tilt=0deg cup_z=810mm home_err=1.71rad
[e33rec] episode 28/320 saved (len=1064, env=10)
[e33rec] step=30000 saved=28 phases={'policy': 14, 'ascend': 1, 'go_home': 1} funnel={'takeover': 54, 'released': 38, 'setdown': 37, 'cycle': 28, 'reset_mid_script': 52}
[death] env=4 in=go_home taskphase=0 cup_tilt=0deg cup_z=810mm home_err=1.33rad
[death] env=8 in=ascend taskphase=0 cup_tilt=0deg cup_z=815mm home_err=1.20rad
[e33rec] step=30300 saved=28 phases={'policy': 16} funnel={'takeover': 54, 'released': 38, 'setdown': 37, 'cycle': 28, 'reset_mid_script': 54}
[e33rec] step=30600 saved=28 phases={'policy': 12, 'ascend': 3, 'go_home': 1} funnel={'takeover': 58, 'released': 40, 'setdown': 37, 'cycle': 28, 'reset_mid_script': 54}
[e33rec] episode 29/320 saved (len=516, env=0)
[e33rec] step=30900 saved=29 phases={'policy': 12, 'ascend': 3, 'go_home': 1} funnel={'takeover': 58, 'released': 40, 'setdown': 38, 'cycle': 29, 'reset_mid_script': 54}
[e33rec] episode 30/320 saved (len=312, env=6)
[e33rec] step=31200 saved=30 phases={'policy': 12, 'ascend': 3, 'go_home': 1} funnel={'takeover': 58, 'released': 40, 'setdown': 39, 'cycle': 30, 'reset_mid_script': 54}
[e33rec] step=31500 saved=30 phases={'policy': 12, 'ascend': 3, 'go_home': 1} funnel={'takeover': 58, 'released': 40, 'setdown': 39, 'cycle': 30, 'reset_mid_script': 54}
[death] env=2 in=go_home taskphase=0 cup_tilt=0deg cup_z=810mm home_err=1.40rad
[death] env=3 in=ascend taskphase=0 cup_tilt=0deg cup_z=815mm home_err=1.34rad
[death] env=11 in=ascend taskphase=0 cup_tilt=0deg cup_z=815mm home_err=1.13rad
[death] env=8 in=ascend taskphase=0 cup_tilt=0deg cup_z=815mm home_err=1.21rad
[e33rec] step=31800 saved=30 phases={'policy': 15, 'release': 1} funnel={'takeover': 59, 'released': 40, 'setdown': 39, 'cycle': 30, 'reset_mid_script': 58}
[e33rec] episode 31/320 saved (len=230, env=7)
[e33rec] step=32100 saved=31 phases={'policy': 14, 'ascend': 2} funnel={'takeover': 60, 'released': 41, 'setdown': 40, 'cycle': 31, 'reset_mid_script': 58}
[e33rec] step=32400 saved=31 phases={'policy': 13, 'ascend': 3} funnel={'takeover': 61, 'released': 42, 'setdown': 40, 'cycle': 31, 'reset_mid_script': 58}
[e33rec] step=32700 saved=31 phases={'policy': 12, 'ascend': 3, 'go_home': 1} funnel={'takeover': 62, 'released': 43, 'setdown': 40, 'cycle': 31, 'reset_mid_script': 58}
[e33rec] step=33000 saved=31 phases={'policy': 12, 'ascend': 3, 'go_home': 1} funnel={'takeover': 62, 'released': 43, 'setdown': 40, 'cycle': 31, 'reset_mid_script': 58}
[e33rec] episode 32/320 saved (len=410, env=15)
[death] env=0 in=ascend taskphase=0 cup_tilt=0deg cup_z=815mm home_err=1.22rad
[death] env=3 in=go_home taskphase=0 cup_tilt=0deg cup_z=815mm home_err=1.32rad
[death] env=11 in=ascend taskphase=0 cup_tilt=0deg cup_z=810mm home_err=1.27rad
[death] env=14 in=ascend taskphase=0 cup_tilt=0deg cup_z=815mm home_err=1.80rad
[e33rec] step=33300 saved=32 phases={'policy': 13, 'release': 1, 'ascend': 2} funnel={'takeover': 65, 'released': 45, 'setdown': 41, 'cycle': 32, 'reset_mid_script': 62}
[e33rec] step=33600 saved=32 phases={'policy': 12, 'ascend': 3, 'go_home': 1} funnel={'takeover': 66, 'released': 46, 'setdown': 41, 'cycle': 32, 'reset_mid_script': 62}
[e33rec] step=33900 saved=32 phases={'policy': 12, 'ascend': 3, 'go_home': 1} funnel={'takeover': 66, 'released': 46, 'setdown': 41, 'cycle': 32, 'reset_mid_script': 62}
[e33rec] step=34200 saved=32 phases={'policy': 12, 'ascend': 2, 'yaw_home': 1, 'go_home': 1} funnel={'takeover': 66, 'released': 46, 'setdown': 41, 'cycle': 32, 'reset_mid_script': 62}
[e33rec] episode 33/320 saved (len=934, env=6)
[death] env=0 in=ascend taskphase=0 cup_tilt=0deg cup_z=810mm home_err=1.28rad
[death] env=2 in=go_home taskphase=0 cup_tilt=0deg cup_z=815mm home_err=1.34rad
[death] env=7 in=go_home taskphase=0 cup_tilt=0deg cup_z=810mm home_err=1.33rad
[death] env=12 in=ascend taskphase=0 cup_tilt=0deg cup_z=810mm home_err=2.39rad
[e33rec] step=34500 saved=33 phases={'policy': 15, 'ascend': 1} funnel={'takeover': 67, 'released': 47, 'setdown': 42, 'cycle': 33, 'reset_mid_script': 66}
[e33rec] episode 34/320 saved (len=237, env=4)
[e33rec] step=34800 saved=34 phases={'policy': 12, 'place_descend': 1, 'release': 1, 'ascend': 2} funnel={'takeover': 70, 'released': 48, 'setdown': 43, 'cycle': 34, 'reset_mid_script': 66}
[e33rec] step=35100 saved=34 phases={'policy': 12, 'ascend': 3, 'go_home': 1} funnel={'takeover': 70, 'released': 49, 'setdown': 43, 'cycle': 34, 'reset_mid_script': 66}
[e33rec] step=35400 saved=34 phases={'policy': 12, 'ascend': 3, 'go_home': 1} funnel={'takeover': 70, 'released': 49, 'setdown': 43, 'cycle': 34, 'reset_mid_script': 66}
[death] env=15 in=ascend taskphase=0 cup_tilt=0deg cup_z=815mm home_err=2.14rad
[e33rec] step=35700 saved=34 phases={'policy': 13, 'ascend': 2, 'go_home': 1} funnel={'takeover': 70, 'released': 49, 'setdown': 43, 'cycle': 34, 'reset_mid_script': 67}
[death] env=0 in=ascend taskphase=0 cup_tilt=0deg cup_z=810mm home_err=1.26rad
[death] env=10 in=ascend taskphase=0 cup_tilt=0deg cup_z=815mm home_err=1.26rad
[death] env=8 in=go_home taskphase=0 cup_tilt=0deg cup_z=810mm home_err=1.32rad
[e33rec] step=36000 saved=34 phases={'policy': 16} funnel={'takeover': 70, 'released': 49, 'setdown': 43, 'cycle': 34, 'reset_mid_script': 70}
[e33rec] episode 35/320 saved (len=228, env=7)
[e33rec] step=36300 saved=35 phases={'policy': 14, 'ascend': 2} funnel={'takeover': 72, 'released': 50, 'setdown': 44, 'cycle': 35, 'reset_mid_script': 70}
[e33rec] step=36600 saved=35 phases={'policy': 14, 'ascend': 2} funnel={'takeover': 72, 'released': 50, 'setdown': 44, 'cycle': 35, 'reset_mid_script': 70}
[e33rec] episode 36/320 saved (len=308, env=6)
[e33rec] episode 37/320 saved (len=800, env=8)
[e33rec] step=36900 saved=37 phases={'policy': 14, 'ascend': 2} funnel={'takeover': 72, 'released': 50, 'setdown': 46, 'cycle': 37, 'reset_mid_script': 70}
[e33rec] step=37200 saved=37 phases={'policy': 14, 'ascend': 2} funnel={'takeover': 72, 'released': 50, 'setdown': 46, 'cycle': 37, 'reset_mid_script': 70}
[death] env=1 in=ascend taskphase=0 cup_tilt=0deg cup_z=810mm home_err=1.35rad
[death] env=10 in=ascend taskphase=0 cup_tilt=0deg cup_z=815mm home_err=1.21rad
[e33rec] step=37500 saved=37 phases={'policy': 16} funnel={'takeover': 72, 'released': 50, 'setdown': 46, 'cycle': 37, 'reset_mid_script': 72}
[e33rec] episode 38/320 saved (len=276, env=14)
[e33rec] episode 39/320 saved (len=285, env=12)
[e33rec] step=37800 saved=39 phases={'policy': 15, 'release': 1} funnel={'takeover': 73, 'released': 50, 'setdown': 48, 'cycle': 39, 'reset_mid_script': 72}
[e33rec] step=38100 saved=39 phases={'policy': 15, 'ascend': 1} funnel={'takeover': 73, 'released': 50, 'setdown': 48, 'cycle': 39, 'reset_mid_script': 72}
[e33rec] step=38400 saved=39 phases={'policy': 15, 'ascend': 1} funnel={'takeover': 73, 'released': 50, 'setdown': 48, 'cycle': 39, 'reset_mid_script': 72}
[e33rec] step=38700 saved=39 phases={'policy': 15, 'ascend': 1} funnel={'takeover': 73, 'released': 50, 'setdown': 48, 'cycle': 39, 'reset_mid_script': 72}
[death] env=2 in=ascend taskphase=0 cup_tilt=0deg cup_z=855mm home_err=1.45rad
[e33rec] step=39000 saved=39 phases={'policy': 16} funnel={'takeover': 73, 'released': 50, 'setdown': 48, 'cycle': 39, 'reset_mid_script': 73}
[e33rec] episode 40/320 saved (len=279, env=3)
[e33rec] step=39300 saved=40 phases={'policy': 14, 'yaw_home': 1, 'go_home': 1} funnel={'takeover': 75, 'released': 52, 'setdown': 49, 'cycle': 40, 'reset_mid_script': 73}
[e33rec] step=39600 saved=40 phases={'policy': 14, 'go_home': 2} funnel={'takeover': 75, 'released': 52, 'setdown': 49, 'cycle': 40, 'reset_mid_script': 73}
[e33rec] step=39900 saved=40 phases={'policy': 14, 'go_home': 2} funnel={'takeover': 75, 'released': 52, 'setdown': 49, 'cycle': 40, 'reset_mid_script': 73}
[e33rec] step=40200 saved=40 phases={'policy': 14, 'go_home': 2} funnel={'takeover': 75, 'released': 52, 'setdown': 49, 'cycle': 40, 'reset_mid_script': 73}
[death] env=0 in=go_home taskphase=0 cup_tilt=0deg cup_z=810mm home_err=1.33rad
[death] env=2 in=go_home taskphase=0 cup_tilt=0deg cup_z=815mm home_err=2.79rad
[e33rec] step=40500 saved=40 phases={'policy': 14, 'release': 1, 'ascend': 1} funnel={'takeover': 77, 'released': 53, 'setdown': 50, 'cycle': 40, 'reset_mid_script': 75}
[e33rec] step=40800 saved=40 phases={'policy': 14, 'go_home': 2} funnel={'takeover': 77, 'released': 53, 'setdown': 50, 'cycle': 40, 'reset_mid_script': 75}
[e33rec] episode 41/320 saved (len=355, env=9)
[e33rec] step=41100 saved=41 phases={'policy': 14, 'go_home': 2} funnel={'takeover': 77, 'released': 53, 'setdown': 51, 'cycle': 41, 'reset_mid_script': 75}
[e33rec] step=41400 saved=41 phases={'policy': 14, 'go_home': 2} funnel={'takeover': 77, 'released': 53, 'setdown': 51, 'cycle': 41, 'reset_mid_script': 75}
[death] env=0 in=go_home taskphase=0 cup_tilt=0deg cup_z=810mm home_err=1.39rad
[death] env=14 in=go_home taskphase=0 cup_tilt=0deg cup_z=815mm home_err=2.76rad
[e33rec] step=41700 saved=41 phases={'policy': 16} funnel={'takeover': 77, 'released': 53, 'setdown': 51, 'cycle': 41, 'reset_mid_script': 77}
[e33rec] step=42000 saved=41 phases={'policy': 15, 'ascend': 1} funnel={'takeover': 78, 'released': 54, 'setdown': 52, 'cycle': 41, 'reset_mid_script': 77}
[e33rec] step=42300 saved=41 phases={'policy': 14, 'place_descend': 1, 'go_home': 1} funnel={'takeover': 79, 'released': 54, 'setdown': 52, 'cycle': 41, 'reset_mid_script': 77}
[e33rec] step=42600 saved=41 phases={'policy': 13, 'ascend': 1, 'go_home': 2} funnel={'takeover': 80, 'released': 56, 'setdown': 52, 'cycle': 41, 'reset_mid_script': 77}
[e33rec] step=42900 saved=41 phases={'policy': 13, 'ascend': 1, 'go_home': 2} funnel={'takeover': 80, 'released': 56, 'setdown': 52, 'cycle': 41, 'reset_mid_script': 77}
[death] env=0 in=go_home taskphase=0 cup_tilt=0deg cup_z=815mm home_err=1.33rad
[e33rec] step=43200 saved=41 phases={'policy': 14, 'ascend': 1, 'go_home': 1} funnel={'takeover': 80, 'released': 56, 'setdown': 52, 'cycle': 41, 'reset_mid_script': 78}
[death] env=9 in=go_home taskphase=0 cup_tilt=0deg cup_z=810mm home_err=1.35rad
[e33rec] episode 42/320 saved (len=291, env=10)
[e33rec] step=43500 saved=42 phases={'policy': 13, 'release': 1, 'ascend': 1, 'go_home': 1} funnel={'takeover': 82, 'released': 57, 'setdown': 53, 'cycle': 42, 'reset_mid_script': 79}
[death] env=6 in=ascend taskphase=0 cup_tilt=0deg cup_z=810mm home_err=1.28rad
[e33rec] step=43800 saved=42 phases={'policy': 13, 'ascend': 1, 'go_home': 2} funnel={'takeover': 83, 'released': 58, 'setdown': 53, 'cycle': 42, 'reset_mid_script': 80}
[e33rec] step=44100 saved=42 phases={'policy': 13, 'ascend': 1, 'go_home': 2} funnel={'takeover': 83, 'released': 58, 'setdown': 53, 'cycle': 42, 'reset_mid_script': 80}
[e33rec] step=44400 saved=42 phases={'policy': 13, 'ascend': 1, 'go_home': 2} funnel={'takeover': 83, 'released': 58, 'setdown': 53, 'cycle': 42, 'reset_mid_script': 80}
[death] env=0 in=ascend taskphase=0 cup_tilt=0deg cup_z=810mm home_err=1.29rad
[death] env=3 in=go_home taskphase=0 cup_tilt=0deg cup_z=810mm home_err=2.79rad
[e33rec] step=44700 saved=42 phases={'policy': 15, 'go_home': 1} funnel={'takeover': 83, 'released': 58, 'setdown': 53, 'cycle': 42, 'reset_mid_script': 82}
[death] env=9 in=go_home taskphase=0 cup_tilt=0deg cup_z=810mm home_err=2.79rad
[e33rec] step=45000 saved=42 phases={'policy': 16} funnel={'takeover': 83, 'released': 58, 'setdown': 53, 'cycle': 42, 'reset_mid_script': 83}
[e33rec] step=45300 saved=42 phases={'policy': 16} funnel={'takeover': 83, 'released': 58, 'setdown': 53, 'cycle': 42, 'reset_mid_script': 83}
[e33rec] episode 43/320 saved (len=1039, env=12)
[e33rec] step=45600 saved=43 phases={'policy': 15, 'ascend': 1} funnel={'takeover': 84, 'released': 59, 'setdown': 55, 'cycle': 43, 'reset_mid_script': 83}
[e33rec] step=45900 saved=43 phases={'policy': 15, 'go_home': 1} funnel={'takeover': 84, 'released': 59, 'setdown': 55, 'cycle': 43, 'reset_mid_script': 83}
[e33rec] step=46200 saved=43 phases={'policy': 15, 'go_home': 1} funnel={'takeover': 84, 'released': 59, 'setdown': 55, 'cycle': 43, 'reset_mid_script': 83}
[e33rec] episode 44/320 saved (len=254, env=11)
[death] env=6 in=go_home taskphase=0 cup_tilt=0deg cup_z=815mm home_err=1.37rad
[e33rec] step=46500 saved=44 phases={'policy': 16} funnel={'takeover': 84, 'released': 59, 'setdown': 56, 'cycle': 44, 'reset_mid_script': 84}
[e33rec] step=46800 saved=44 phases={'policy': 16} funnel={'takeover': 84, 'released': 59, 'setdown': 56, 'cycle': 44, 'reset_mid_script': 84}
[e33rec] episode 45/320 saved (len=923, env=0)
[e33rec] step=47100 saved=45 phases={'policy': 16} funnel={'takeover': 84, 'released': 59, 'setdown': 57, 'cycle': 45, 'reset_mid_script': 84}
[e33rec] episode 46/320 saved (len=1088, env=8)
[e33rec] step=47400 saved=46 phases={'policy': 16} funnel={'takeover': 84, 'released': 59, 'setdown': 58, 'cycle': 46, 'reset_mid_script': 84}
[e33rec] step=47700 saved=46 phases={'policy': 14, 'release': 2} funnel={'takeover': 86, 'released': 59, 'setdown': 58, 'cycle': 46, 'reset_mid_script': 84}
[e33rec] step=48000 saved=46 phases={'policy': 14, 'ascend': 2} funnel={'takeover': 86, 'released': 59, 'setdown': 59, 'cycle': 46, 'reset_mid_script': 84}
[e33rec] episode 47/320 saved (len=595, env=12)
[e33rec] step=48300 saved=47 phases={'policy': 14, 'ascend': 2} funnel={'takeover': 86, 'released': 59, 'setdown': 59, 'cycle': 47, 'reset_mid_script': 84}
[e33rec] step=48600 saved=47 phases={'policy': 14, 'ascend': 2} funnel={'takeover': 86, 'released': 59, 'setdown': 59, 'cycle': 47, 'reset_mid_script': 84}
[death] env=2 in=ascend taskphase=0 cup_tilt=0deg cup_z=815mm home_err=1.34rad
[death] env=7 in=ascend taskphase=0 cup_tilt=0deg cup_z=810mm home_err=1.26rad
[e33rec] step=48900 saved=47 phases={'policy': 16} funnel={'takeover': 86, 'released': 59, 'setdown': 59, 'cycle': 47, 'reset_mid_script': 86}
[e33rec] step=49200 saved=47 phases={'policy': 15, 'ascend': 1} funnel={'takeover': 87, 'released': 60, 'setdown': 60, 'cycle': 47, 'reset_mid_script': 86}
[e33rec] episode 48/320 saved (len=1242, env=13)
[e33rec] step=49500 saved=48 phases={'policy': 15, 'ascend': 1} funnel={'takeover': 87, 'released': 60, 'setdown': 61, 'cycle': 48, 'reset_mid_script': 86}
[e33rec] episode 49/320 saved (len=696, env=3)
[e33rec] step=49800 saved=49 phases={'policy': 15, 'ascend': 1} funnel={'takeover': 87, 'released': 60, 'setdown': 62, 'cycle': 49, 'reset_mid_script': 86}
[e33rec] episode 50/320 saved (len=994, env=9)
[e33rec] step=50100 saved=50 phases={'policy': 15, 'ascend': 1} funnel={'takeover': 87, 'released': 60, 'setdown': 63, 'cycle': 50, 'reset_mid_script': 86}
[death] env=11 in=ascend taskphase=0 cup_tilt=0deg cup_z=815mm home_err=1.62rad
[e33rec] step=50400 saved=50 phases={'policy': 16} funnel={'takeover': 87, 'released': 60, 'setdown': 63, 'cycle': 50, 'reset_mid_script': 87}
[e33rec] step=50700 saved=50 phases={'policy': 12, 'release': 1, 'ascend': 1, 'yaw_home': 2} funnel={'takeover': 91, 'released': 63, 'setdown': 63, 'cycle': 50, 'reset_mid_script': 87}
[e33rec] episode 51/320 saved (len=509, env=12)
[e33rec] step=51000 saved=51 phases={'policy': 12, 'ascend': 2, 'go_home': 2} funnel={'takeover': 91, 'released': 63, 'setdown': 64, 'cycle': 51, 'reset_mid_script': 87}
[e33rec] step=51300 saved=51 phases={'policy': 12, 'ascend': 2, 'go_home': 2} funnel={'takeover': 91, 'released': 63, 'setdown': 64, 'cycle': 51, 'reset_mid_script': 87}
[e33rec] step=51600 saved=51 phases={'policy': 12, 'ascend': 2, 'go_home': 2} funnel={'takeover': 91, 'released': 63, 'setdown': 64, 'cycle': 51, 'reset_mid_script': 87}
[death] env=0 in=go_home taskphase=0 cup_tilt=0deg cup_z=815mm home_err=1.32rad
[death] env=2 in=ascend taskphase=0 cup_tilt=0deg cup_z=810mm home_err=1.17rad
[death] env=10 in=go_home taskphase=0 cup_tilt=0deg cup_z=810mm home_err=1.32rad
[death] env=11 in=ascend taskphase=0 cup_tilt=0deg cup_z=815mm home_err=1.46rad
[e33rec] step=51900 saved=51 phases={'policy': 16} funnel={'takeover': 91, 'released': 63, 'setdown': 64, 'cycle': 51, 'reset_mid_script': 91}
[e33rec] episode 52/320 saved (len=232, env=11)
[e33rec] step=52200 saved=52 phases={'policy': 15, 'ascend': 1} funnel={'takeover': 92, 'released': 64, 'setdown': 65, 'cycle': 52, 'reset_mid_script': 91}
[e33rec] episode 53/320 saved (len=289, env=11)
[e33rec] episode 54/320 saved (len=563, env=4)
[e33rec] step=52500 saved=54 phases={'policy': 14, 'ascend': 1, 'go_home': 1} funnel={'takeover': 93, 'released': 65, 'setdown': 67, 'cycle': 54, 'reset_mid_script': 91}
[e33rec] episode 55/320 saved (len=275, env=13)
[e33rec] step=52800 saved=55 phases={'policy': 14, 'ascend': 1, 'go_home': 1} funnel={'takeover': 93, 'released': 65, 'setdown': 68, 'cycle': 55, 'reset_mid_script': 91}
[e33rec] step=53100 saved=55 phases={'policy': 14, 'ascend': 1, 'go_home': 1} funnel={'takeover': 93, 'released': 65, 'setdown': 68, 'cycle': 55, 'reset_mid_script': 91}
[death] env=3 in=go_home taskphase=0 cup_tilt=0deg cup_z=810mm home_err=2.79rad
[death] env=10 in=ascend taskphase=0 cup_tilt=0deg cup_z=815mm home_err=1.44rad
[e33rec] step=53400 saved=55 phases={'policy': 16} funnel={'takeover': 93, 'released': 65, 'setdown': 68, 'cycle': 55, 'reset_mid_script': 93}
[e33rec] episode 56/320 saved (len=444, env=1)
[e33rec] step=53700 saved=56 phases={'policy': 16} funnel={'takeover': 93, 'released': 65, 'setdown': 69, 'cycle': 56, 'reset_mid_script': 93}
[e33rec] episode 57/320 saved (len=395, env=1)
[e33rec] episode 58/320 saved (len=747, env=7)
[e33rec] step=54000 saved=58 phases={'policy': 16} funnel={'takeover': 93, 'released': 65, 'setdown': 71, 'cycle': 58, 'reset_mid_script': 93}
[e33rec] step=54300 saved=58 phases={'policy': 16} funnel={'takeover': 93, 'released': 65, 'setdown': 71, 'cycle': 58, 'reset_mid_script': 93}
[e33rec] step=54600 saved=58 phases={'policy': 16} funnel={'takeover': 93, 'released': 65, 'setdown': 71, 'cycle': 58, 'reset_mid_script': 93}
[e33rec] step=54900 saved=58 phases={'policy': 15, 'release': 1} funnel={'takeover': 94, 'released': 65, 'setdown': 71, 'cycle': 58, 'reset_mid_script': 93}
[e33rec] episode 59/320 saved (len=313, env=4)
[e33rec] step=55200 saved=59 phases={'policy': 15, 'ascend': 1} funnel={'takeover': 94, 'released': 65, 'setdown': 72, 'cycle': 59, 'reset_mid_script': 93}
[e33rec] step=55500 saved=59 phases={'policy': 15, 'ascend': 1} funnel={'takeover': 94, 'released': 65, 'setdown': 72, 'cycle': 59, 'reset_mid_script': 93}
[e33rec] step=55800 saved=59 phases={'policy': 15, 'ascend': 1} funnel={'takeover': 94, 'released': 65, 'setdown': 72, 'cycle': 59, 'reset_mid_script': 93}
[e33rec] episode 60/320 saved (len=758, env=13)
[death] env=10 in=ascend taskphase=0 cup_tilt=0deg cup_z=810mm home_err=1.16rad
[e33rec] step=56100 saved=60 phases={'policy': 15, 'ascend': 1} funnel={'takeover': 95, 'released': 66, 'setdown': 74, 'cycle': 60, 'reset_mid_script': 94}
[e33rec] episode 61/320 saved (len=257, env=4)
[e33rec] step=56400 saved=61 phases={'policy': 14, 'ascend': 1, 'go_home': 1} funnel={'takeover': 96, 'released': 67, 'setdown': 75, 'cycle': 61, 'reset_mid_script': 94}
[e33rec] episode 62/320 saved (len=378, env=14)
[e33rec] step=56700 saved=62 phases={'policy': 14, 'ascend': 1, 'go_home': 1} funnel={'takeover': 96, 'released': 67, 'setdown': 76, 'cycle': 62, 'reset_mid_script': 94}
[e33rec] episode 63/320 saved (len=416, env=9)
[e33rec] episode 64/320 saved (len=579, env=4)
[e33rec] step=57000 saved=64 phases={'policy': 14, 'ascend': 1, 'go_home': 1} funnel={'takeover': 96, 'released': 67, 'setdown': 78, 'cycle': 64, 'reset_mid_script': 94}
[death] env=15 in=go_home taskphase=0 cup_tilt=0deg cup_z=815mm home_err=1.33rad
[e33rec] step=57300 saved=64 phases={'policy': 15, 'ascend': 1} funnel={'takeover': 96, 'released': 67, 'setdown': 78, 'cycle': 64, 'reset_mid_script': 95}
[e33rec] episode 65/320 saved (len=222, env=2)
[death] env=0 in=ascend taskphase=0 cup_tilt=0deg cup_z=810mm home_err=1.34rad
[e33rec] step=57600 saved=65 phases={'policy': 16} funnel={'takeover': 96, 'released': 67, 'setdown': 79, 'cycle': 65, 'reset_mid_script': 96}
[e33rec] episode 66/320 saved (len=217, env=1)
[e33rec] step=57900 saved=66 phases={'policy': 14, 'release': 1, 'ascend': 1} funnel={'takeover': 98, 'released': 68, 'setdown': 81, 'cycle': 66, 'reset_mid_script': 96}
[e33rec] episode 67/320 saved (len=979, env=15)
[e33rec] step=58200 saved=67 phases={'policy': 14, 'ascend': 1, 'go_home': 1} funnel={'takeover': 98, 'released': 69, 'setdown': 81, 'cycle': 67, 'reset_mid_script': 96}
[e33rec] step=58500 saved=67 phases={'policy': 14, 'ascend': 1, 'go_home': 1} funnel={'takeover': 98, 'released': 69, 'setdown': 81, 'cycle': 67, 'reset_mid_script': 96}
[e33rec] episode 68/320 saved (len=1169, env=8)
[e33rec] step=58800 saved=68 phases={'policy': 14, 'ascend': 1, 'go_home': 1} funnel={'takeover': 98, 'released': 69, 'setdown': 82, 'cycle': 68, 'reset_mid_script': 96}
[death] env=1 in=go_home taskphase=0 cup_tilt=0deg cup_z=810mm home_err=2.79rad
[death] env=10 in=ascend taskphase=0 cup_tilt=0deg cup_z=810mm home_err=2.13rad
[e33rec] step=59100 saved=68 phases={'policy': 16} funnel={'takeover': 98, 'released': 69, 'setdown': 82, 'cycle': 68, 'reset_mid_script': 98}
[e33rec] step=59400 saved=68 phases={'policy': 14, 'release': 1, 'go_home': 1} funnel={'takeover': 100, 'released': 70, 'setdown': 83, 'cycle': 68, 'reset_mid_script': 98}
[e33rec] step=59700 saved=68 phases={'policy': 13, 'release': 1, 'go_home': 2} funnel={'takeover': 101, 'released': 70, 'setdown': 83, 'cycle': 68, 'reset_mid_script': 98}
[e33rec] step=60000 saved=68 phases={'policy': 13, 'ascend': 1, 'go_home': 2} funnel={'takeover': 101, 'released': 70, 'setdown': 83, 'cycle': 68, 'reset_mid_script': 98}
[death] env=1 in=go_home taskphase=0 cup_tilt=0deg cup_z=815mm home_err=1.33rad
[e33rec] step=60300 saved=68 phases={'policy': 14, 'ascend': 1, 'go_home': 1} funnel={'takeover': 101, 'released': 70, 'setdown': 84, 'cycle': 68, 'reset_mid_script': 99}
[e33rec] episode 69/320 saved (len=344, env=15)
[death] env=4 in=go_home taskphase=0 cup_tilt=0deg cup_z=810mm home_err=2.79rad
[e33rec] step=60600 saved=69 phases={'policy': 15, 'ascend': 1} funnel={'takeover': 101, 'released': 70, 'setdown': 84, 'cycle': 69, 'reset_mid_script': 100}
[death] env=6 in=ascend taskphase=0 cup_tilt=0deg cup_z=815mm home_err=1.32rad
[e33rec] step=60900 saved=69 phases={'policy': 14, 'release': 1, 'yaw_home': 1} funnel={'takeover': 103, 'released': 71, 'setdown': 84, 'cycle': 69, 'reset_mid_script': 101}
[e33rec] step=61200 saved=69 phases={'policy': 14, 'ascend': 1, 'go_home': 1} funnel={'takeover': 103, 'released': 71, 'setdown': 84, 'cycle': 69, 'reset_mid_script': 101}
[e33rec] step=61500 saved=69 phases={'policy': 14, 'ascend': 1, 'go_home': 1} funnel={'takeover': 103, 'released': 71, 'setdown': 84, 'cycle': 69, 'reset_mid_script': 101}
[e33rec] step=61800 saved=69 phases={'policy': 13, 'release': 1, 'ascend': 1, 'go_home': 1} funnel={'takeover': 104, 'released': 71, 'setdown': 84, 'cycle': 69, 'reset_mid_script': 101}
[death] env=11 in=go_home taskphase=0 cup_tilt=0deg cup_z=810mm home_err=2.74rad
[death] env=9 in=ascend taskphase=0 cup_tilt=0deg cup_z=815mm home_err=1.46rad
[e33rec] step=62100 saved=69 phases={'policy': 15, 'ascend': 1} funnel={'takeover': 104, 'released': 71, 'setdown': 84, 'cycle': 69, 'reset_mid_script': 103}
[e33rec] step=62400 saved=69 phases={'policy': 15, 'ascend': 1} funnel={'takeover': 104, 'released': 71, 'setdown': 84, 'cycle': 69, 'reset_mid_script': 103}
[e33rec] step=62700 saved=69 phases={'policy': 15, 'ascend': 1} funnel={'takeover': 104, 'released': 71, 'setdown': 84, 'cycle': 69, 'reset_mid_script': 103}
[death] env=15 in=ascend taskphase=0 cup_tilt=0deg cup_z=810mm home_err=1.21rad
[e33rec] episode 70/320 saved (len=1042, env=14)
[e33rec] step=63000 saved=70 phases={'policy': 16} funnel={'takeover': 104, 'released': 71, 'setdown': 85, 'cycle': 70, 'reset_mid_script': 104}
[e33rec] step=63300 saved=70 phases={'policy': 16} funnel={'takeover': 104, 'released': 71, 'setdown': 85, 'cycle': 70, 'reset_mid_script': 104}
[e33rec] step=63600 saved=70 phases={'policy': 16} funnel={'takeover': 104, 'released': 71, 'setdown': 85, 'cycle': 70, 'reset_mid_script': 104}
[e33rec] episode 71/320 saved (len=368, env=9)
[e33rec] step=63900 saved=71 phases={'policy': 16} funnel={'takeover': 104, 'released': 71, 'setdown': 86, 'cycle': 71, 'reset_mid_script': 104}
[e33rec] step=64200 saved=71 phases={'policy': 16} funnel={'takeover': 104, 'released': 71, 'setdown': 86, 'cycle': 71, 'reset_mid_script': 104}
[e33rec] step=64500 saved=71 phases={'policy': 16} funnel={'takeover': 104, 'released': 71, 'setdown': 86, 'cycle': 71, 'reset_mid_script': 104}
[e33rec] step=64800 saved=71 phases={'policy': 16} funnel={'takeover': 104, 'released': 71, 'setdown': 86, 'cycle': 71, 'reset_mid_script': 104}
[e33rec] step=65100 saved=71 phases={'policy': 13, 'ascend': 2, 'yaw_home': 1} funnel={'takeover': 107, 'released': 73, 'setdown': 86, 'cycle': 71, 'reset_mid_script': 104}
[e33rec] step=65400 saved=71 phases={'policy': 13, 'ascend': 2, 'go_home': 1} funnel={'takeover': 107, 'released': 73, 'setdown': 86, 'cycle': 71, 'reset_mid_script': 104}
[e33rec] step=65700 saved=71 phases={'policy': 13, 'ascend': 2, 'go_home': 1} funnel={'takeover': 107, 'released': 73, 'setdown': 86, 'cycle': 71, 'reset_mid_script': 104}
[e33rec] step=66000 saved=71 phases={'policy': 12, 'release': 1, 'ascend': 2, 'go_home': 1} funnel={'takeover': 108, 'released': 73, 'setdown': 87, 'cycle': 71, 'reset_mid_script': 104}
[e33rec] episode 72/320 saved (len=1158, env=9)
[death] env=0 in=ascend taskphase=0 cup_tilt=0deg cup_z=815mm home_err=1.28rad
[death] env=3 in=ascend taskphase=0 cup_tilt=0deg cup_z=815mm home_err=1.66rad
[death] env=12 in=ascend taskphase=0 cup_tilt=0deg cup_z=815mm home_err=1.46rad
[death] env=14 in=go_home taskphase=0 cup_tilt=0deg cup_z=815mm home_err=2.79rad
[e33rec] step=66300 saved=72 phases={'policy': 15, 'go_home': 1} funnel={'takeover': 109, 'released': 74, 'setdown': 88, 'cycle': 72, 'reset_mid_script': 108}
[death] env=9 in=ascend taskphase=0 cup_tilt=0deg cup_z=815mm home_err=1.60rad
[e33rec] step=66600 saved=72 phases={'policy': 15, 'go_home': 1} funnel={'takeover': 110, 'released': 75, 'setdown': 88, 'cycle': 72, 'reset_mid_script': 109}
[e33rec] episode 73/320 saved (len=261, env=6)
[e33rec] step=66900 saved=73 phases={'policy': 14, 'ascend': 1, 'go_home': 1} funnel={'takeover': 111, 'released': 76, 'setdown': 90, 'cycle': 73, 'reset_mid_script': 109}
[death] env=15 in=go_home taskphase=0 cup_tilt=0deg cup_z=810mm home_err=1.33rad
[e33rec] step=67200 saved=73 phases={'policy': 15, 'ascend': 1} funnel={'takeover': 111, 'released': 76, 'setdown': 90, 'cycle': 73, 'reset_mid_script': 110}
[e33rec] step=67500 saved=73 phases={'policy': 15, 'ascend': 1} funnel={'takeover': 111, 'released': 76, 'setdown': 90, 'cycle': 73, 'reset_mid_script': 110}
[death] env=3 in=ascend taskphase=0 cup_tilt=0deg cup_z=815mm home_err=1.57rad
[death] env=8 in=ascend taskphase=0 cup_tilt=0deg cup_z=815mm home_err=1.80rad
[e33rec] step=67800 saved=73 phases={'policy': 16} funnel={'takeover': 112, 'released': 77, 'setdown': 91, 'cycle': 73, 'reset_mid_script': 112}
[e33rec] step=68100 saved=73 phases={'policy': 13, 'ascend': 3} funnel={'takeover': 115, 'released': 79, 'setdown': 91, 'cycle': 73, 'reset_mid_script': 112}
[e33rec] step=68400 saved=73 phases={'policy': 13, 'ascend': 2, 'go_home': 1} funnel={'takeover': 115, 'released': 79, 'setdown': 91, 'cycle': 73, 'reset_mid_script': 112}
[e33rec] step=68700 saved=73 phases={'policy': 13, 'ascend': 2, 'go_home': 1} funnel={'takeover': 115, 'released': 79, 'setdown': 91, 'cycle': 73, 'reset_mid_script': 112}
[e33rec] step=69000 saved=73 phases={'policy': 13, 'ascend': 2, 'go_home': 1} funnel={'takeover': 115, 'released': 79, 'setdown': 91, 'cycle': 73, 'reset_mid_script': 112}
[death] env=3 in=ascend taskphase=0 cup_tilt=0deg cup_z=810mm home_err=1.14rad
[death] env=7 in=go_home taskphase=0 cup_tilt=0deg cup_z=810mm home_err=2.79rad
[death] env=10 in=ascend taskphase=0 cup_tilt=0deg cup_z=815mm home_err=1.22rad
[e33rec] step=69300 saved=73 phases={'policy': 15, 'ascend': 1} funnel={'takeover': 116, 'released': 80, 'setdown': 91, 'cycle': 73, 'reset_mid_script': 115}
[e33rec] step=69600 saved=73 phases={'policy': 15, 'ascend': 1} funnel={'takeover': 116, 'released': 80, 'setdown': 91, 'cycle': 73, 'reset_mid_script': 115}
[e33rec] step=69900 saved=73 phases={'policy': 14, 'ascend': 2} funnel={'takeover': 117, 'released': 81, 'setdown': 91, 'cycle': 73, 'reset_mid_script': 115}
[e33rec] episode 74/320 saved (len=989, env=7)
[e33rec] step=70200 saved=74 phases={'policy': 14, 'ascend': 1, 'go_home': 1} funnel={'takeover': 117, 'released': 81, 'setdown': 92, 'cycle': 74, 'reset_mid_script': 115}
[death] env=12 in=ascend taskphase=0 cup_tilt=0deg cup_z=810mm home_err=2.47rad
[e33rec] step=70500 saved=74 phases={'policy': 15, 'go_home': 1} funnel={'takeover': 117, 'released': 81, 'setdown': 92, 'cycle': 74, 'reset_mid_script': 116}
[e33rec] step=70800 saved=74 phases={'policy': 13, 'ascend': 2, 'go_home': 1} funnel={'takeover': 119, 'released': 83, 'setdown': 92, 'cycle': 74, 'reset_mid_script': 116}
[death] env=13 in=go_home taskphase=0 cup_tilt=0deg cup_z=810mm home_err=2.79rad
[e33rec] step=71100 saved=74 phases={'policy': 14, 'ascend': 2} funnel={'takeover': 119, 'released': 83, 'setdown': 92, 'cycle': 74, 'reset_mid_script': 117}
[e33rec] step=71400 saved=74 phases={'policy': 13, 'ascend': 2, 'go_home': 1} funnel={'takeover': 120, 'released': 84, 'setdown': 92, 'cycle': 74, 'reset_mid_script': 117}
[e33rec] episode 75/320 saved (len=1208, env=3)
[e33rec] step=71700 saved=75 phases={'policy': 13, 'ascend': 2, 'go_home': 1} funnel={'takeover': 120, 'released': 84, 'setdown': 93, 'cycle': 75, 'reset_mid_script': 117}
[death] env=10 in=ascend taskphase=0 cup_tilt=0deg cup_z=810mm home_err=2.06rad
[death] env=12 in=go_home taskphase=0 cup_tilt=0deg cup_z=810mm home_err=1.35rad
[e33rec] step=72000 saved=75 phases={'policy': 15, 'ascend': 1} funnel={'takeover': 120, 'released': 84, 'setdown': 93, 'cycle': 75, 'reset_mid_script': 119}
[e33rec] episode 76/320 saved (len=808, env=15)
[e33rec] step=72300 saved=76 phases={'policy': 14, 'ascend': 2} funnel={'takeover': 121, 'released': 84, 'setdown': 94, 'cycle': 76, 'reset_mid_script': 119}
[death] env=6 in=ascend taskphase=0 cup_tilt=0deg cup_z=815mm home_err=1.60rad
[e33rec] step=72600 saved=76 phases={'policy': 14, 'place_descend': 1, 'ascend': 1} funnel={'takeover': 122, 'released': 84, 'setdown': 94, 'cycle': 76, 'reset_mid_script': 120}
[e33rec] step=72900 saved=76 phases={'policy': 14, 'ascend': 2} funnel={'takeover': 122, 'released': 85, 'setdown': 94, 'cycle': 76, 'reset_mid_script': 120}
[e33rec] step=73200 saved=76 phases={'policy': 13, 'ascend': 3} funnel={'takeover': 123, 'released': 86, 'setdown': 95, 'cycle': 76, 'reset_mid_script': 120}
[e33rec] episode 77/320 saved (len=845, env=6)
[death] env=1 in=ascend taskphase=0 cup_tilt=0deg cup_z=810mm home_err=1.25rad
[e33rec] step=73500 saved=77 phases={'policy': 14, 'ascend': 1, 'go_home': 1} funnel={'takeover': 123, 'released': 86, 'setdown': 96, 'cycle': 77, 'reset_mid_script': 121}
[death] env=9 in=go_home taskphase=0 cup_tilt=0deg cup_z=815mm home_err=1.43rad
[e33rec] episode 78/320 saved (len=345, env=7)
[e33rec] step=73800 saved=78 phases={'policy': 14, 'release': 1, 'go_home': 1} funnel={'takeover': 124, 'released': 86, 'setdown': 97, 'cycle': 78, 'reset_mid_script': 122}
[e33rec] step=74100 saved=78 phases={'policy': 13, 'ascend': 2, 'go_home': 1} funnel={'takeover': 125, 'released': 87, 'setdown': 98, 'cycle': 78, 'reset_mid_script': 122}
[death] env=15 in=go_home taskphase=0 cup_tilt=0deg cup_z=815mm home_err=1.38rad
[e33rec] step=74400 saved=78 phases={'policy': 13, 'ascend': 2, 'go_home': 1} funnel={'takeover': 126, 'released': 88, 'setdown': 98, 'cycle': 78, 'reset_mid_script': 123}
[e33rec] step=74700 saved=78 phases={'policy': 13, 'ascend': 1, 'go_home': 2} funnel={'takeover': 126, 'released': 88, 'setdown': 98, 'cycle': 78, 'reset_mid_script': 123}
[death] env=11 in=ascend taskphase=0 cup_tilt=0deg cup_z=815mm home_err=1.32rad
[death] env=8 in=go_home taskphase=0 cup_tilt=0deg cup_z=810mm home_err=1.33rad
[e33rec] step=75000 saved=78 phases={'policy': 15, 'go_home': 1} funnel={'takeover': 126, 'released': 88, 'setdown': 98, 'cycle': 78, 'reset_mid_script': 125}
[e33rec] episode 79/320 saved (len=324, env=0)
[death] env=6 in=go_home taskphase=0 cup_tilt=0deg cup_z=815mm home_err=1.33rad
[e33rec] step=75300 saved=79 phases={'policy': 15, 'release': 1} funnel={'takeover': 127, 'released': 88, 'setdown': 99, 'cycle': 79, 'reset_mid_script': 126}
[e33rec] step=75600 saved=79 phases={'policy': 15, 'ascend': 1} funnel={'takeover': 127, 'released': 88, 'setdown': 99, 'cycle': 79, 'reset_mid_script': 126}
[e33rec] step=75900 saved=79 phases={'policy': 15, 'ascend': 1} funnel={'takeover': 127, 'released': 88, 'setdown': 99, 'cycle': 79, 'reset_mid_script': 126}
[e33rec] episode 80/320 saved (len=237, env=15)
[e33rec] step=76200 saved=80 phases={'policy': 15, 'ascend': 1} funnel={'takeover': 127, 'released': 88, 'setdown': 100, 'cycle': 80, 'reset_mid_script': 126}
[death] env=8 in=ascend taskphase=0 cup_tilt=0deg cup_z=815mm home_err=1.31rad
[e33rec] step=76500 saved=80 phases={'policy': 15, 'ascend': 1} funnel={'takeover': 128, 'released': 89, 'setdown': 100, 'cycle': 80, 'reset_mid_script': 127}
[e33rec] step=76800 saved=80 phases={'policy': 15, 'ascend': 1} funnel={'takeover': 128, 'released': 89, 'setdown': 100, 'cycle': 80, 'reset_mid_script': 127}
[e33rec] step=77100 saved=80 phases={'policy': 14, 'ascend': 2} funnel={'takeover': 129, 'released': 90, 'setdown': 100, 'cycle': 80, 'reset_mid_script': 127}
[e33rec] step=77400 saved=80 phases={'policy': 14, 'ascend': 2} funnel={'takeover': 129, 'released': 90, 'setdown': 100, 'cycle': 80, 'reset_mid_script': 127}
[death] env=0 in=ascend taskphase=0 cup_tilt=0deg cup_z=815mm home_err=1.77rad
[e33rec] step=77700 saved=80 phases={'policy': 15, 'ascend': 1} funnel={'takeover': 129, 'released': 90, 'setdown': 100, 'cycle': 80, 'reset_mid_script': 128}
[e33rec] episode 81/320 saved (len=229, env=1)
[e33rec] step=78000 saved=81 phases={'policy': 14, 'place_descend': 1, 'ascend': 1} funnel={'takeover': 130, 'released': 90, 'setdown': 101, 'cycle': 81, 'reset_mid_script': 128}
[death] env=6 in=ascend taskphase=0 cup_tilt=0deg cup_z=815mm home_err=1.73rad
[e33rec] episode 82/320 saved (len=281, env=9)
[e33rec] step=78300 saved=82 phases={'policy': 15, 'ascend': 1} funnel={'takeover': 130, 'released': 91, 'setdown': 102, 'cycle': 82, 'reset_mid_script': 129}
[e33rec] step=78600 saved=82 phases={'policy': 14, 'ascend': 2} funnel={'takeover': 131, 'released': 92, 'setdown': 102, 'cycle': 82, 'reset_mid_script': 129}
[e33rec] step=78900 saved=82 phases={'policy': 14, 'ascend': 1, 'go_home': 1} funnel={'takeover': 131, 'released': 92, 'setdown': 102, 'cycle': 82, 'reset_mid_script': 129}
[death] env=3 in=go_home taskphase=0 cup_tilt=0deg cup_z=815mm home_err=1.39rad
[e33rec] step=79200 saved=82 phases={'policy': 15, 'ascend': 1} funnel={'takeover': 131, 'released': 92, 'setdown': 102, 'cycle': 82, 'reset_mid_script': 130}
[e33rec] step=79500 saved=82 phases={'policy': 15, 'ascend': 1} funnel={'takeover': 131, 'released': 92, 'setdown': 102, 'cycle': 82, 'reset_mid_script': 130}
[death] env=13 in=ascend taskphase=0 cup_tilt=0deg cup_z=815mm home_err=1.35rad
[e33rec] step=79800 saved=82 phases={'policy': 16} funnel={'takeover': 131, 'released': 92, 'setdown': 102, 'cycle': 82, 'reset_mid_script': 131}
[e33rec] step=80100 saved=82 phases={'policy': 16} funnel={'takeover': 131, 'released': 92, 'setdown': 102, 'cycle': 82, 'reset_mid_script': 131}
[e33rec] step=80400 saved=82 phases={'policy': 16} funnel={'takeover': 131, 'released': 92, 'setdown': 102, 'cycle': 82, 'reset_mid_script': 131}
[e33rec] step=80700 saved=82 phases={'policy': 16} funnel={'takeover': 131, 'released': 92, 'setdown': 102, 'cycle': 82, 'reset_mid_script': 131}
[e33rec] step=81000 saved=82 phases={'policy': 16} funnel={'takeover': 131, 'released': 92, 'setdown': 102, 'cycle': 82, 'reset_mid_script': 131}
[e33rec] step=81300 saved=82 phases={'policy': 16} funnel={'takeover': 131, 'released': 92, 'setdown': 102, 'cycle': 82, 'reset_mid_script': 131}
[e33rec] step=81600 saved=82 phases={'policy': 16} funnel={'takeover': 131, 'released': 92, 'setdown': 102, 'cycle': 82, 'reset_mid_script': 131}
[e33rec] step=81900 saved=82 phases={'policy': 16} funnel={'takeover': 131, 'released': 92, 'setdown': 102, 'cycle': 82, 'reset_mid_script': 131}
[e33rec] step=82200 saved=82 phases={'policy': 16} funnel={'takeover': 131, 'released': 92, 'setdown': 102, 'cycle': 82, 'reset_mid_script': 131}
[e33rec] episode 83/320 saved (len=430, env=0)
[e33rec] step=82500 saved=83 phases={'policy': 13, 'ascend': 2, 'go_home': 1} funnel={'takeover': 134, 'released': 95, 'setdown': 105, 'cycle': 83, 'reset_mid_script': 131}
[e33rec] step=82800 saved=83 phases={'policy': 13, 'ascend': 1, 'go_home': 2} funnel={'takeover': 134, 'released': 95, 'setdown': 105, 'cycle': 83, 'reset_mid_script': 131}
[e33rec] step=83100 saved=83 phases={'policy': 13, 'ascend': 1, 'go_home': 2} funnel={'takeover': 134, 'released': 95, 'setdown': 105, 'cycle': 83, 'reset_mid_script': 131}
[e33rec] step=83400 saved=83 phases={'policy': 13, 'ascend': 1, 'go_home': 2} funnel={'takeover': 134, 'released': 95, 'setdown': 105, 'cycle': 83, 'reset_mid_script': 131}
[death] env=7 in=go_home taskphase=0 cup_tilt=0deg cup_z=815mm home_err=1.33rad
[death] env=12 in=go_home taskphase=0 cup_tilt=0deg cup_z=810mm home_err=1.33rad
[death] env=14 in=ascend taskphase=0 cup_tilt=0deg cup_z=815mm home_err=1.36rad
[e33rec] step=83700 saved=83 phases={'policy': 16} funnel={'takeover': 134, 'released': 95, 'setdown': 105, 'cycle': 83, 'reset_mid_script': 134}
[e33rec] step=84000 saved=83 phases={'policy': 16} funnel={'takeover': 134, 'released': 95, 'setdown': 105, 'cycle': 83, 'reset_mid_script': 134}
[e33rec] step=84300 saved=83 phases={'policy': 16} funnel={'takeover': 134, 'released': 95, 'setdown': 105, 'cycle': 83, 'reset_mid_script': 134}
[e33rec] step=84600 saved=83 phases={'policy': 15, 'go_home': 1} funnel={'takeover': 135, 'released': 96, 'setdown': 105, 'cycle': 83, 'reset_mid_script': 134}
[death] env=1 in=go_home taskphase=0 cup_tilt=0deg cup_z=810mm home_err=1.32rad
[death] env=0 in=ascend taskphase=0 cup_tilt=0deg cup_z=815mm home_err=1.21rad
[e33rec] step=84900 saved=83 phases={'policy': 16} funnel={'takeover': 136, 'released': 97, 'setdown': 105, 'cycle': 83, 'reset_mid_script': 136}
[death] env=12 in=place_descend taskphase=0 cup_tilt=0deg cup_z=810mm home_err=1.55rad
[e33rec] step=85200 saved=83 phases={'policy': 15, 'ascend': 1} funnel={'takeover': 138, 'released': 98, 'setdown': 105, 'cycle': 83, 'reset_mid_script': 137}
[e33rec] step=85500 saved=83 phases={'policy': 14, 'release': 1, 'ascend': 1} funnel={'takeover': 139, 'released': 98, 'setdown': 105, 'cycle': 83, 'reset_mid_script': 137}
[e33rec] episode 84/320 saved (len=825, env=1)
[e33rec] step=85800 saved=84 phases={'policy': 13, 'release': 1, 'ascend': 2} funnel={'takeover': 140, 'released': 98, 'setdown': 106, 'cycle': 84, 'reset_mid_script': 137}
[e33rec] step=86100 saved=84 phases={'policy': 12, 'place_descend': 1, 'ascend': 3} funnel={'takeover': 141, 'released': 98, 'setdown': 106, 'cycle': 84, 'reset_mid_script': 137}
[death] env=14 in=ascend taskphase=0 cup_tilt=0deg cup_z=815mm home_err=1.45rad
[e33rec] step=86400 saved=84 phases={'policy': 13, 'ascend': 2, 'go_home': 1} funnel={'takeover': 141, 'released': 99, 'setdown': 106, 'cycle': 84, 'reset_mid_script': 138}
[e33rec] episode 85/320 saved (len=251, env=3)
[death] env=12 in=ascend taskphase=0 cup_tilt=0deg cup_z=815mm home_err=1.38rad
[e33rec] step=86700 saved=85 phases={'policy': 13, 'ascend': 2, 'go_home': 1} funnel={'takeover': 142, 'released': 100, 'setdown': 107, 'cycle': 85, 'reset_mid_script': 139}
[death] env=13 in=ascend taskphase=0 cup_tilt=0deg cup_z=810mm home_err=1.54rad
[e33rec] step=87000 saved=85 phases={'policy': 14, 'ascend': 1, 'go_home': 1} funnel={'takeover': 142, 'released': 100, 'setdown': 107, 'cycle': 85, 'reset_mid_script': 140}
[e33rec] step=87300 saved=85 phases={'policy': 14, 'ascend': 1, 'go_home': 1} funnel={'takeover': 142, 'released': 100, 'setdown': 107, 'cycle': 85, 'reset_mid_script': 140}
[death] env=15 in=go_home taskphase=0 cup_tilt=0deg cup_z=810mm home_err=2.79rad
[e33rec] step=87600 saved=85 phases={'policy': 14, 'ascend': 2} funnel={'takeover': 143, 'released': 101, 'setdown': 107, 'cycle': 85, 'reset_mid_script': 141}
[death] env=7 in=ascend taskphase=0 cup_tilt=0deg cup_z=815mm home_err=1.37rad
[e33rec] step=87900 saved=85 phases={'policy': 15, 'go_home': 1} funnel={'takeover': 143, 'released': 101, 'setdown': 108, 'cycle': 86, 'reset_mid_script': 142}
[e33rec] episode 86/320 saved (len=303, env=1)
[e33rec] episode 87/320 saved (len=439, env=7)
[e33rec] step=88200 saved=87 phases={'policy': 14, 'ascend': 1, 'go_home': 1} funnel={'takeover': 144, 'released': 101, 'setdown': 110, 'cycle': 88, 'reset_mid_script': 142}
[e33rec] step=88500 saved=87 phases={'policy': 14, 'ascend': 1, 'go_home': 1} funnel={'takeover': 144, 'released': 101, 'setdown': 110, 'cycle': 88, 'reset_mid_script': 142}
[death] env=15 in=go_home taskphase=0 cup_tilt=0deg cup_z=810mm home_err=2.79rad
[e33rec] step=88800 saved=87 phases={'policy': 15, 'ascend': 1} funnel={'takeover': 144, 'released': 101, 'setdown': 110, 'cycle': 88, 'reset_mid_script': 143}
[e33rec] step=89100 saved=87 phases={'policy': 15, 'ascend': 1} funnel={'takeover': 144, 'released': 101, 'setdown': 111, 'cycle': 88, 'reset_mid_script': 143}
[death] env=0 in=ascend taskphase=0 cup_tilt=0deg cup_z=815mm home_err=1.22rad
[e33rec] step=89400 saved=87 phases={'policy': 16} funnel={'takeover': 144, 'released': 101, 'setdown': 111, 'cycle': 88, 'reset_mid_script': 144}
[e33rec] step=89700 saved=87 phases={'policy': 16} funnel={'takeover': 144, 'released': 101, 'setdown': 111, 'cycle': 88, 'reset_mid_script': 144}
[e33rec] episode 88/320 saved (len=354, env=12)
[e33rec] step=90000 saved=88 phases={'policy': 15, 'ascend': 1} funnel={'takeover': 145, 'released': 102, 'setdown': 112, 'cycle': 89, 'reset_mid_script': 144}
[e33rec] step=90300 saved=88 phases={'policy': 15, 'go_home': 1} funnel={'takeover': 145, 'released': 102, 'setdown': 112, 'cycle': 89, 'reset_mid_script': 144}
[e33rec] step=90600 saved=88 phases={'policy': 15, 'go_home': 1} funnel={'takeover': 145, 'released': 102, 'setdown': 112, 'cycle': 89, 'reset_mid_script': 144}
[e33rec] step=90900 saved=88 phases={'policy': 15, 'go_home': 1} funnel={'takeover': 145, 'released': 102, 'setdown': 112, 'cycle': 89, 'reset_mid_script': 144}
[death] env=6 in=go_home taskphase=0 cup_tilt=0deg cup_z=810mm home_err=2.79rad
[e33rec] step=91200 saved=88 phases={'policy': 15, 'go_home': 1} funnel={'takeover': 146, 'released': 103, 'setdown': 112, 'cycle': 89, 'reset_mid_script': 145}
[e33rec] step=91500 saved=88 phases={'policy': 14, 'release': 1, 'go_home': 1} funnel={'takeover': 147, 'released': 103, 'setdown': 112, 'cycle': 89, 'reset_mid_script': 145}
[e33rec] step=91800 saved=88 phases={'policy': 14, 'ascend': 1, 'go_home': 1} funnel={'takeover': 147, 'released': 103, 'setdown': 112, 'cycle': 89, 'reset_mid_script': 145}
[e33rec] step=92100 saved=88 phases={'policy': 14, 'ascend': 1, 'go_home': 1} funnel={'takeover': 147, 'released': 103, 'setdown': 112, 'cycle': 89, 'reset_mid_script': 145}
[death] env=3 in=go_home taskphase=0 cup_tilt=0deg cup_z=810mm home_err=1.33rad
[e33rec] step=92400 saved=88 phases={'policy': 14, 'ascend': 2} funnel={'takeover': 148, 'released': 104, 'setdown': 112, 'cycle': 89, 'reset_mid_script': 146}
[death] env=13 in=ascend taskphase=0 cup_tilt=0deg cup_z=844mm home_err=1.44rad
[e33rec] step=92700 saved=88 phases={'policy': 15, 'go_home': 1} funnel={'takeover': 148, 'released': 104, 'setdown': 112, 'cycle': 89, 'reset_mid_script': 147}
[e33rec] step=93000 saved=88 phases={'policy': 15, 'go_home': 1} funnel={'takeover': 148, 'released': 104, 'setdown': 112, 'cycle': 89, 'reset_mid_script': 147}
[e33rec] step=93300 saved=88 phases={'policy': 15, 'go_home': 1} funnel={'takeover': 148, 'released': 104, 'setdown': 112, 'cycle': 89, 'reset_mid_script': 147}
[e33rec] episode 89/320 saved (len=229, env=2)
[death] env=14 in=go_home taskphase=0 cup_tilt=0deg cup_z=810mm home_err=1.32rad
[e33rec] step=93600 saved=89 phases={'policy': 16} funnel={'takeover': 148, 'released': 104, 'setdown': 113, 'cycle': 90, 'reset_mid_script': 148}
[e33rec] step=93900 saved=89 phases={'policy': 15, 'release': 1} funnel={'takeover': 149, 'released': 104, 'setdown': 113, 'cycle': 90, 'reset_mid_script': 148}
[e33rec] step=94200 saved=89 phases={'policy': 14, 'ascend': 2} funnel={'takeover': 150, 'released': 104, 'setdown': 114, 'cycle': 90, 'reset_mid_script': 148}
[e33rec] episode 90/320 saved (len=611, env=8)
[e33rec] step=94500 saved=90 phases={'policy': 14, 'ascend': 1, 'go_home': 1} funnel={'takeover': 150, 'released': 104, 'setdown': 114, 'cycle': 91, 'reset_mid_script': 148}
[death] env=2 in=go_home taskphase=0 cup_tilt=0deg cup_z=810mm home_err=1.34rad
[e33rec] step=94800 saved=90 phases={'policy': 15, 'ascend': 1} funnel={'takeover': 150, 'released': 104, 'setdown': 114, 'cycle': 91, 'reset_mid_script': 149}
[death] env=7 in=ascend taskphase=0 cup_tilt=0deg cup_z=815mm home_err=1.18rad
[e33rec] step=95100 saved=90 phases={'policy': 16} funnel={'takeover': 150, 'released': 104, 'setdown': 114, 'cycle': 91, 'reset_mid_script': 150}
[e33rec] episode 91/320 saved (len=261, env=1)
[e33rec] episode 92/320 saved (len=238, env=10)
[e33rec] step=95400 saved=92 phases={'policy': 16} funnel={'takeover': 150, 'released': 104, 'setdown': 116, 'cycle': 93, 'reset_mid_script': 150}
[e33rec] step=95700 saved=92 phases={'policy': 16} funnel={'takeover': 150, 'released': 104, 'setdown': 116, 'cycle': 93, 'reset_mid_script': 150}
[e33rec] step=96000 saved=92 phases={'policy': 16} funnel={'takeover': 150, 'released': 104, 'setdown': 116, 'cycle': 93, 'reset_mid_script': 150}
[e33rec] step=96300 saved=92 phases={'policy': 16} funnel={'takeover': 150, 'released': 104, 'setdown': 116, 'cycle': 93, 'reset_mid_script': 150}
[e33rec] step=96600 saved=92 phases={'policy': 16} funnel={'takeover': 150, 'released': 104, 'setdown': 116, 'cycle': 93, 'reset_mid_script': 150}
[e33rec] step=96900 saved=92 phases={'policy': 15, 'ascend': 1} funnel={'takeover': 151, 'released': 105, 'setdown': 116, 'cycle': 93, 'reset_mid_script': 150}
[e33rec] episode 93/320 saved (len=330, env=12)
[e33rec] step=97200 saved=93 phases={'policy': 15, 'ascend': 1} funnel={'takeover': 151, 'released': 105, 'setdown': 117, 'cycle': 94, 'reset_mid_script': 150}
[e33rec] step=97500 saved=93 phases={'policy': 15, 'ascend': 1} funnel={'takeover': 151, 'released': 105, 'setdown': 117, 'cycle': 94, 'reset_mid_script': 150}
[e33rec] step=97800 saved=93 phases={'policy': 15, 'ascend': 1} funnel={'takeover': 151, 'released': 105, 'setdown': 117, 'cycle': 94, 'reset_mid_script': 150}
[death] env=0 in=ascend taskphase=0 cup_tilt=0deg cup_z=815mm home_err=1.78rad
[e33rec] step=98100 saved=93 phases={'policy': 15, 'ascend': 1} funnel={'takeover': 152, 'released': 106, 'setdown': 117, 'cycle': 94, 'reset_mid_script': 151}
[e33rec] step=98400 saved=93 phases={'policy': 15, 'go_home': 1} funnel={'takeover': 152, 'released': 106, 'setdown': 117, 'cycle': 94, 'reset_mid_script': 151}
[e33rec] step=98700 saved=93 phases={'policy': 14, 'ascend': 1, 'go_home': 1} funnel={'takeover': 153, 'released': 107, 'setdown': 117, 'cycle': 94, 'reset_mid_script': 151}
[e33rec] step=99000 saved=93 phases={'policy': 14, 'ascend': 1, 'go_home': 1} funnel={'takeover': 153, 'released': 107, 'setdown': 117, 'cycle': 94, 'reset_mid_script': 151}
[death] env=0 in=ascend taskphase=0 cup_tilt=0deg cup_z=815mm home_err=1.71rad
[death] env=14 in=go_home taskphase=0 cup_tilt=0deg cup_z=810mm home_err=1.31rad
[e33rec] step=99300 saved=93 phases={'policy': 16} funnel={'takeover': 153, 'released': 107, 'setdown': 117, 'cycle': 94, 'reset_mid_script': 153}
[e33rec] episode 94/320 saved (len=239, env=10)
[e33rec] step=99600 saved=94 phases={'policy': 13, 'release': 1, 'ascend': 2} funnel={'takeover': 156, 'released': 109, 'setdown': 119, 'cycle': 95, 'reset_mid_script': 153}
[e33rec] step=99900 saved=94 phases={'policy': 13, 'ascend': 3} funnel={'takeover': 156, 'released': 109, 'setdown': 119, 'cycle': 95, 'reset_mid_script': 153}
[e33rec] step=100200 saved=94 phases={'policy': 13, 'ascend': 3} funnel={'takeover': 156, 'released': 109, 'setdown': 119, 'cycle': 95, 'reset_mid_script': 153}
[death] env=2 in=ascend taskphase=0 cup_tilt=0deg cup_z=810mm home_err=1.53rad
[e33rec] step=100500 saved=94 phases={'policy': 14, 'ascend': 2} funnel={'takeover': 156, 'released': 109, 'setdown': 119, 'cycle': 95, 'reset_mid_script': 154}
[death] env=0 in=ascend taskphase=0 cup_tilt=0deg cup_z=810mm home_err=1.21rad
[death] env=14 in=ascend taskphase=0 cup_tilt=0deg cup_z=815mm home_err=1.62rad
[e33rec] step=100800 saved=94 phases={'policy': 16} funnel={'takeover': 156, 'released': 109, 'setdown': 119, 'cycle': 95, 'reset_mid_script': 156}
[e33rec] step=101100 saved=94 phases={'policy': 15, 'ascend': 1} funnel={'takeover': 157, 'released': 110, 'setdown': 119, 'cycle': 95, 'reset_mid_script': 156}
[e33rec] step=101400 saved=94 phases={'policy': 15, 'ascend': 1} funnel={'takeover': 157, 'released': 110, 'setdown': 119, 'cycle': 95, 'reset_mid_script': 156}
[e33rec] step=101700 saved=94 phases={'policy': 15, 'ascend': 1} funnel={'takeover': 157, 'released': 110, 'setdown': 119, 'cycle': 95, 'reset_mid_script': 156}
[e33rec] step=102000 saved=94 phases={'policy': 15, 'ascend': 1} funnel={'takeover': 157, 'released': 110, 'setdown': 119, 'cycle': 95, 'reset_mid_script': 156}
[death] env=1 in=ascend taskphase=0 cup_tilt=0deg cup_z=815mm home_err=1.20rad
[e33rec] step=102300 saved=94 phases={'policy': 16} funnel={'takeover': 157, 'released': 110, 'setdown': 119, 'cycle': 95, 'reset_mid_script': 157}
[e33rec] step=102600 saved=94 phases={'policy': 16} funnel={'takeover': 157, 'released': 110, 'setdown': 119, 'cycle': 95, 'reset_mid_script': 157}
[e33rec] step=102900 saved=94 phases={'policy': 16} funnel={'takeover': 157, 'released': 110, 'setdown': 119, 'cycle': 95, 'reset_mid_script': 157}
[e33rec] step=103200 saved=94 phases={'policy': 16} funnel={'takeover': 157, 'released': 110, 'setdown': 119, 'cycle': 95, 'reset_mid_script': 157}
[e33rec] episode 95/320 saved (len=1064, env=3)
[e33rec] step=103500 saved=95 phases={'policy': 15, 'release': 1} funnel={'takeover': 158, 'released': 110, 'setdown': 120, 'cycle': 96, 'reset_mid_script': 157}
[e33rec] step=103800 saved=95 phases={'policy': 13, 'release': 2, 'ascend': 1} funnel={'takeover': 160, 'released': 110, 'setdown': 121, 'cycle': 96, 'reset_mid_script': 157}
[e33rec] step=104100 saved=95 phases={'policy': 11, 'place_descend': 1, 'ascend': 4} funnel={'takeover': 162, 'released': 110, 'setdown': 122, 'cycle': 96, 'reset_mid_script': 157}
[e33rec] episode 96/320 saved (len=230, env=6)
[e33rec] step=104400 saved=96 phases={'policy': 11, 'ascend': 4, 'go_home': 1} funnel={'takeover': 162, 'released': 111, 'setdown': 123, 'cycle': 97, 'reset_mid_script': 157}
[death] env=15 in=ascend taskphase=0 cup_tilt=0deg cup_z=849mm home_err=1.55rad
[e33rec] step=104700 saved=96 phases={'policy': 12, 'ascend': 3, 'go_home': 1} funnel={'takeover': 162, 'released': 111, 'setdown': 123, 'cycle': 97, 'reset_mid_script': 158}
[e33rec] step=105000 saved=96 phases={'policy': 12, 'ascend': 3, 'go_home': 1} funnel={'takeover': 162, 'released': 111, 'setdown': 123, 'cycle': 97, 'reset_mid_script': 158}
[death] env=0 in=ascend taskphase=0 cup_tilt=0deg cup_z=815mm home_err=1.20rad
[death] env=7 in=ascend taskphase=0 cup_tilt=0deg cup_z=815mm home_err=1.32rad
[death] env=14 in=ascend taskphase=0 cup_tilt=0deg cup_z=815mm home_err=1.25rad
[death] env=3 in=go_home taskphase=0 cup_tilt=0deg cup_z=815mm home_err=1.02rad
[e33rec] step=105300 saved=96 phases={'policy': 16} funnel={'takeover': 162, 'released': 111, 'setdown': 123, 'cycle': 97, 'reset_mid_script': 162}
[e33rec] step=105600 saved=96 phases={'policy': 15, 'go_home': 1} funnel={'takeover': 163, 'released': 112, 'setdown': 123, 'cycle': 97, 'reset_mid_script': 162}
[e33rec] step=105900 saved=96 phases={'policy': 15, 'go_home': 1} funnel={'takeover': 163, 'released': 112, 'setdown': 123, 'cycle': 97, 'reset_mid_script': 162}
[e33rec] step=106200 saved=96 phases={'policy': 15, 'go_home': 1} funnel={'takeover': 163, 'released': 112, 'setdown': 123, 'cycle': 97, 'reset_mid_script': 162}
[e33rec] step=106500 saved=96 phases={'policy': 15, 'go_home': 1} funnel={'takeover': 163, 'released': 112, 'setdown': 123, 'cycle': 97, 'reset_mid_script': 162}
[death] env=3 in=go_home taskphase=0 cup_tilt=0deg cup_z=810mm home_err=1.33rad
[e33rec] step=106800 saved=96 phases={'policy': 16} funnel={'takeover': 163, 'released': 112, 'setdown': 123, 'cycle': 97, 'reset_mid_script': 163}
[e33rec] step=107100 saved=96 phases={'policy': 16} funnel={'takeover': 163, 'released': 112, 'setdown': 123, 'cycle': 97, 'reset_mid_script': 163}
[e33rec] step=107400 saved=96 phases={'policy': 16} funnel={'takeover': 163, 'released': 112, 'setdown': 123, 'cycle': 97, 'reset_mid_script': 163}
[e33rec] episode 97/320 saved (len=1193, env=14)
[e33rec] step=107700 saved=97 phases={'policy': 14, 'place_descend': 1, 'ascend': 1} funnel={'takeover': 165, 'released': 113, 'setdown': 125, 'cycle': 98, 'reset_mid_script': 163}
[e33rec] step=108000 saved=97 phases={'policy': 14, 'ascend': 2} funnel={'takeover': 165, 'released': 114, 'setdown': 125, 'cycle': 98, 'reset_mid_script': 163}
[e33rec] step=108300 saved=97 phases={'policy': 11, 'ascend': 5} funnel={'takeover': 168, 'released': 117, 'setdown': 126, 'cycle': 98, 'reset_mid_script': 163}
[death] env=6 in=ascend taskphase=0 cup_tilt=0deg cup_z=815mm home_err=1.27rad
[e33rec] step=108600 saved=97 phases={'policy': 12, 'ascend': 2, 'go_home': 2} funnel={'takeover': 168, 'released': 117, 'setdown': 126, 'cycle': 98, 'reset_mid_script': 164}
[e33rec] step=108900 saved=97 phases={'policy': 12, 'ascend': 2, 'go_home': 2} funnel={'takeover': 168, 'released': 117, 'setdown': 126, 'cycle': 98, 'reset_mid_script': 164}
[death] env=15 in=ascend taskphase=0 cup_tilt=0deg cup_z=810mm home_err=1.55rad
[e33rec] step=109200 saved=97 phases={'policy': 13, 'ascend': 1, 'go_home': 2} funnel={'takeover': 168, 'released': 117, 'setdown': 126, 'cycle': 98, 'reset_mid_script': 165}
[death] env=1 in=ascend taskphase=0 cup_tilt=0deg cup_z=815mm home_err=2.30rad
[death] env=14 in=go_home taskphase=0 cup_tilt=0deg cup_z=815mm home_err=1.35rad
[death] env=8 in=go_home taskphase=0 cup_tilt=0deg cup_z=810mm home_err=2.79rad
[e33rec] step=109500 saved=97 phases={'policy': 16} funnel={'takeover': 168, 'released': 117, 'setdown': 126, 'cycle': 98, 'reset_mid_script': 168}
[e33rec] step=109800 saved=97 phases={'policy': 14, 'place_descend': 1, 'ascend': 1} funnel={'takeover': 170, 'released': 118, 'setdown': 126, 'cycle': 98, 'reset_mid_script': 168}
[e33rec] step=110100 saved=97 phases={'policy': 14, 'ascend': 1, 'go_home': 1} funnel={'takeover': 170, 'released': 119, 'setdown': 126, 'cycle': 98, 'reset_mid_script': 168}
[e33rec] episode 98/320 saved (len=1047, env=1)
[e33rec] step=110400 saved=98 phases={'policy': 14, 'ascend': 1, 'go_home': 1} funnel={'takeover': 170, 'released': 119, 'setdown': 127, 'cycle': 99, 'reset_mid_script': 168}
[e33rec] step=110700 saved=98 phases={'policy': 14, 'ascend': 1, 'go_home': 1} funnel={'takeover': 170, 'released': 119, 'setdown': 127, 'cycle': 99, 'reset_mid_script': 168}
[death] env=7 in=ascend taskphase=0 cup_tilt=0deg cup_z=815mm home_err=1.47rad
[death] env=3 in=go_home taskphase=0 cup_tilt=0deg cup_z=815mm home_err=2.76rad
[e33rec] step=111000 saved=98 phases={'policy': 16} funnel={'takeover': 170, 'released': 119, 'setdown': 127, 'cycle': 99, 'reset_mid_script': 170}
[e33rec] step=111300 saved=98 phases={'policy': 15, 'go_home': 1} funnel={'takeover': 171, 'released': 120, 'setdown': 127, 'cycle': 99, 'reset_mid_script': 170}
[e33rec] step=111600 saved=98 phases={'policy': 15, 'go_home': 1} funnel={'takeover': 171, 'released': 120, 'setdown': 127, 'cycle': 99, 'reset_mid_script': 170}
[e33rec] step=111900 saved=98 phases={'policy': 15, 'go_home': 1} funnel={'takeover': 171, 'released': 120, 'setdown': 127, 'cycle': 99, 'reset_mid_script': 170}
[e33rec] step=112200 saved=98 phases={'policy': 15, 'go_home': 1} funnel={'takeover': 171, 'released': 120, 'setdown': 127, 'cycle': 99, 'reset_mid_script': 170}
[death] env=10 in=go_home taskphase=0 cup_tilt=0deg cup_z=810mm home_err=1.33rad
[e33rec] step=112500 saved=98 phases={'policy': 16} funnel={'takeover': 171, 'released': 120, 'setdown': 127, 'cycle': 99, 'reset_mid_script': 171}
[e33rec] step=112800 saved=98 phases={'policy': 16} funnel={'takeover': 171, 'released': 120, 'setdown': 127, 'cycle': 99, 'reset_mid_script': 171}
[e33rec] step=113100 saved=98 phases={'policy': 15, 'yaw_home': 1} funnel={'takeover': 172, 'released': 121, 'setdown': 127, 'cycle': 99, 'reset_mid_script': 171}
[e33rec] step=113400 saved=98 phases={'policy': 15, 'go_home': 1} funnel={'takeover': 172, 'released': 121, 'setdown': 127, 'cycle': 99, 'reset_mid_script': 171}
[e33rec] step=113700 saved=98 phases={'policy': 13, 'yaw_home': 1, 'go_home': 2} funnel={'takeover': 174, 'released': 123, 'setdown': 127, 'cycle': 99, 'reset_mid_script': 171}
[e33rec] episode 99/320 saved (len=309, env=14)
[e33rec] step=114000 saved=99 phases={'policy': 13, 'go_home': 3} funnel={'takeover': 174, 'released': 123, 'setdown': 128, 'cycle': 100, 'reset_mid_script': 171}
[death] env=6 in=go_home taskphase=0 cup_tilt=0deg cup_z=810mm home_err=1.31rad
[e33rec] step=114300 saved=99 phases={'policy': 14, 'go_home': 2} funnel={'takeover': 174, 'released': 123, 'setdown': 128, 'cycle': 100, 'reset_mid_script': 172}
[e33rec] step=114600 saved=99 phases={'policy': 14, 'go_home': 2} funnel={'takeover': 174, 'released': 123, 'setdown': 128, 'cycle': 100, 'reset_mid_script': 172}
[death] env=15 in=go_home taskphase=0 cup_tilt=0deg cup_z=810mm home_err=2.79rad
[death] env=2 in=go_home taskphase=0 cup_tilt=0deg cup_z=810mm home_err=1.33rad
[e33rec] step=114900 saved=99 phases={'policy': 15, 'release': 1} funnel={'takeover': 175, 'released': 123, 'setdown': 128, 'cycle': 100, 'reset_mid_script': 174}
[e33rec] step=115200 saved=99 phases={'policy': 15, 'ascend': 1} funnel={'takeover': 175, 'released': 123, 'setdown': 128, 'cycle': 100, 'reset_mid_script': 174}
[e33rec] episode 100/320 saved (len=640, env=15)
[e33rec] step=115500 saved=100 phases={'policy': 13, 'release': 1, 'ascend': 2} funnel={'takeover': 177, 'released': 124, 'setdown': 129, 'cycle': 101, 'reset_mid_script': 174}
[e33rec] step=115800 saved=100 phases={'policy': 13, 'ascend': 2, 'go_home': 1} funnel={'takeover': 177, 'released': 124, 'setdown': 129, 'cycle': 101, 'reset_mid_script': 174}
[e33rec] step=116100 saved=100 phases={'policy': 12, 'ascend': 3, 'go_home': 1} funnel={'takeover': 178, 'released': 124, 'setdown': 129, 'cycle': 101, 'reset_mid_script': 174}
[death] env=2 in=ascend taskphase=0 cup_tilt=0deg cup_z=815mm home_err=1.35rad
[e33rec] step=116400 saved=100 phases={'policy': 13, 'ascend': 2, 'go_home': 1} funnel={'takeover': 178, 'released': 124, 'setdown': 129, 'cycle': 101, 'reset_mid_script': 175}
[death] env=11 in=go_home taskphase=0 cup_tilt=0deg cup_z=810mm home_err=2.79rad
[death] env=3 in=ascend taskphase=0 cup_tilt=0deg cup_z=810mm home_err=1.24rad
[e33rec] step=116700 saved=100 phases={'policy': 15, 'ascend': 1} funnel={'takeover': 178, 'released': 124, 'setdown': 129, 'cycle': 101, 'reset_mid_script': 177}
[e33rec] step=117000 saved=100 phases={'policy': 14, 'release': 1, 'ascend': 1} funnel={'takeover': 179, 'released': 124, 'setdown': 129, 'cycle': 101, 'reset_mid_script': 177}
[death] env=6 in=ascend taskphase=0 cup_tilt=0deg cup_z=815mm home_err=1.36rad
[e33rec] step=117300 saved=100 phases={'policy': 15, 'ascend': 1} funnel={'takeover': 179, 'released': 124, 'setdown': 129, 'cycle': 101, 'reset_mid_script': 178}
[e33rec] step=117600 saved=100 phases={'policy': 15, 'ascend': 1} funnel={'takeover': 179, 'released': 124, 'setdown': 129, 'cycle': 101, 'reset_mid_script': 178}
[e33rec] step=117900 saved=100 phases={'policy': 15, 'ascend': 1} funnel={'takeover': 179, 'released': 124, 'setdown': 129, 'cycle': 101, 'reset_mid_script': 178}
[death] env=3 in=ascend taskphase=0 cup_tilt=0deg cup_z=815mm home_err=1.25rad
[e33rec] step=118200 saved=100 phases={'policy': 16} funnel={'takeover': 179, 'released': 124, 'setdown': 129, 'cycle': 101, 'reset_mid_script': 179}
[e33rec] step=118500 saved=100 phases={'policy': 15, 'ascend': 1} funnel={'takeover': 180, 'released': 124, 'setdown': 129, 'cycle': 101, 'reset_mid_script': 179}
[e33rec] step=118800 saved=100 phases={'policy': 15, 'ascend': 1} funnel={'takeover': 180, 'released': 124, 'setdown': 129, 'cycle': 101, 'reset_mid_script': 179}
[e33rec] step=119100 saved=100 phases={'policy': 15, 'ascend': 1} funnel={'takeover': 180, 'released': 124, 'setdown': 129, 'cycle': 101, 'reset_mid_script': 179}
[e33rec] step=119400 saved=100 phases={'policy': 14, 'ascend': 2} funnel={'takeover': 181, 'released': 125, 'setdown': 129, 'cycle': 101, 'reset_mid_script': 179}
[death] env=3 in=ascend taskphase=0 cup_tilt=0deg cup_z=815mm home_err=1.43rad
[e33rec] step=119700 saved=100 phases={'policy': 14, 'ascend': 2} funnel={'takeover': 182, 'released': 126, 'setdown': 129, 'cycle': 101, 'reset_mid_script': 180}
[e33rec] step=120000 saved=100 phases={'policy': 12, 'ascend': 3, 'go_home': 1} funnel={'takeover': 184, 'released': 127, 'setdown': 129, 'cycle': 101, 'reset_mid_script': 180}
[e33rec] step=120300 saved=100 phases={'policy': 12, 'ascend': 3, 'go_home': 1} funnel={'takeover': 184, 'released': 127, 'setdown': 129, 'cycle': 101, 'reset_mid_script': 180}
[death] env=15 in=ascend taskphase=0 cup_tilt=0deg cup_z=810mm home_err=2.63rad
[e33rec] step=120600 saved=100 phases={'policy': 13, 'ascend': 2, 'go_home': 1} funnel={'takeover': 184, 'released': 127, 'setdown': 129, 'cycle': 101, 'reset_mid_script': 181}
[e33rec] episode 101/320 saved (len=344, env=2)
[death] env=7 in=ascend taskphase=0 cup_tilt=0deg cup_z=815mm home_err=1.69rad
[e33rec] step=120900 saved=101 phases={'policy': 14, 'ascend': 1, 'go_home': 1} funnel={'takeover': 184, 'released': 127, 'setdown': 130, 'cycle': 102, 'reset_mid_script': 182}
[death] env=8 in=go_home taskphase=0 cup_tilt=0deg cup_z=810mm home_err=1.33rad
[death] env=3 in=ascend taskphase=0 cup_tilt=0deg cup_z=815mm home_err=1.27rad
[e33rec] step=121200 saved=101 phases={'policy': 15, 'ascend': 1} funnel={'takeover': 185, 'released': 128, 'setdown': 130, 'cycle': 102, 'reset_mid_script': 184}
[e33rec] step=121500 saved=101 phases={'policy': 15, 'go_home': 1} funnel={'takeover': 185, 'released': 128, 'setdown': 130, 'cycle': 102, 'reset_mid_script': 184}
[e33rec] step=121800 saved=101 phases={'policy': 14, 'ascend': 1, 'go_home': 1} funnel={'takeover': 186, 'released': 129, 'setdown': 131, 'cycle': 102, 'reset_mid_script': 184}
[e33rec] episode 102/320 saved (len=942, env=14)
[e33rec] step=122100 saved=102 phases={'policy': 14, 'ascend': 1, 'go_home': 1} funnel={'takeover': 186, 'released': 129, 'setdown': 132, 'cycle': 103, 'reset_mid_script': 184}
[death] env=1 in=go_home taskphase=0 cup_tilt=0deg cup_z=815mm home_err=2.79rad
[death] env=8 in=ascend taskphase=0 cup_tilt=0deg cup_z=815mm home_err=1.68rad
[e33rec] step=122400 saved=102 phases={'policy': 16} funnel={'takeover': 186, 'released': 129, 'setdown': 132, 'cycle': 103, 'reset_mid_script': 186}
[e33rec] step=122700 saved=102 phases={'policy': 13, 'ascend': 3} funnel={'takeover': 189, 'released': 131, 'setdown': 132, 'cycle': 103, 'reset_mid_script': 186}
[e33rec] episode 103/320 saved (len=1040, env=2)
[e33rec] step=123000 saved=103 phases={'policy': 13, 'ascend': 3} funnel={'takeover': 189, 'released': 131, 'setdown': 133, 'cycle': 104, 'reset_mid_script': 186}
[e33rec] step=123300 saved=103 phases={'policy': 13, 'ascend': 3} funnel={'takeover': 189, 'released': 131, 'setdown': 133, 'cycle': 104, 'reset_mid_script': 186}
[e33rec] step=123600 saved=103 phases={'policy': 13, 'ascend': 3} funnel={'takeover': 189, 'released': 131, 'setdown': 133, 'cycle': 104, 'reset_mid_script': 186}
[death] env=7 in=ascend taskphase=0 cup_tilt=0deg cup_z=815mm home_err=1.77rad
[death] env=11 in=ascend taskphase=0 cup_tilt=0deg cup_z=815mm home_err=1.33rad
[death] env=14 in=ascend taskphase=0 cup_tilt=0deg cup_z=815mm home_err=1.63rad
[e33rec] step=123900 saved=103 phases={'policy': 15, 'ascend': 1} funnel={'takeover': 190, 'released': 132, 'setdown': 133, 'cycle': 104, 'reset_mid_script': 189}
[e33rec] step=124200 saved=103 phases={'policy': 13, 'ascend': 2, 'go_home': 1} funnel={'takeover': 192, 'released': 134, 'setdown': 134, 'cycle': 104, 'reset_mid_script': 189}
[e33rec] episode 104/320 saved (len=274, env=6)
[e33rec] step=124500 saved=104 phases={'policy': 13, 'ascend': 1, 'go_home': 2} funnel={'takeover': 192, 'released': 134, 'setdown': 135, 'cycle': 105, 'reset_mid_script': 189}
[e33rec] step=124800 saved=104 phases={'policy': 13, 'ascend': 1, 'go_home': 2} funnel={'takeover': 192, 'released': 134, 'setdown': 135, 'cycle': 105, 'reset_mid_script': 189}
[death] env=1 in=ascend taskphase=0 cup_tilt=0deg cup_z=810mm home_err=2.03rad
[e33rec] step=125100 saved=104 phases={'policy': 14, 'go_home': 2} funnel={'takeover': 192, 'released': 134, 'setdown': 135, 'cycle': 105, 'reset_mid_script': 190}
[death] env=14 in=go_home taskphase=0 cup_tilt=0deg cup_z=810mm home_err=1.33rad
[death] env=3 in=go_home taskphase=0 cup_tilt=0deg cup_z=815mm home_err=1.33rad
[e33rec] step=125400 saved=104 phases={'policy': 16} funnel={'takeover': 192, 'released': 134, 'setdown': 135, 'cycle': 105, 'reset_mid_script': 192}
[e33rec] step=125700 saved=104 phases={'policy': 16} funnel={'takeover': 192, 'released': 134, 'setdown': 135, 'cycle': 105, 'reset_mid_script': 192}
[e33rec] step=126000 saved=104 phases={'policy': 16} funnel={'takeover': 192, 'released': 134, 'setdown': 135, 'cycle': 105, 'reset_mid_script': 192}
[e33rec] step=126300 saved=104 phases={'policy': 16} funnel={'takeover': 192, 'released': 134, 'setdown': 135, 'cycle': 105, 'reset_mid_script': 192}
[e33rec] step=126600 saved=104 phases={'policy': 15, 'ascend': 1} funnel={'takeover': 193, 'released': 135, 'setdown': 135, 'cycle': 105, 'reset_mid_script': 192}
[e33rec] step=126900 saved=104 phases={'policy': 14, 'ascend': 2} funnel={'takeover': 194, 'released': 135, 'setdown': 135, 'cycle': 105, 'reset_mid_script': 192}
[death] env=6 in=go_home taskphase=0 cup_tilt=0deg cup_z=815mm home_err=1.35rad
[e33rec] step=127200 saved=104 phases={'policy': 15, 'ascend': 1} funnel={'takeover': 194, 'released': 135, 'setdown': 135, 'cycle': 105, 'reset_mid_script': 193}
[e33rec] episode 105/320 saved (len=774, env=11)
[e33rec] episode 106/320 saved (len=724, env=3)
[e33rec] step=127500 saved=106 phases={'policy': 14, 'ascend': 2} funnel={'takeover': 195, 'released': 136, 'setdown': 137, 'cycle': 107, 'reset_mid_script': 193}
[e33rec] step=127800 saved=106 phases={'policy': 14, 'ascend': 1, 'go_home': 1} funnel={'takeover': 195, 'released': 136, 'setdown': 137, 'cycle': 107, 'reset_mid_script': 193}
[death] env=1 in=ascend taskphase=0 cup_tilt=0deg cup_z=815mm home_err=1.21rad
[e33rec] step=128100 saved=106 phases={'policy': 14, 'go_home': 2} funnel={'takeover': 196, 'released': 137, 'setdown': 137, 'cycle': 107, 'reset_mid_script': 194}
[e33rec] step=128400 saved=106 phases={'policy': 14, 'go_home': 2} funnel={'takeover': 196, 'released': 137, 'setdown': 137, 'cycle': 107, 'reset_mid_script': 194}
[death] env=12 in=go_home taskphase=0 cup_tilt=0deg cup_z=810mm home_err=1.36rad
[e33rec] step=128700 saved=106 phases={'policy': 15, 'go_home': 1} funnel={'takeover': 196, 'released': 137, 'setdown': 137, 'cycle': 107, 'reset_mid_script': 195}
[e33rec] episode 107/320 saved (len=233, env=13)
[e33rec] step=129000 saved=107 phases={'policy': 15, 'go_home': 1} funnel={'takeover': 196, 'released': 137, 'setdown': 138, 'cycle': 108, 'reset_mid_script': 195}
[death] env=15 in=go_home taskphase=0 cup_tilt=0deg cup_z=810mm home_err=1.33rad
[e33rec] step=129300 saved=107 phases={'policy': 16} funnel={'takeover': 196, 'released': 137, 'setdown': 138, 'cycle': 108, 'reset_mid_script': 196}
[e33rec] step=129600 saved=107 phases={'policy': 15, 'ascend': 1} funnel={'takeover': 197, 'released': 138, 'setdown': 139, 'cycle': 108, 'reset_mid_script': 196}
[e33rec] episode 108/320 saved (len=476, env=1)
[e33rec] step=129900 saved=108 phases={'policy': 12, 'release': 1, 'ascend': 2, 'go_home': 1} funnel={'takeover': 200, 'released': 139, 'setdown': 140, 'cycle': 109, 'reset_mid_script': 196}
[e33rec] step=130200 saved=108 phases={'policy': 12, 'ascend': 2, 'go_home': 2} funnel={'takeover': 200, 'released': 139, 'setdown': 140, 'cycle': 109, 'reset_mid_script': 196}
[e33rec] step=130500 saved=108 phases={'policy': 11, 'release': 1, 'ascend': 2, 'go_home': 2} funnel={'takeover': 201, 'released': 139, 'setdown': 140, 'cycle': 109, 'reset_mid_script': 196}
[death] env=15 in=go_home taskphase=0 cup_tilt=0deg cup_z=815mm home_err=1.35rad
[e33rec] step=130800 saved=108 phases={'policy': 11, 'release': 1, 'ascend': 3, 'go_home': 1} funnel={'takeover': 202, 'released': 139, 'setdown': 140, 'cycle': 109, 'reset_mid_script': 197}
[death] env=7 in=ascend taskphase=0 cup_tilt=0deg cup_z=815mm home_err=1.22rad
[death] env=14 in=go_home taskphase=0 cup_tilt=0deg cup_z=810mm home_err=1.32rad
[death] env=8 in=ascend taskphase=0 cup_tilt=0deg cup_z=815mm home_err=1.36rad
[e33rec] step=131100 saved=108 phases={'policy': 14, 'ascend': 2} funnel={'takeover': 202, 'released': 139, 'setdown': 140, 'cycle': 109, 'reset_mid_script': 200}
[e33rec] step=131400 saved=108 phases={'policy': 13, 'ascend': 3} funnel={'takeover': 203, 'released': 139, 'setdown': 140, 'cycle': 109, 'reset_mid_script': 200}
[death] env=13 in=ascend taskphase=0 cup_tilt=0deg cup_z=810mm home_err=1.56rad
[e33rec] step=131700 saved=108 phases={'policy': 14, 'ascend': 2} funnel={'takeover': 203, 'released': 139, 'setdown': 140, 'cycle': 109, 'reset_mid_script': 201}
[death] env=15 in=ascend taskphase=0 cup_tilt=0deg cup_z=820mm home_err=1.76rad
[e33rec] step=132000 saved=108 phases={'policy': 15, 'ascend': 1} funnel={'takeover': 203, 'released': 139, 'setdown': 140, 'cycle': 109, 'reset_mid_script': 202}
[e33rec] step=132300 saved=108 phases={'policy': 14, 'ascend': 2} funnel={'takeover': 204, 'released': 140, 'setdown': 140, 'cycle': 109, 'reset_mid_script': 202}
[death] env=10 in=ascend taskphase=0 cup_tilt=0deg cup_z=815mm home_err=1.27rad
[e33rec] step=132600 saved=108 phases={'policy': 15, 'go_home': 1} funnel={'takeover': 204, 'released': 140, 'setdown': 140, 'cycle': 109, 'reset_mid_script': 203}
[e33rec] step=132900 saved=108 phases={'policy': 15, 'go_home': 1} funnel={'takeover': 204, 'released': 140, 'setdown': 140, 'cycle': 109, 'reset_mid_script': 203}
[e33rec] episode 109/320 saved (len=233, env=2)
[e33rec] step=133200 saved=109 phases={'policy': 14, 'ascend': 1, 'go_home': 1} funnel={'takeover': 205, 'released': 141, 'setdown': 141, 'cycle': 110, 'reset_mid_script': 203}
[death] env=15 in=go_home taskphase=0 cup_tilt=0deg cup_z=810mm home_err=1.32rad
[e33rec] step=133500 saved=109 phases={'policy': 15, 'go_home': 1} funnel={'takeover': 205, 'released': 141, 'setdown': 141, 'cycle': 110, 'reset_mid_script': 204}
[e33rec] episode 110/320 saved (len=1249, env=1)
[e33rec] step=133800 saved=110 phases={'policy': 14, 'ascend': 1, 'go_home': 1} funnel={'takeover': 206, 'released': 142, 'setdown': 142, 'cycle': 111, 'reset_mid_script': 204}
[e33rec] episode 111/320 saved (len=232, env=10)
[e33rec] step=134100 saved=111 phases={'policy': 13, 'ascend': 2, 'go_home': 1} funnel={'takeover': 207, 'released': 143, 'setdown': 143, 'cycle': 112, 'reset_mid_script': 204}
[death] env=6 in=go_home taskphase=0 cup_tilt=0deg cup_z=810mm home_err=1.33rad
[e33rec] step=134400 saved=111 phases={'policy': 14, 'ascend': 1, 'go_home': 1} funnel={'takeover': 207, 'released': 143, 'setdown': 143, 'cycle': 112, 'reset_mid_script': 205}
[e33rec] step=134700 saved=111 phases={'policy': 14, 'ascend': 1, 'go_home': 1} funnel={'takeover': 207, 'released': 143, 'setdown': 143, 'cycle': 112, 'reset_mid_script': 205}
[death] env=15 in=ascend taskphase=0 cup_tilt=0deg cup_z=815mm home_err=1.77rad
[e33rec] step=135000 saved=111 phases={'policy': 15, 'go_home': 1} funnel={'takeover': 207, 'released': 143, 'setdown': 143, 'cycle': 112, 'reset_mid_script': 206}
[death] env=14 in=go_home taskphase=0 cup_tilt=0deg cup_z=810mm home_err=1.33rad
[e33rec] step=135300 saved=111 phases={'policy': 16} funnel={'takeover': 207, 'released': 143, 'setdown': 143, 'cycle': 112, 'reset_mid_script': 207}
[e33rec] step=135600 saved=111 phases={'policy': 15, 'ascend': 1} funnel={'takeover': 208, 'released': 144, 'setdown': 143, 'cycle': 112, 'reset_mid_script': 207}
[e33rec] step=135900 saved=111 phases={'policy': 15, 'ascend': 1} funnel={'takeover': 208, 'released': 144, 'setdown': 143, 'cycle': 112, 'reset_mid_script': 207}
[e33rec] step=136200 saved=111 phases={'policy': 15, 'ascend': 1} funnel={'takeover': 208, 'released': 144, 'setdown': 143, 'cycle': 112, 'reset_mid_script': 207}
[e33rec] step=136500 saved=111 phases={'policy': 14, 'ascend': 1, 'go_home': 1} funnel={'takeover': 209, 'released': 145, 'setdown': 143, 'cycle': 112, 'reset_mid_script': 207}
[death] env=1 in=ascend taskphase=0 cup_tilt=0deg cup_z=810mm home_err=1.42rad
[e33rec] step=136800 saved=111 phases={'policy': 15, 'go_home': 1} funnel={'takeover': 209, 'released': 145, 'setdown': 143, 'cycle': 112, 'reset_mid_script': 208}
[e33rec] step=137100 saved=111 phases={'policy': 15, 'go_home': 1} funnel={'takeover': 209, 'released': 145, 'setdown': 143, 'cycle': 112, 'reset_mid_script': 208}
[death] env=13 in=go_home taskphase=0 cup_tilt=0deg cup_z=815mm home_err=1.33rad
[e33rec] step=137400 saved=111 phases={'policy': 15, 'ascend': 1} funnel={'takeover': 210, 'released': 146, 'setdown': 143, 'cycle': 112, 'reset_mid_script': 209}
[e33rec] step=137700 saved=111 phases={'policy': 14, 'place_descend': 1, 'ascend': 1} funnel={'takeover': 211, 'released': 146, 'setdown': 144, 'cycle': 112, 'reset_mid_script': 209}
[e33rec] step=138000 saved=111 phases={'policy': 14, 'ascend': 2} funnel={'takeover': 211, 'released': 147, 'setdown': 144, 'cycle': 112, 'reset_mid_script': 209}
[death] env=7 in=ascend taskphase=0 cup_tilt=0deg cup_z=810mm home_err=1.14rad
[e33rec] step=138300 saved=111 phases={'policy': 15, 'ascend': 1} funnel={'takeover': 211, 'released': 147, 'setdown': 144, 'cycle': 112, 'reset_mid_script': 210}
[e33rec] step=138600 saved=111 phases={'policy': 13, 'ascend': 1, 'go_home': 2} funnel={'takeover': 213, 'released': 149, 'setdown': 144, 'cycle': 112, 'reset_mid_script': 210}
[death] env=2 in=ascend taskphase=0 cup_tilt=0deg cup_z=815mm home_err=1.64rad
[e33rec] step=138900 saved=111 phases={'policy': 12, 'ascend': 2, 'go_home': 2} funnel={'takeover': 215, 'released': 151, 'setdown': 144, 'cycle': 112, 'reset_mid_script': 211}
[e33rec] episode 112/320 saved (len=930, env=10)
[e33rec] episode 113/320 saved (len=358, env=2)
[e33rec] step=139200 saved=113 phases={'policy': 12, 'ascend': 1, 'go_home': 3} funnel={'takeover': 215, 'released': 151, 'setdown': 146, 'cycle': 114, 'reset_mid_script': 211}
[e33rec] episode 114/320 saved (len=298, env=15)
[death] env=1 in=ascend taskphase=0 cup_tilt=0deg cup_z=815mm home_err=1.52rad
[e33rec] step=139500 saved=114 phases={'policy': 13, 'go_home': 3} funnel={'takeover': 215, 'released': 151, 'setdown': 147, 'cycle': 115, 'reset_mid_script': 212}
[death] env=7 in=go_home taskphase=0 cup_tilt=0deg cup_z=810mm home_err=2.79rad
[death] env=11 in=go_home taskphase=0 cup_tilt=0deg cup_z=810mm home_err=2.79rad
[e33rec] step=139800 saved=114 phases={'policy': 15, 'go_home': 1} funnel={'takeover': 215, 'released': 151, 'setdown': 147, 'cycle': 115, 'reset_mid_script': 214}
[death] env=6 in=go_home taskphase=0 cup_tilt=0deg cup_z=810mm home_err=1.33rad
[e33rec] step=140100 saved=114 phases={'policy': 16} funnel={'takeover': 215, 'released': 151, 'setdown': 147, 'cycle': 115, 'reset_mid_script': 215}
[e33rec] step=140400 saved=114 phases={'policy': 16} funnel={'takeover': 215, 'released': 151, 'setdown': 147, 'cycle': 115, 'reset_mid_script': 215}
[e33rec] step=140700 saved=114 phases={'policy': 16} funnel={'takeover': 215, 'released': 151, 'setdown': 147, 'cycle': 115, 'reset_mid_script': 215}
[e33rec] step=141000 saved=114 phases={'policy': 15, 'go_home': 1} funnel={'takeover': 216, 'released': 152, 'setdown': 148, 'cycle': 115, 'reset_mid_script': 215}
[death] env=14 in=go_home taskphase=0 cup_tilt=0deg cup_z=815mm home_err=1.33rad
[e33rec] episode 115/320 saved (len=213, env=11)
[e33rec] step=141300 saved=115 phases={'policy': 16} funnel={'takeover': 216, 'released': 152, 'setdown': 149, 'cycle': 116, 'reset_mid_script': 216}
[e33rec] step=141600 saved=115 phases={'policy': 16} funnel={'takeover': 216, 'released': 152, 'setdown': 149, 'cycle': 116, 'reset_mid_script': 216}
[e33rec] episode 116/320 saved (len=294, env=6)
[e33rec] step=141900 saved=116 phases={'policy': 16} funnel={'takeover': 216, 'released': 152, 'setdown': 150, 'cycle': 117, 'reset_mid_script': 216}
[e33rec] step=142200 saved=116 phases={'policy': 16} funnel={'takeover': 216, 'released': 152, 'setdown': 150, 'cycle': 117, 'reset_mid_script': 216}
[e33rec] step=142500 saved=116 phases={'policy': 16} funnel={'takeover': 216, 'released': 152, 'setdown': 150, 'cycle': 117, 'reset_mid_script': 216}
[e33rec] step=142800 saved=116 phases={'policy': 15, 'ascend': 1} funnel={'takeover': 217, 'released': 153, 'setdown': 150, 'cycle': 117, 'reset_mid_script': 216}
[e33rec] step=143100 saved=116 phases={'policy': 14, 'ascend': 2} funnel={'takeover': 218, 'released': 154, 'setdown': 150, 'cycle': 117, 'reset_mid_script': 216}
[e33rec] step=143400 saved=116 phases={'policy': 14, 'ascend': 2} funnel={'takeover': 218, 'released': 154, 'setdown': 150, 'cycle': 117, 'reset_mid_script': 216}
[e33rec] step=143700 saved=116 phases={'policy': 14, 'ascend': 2} funnel={'takeover': 218, 'released': 154, 'setdown': 150, 'cycle': 117, 'reset_mid_script': 216}
[death] env=1 in=ascend taskphase=0 cup_tilt=0deg cup_z=810mm home_err=1.64rad
[e33rec] step=144000 saved=116 phases={'policy': 15, 'ascend': 1} funnel={'takeover': 218, 'released': 154, 'setdown': 150, 'cycle': 117, 'reset_mid_script': 217}
[e33rec] episode 117/320 saved (len=331, env=1)
[death] env=12 in=ascend taskphase=0 cup_tilt=0deg cup_z=810mm home_err=1.61rad
[e33rec] step=144300 saved=117 phases={'policy': 16} funnel={'takeover': 218, 'released': 154, 'setdown': 151, 'cycle': 118, 'reset_mid_script': 218}
[e33rec] step=144600 saved=117 phases={'policy': 16} funnel={'takeover': 218, 'released': 154, 'setdown': 151, 'cycle': 118, 'reset_mid_script': 218}
[e33rec] step=144900 saved=117 phases={'policy': 16} funnel={'takeover': 218, 'released': 154, 'setdown': 151, 'cycle': 118, 'reset_mid_script': 218}
[e33rec] step=145200 saved=117 phases={'policy': 14, 'release': 1, 'go_home': 1} funnel={'takeover': 220, 'released': 155, 'setdown': 151, 'cycle': 118, 'reset_mid_script': 218}
[death] env=14 in=go_home taskphase=0 cup_tilt=0deg cup_z=815mm home_err=2.79rad
[e33rec] step=145500 saved=117 phases={'policy': 15, 'go_home': 1} funnel={'takeover': 220, 'released': 156, 'setdown': 151, 'cycle': 118, 'reset_mid_script': 219}
[e33rec] episode 118/320 saved (len=269, env=7)
[e33rec] step=145800 saved=118 phases={'policy': 15, 'go_home': 1} funnel={'takeover': 220, 'released': 156, 'setdown': 152, 'cycle': 119, 'reset_mid_script': 219}
[e33rec] episode 119/320 saved (len=302, env=12)
[e33rec] step=146100 saved=119 phases={'policy': 15, 'go_home': 1} funnel={'takeover': 220, 'released': 156, 'setdown': 153, 'cycle': 120, 'reset_mid_script': 219}
[death] env=15 in=go_home taskphase=0 cup_tilt=0deg cup_z=815mm home_err=2.79rad
[e33rec] step=146400 saved=119 phases={'policy': 16} funnel={'takeover': 220, 'released': 156, 'setdown': 153, 'cycle': 120, 'reset_mid_script': 220}
[e33rec] step=146700 saved=119 phases={'policy': 16} funnel={'takeover': 220, 'released': 156, 'setdown': 153, 'cycle': 120, 'reset_mid_script': 220}
[e33rec] step=147000 saved=119 phases={'policy': 15, 'place_descend': 1} funnel={'takeover': 221, 'released': 156, 'setdown': 153, 'cycle': 120, 'reset_mid_script': 220}
[e33rec] step=147300 saved=119 phases={'policy': 15, 'go_home': 1} funnel={'takeover': 221, 'released': 157, 'setdown': 153, 'cycle': 120, 'reset_mid_script': 220}
[e33rec] step=147600 saved=119 phases={'policy': 15, 'go_home': 1} funnel={'takeover': 221, 'released': 157, 'setdown': 153, 'cycle': 120, 'reset_mid_script': 220}
[e33rec] episode 120/320 saved (len=896, env=7)
[e33rec] step=147900 saved=120 phases={'policy': 15, 'go_home': 1} funnel={'takeover': 221, 'released': 157, 'setdown': 154, 'cycle': 121, 'reset_mid_script': 220}
[e33rec] step=148200 saved=120 phases={'policy': 15, 'go_home': 1} funnel={'takeover': 221, 'released': 157, 'setdown': 154, 'cycle': 121, 'reset_mid_script': 220}
[death] env=11 in=go_home taskphase=0 cup_tilt=0deg cup_z=810mm home_err=1.32rad
[e33rec] step=148500 saved=120 phases={'policy': 15, 'ascend': 1} funnel={'takeover': 222, 'released': 158, 'setdown': 154, 'cycle': 121, 'reset_mid_script': 221}
[e33rec] step=148800 saved=120 phases={'policy': 14, 'ascend': 1, 'go_home': 1} funnel={'takeover': 223, 'released': 159, 'setdown': 154, 'cycle': 121, 'reset_mid_script': 221}
[e33rec] step=149100 saved=120 phases={'policy': 14, 'ascend': 1, 'go_home': 1} funnel={'takeover': 223, 'released': 159, 'setdown': 154, 'cycle': 121, 'reset_mid_script': 221}
[e33rec] step=149400 saved=120 phases={'policy': 14, 'ascend': 1, 'go_home': 1} funnel={'takeover': 223, 'released': 159, 'setdown': 154, 'cycle': 121, 'reset_mid_script': 221}
[death] env=7 in=go_home taskphase=0 cup_tilt=0deg cup_z=810mm home_err=2.79rad
[death] env=10 in=ascend taskphase=0 cup_tilt=0deg cup_z=815mm home_err=1.28rad
[e33rec] step=149700 saved=120 phases={'policy': 16} funnel={'takeover': 223, 'released': 159, 'setdown': 154, 'cycle': 121, 'reset_mid_script': 223}
[e33rec] step=150000 saved=120 phases={'policy': 15, 'release': 1} funnel={'takeover': 224, 'released': 159, 'setdown': 154, 'cycle': 121, 'reset_mid_script': 223}
[e33rec] step=150300 saved=120 phases={'policy': 15, 'ascend': 1} funnel={'takeover': 224, 'released': 159, 'setdown': 154, 'cycle': 121, 'reset_mid_script': 223}
[e33rec] episode 121/320 saved (len=483, env=12)
[e33rec] step=150600 saved=121 phases={'policy': 15, 'ascend': 1} funnel={'takeover': 224, 'released': 159, 'setdown': 155, 'cycle': 122, 'reset_mid_script': 223}
[e33rec] step=150900 saved=121 phases={'policy': 15, 'ascend': 1} funnel={'takeover': 224, 'released': 159, 'setdown': 155, 'cycle': 122, 'reset_mid_script': 223}
[death] env=10 in=ascend taskphase=0 cup_tilt=0deg cup_z=815mm home_err=1.71rad
[e33rec] step=151200 saved=121 phases={'policy': 16} funnel={'takeover': 224, 'released': 159, 'setdown': 155, 'cycle': 122, 'reset_mid_script': 224}
[e33rec] episode 122/320 saved (len=232, env=7)
[e33rec] step=151500 saved=122 phases={'policy': 13, 'ascend': 3} funnel={'takeover': 227, 'released': 162, 'setdown': 158, 'cycle': 123, 'reset_mid_script': 224}
[death] env=6 in=go_home taskphase=0 cup_tilt=0deg cup_z=815mm home_err=1.39rad
[e33rec] step=151800 saved=122 phases={'policy': 14, 'ascend': 1, 'go_home': 1} funnel={'takeover': 227, 'released': 162, 'setdown': 158, 'cycle': 123, 'reset_mid_script': 225}
[e33rec] step=152100 saved=122 phases={'policy': 13, 'ascend': 2, 'go_home': 1} funnel={'takeover': 228, 'released': 163, 'setdown': 158, 'cycle': 123, 'reset_mid_script': 225}
[e33rec] step=152400 saved=122 phases={'policy': 13, 'ascend': 2, 'go_home': 1} funnel={'takeover': 228, 'released': 163, 'setdown': 158, 'cycle': 123, 'reset_mid_script': 225}
[death] env=14 in=go_home taskphase=0 cup_tilt=0deg cup_z=810mm home_err=1.38rad
[e33rec] episode 123/320 saved (len=489, env=15)
[death] env=8 in=ascend taskphase=0 cup_tilt=0deg cup_z=815mm home_err=1.92rad
[e33rec] step=152700 saved=123 phases={'policy': 15, 'ascend': 1} funnel={'takeover': 228, 'released': 163, 'setdown': 159, 'cycle': 124, 'reset_mid_script': 227}
[e33rec] episode 124/320 saved (len=279, env=8)
[e33rec] step=153000 saved=124 phases={'policy': 14, 'ascend': 2} funnel={'takeover': 229, 'released': 163, 'setdown': 160, 'cycle': 125, 'reset_mid_script': 227}
[death] env=2 in=ascend taskphase=0 cup_tilt=0deg cup_z=810mm home_err=1.74rad
[e33rec] step=153300 saved=124 phases={'policy': 14, 'ascend': 2} funnel={'takeover': 230, 'released': 164, 'setdown': 160, 'cycle': 125, 'reset_mid_script': 228}
[e33rec] step=153600 saved=124 phases={'policy': 14, 'ascend': 2} funnel={'takeover': 230, 'released': 164, 'setdown': 160, 'cycle': 125, 'reset_mid_script': 228}
[e33rec] step=153900 saved=124 phases={'policy': 14, 'ascend': 1, 'go_home': 1} funnel={'takeover': 230, 'released': 164, 'setdown': 160, 'cycle': 125, 'reset_mid_script': 228}
[death] env=7 in=ascend taskphase=0 cup_tilt=0deg cup_z=815mm home_err=1.33rad
[e33rec] step=154200 saved=124 phases={'policy': 15, 'go_home': 1} funnel={'takeover': 230, 'released': 164, 'setdown': 160, 'cycle': 125, 'reset_mid_script': 229}
[death] env=12 in=go_home taskphase=0 cup_tilt=0deg cup_z=815mm home_err=1.33rad
[e33rec] step=154500 saved=124 phases={'policy': 16} funnel={'takeover': 230, 'released': 164, 'setdown': 160, 'cycle': 125, 'reset_mid_script': 230}
[e33rec] step=154800 saved=124 phases={'policy': 16} funnel={'takeover': 230, 'released': 164, 'setdown': 160, 'cycle': 125, 'reset_mid_script': 230}
[e33rec] step=155100 saved=124 phases={'policy': 16} funnel={'takeover': 230, 'released': 164, 'setdown': 160, 'cycle': 125, 'reset_mid_script': 230}
[e33rec] step=155400 saved=124 phases={'policy': 16} funnel={'takeover': 230, 'released': 164, 'setdown': 160, 'cycle': 125, 'reset_mid_script': 230}
[e33rec] episode 125/320 saved (len=247, env=7)
[e33rec] step=155700 saved=125 phases={'policy': 16} funnel={'takeover': 230, 'released': 164, 'setdown': 161, 'cycle': 126, 'reset_mid_script': 230}
[e33rec] step=156000 saved=125 phases={'policy': 14, 'place_descend': 1, 'go_home': 1} funnel={'takeover': 232, 'released': 165, 'setdown': 162, 'cycle': 126, 'reset_mid_script': 230}
[e33rec] step=156300 saved=125 phases={'policy': 14, 'ascend': 1, 'go_home': 1} funnel={'takeover': 232, 'released': 166, 'setdown': 162, 'cycle': 126, 'reset_mid_script': 230}
[e33rec] step=156600 saved=125 phases={'policy': 14, 'go_home': 2} funnel={'takeover': 232, 'released': 166, 'setdown': 162, 'cycle': 126, 'reset_mid_script': 230}
[death] env=10 in=go_home taskphase=0 cup_tilt=0deg cup_z=815mm home_err=1.33rad
[e33rec] step=156900 saved=125 phases={'policy': 14, 'release': 1, 'go_home': 1} funnel={'takeover': 233, 'released': 166, 'setdown': 163, 'cycle': 126, 'reset_mid_script': 231}
[death] env=8 in=go_home taskphase=0 cup_tilt=0deg cup_z=815mm home_err=1.33rad
[e33rec] step=157200 saved=125 phases={'policy': 14, 'release': 1, 'ascend': 1} funnel={'takeover': 234, 'released': 166, 'setdown': 163, 'cycle': 126, 'reset_mid_script': 232}
[e33rec] step=157500 saved=125 phases={'policy': 13, 'release': 1, 'ascend': 2} funnel={'takeover': 235, 'released': 167, 'setdown': 163, 'cycle': 126, 'reset_mid_script': 232}
[e33rec] episode 126/320 saved (len=257, env=13)
[e33rec] step=157800 saved=126 phases={'policy': 13, 'ascend': 3} funnel={'takeover': 235, 'released': 167, 'setdown': 164, 'cycle': 127, 'reset_mid_script': 232}
[death] env=15 in=ascend taskphase=0 cup_tilt=0deg cup_z=815mm home_err=1.24rad
[e33rec] step=158100 saved=126 phases={'policy': 14, 'ascend': 2} funnel={'takeover': 235, 'released': 167, 'setdown': 164, 'cycle': 127, 'reset_mid_script': 233}
[death] env=8 in=ascend taskphase=0 cup_tilt=0deg cup_z=815mm home_err=1.67rad
[e33rec] step=158400 saved=126 phases={'policy': 15, 'ascend': 1} funnel={'takeover': 235, 'released': 167, 'setdown': 164, 'cycle': 127, 'reset_mid_script': 234}
[death] env=12 in=ascend taskphase=0 cup_tilt=0deg cup_z=815mm home_err=1.46rad
[e33rec] step=158700 saved=126 phases={'policy': 13, 'ascend': 3} funnel={'takeover': 238, 'released': 170, 'setdown': 165, 'cycle': 127, 'reset_mid_script': 235}
[death] env=13 in=ascend taskphase=0 cup_tilt=0deg cup_z=810mm home_err=1.16rad
[e33rec] step=159000 saved=126 phases={'policy': 14, 'go_home': 2} funnel={'takeover': 238, 'released': 170, 'setdown': 165, 'cycle': 127, 'reset_mid_script': 236}
[e33rec] step=159300 saved=126 phases={'policy': 14, 'go_home': 2} funnel={'takeover': 238, 'released': 170, 'setdown': 165, 'cycle': 127, 'reset_mid_script': 236}
[e33rec] step=159600 saved=126 phases={'policy': 14, 'go_home': 2} funnel={'takeover': 238, 'released': 170, 'setdown': 165, 'cycle': 127, 'reset_mid_script': 236}
[death] env=10 in=go_home taskphase=0 cup_tilt=0deg cup_z=810mm home_err=1.33rad
[death] env=11 in=go_home taskphase=0 cup_tilt=0deg cup_z=815mm home_err=2.79rad
[e33rec] step=159900 saved=126 phases={'policy': 16} funnel={'takeover': 238, 'released': 170, 'setdown': 165, 'cycle': 127, 'reset_mid_script': 238}
[e33rec] step=160200 saved=126 phases={'policy': 15, 'yaw_home': 1} funnel={'takeover': 239, 'released': 171, 'setdown': 165, 'cycle': 127, 'reset_mid_script': 238}
[e33rec] step=160500 saved=126 phases={'policy': 15, 'go_home': 1} funnel={'takeover': 239, 'released': 171, 'setdown': 165, 'cycle': 127, 'reset_mid_script': 238}
[e33rec] step=160800 saved=126 phases={'policy': 15, 'go_home': 1} funnel={'takeover': 239, 'released': 171, 'setdown': 165, 'cycle': 127, 'reset_mid_script': 238}
[e33rec] step=161100 saved=126 phases={'policy': 14, 'place_descend': 1, 'go_home': 1} funnel={'takeover': 240, 'released': 171, 'setdown': 165, 'cycle': 127, 'reset_mid_script': 238}
[death] env=8 in=go_home taskphase=0 cup_tilt=0deg cup_z=815mm home_err=2.79rad
[e33rec] episode 127/320 saved (len=275, env=1)
[e33rec] step=161400 saved=127 phases={'policy': 15, 'ascend': 1} funnel={'takeover': 240, 'released': 172, 'setdown': 166, 'cycle': 128, 'reset_mid_script': 239}
[e33rec] episode 128/320 saved (len=273, env=14)
[death] env=12 in=go_home taskphase=0 cup_tilt=0deg cup_z=815mm home_err=1.34rad
[e33rec] step=161700 saved=128 phases={'policy': 15, 'ascend': 1} funnel={'takeover': 241, 'released': 173, 'setdown': 167, 'cycle': 129, 'reset_mid_script': 240}
[e33rec] step=162000 saved=128 phases={'policy': 13, 'place_descend': 1, 'ascend': 2} funnel={'takeover': 243, 'released': 174, 'setdown': 167, 'cycle': 129, 'reset_mid_script': 240}
[e33rec] step=162300 saved=128 phases={'policy': 13, 'ascend': 2, 'yaw_home': 1} funnel={'takeover': 243, 'released': 174, 'setdown': 167, 'cycle': 129, 'reset_mid_script': 240}
[e33rec] step=162600 saved=128 phases={'policy': 13, 'ascend': 2, 'go_home': 1} funnel={'takeover': 243, 'released': 174, 'setdown': 167, 'cycle': 129, 'reset_mid_script': 240}
[death] env=11 in=ascend taskphase=0 cup_tilt=0deg cup_z=815mm home_err=1.46rad
[e33rec] step=162900 saved=128 phases={'policy': 13, 'ascend': 2, 'go_home': 1} funnel={'takeover': 244, 'released': 175, 'setdown': 168, 'cycle': 129, 'reset_mid_script': 241}
[death] env=12 in=go_home taskphase=0 cup_tilt=0deg cup_z=815mm home_err=1.33rad
[e33rec] step=163200 saved=128 phases={'policy': 14, 'ascend': 2} funnel={'takeover': 244, 'released': 175, 'setdown': 168, 'cycle': 129, 'reset_mid_script': 242}
[death] env=13 in=ascend taskphase=0 cup_tilt=0deg cup_z=810mm home_err=1.30rad
[e33rec] step=163500 saved=128 phases={'policy': 15, 'ascend': 1} funnel={'takeover': 244, 'released': 175, 'setdown': 168, 'cycle': 129, 'reset_mid_script': 243}
[e33rec] step=163800 saved=128 phases={'policy': 14, 'release': 1, 'ascend': 1} funnel={'takeover': 245, 'released': 175, 'setdown': 170, 'cycle': 129, 'reset_mid_script': 243}
[death] env=1 in=ascend taskphase=0 cup_tilt=0deg cup_z=815mm home_err=1.45rad
[e33rec] episode 129/320 saved (len=1329, env=11)
[death] env=14 in=ascend taskphase=0 cup_tilt=0deg cup_z=815mm home_err=2.36rad
[e33rec] step=164100 saved=129 phases={'policy': 15, 'ascend': 1} funnel={'takeover': 246, 'released': 176, 'setdown': 171, 'cycle': 130, 'reset_mid_script': 245}
[e33rec] episode 130/320 saved (len=1004, env=2)
[e33rec] step=164400 saved=130 phases={'policy': 13, 'ascend': 3} funnel={'takeover': 248, 'released': 178, 'setdown': 172, 'cycle': 131, 'reset_mid_script': 245}
[e33rec] step=164700 saved=130 phases={'policy': 13, 'ascend': 3} funnel={'takeover': 248, 'released': 178, 'setdown': 172, 'cycle': 131, 'reset_mid_script': 245}
[e33rec] step=165000 saved=130 phases={'policy': 11, 'release': 1, 'ascend': 4} funnel={'takeover': 250, 'released': 178, 'setdown': 172, 'cycle': 131, 'reset_mid_script': 245}
[death] env=15 in=ascend taskphase=0 cup_tilt=0deg cup_z=815mm home_err=1.39rad
[e33rec] step=165300 saved=130 phases={'policy': 12, 'ascend': 4} funnel={'takeover': 250, 'released': 178, 'setdown': 172, 'cycle': 131, 'reset_mid_script': 246}
[death] env=14 in=ascend taskphase=0 cup_tilt=0deg cup_z=810mm home_err=2.83rad
[death] env=8 in=ascend taskphase=0 cup_tilt=0deg cup_z=810mm home_err=1.44rad
[e33rec] step=165600 saved=130 phases={'policy': 14, 'ascend': 2} funnel={'takeover': 250, 'released': 178, 'setdown': 172, 'cycle': 131, 'reset_mid_script': 248}
[e33rec] step=165900 saved=130 phases={'policy': 13, 'ascend': 3} funnel={'takeover': 251, 'released': 179, 'setdown': 172, 'cycle': 131, 'reset_mid_script': 248}
[death] env=6 in=ascend taskphase=0 cup_tilt=0deg cup_z=815mm home_err=1.21rad
[death] env=13 in=ascend taskphase=0 cup_tilt=0deg cup_z=815mm home_err=1.59rad
[e33rec] episode 131/320 saved (len=615, env=7)
[e33rec] step=166200 saved=131 phases={'policy': 15, 'go_home': 1} funnel={'takeover': 251, 'released': 179, 'setdown': 173, 'cycle': 132, 'reset_mid_script': 250}
[e33rec] step=166500 saved=131 phases={'policy': 14, 'ascend': 1, 'go_home': 1} funnel={'takeover': 252, 'released': 179, 'setdown': 174, 'cycle': 132, 'reset_mid_script': 250}
[e33rec] step=166800 saved=131 phases={'policy': 14, 'ascend': 1, 'go_home': 1} funnel={'takeover': 252, 'released': 179, 'setdown': 174, 'cycle': 132, 'reset_mid_script': 250}
[death] env=11 in=go_home taskphase=0 cup_tilt=0deg cup_z=810mm home_err=2.79rad
[e33rec] step=167100 saved=131 phases={'policy': 14, 'ascend': 2} funnel={'takeover': 253, 'released': 180, 'setdown': 174, 'cycle': 132, 'reset_mid_script': 251}
[e33rec] step=167400 saved=131 phases={'policy': 13, 'ascend': 3} funnel={'takeover': 254, 'released': 181, 'setdown': 174, 'cycle': 132, 'reset_mid_script': 251}
[death] env=13 in=ascend taskphase=0 cup_tilt=0deg cup_z=815mm home_err=1.18rad
[e33rec] step=167700 saved=131 phases={'policy': 14, 'ascend': 2} funnel={'takeover': 254, 'released': 181, 'setdown': 174, 'cycle': 132, 'reset_mid_script': 252}
[e33rec] step=168000 saved=131 phases={'policy': 12, 'ascend': 3, 'go_home': 1} funnel={'takeover': 256, 'released': 182, 'setdown': 174, 'cycle': 132, 'reset_mid_script': 252}
[death] env=1 in=ascend taskphase=0 cup_tilt=0deg cup_z=810mm home_err=1.89rad
[e33rec] step=168300 saved=131 phases={'policy': 13, 'ascend': 2, 'go_home': 1} funnel={'takeover': 256, 'released': 182, 'setdown': 174, 'cycle': 132, 'reset_mid_script': 253}
[death] env=14 in=go_home taskphase=0 cup_tilt=0deg cup_z=815mm home_err=1.33rad
[death] env=8 in=ascend taskphase=0 cup_tilt=0deg cup_z=815mm home_err=1.57rad
[e33rec] step=168600 saved=131 phases={'policy': 15, 'ascend': 1} funnel={'takeover': 256, 'released': 182, 'setdown': 174, 'cycle': 132, 'reset_mid_script': 255}
[e33rec] step=168900 saved=131 phases={'policy': 15, 'ascend': 1} funnel={'takeover': 256, 'released': 182, 'setdown': 174, 'cycle': 132, 'reset_mid_script': 255}
[death] env=13 in=ascend taskphase=0 cup_tilt=0deg cup_z=815mm home_err=1.54rad
[e33rec] step=169200 saved=131 phases={'policy': 16} funnel={'takeover': 256, 'released': 182, 'setdown': 174, 'cycle': 132, 'reset_mid_script': 256}
[e33rec] episode 132/320 saved (len=361, env=13)
[e33rec] step=169500 saved=132 phases={'policy': 16} funnel={'takeover': 256, 'released': 182, 'setdown': 175, 'cycle': 133, 'reset_mid_script': 256}
[e33rec] episode 133/320 saved (len=294, env=15)
[e33rec] step=169800 saved=133 phases={'policy': 15, 'ascend': 1} funnel={'takeover': 257, 'released': 183, 'setdown': 176, 'cycle': 134, 'reset_mid_script': 256}
[death] env=10 in=ascend taskphase=0 cup_tilt=0deg cup_z=815mm home_err=1.80rad
[e33rec] step=170100 saved=133 phases={'policy': 16} funnel={'takeover': 257, 'released': 183, 'setdown': 176, 'cycle': 134, 'reset_mid_script': 257}
[e33rec] step=170400 saved=133 phases={'policy': 16} funnel={'takeover': 257, 'released': 183, 'setdown': 176, 'cycle': 134, 'reset_mid_script': 257}
[e33rec] step=170700 saved=133 phases={'policy': 15, 'ascend': 1} funnel={'takeover': 258, 'released': 184, 'setdown': 177, 'cycle': 134, 'reset_mid_script': 257}
[e33rec] episode 134/320 saved (len=929, env=7)
[e33rec] step=171000 saved=134 phases={'policy': 15, 'ascend': 1} funnel={'takeover': 258, 'released': 184, 'setdown': 178, 'cycle': 135, 'reset_mid_script': 257}
[death] env=10 in=ascend taskphase=0 cup_tilt=0deg cup_z=815mm home_err=1.07rad
[e33rec] step=171300 saved=134 phases={'policy': 15, 'ascend': 1} funnel={'takeover': 259, 'released': 185, 'setdown': 178, 'cycle': 135, 'reset_mid_script': 258}
[e33rec] episode 135/320 saved (len=304, env=14)
[e33rec] step=171600 saved=135 phases={'policy': 13, 'ascend': 3} funnel={'takeover': 261, 'released': 187, 'setdown': 179, 'cycle': 136, 'reset_mid_script': 258}
[e33rec] step=171900 saved=135 phases={'policy': 12, 'ascend': 4} funnel={'takeover': 262, 'released': 188, 'setdown': 180, 'cycle': 136, 'reset_mid_script': 258}
[e33rec] step=172200 saved=135 phases={'policy': 10, 'place_descend': 1, 'release': 1, 'ascend': 4} funnel={'takeover': 264, 'released': 188, 'setdown': 181, 'cycle': 136, 'reset_mid_script': 258}
[death] env=15 in=ascend taskphase=0 cup_tilt=0deg cup_z=810mm home_err=1.31rad
[e33rec] step=172500 saved=135 phases={'policy': 11, 'ascend': 4, 'go_home': 1} funnel={'takeover': 264, 'released': 189, 'setdown': 181, 'cycle': 136, 'reset_mid_script': 259}
[death] env=1 in=ascend taskphase=0 cup_tilt=0deg cup_z=810mm home_err=1.76rad
[death] env=7 in=ascend taskphase=0 cup_tilt=0deg cup_z=810mm home_err=1.20rad
[death] env=14 in=go_home taskphase=0 cup_tilt=0deg cup_z=815mm home_err=1.39rad
[death] env=8 in=ascend taskphase=0 cup_tilt=0deg cup_z=815mm home_err=1.65rad
[e33rec] step=172800 saved=135 phases={'policy': 15, 'ascend': 1} funnel={'takeover': 264, 'released': 189, 'setdown': 181, 'cycle': 136, 'reset_mid_script': 263}
[e33rec] episode 136/320 saved (len=1074, env=13)
[e33rec] episode 137/320 saved (len=286, env=14)
[e33rec] step=173100 saved=137 phases={'policy': 14, 'ascend': 1, 'yaw_home': 1} funnel={'takeover': 265, 'released': 190, 'setdown': 183, 'cycle': 138, 'reset_mid_script': 263}
[death] env=2 in=ascend taskphase=0 cup_tilt=0deg cup_z=810mm home_err=1.45rad
[e33rec] step=173400 saved=137 phases={'policy': 15, 'go_home': 1} funnel={'takeover': 265, 'released': 190, 'setdown': 183, 'cycle': 138, 'reset_mid_script': 264}
[e33rec] step=173700 saved=137 phases={'policy': 15, 'go_home': 1} funnel={'takeover': 265, 'released': 190, 'setdown': 183, 'cycle': 138, 'reset_mid_script': 264}
[e33rec] episode 138/320 saved (len=657, env=2)
[e33rec] step=174000 saved=138 phases={'policy': 15, 'go_home': 1} funnel={'takeover': 265, 'released': 190, 'setdown': 184, 'cycle': 139, 'reset_mid_script': 264}
[death] env=10 in=go_home taskphase=0 cup_tilt=0deg cup_z=810mm home_err=1.44rad
[e33rec] step=174300 saved=138 phases={'policy': 16} funnel={'takeover': 265, 'released': 190, 'setdown': 184, 'cycle': 139, 'reset_mid_script': 265}
[e33rec] step=174600 saved=138 phases={'policy': 15, 'ascend': 1} funnel={'takeover': 266, 'released': 191, 'setdown': 185, 'cycle': 139, 'reset_mid_script': 265}
[e33rec] step=174900 saved=138 phases={'policy': 15, 'go_home': 1} funnel={'takeover': 266, 'released': 191, 'setdown': 185, 'cycle': 139, 'reset_mid_script': 265}
[e33rec] episode 139/320 saved (len=338, env=13)
[e33rec] step=175200 saved=139 phases={'policy': 14, 'ascend': 1, 'go_home': 1} funnel={'takeover': 267, 'released': 192, 'setdown': 186, 'cycle': 140, 'reset_mid_script': 265}
[e33rec] step=175500 saved=139 phases={'policy': 14, 'ascend': 1, 'go_home': 1} funnel={'takeover': 267, 'released': 192, 'setdown': 186, 'cycle': 140, 'reset_mid_script': 265}
[death] env=7 in=go_home taskphase=0 cup_tilt=0deg cup_z=815mm home_err=1.33rad
[e33rec] step=175800 saved=139 phases={'policy': 15, 'ascend': 1} funnel={'takeover': 267, 'released': 192, 'setdown': 186, 'cycle': 140, 'reset_mid_script': 266}
[e33rec] step=176100 saved=139 phases={'policy': 15, 'ascend': 1} funnel={'takeover': 267, 'released': 192, 'setdown': 186, 'cycle': 140, 'reset_mid_script': 266}
[death] env=2 in=ascend taskphase=0 cup_tilt=0deg cup_z=810mm home_err=1.28rad
[e33rec] step=176400 saved=139 phases={'policy': 14, 'ascend': 2} funnel={'takeover': 269, 'released': 194, 'setdown': 187, 'cycle': 140, 'reset_mid_script': 267}
[e33rec] episode 140/320 saved (len=304, env=2)
[e33rec] step=176700 saved=140 phases={'policy': 14, 'ascend': 1, 'go_home': 1} funnel={'takeover': 269, 'released': 194, 'setdown': 188, 'cycle': 141, 'reset_mid_script': 267}
[e33rec] step=177000 saved=140 phases={'policy': 14, 'ascend': 1, 'go_home': 1} funnel={'takeover': 269, 'released': 194, 'setdown': 188, 'cycle': 141, 'reset_mid_script': 267}
[death] env=10 in=ascend taskphase=0 cup_tilt=0deg cup_z=815mm home_err=1.49rad
[e33rec] step=177300 saved=140 phases={'policy': 13, 'place_descend': 1, 'release': 1, 'go_home': 1} funnel={'takeover': 271, 'released': 194, 'setdown': 188, 'cycle': 141, 'reset_mid_script': 268}
[death] env=6 in=go_home taskphase=0 cup_tilt=0deg cup_z=810mm home_err=1.32rad
[e33rec] step=177600 saved=140 phases={'policy': 14, 'ascend': 1, 'go_home': 1} funnel={'takeover': 271, 'released': 196, 'setdown': 188, 'cycle': 141, 'reset_mid_script': 269}
[e33rec] step=177900 saved=140 phases={'policy': 14, 'ascend': 1, 'go_home': 1} funnel={'takeover': 271, 'released': 196, 'setdown': 188, 'cycle': 141, 'reset_mid_script': 269}
[e33rec] step=178200 saved=140 phases={'policy': 14, 'ascend': 1, 'go_home': 1} funnel={'takeover': 271, 'released': 196, 'setdown': 188, 'cycle': 141, 'reset_mid_script': 269}
[death] env=4 in=go_home taskphase=0 cup_tilt=0deg cup_z=810mm home_err=2.79rad
[death] env=7 in=ascend taskphase=0 cup_tilt=0deg cup_z=815mm home_err=1.80rad
[e33rec] step=178500 saved=140 phases={'policy': 16} funnel={'takeover': 271, 'released': 196, 'setdown': 188, 'cycle': 141, 'reset_mid_script': 271}
[e33rec] step=178800 saved=140 phases={'policy': 16} funnel={'takeover': 271, 'released': 196, 'setdown': 188, 'cycle': 141, 'reset_mid_script': 271}
[e33rec] step=179100 saved=140 phases={'policy': 16} funnel={'takeover': 271, 'released': 196, 'setdown': 188, 'cycle': 141, 'reset_mid_script': 271}
[e33rec] step=179400 saved=140 phases={'policy': 15, 'ascend': 1} funnel={'takeover': 272, 'released': 197, 'setdown': 188, 'cycle': 141, 'reset_mid_script': 271}
[e33rec] episode 141/320 saved (len=951, env=14)
[e33rec] step=179700 saved=141 phases={'policy': 15, 'go_home': 1} funnel={'takeover': 272, 'released': 197, 'setdown': 189, 'cycle': 142, 'reset_mid_script': 271}
[e33rec] step=180000 saved=141 phases={'policy': 15, 'go_home': 1} funnel={'takeover': 272, 'released': 197, 'setdown': 189, 'cycle': 142, 'reset_mid_script': 271}
[e33rec] step=180300 saved=141 phases={'policy': 14, 'yaw_home': 1, 'go_home': 1} funnel={'takeover': 273, 'released': 198, 'setdown': 189, 'cycle': 142, 'reset_mid_script': 271}
[death] env=13 in=go_home taskphase=0 cup_tilt=0deg cup_z=810mm home_err=1.32rad
[e33rec] step=180600 saved=141 phases={'policy': 15, 'go_home': 1} funnel={'takeover': 273, 'released': 198, 'setdown': 189, 'cycle': 142, 'reset_mid_script': 272}
[e33rec] step=180900 saved=141 phases={'policy': 15, 'go_home': 1} funnel={'takeover': 273, 'released': 198, 'setdown': 189, 'cycle': 142, 'reset_mid_script': 272}
[e33rec] step=181200 saved=141 phases={'policy': 14, 'ascend': 1, 'go_home': 1} funnel={'takeover': 274, 'released': 199, 'setdown': 189, 'cycle': 142, 'reset_mid_script': 272}
[death] env=4 in=go_home taskphase=0 cup_tilt=0deg cup_z=810mm home_err=1.32rad
[death] env=3 in=go_home taskphase=0 cup_tilt=0deg cup_z=810mm home_err=1.33rad
[e33rec] step=181500 saved=141 phases={'policy': 16} funnel={'takeover': 274, 'released': 199, 'setdown': 189, 'cycle': 142, 'reset_mid_script': 274}
[e33rec] episode 142/320 saved (len=278, env=7)
[e33rec] step=181800 saved=142 phases={'policy': 16} funnel={'takeover': 274, 'released': 199, 'setdown': 190, 'cycle': 143, 'reset_mid_script': 274}
[e33rec] step=182100 saved=142 phases={'policy': 16} funnel={'takeover': 274, 'released': 199, 'setdown': 190, 'cycle': 143, 'reset_mid_script': 274}
[e33rec] step=182400 saved=142 phases={'policy': 16} funnel={'takeover': 274, 'released': 199, 'setdown': 190, 'cycle': 143, 'reset_mid_script': 274}
[e33rec] step=182700 saved=142 phases={'policy': 16} funnel={'takeover': 274, 'released': 199, 'setdown': 190, 'cycle': 143, 'reset_mid_script': 274}
[e33rec] step=183000 saved=142 phases={'policy': 16} funnel={'takeover': 274, 'released': 199, 'setdown': 190, 'cycle': 143, 'reset_mid_script': 274}
[e33rec] episode 143/320 saved (len=245, env=10)
[e33rec] step=183300 saved=143 phases={'policy': 14, 'release': 1, 'ascend': 1} funnel={'takeover': 276, 'released': 200, 'setdown': 191, 'cycle': 144, 'reset_mid_script': 274}
[e33rec] step=183600 saved=143 phases={'policy': 12, 'release': 1, 'ascend': 2, 'go_home': 1} funnel={'takeover': 278, 'released': 201, 'setdown': 192, 'cycle': 144, 'reset_mid_script': 274}
[e33rec] step=183900 saved=143 phases={'policy': 12, 'ascend': 3, 'go_home': 1} funnel={'takeover': 278, 'released': 202, 'setdown': 192, 'cycle': 144, 'reset_mid_script': 274}
[e33rec] step=184200 saved=143 phases={'policy': 12, 'ascend': 2, 'go_home': 2} funnel={'takeover': 278, 'released': 202, 'setdown': 192, 'cycle': 144, 'reset_mid_script': 274}
[death] env=10 in=go_home taskphase=0 cup_tilt=0deg cup_z=815mm home_err=1.36rad
[death] env=14 in=go_home taskphase=0 cup_tilt=0deg cup_z=810mm home_err=1.33rad
[death] env=11 in=ascend taskphase=0 cup_tilt=0deg cup_z=815mm home_err=1.64rad
[e33rec] step=184500 saved=143 phases={'policy': 14, 'ascend': 2} funnel={'takeover': 279, 'released': 203, 'setdown': 192, 'cycle': 144, 'reset_mid_script': 277}
[death] env=6 in=ascend taskphase=0 cup_tilt=0deg cup_z=810mm home_err=1.79rad
[e33rec] step=184800 saved=143 phases={'policy': 13, 'ascend': 2, 'go_home': 1} funnel={'takeover': 281, 'released': 205, 'setdown': 192, 'cycle': 144, 'reset_mid_script': 278}
[e33rec] step=185100 saved=143 phases={'policy': 12, 'place_descend': 1, 'ascend': 2, 'go_home': 1} funnel={'takeover': 282, 'released': 205, 'setdown': 193, 'cycle': 144, 'reset_mid_script': 278}
[e33rec] episode 144/320 saved (len=927, env=10)
[e33rec] step=185400 saved=144 phases={'policy': 12, 'ascend': 2, 'go_home': 2} funnel={'takeover': 282, 'released': 206, 'setdown': 194, 'cycle': 145, 'reset_mid_script': 278}
[death] env=1 in=ascend taskphase=0 cup_tilt=0deg cup_z=810mm home_err=2.07rad
[e33rec] step=185700 saved=144 phases={'policy': 13, 'ascend': 1, 'go_home': 2} funnel={'takeover': 282, 'released': 206, 'setdown': 194, 'cycle': 145, 'reset_mid_script': 279}
[death] env=3 in=go_home taskphase=0 cup_tilt=0deg cup_z=810mm home_err=1.33rad
[death] env=11 in=ascend taskphase=0 cup_tilt=0deg cup_z=810mm home_err=2.38rad
[e33rec] step=186000 saved=144 phases={'policy': 14, 'ascend': 1, 'go_home': 1} funnel={'takeover': 283, 'released': 206, 'setdown': 194, 'cycle': 145, 'reset_mid_script': 281}
[e33rec] step=186300 saved=144 phases={'policy': 14, 'ascend': 1, 'go_home': 1} funnel={'takeover': 283, 'released': 206, 'setdown': 194, 'cycle': 145, 'reset_mid_script': 281}
[death] env=2 in=go_home taskphase=0 cup_tilt=0deg cup_z=815mm home_err=2.79rad
[e33rec] step=186600 saved=144 phases={'policy': 14, 'ascend': 1, 'go_home': 1} funnel={'takeover': 284, 'released': 207, 'setdown': 194, 'cycle': 145, 'reset_mid_script': 282}
[e33rec] step=186900 saved=144 phases={'policy': 14, 'ascend': 1, 'go_home': 1} funnel={'takeover': 284, 'released': 207, 'setdown': 194, 'cycle': 145, 'reset_mid_script': 282}
[death] env=1 in=go_home taskphase=0 cup_tilt=0deg cup_z=813mm home_err=1.38rad
[e33rec] step=187200 saved=144 phases={'policy': 14, 'ascend': 2} funnel={'takeover': 285, 'released': 208, 'setdown': 195, 'cycle': 145, 'reset_mid_script': 283}
[death] env=3 in=ascend taskphase=0 cup_tilt=0deg cup_z=815mm home_err=1.33rad
[e33rec] step=187500 saved=144 phases={'policy': 15, 'ascend': 1} funnel={'takeover': 285, 'released': 208, 'setdown': 195, 'cycle': 145, 'reset_mid_script': 284}
[death] env=6 in=ascend taskphase=0 cup_tilt=0deg cup_z=815mm home_err=1.48rad
[e33rec] episode 145/320 saved (len=526, env=7)
[e33rec] step=187800 saved=145 phases={'policy': 15, 'ascend': 1} funnel={'takeover': 286, 'released': 209, 'setdown': 196, 'cycle': 146, 'reset_mid_script': 285}
[e33rec] step=188100 saved=145 phases={'policy': 15, 'ascend': 1} funnel={'takeover': 286, 'released': 209, 'setdown': 196, 'cycle': 146, 'reset_mid_script': 285}
[e33rec] step=188400 saved=145 phases={'policy': 15, 'ascend': 1} funnel={'takeover': 286, 'released': 209, 'setdown': 196, 'cycle': 146, 'reset_mid_script': 285}
[death] env=11 in=ascend taskphase=0 cup_tilt=0deg cup_z=810mm home_err=1.42rad
[e33rec] step=188700 saved=145 phases={'policy': 16} funnel={'takeover': 286, 'released': 209, 'setdown': 196, 'cycle': 146, 'reset_mid_script': 286}
[e33rec] step=189000 saved=145 phases={'policy': 14, 'ascend': 2} funnel={'takeover': 288, 'released': 209, 'setdown': 196, 'cycle': 146, 'reset_mid_script': 286}
[e33rec] step=189300 saved=145 phases={'policy': 14, 'ascend': 2} funnel={'takeover': 288, 'released': 209, 'setdown': 196, 'cycle': 146, 'reset_mid_script': 286}
[e33rec] step=189600 saved=145 phases={'policy': 14, 'ascend': 2} funnel={'takeover': 288, 'released': 209, 'setdown': 196, 'cycle': 146, 'reset_mid_script': 286}
[e33rec] step=189900 saved=145 phases={'policy': 14, 'ascend': 2} funnel={'takeover': 288, 'released': 209, 'setdown': 196, 'cycle': 146, 'reset_mid_script': 286}
[death] env=10 in=ascend taskphase=0 cup_tilt=0deg cup_z=815mm home_err=1.33rad
[death] env=14 in=ascend taskphase=0 cup_tilt=0deg cup_z=810mm home_err=1.22rad
[e33rec] step=190200 saved=145 phases={'policy': 16} funnel={'takeover': 288, 'released': 209, 'setdown': 196, 'cycle': 146, 'reset_mid_script': 288}
[e33rec] step=190500 saved=145 phases={'policy': 15, 'go_home': 1} funnel={'takeover': 289, 'released': 210, 'setdown': 197, 'cycle': 146, 'reset_mid_script': 288}
[e33rec] step=190800 saved=145 phases={'policy': 15, 'go_home': 1} funnel={'takeover': 289, 'released': 210, 'setdown': 197, 'cycle': 146, 'reset_mid_script': 288}
[e33rec] step=191100 saved=145 phases={'policy': 15, 'go_home': 1} funnel={'takeover': 289, 'released': 210, 'setdown': 197, 'cycle': 146, 'reset_mid_script': 288}
[e33rec] step=191400 saved=145 phases={'policy': 14, 'ascend': 1, 'go_home': 1} funnel={'takeover': 290, 'released': 211, 'setdown': 197, 'cycle': 146, 'reset_mid_script': 288}
[death] env=7 in=go_home taskphase=0 cup_tilt=0deg cup_z=815mm home_err=2.79rad
[e33rec] step=191700 saved=145 phases={'policy': 15, 'ascend': 1} funnel={'takeover': 290, 'released': 211, 'setdown': 197, 'cycle': 146, 'reset_mid_script': 289}
[e33rec] episode 146/320 saved (len=316, env=10)
[e33rec] step=192000 saved=146 phases={'policy': 13, 'ascend': 2, 'go_home': 1} funnel={'takeover': 292, 'released': 213, 'setdown': 198, 'cycle': 147, 'reset_mid_script': 289}
[e33rec] episode 147/320 saved (len=854, env=1)
[e33rec] step=192300 saved=147 phases={'policy': 12, 'release': 1, 'go_home': 3} funnel={'takeover': 293, 'released': 213, 'setdown': 199, 'cycle': 148, 'reset_mid_script': 289}
[death] env=15 in=go_home taskphase=0 cup_tilt=0deg cup_z=810mm home_err=1.32rad
[e33rec] step=192600 saved=147 phases={'policy': 13, 'ascend': 1, 'go_home': 2} funnel={'takeover': 293, 'released': 214, 'setdown': 199, 'cycle': 148, 'reset_mid_script': 290}
[death] env=1 in=go_home taskphase=0 cup_tilt=0deg cup_z=810mm home_err=2.67rad
[e33rec] step=192900 saved=147 phases={'policy': 13, 'ascend': 1, 'go_home': 2} funnel={'takeover': 294, 'released': 215, 'setdown': 199, 'cycle': 148, 'reset_mid_script': 291}
[death] env=3 in=go_home taskphase=0 cup_tilt=0deg cup_z=810mm home_err=1.37rad
[death] env=11 in=go_home taskphase=0 cup_tilt=0deg cup_z=815mm home_err=1.33rad
[e33rec] step=193200 saved=147 phases={'policy': 13, 'release': 2, 'ascend': 1} funnel={'takeover': 296, 'released': 215, 'setdown': 199, 'cycle': 148, 'reset_mid_script': 293}
[e33rec] episode 148/320 saved (len=346, env=10)
[death] env=13 in=ascend taskphase=0 cup_tilt=0deg cup_z=815mm home_err=1.29rad
[e33rec] step=193500 saved=148 phases={'policy': 12, 'ascend': 2, 'go_home': 2} funnel={'takeover': 298, 'released': 218, 'setdown': 201, 'cycle': 149, 'reset_mid_script': 294}
[death] env=2 in=ascend taskphase=0 cup_tilt=0deg cup_z=810mm home_err=1.73rad
[e33rec] step=193800 saved=148 phases={'policy': 12, 'ascend': 1, 'go_home': 3} funnel={'takeover': 299, 'released': 219, 'setdown': 201, 'cycle': 149, 'reset_mid_script': 295}
[e33rec] step=194100 saved=148 phases={'policy': 12, 'go_home': 4} funnel={'takeover': 299, 'released': 219, 'setdown': 201, 'cycle': 149, 'reset_mid_script': 295}
[death] env=14 in=go_home taskphase=0 cup_tilt=0deg cup_z=810mm home_err=2.79rad
[death] env=8 in=go_home taskphase=0 cup_tilt=0deg cup_z=810mm home_err=2.79rad
[e33rec] step=194400 saved=148 phases={'policy': 14, 'go_home': 2} funnel={'takeover': 299, 'released': 219, 'setdown': 201, 'cycle': 149, 'reset_mid_script': 297}
[death] env=3 in=go_home taskphase=0 cup_tilt=0deg cup_z=815mm home_err=1.36rad
[e33rec] step=194700 saved=148 phases={'policy': 13, 'release': 1, 'ascend': 1, 'go_home': 1} funnel={'takeover': 301, 'released': 220, 'setdown': 201, 'cycle': 149, 'reset_mid_script': 298}
[death] env=6 in=go_home taskphase=0 cup_tilt=0deg cup_z=810mm home_err=2.79rad
[e33rec] step=195000 saved=148 phases={'policy': 14, 'ascend': 1, 'go_home': 1} funnel={'takeover': 301, 'released': 221, 'setdown': 201, 'cycle': 149, 'reset_mid_script': 299}
[e33rec] step=195300 saved=148 phases={'policy': 14, 'ascend': 1, 'go_home': 1} funnel={'takeover': 301, 'released': 221, 'setdown': 201, 'cycle': 149, 'reset_mid_script': 299}
[e33rec] step=195600 saved=148 phases={'policy': 13, 'ascend': 2, 'go_home': 1} funnel={'takeover': 302, 'released': 222, 'setdown': 201, 'cycle': 149, 'reset_mid_script': 299}
[death] env=3 in=go_home taskphase=0 cup_tilt=0deg cup_z=810mm home_err=1.33rad
[death] env=11 in=ascend taskphase=0 cup_tilt=0deg cup_z=810mm home_err=1.37rad
[e33rec] step=195900 saved=148 phases={'policy': 15, 'ascend': 1} funnel={'takeover': 302, 'released': 222, 'setdown': 201, 'cycle': 149, 'reset_mid_script': 301}
[e33rec] episode 149/320 saved (len=238, env=7)
[e33rec] step=196200 saved=149 phases={'policy': 13, 'ascend': 3} funnel={'takeover': 304, 'released': 224, 'setdown': 202, 'cycle': 150, 'reset_mid_script': 301}
[e33rec] step=196500 saved=149 phases={'policy': 13, 'ascend': 1, 'go_home': 2} funnel={'takeover': 304, 'released': 224, 'setdown': 202, 'cycle': 150, 'reset_mid_script': 301}
[death] env=15 in=ascend taskphase=0 cup_tilt=0deg cup_z=810mm home_err=1.85rad
[e33rec] episode 150/320 saved (len=383, env=2)
[e33rec] step=196800 saved=150 phases={'policy': 14, 'go_home': 2} funnel={'takeover': 304, 'released': 224, 'setdown': 203, 'cycle': 151, 'reset_mid_script': 302}
[e33rec] step=197100 saved=150 phases={'policy': 14, 'go_home': 2} funnel={'takeover': 304, 'released': 224, 'setdown': 203, 'cycle': 151, 'reset_mid_script': 302}
[death] env=14 in=go_home taskphase=0 cup_tilt=0deg cup_z=810mm home_err=1.33rad
[death] env=8 in=go_home taskphase=0 cup_tilt=0deg cup_z=810mm home_err=2.79rad
[e33rec] step=197400 saved=150 phases={'policy': 14, 'place_descend': 2} funnel={'takeover': 306, 'released': 224, 'setdown': 203, 'cycle': 151, 'reset_mid_script': 304}
[e33rec] step=197700 saved=150 phases={'policy': 13, 'ascend': 2, 'go_home': 1} funnel={'takeover': 307, 'released': 226, 'setdown': 203, 'cycle': 151, 'reset_mid_script': 304}
[e33rec] step=198000 saved=150 phases={'policy': 13, 'ascend': 2, 'go_home': 1} funnel={'takeover': 307, 'released': 226, 'setdown': 203, 'cycle': 151, 'reset_mid_script': 304}
[e33rec] step=198300 saved=150 phases={'policy': 13, 'ascend': 2, 'go_home': 1} funnel={'takeover': 307, 'released': 226, 'setdown': 203, 'cycle': 151, 'reset_mid_script': 304}
[e33rec] step=198600 saved=150 phases={'policy': 13, 'ascend': 2, 'go_home': 1} funnel={'takeover': 307, 'released': 226, 'setdown': 203, 'cycle': 151, 'reset_mid_script': 304}
[death] env=4 in=go_home taskphase=0 cup_tilt=0deg cup_z=810mm home_err=1.33rad
[death] env=14 in=ascend taskphase=0 cup_tilt=0deg cup_z=862mm home_err=1.45rad
[death] env=3 in=ascend taskphase=0 cup_tilt=0deg cup_z=810mm home_err=1.61rad
[e33rec] step=198900 saved=150 phases={'policy': 14, 'release': 1, 'ascend': 1} funnel={'takeover': 309, 'released': 227, 'setdown': 203, 'cycle': 151, 'reset_mid_script': 307}
[e33rec] episode 151/320 saved (len=224, env=8)
[e33rec] step=199200 saved=151 phases={'policy': 14, 'ascend': 1, 'go_home': 1} funnel={'takeover': 309, 'released': 227, 'setdown': 204, 'cycle': 152, 'reset_mid_script': 307}
[e33rec] step=199500 saved=151 phases={'policy': 12, 'release': 1, 'ascend': 2, 'go_home': 1} funnel={'takeover': 311, 'released': 228, 'setdown': 204, 'cycle': 152, 'reset_mid_script': 307}
[e33rec] step=199800 saved=151 phases={'policy': 12, 'ascend': 3, 'go_home': 1} funnel={'takeover': 311, 'released': 229, 'setdown': 204, 'cycle': 152, 'reset_mid_script': 307}
[death] env=4 in=ascend taskphase=0 cup_tilt=0deg cup_z=810mm home_err=1.26rad
[death] env=10 in=go_home taskphase=0 cup_tilt=0deg cup_z=810mm home_err=2.79rad
[e33rec] step=200100 saved=151 phases={'policy': 14, 'ascend': 1, 'go_home': 1} funnel={'takeover': 311, 'released': 229, 'setdown': 204, 'cycle': 152, 'reset_mid_script': 309}
[death] env=11 in=go_home taskphase=0 cup_tilt=0deg cup_z=815mm home_err=1.33rad
[e33rec] step=200400 saved=151 phases={'policy': 14, 'place_descend': 1, 'ascend': 1} funnel={'takeover': 312, 'released': 229, 'setdown': 204, 'cycle': 152, 'reset_mid_script': 310}
[e33rec] step=200700 saved=151 phases={'policy': 14, 'ascend': 2} funnel={'takeover': 312, 'released': 230, 'setdown': 204, 'cycle': 152, 'reset_mid_script': 310}
[death] env=2 in=ascend taskphase=0 cup_tilt=0deg cup_z=810mm home_err=1.69rad
[e33rec] step=201000 saved=151 phases={'policy': 15, 'ascend': 1} funnel={'takeover': 312, 'released': 230, 'setdown': 204, 'cycle': 152, 'reset_mid_script': 311}
[e33rec] step=201300 saved=151 phases={'policy': 15, 'ascend': 1} funnel={'takeover': 312, 'released': 230, 'setdown': 204, 'cycle': 152, 'reset_mid_script': 311}
[death] env=7 in=ascend taskphase=0 cup_tilt=0deg cup_z=815mm home_err=1.22rad
[e33rec] step=201600 saved=151 phases={'policy': 16} funnel={'takeover': 312, 'released': 230, 'setdown': 204, 'cycle': 152, 'reset_mid_script': 312}
[e33rec] step=201900 saved=151 phases={'policy': 14, 'release': 1, 'ascend': 1} funnel={'takeover': 314, 'released': 230, 'setdown': 204, 'cycle': 152, 'reset_mid_script': 312}
[e33rec] step=202200 saved=151 phases={'policy': 14, 'ascend': 2} funnel={'takeover': 314, 'released': 230, 'setdown': 204, 'cycle': 152, 'reset_mid_script': 312}
[e33rec] episode 152/320 saved (len=234, env=13)
[e33rec] step=202500 saved=152 phases={'policy': 14, 'ascend': 2} funnel={'takeover': 314, 'released': 230, 'setdown': 205, 'cycle': 153, 'reset_mid_script': 312}
[e33rec] step=202800 saved=152 phases={'policy': 13, 'ascend': 2, 'go_home': 1} funnel={'takeover': 315, 'released': 231, 'setdown': 206, 'cycle': 153, 'reset_mid_script': 312}
[death] env=4 in=ascend taskphase=0 cup_tilt=0deg cup_z=815mm home_err=1.24rad
[death] env=8 in=ascend taskphase=0 cup_tilt=0deg cup_z=815mm home_err=1.26rad
[e33rec] step=203100 saved=152 phases={'policy': 15, 'go_home': 1} funnel={'takeover': 315, 'released': 231, 'setdown': 206, 'cycle': 153, 'reset_mid_script': 314}
[e33rec] episode 153/320 saved (len=279, env=4)
[e33rec] step=203400 saved=153 phases={'policy': 13, 'ascend': 2, 'go_home': 1} funnel={'takeover': 317, 'released': 233, 'setdown': 207, 'cycle': 154, 'reset_mid_script': 314}
[death] env=2 in=go_home taskphase=0 cup_tilt=0deg cup_z=815mm home_err=1.33rad
[e33rec] episode 154/320 saved (len=642, env=7)
[e33rec] step=203700 saved=154 phases={'policy': 14, 'ascend': 1, 'go_home': 1} funnel={'takeover': 317, 'released': 233, 'setdown': 208, 'cycle': 155, 'reset_mid_script': 315}
[e33rec] episode 155/320 saved (len=784, env=14)
[e33rec] episode 156/320 saved (len=1263, env=15)
[e33rec] step=204000 saved=156 phases={'policy': 14, 'ascend': 1, 'go_home': 1} funnel={'takeover': 317, 'released': 233, 'setdown': 210, 'cycle': 157, 'reset_mid_script': 315}
[e33rec] step=204300 saved=156 phases={'policy': 14, 'ascend': 1, 'go_home': 1} funnel={'takeover': 317, 'released': 233, 'setdown': 210, 'cycle': 157, 'reset_mid_script': 315}
[death] env=8 in=ascend taskphase=0 cup_tilt=0deg cup_z=810mm home_err=1.36rad
[death] env=3 in=go_home taskphase=0 cup_tilt=0deg cup_z=815mm home_err=1.33rad
[e33rec] step=204600 saved=156 phases={'policy': 16} funnel={'takeover': 317, 'released': 233, 'setdown': 210, 'cycle': 157, 'reset_mid_script': 317}
[e33rec] step=204900 saved=156 phases={'policy': 14, 'ascend': 1, 'go_home': 1} funnel={'takeover': 319, 'released': 234, 'setdown': 210, 'cycle': 157, 'reset_mid_script': 317}
[e33rec] step=205200 saved=156 phases={'policy': 14, 'ascend': 1, 'go_home': 1} funnel={'takeover': 319, 'released': 234, 'setdown': 210, 'cycle': 157, 'reset_mid_script': 317}
[e33rec] episode 157/320 saved (len=326, env=2)
[e33rec] step=205500 saved=157 phases={'policy': 14, 'ascend': 1, 'go_home': 1} funnel={'takeover': 319, 'released': 234, 'setdown': 211, 'cycle': 158, 'reset_mid_script': 317}
[e33rec] step=205800 saved=157 phases={'policy': 14, 'ascend': 1, 'go_home': 1} funnel={'takeover': 319, 'released': 234, 'setdown': 211, 'cycle': 158, 'reset_mid_script': 317}
[death] env=8 in=go_home taskphase=0 cup_tilt=0deg cup_z=810mm home_err=2.79rad
[death] env=11 in=ascend taskphase=0 cup_tilt=0deg cup_z=815mm home_err=1.16rad
[e33rec] step=206100 saved=157 phases={'policy': 15, 'release': 1} funnel={'takeover': 320, 'released': 234, 'setdown': 211, 'cycle': 158, 'reset_mid_script': 319}
[e33rec] episode 158/320 saved (len=228, env=3)
[e33rec] step=206400 saved=158 phases={'policy': 15, 'ascend': 1} funnel={'takeover': 320, 'released': 234, 'setdown': 212, 'cycle': 159, 'reset_mid_script': 319}
[e33rec] step=206700 saved=158 phases={'policy': 14, 'release': 1, 'ascend': 1} funnel={'takeover': 321, 'released': 234, 'setdown': 212, 'cycle': 159, 'reset_mid_script': 319}
[e33rec] step=207000 saved=158 phases={'policy': 14, 'ascend': 2} funnel={'takeover': 321, 'released': 234, 'setdown': 212, 'cycle': 159, 'reset_mid_script': 319}
[death] env=10 in=ascend taskphase=0 cup_tilt=0deg cup_z=810mm home_err=1.18rad
[e33rec] step=207300 saved=158 phases={'policy': 15, 'ascend': 1} funnel={'takeover': 321, 'released': 234, 'setdown': 212, 'cycle': 159, 'reset_mid_script': 320}
[e33rec] episode 159/320 saved (len=221, env=3)
[e33rec] step=207600 saved=159 phases={'policy': 13, 'release': 1, 'ascend': 2} funnel={'takeover': 323, 'released': 235, 'setdown': 213, 'cycle': 160, 'reset_mid_script': 320}
[e33rec] step=207900 saved=159 phases={'policy': 12, 'ascend': 2, 'go_home': 2} funnel={'takeover': 324, 'released': 236, 'setdown': 213, 'cycle': 160, 'reset_mid_script': 320}
[death] env=2 in=ascend taskphase=0 cup_tilt=0deg cup_z=815mm home_err=1.57rad
[e33rec] step=208200 saved=159 phases={'policy': 13, 'ascend': 1, 'go_home': 2} funnel={'takeover': 324, 'released': 236, 'setdown': 213, 'cycle': 160, 'reset_mid_script': 321}
[e33rec] step=208500 saved=159 phases={'policy': 13, 'ascend': 1, 'go_home': 2} funnel={'takeover': 324, 'released': 236, 'setdown': 213, 'cycle': 160, 'reset_mid_script': 321}
[death] env=4 in=ascend taskphase=0 cup_tilt=0deg cup_z=810mm home_err=2.22rad
[death] env=10 in=go_home taskphase=0 cup_tilt=0deg cup_z=810mm home_err=1.33rad
[death] env=14 in=go_home taskphase=0 cup_tilt=0deg cup_z=810mm home_err=2.79rad
[e33rec] step=208800 saved=159 phases={'policy': 16} funnel={'takeover': 324, 'released': 236, 'setdown': 213, 'cycle': 160, 'reset_mid_script': 324}
[e33rec] episode 160/320 saved (len=272, env=14)
[e33rec] step=209100 saved=160 phases={'policy': 16} funnel={'takeover': 324, 'released': 236, 'setdown': 214, 'cycle': 161, 'reset_mid_script': 324}
[e33rec] step=209400 saved=160 phases={'policy': 16} funnel={'takeover': 324, 'released': 236, 'setdown': 214, 'cycle': 161, 'reset_mid_script': 324}
[e33rec] step=209700 saved=160 phases={'policy': 16} funnel={'takeover': 324, 'released': 236, 'setdown': 214, 'cycle': 161, 'reset_mid_script': 324}
[e33rec] step=210000 saved=160 phases={'policy': 16} funnel={'takeover': 324, 'released': 236, 'setdown': 214, 'cycle': 161, 'reset_mid_script': 324}
[e33rec] step=210300 saved=160 phases={'policy': 16} funnel={'takeover': 324, 'released': 236, 'setdown': 214, 'cycle': 161, 'reset_mid_script': 324}
[e33rec] episode 161/320 saved (len=226, env=8)
[e33rec] episode 162/320 saved (len=341, env=3)
[e33rec] step=210600 saved=162 phases={'policy': 14, 'ascend': 2} funnel={'takeover': 326, 'released': 237, 'setdown': 216, 'cycle': 163, 'reset_mid_script': 324}
[e33rec] step=210900 saved=162 phases={'policy': 13, 'ascend': 3} funnel={'takeover': 327, 'released': 238, 'setdown': 216, 'cycle': 163, 'reset_mid_script': 324}
[e33rec] step=211200 saved=162 phases={'policy': 13, 'ascend': 1, 'go_home': 2} funnel={'takeover': 327, 'released': 238, 'setdown': 216, 'cycle': 163, 'reset_mid_script': 324}
[e33rec] step=211500 saved=162 phases={'policy': 12, 'ascend': 2, 'go_home': 2} funnel={'takeover': 328, 'released': 239, 'setdown': 216, 'cycle': 163, 'reset_mid_script': 324}
[death] env=4 in=go_home taskphase=0 cup_tilt=0deg cup_z=815mm home_err=1.32rad
[death] env=14 in=ascend taskphase=0 cup_tilt=0deg cup_z=815mm home_err=1.59rad
[death] env=8 in=go_home taskphase=0 cup_tilt=0deg cup_z=810mm home_err=2.79rad
[e33rec] step=211800 saved=162 phases={'policy': 15, 'ascend': 1} funnel={'takeover': 328, 'released': 239, 'setdown': 216, 'cycle': 163, 'reset_mid_script': 327}
[e33rec] step=212100 saved=162 phases={'policy': 15, 'ascend': 1} funnel={'takeover': 328, 'released': 239, 'setdown': 216, 'cycle': 163, 'reset_mid_script': 327}
[death] env=13 in=ascend taskphase=0 cup_tilt=0deg cup_z=815mm home_err=3.13rad
[e33rec] step=212400 saved=162 phases={'policy': 16} funnel={'takeover': 328, 'released': 239, 'setdown': 216, 'cycle': 163, 'reset_mid_script': 328}
[e33rec] step=212700 saved=162 phases={'policy': 15, 'yaw_home': 1} funnel={'takeover': 329, 'released': 240, 'setdown': 217, 'cycle': 163, 'reset_mid_script': 328}
[e33rec] episode 163/320 saved (len=229, env=15)
[e33rec] step=213000 saved=163 phases={'policy': 15, 'go_home': 1} funnel={'takeover': 329, 'released': 240, 'setdown': 218, 'cycle': 164, 'reset_mid_script': 328}
[death] env=8 in=go_home taskphase=0 cup_tilt=0deg cup_z=815mm home_err=1.33rad
[e33rec] episode 164/320 saved (len=238, env=7)
[e33rec] step=213300 saved=164 phases={'policy': 15, 'release': 1} funnel={'takeover': 330, 'released': 240, 'setdown': 219, 'cycle': 165, 'reset_mid_script': 329}
[e33rec] step=213600 saved=164 phases={'policy': 15, 'ascend': 1} funnel={'takeover': 330, 'released': 240, 'setdown': 219, 'cycle': 165, 'reset_mid_script': 329}
[e33rec] step=213900 saved=164 phases={'policy': 15, 'ascend': 1} funnel={'takeover': 330, 'released': 240, 'setdown': 219, 'cycle': 165, 'reset_mid_script': 329}
[e33rec] step=214200 saved=164 phases={'policy': 15, 'ascend': 1} funnel={'takeover': 330, 'released': 240, 'setdown': 219, 'cycle': 165, 'reset_mid_script': 329}
[death] env=10 in=ascend taskphase=0 cup_tilt=0deg cup_z=815mm home_err=1.34rad
[e33rec] step=214500 saved=164 phases={'policy': 16} funnel={'takeover': 330, 'released': 240, 'setdown': 219, 'cycle': 165, 'reset_mid_script': 330}
[e33rec] step=214800 saved=164 phases={'policy': 15, 'ascend': 1} funnel={'takeover': 331, 'released': 241, 'setdown': 219, 'cycle': 165, 'reset_mid_script': 330}
[e33rec] step=215100 saved=164 phases={'policy': 15, 'go_home': 1} funnel={'takeover': 331, 'released': 241, 'setdown': 219, 'cycle': 165, 'reset_mid_script': 330}
[e33rec] step=215400 saved=164 phases={'policy': 15, 'go_home': 1} funnel={'takeover': 331, 'released': 241, 'setdown': 219, 'cycle': 165, 'reset_mid_script': 330}
[e33rec] step=215700 saved=164 phases={'policy': 15, 'go_home': 1} funnel={'takeover': 331, 'released': 241, 'setdown': 219, 'cycle': 165, 'reset_mid_script': 330}
[death] env=7 in=go_home taskphase=0 cup_tilt=0deg cup_z=810mm home_err=1.33rad
[e33rec] step=216000 saved=164 phases={'policy': 15, 'ascend': 1} funnel={'takeover': 332, 'released': 242, 'setdown': 220, 'cycle': 165, 'reset_mid_script': 331}
[e33rec] step=216300 saved=164 phases={'policy': 14, 'yaw_home': 1, 'go_home': 1} funnel={'takeover': 333, 'released': 243, 'setdown': 220, 'cycle': 165, 'reset_mid_script': 331}
[death] env=13 in=ascend taskphase=0 cup_tilt=0deg cup_z=815mm home_err=1.60rad
[e33rec] step=216600 saved=164 phases={'policy': 14, 'go_home': 2} funnel={'takeover': 334, 'released': 244, 'setdown': 220, 'cycle': 165, 'reset_mid_script': 332}
[e33rec] step=216900 saved=164 phases={'policy': 13, 'ascend': 1, 'go_home': 2} funnel={'takeover': 335, 'released': 244, 'setdown': 220, 'cycle': 165, 'reset_mid_script': 332}
[death] env=15 in=go_home taskphase=0 cup_tilt=0deg cup_z=815mm home_err=1.33rad
[e33rec] step=217200 saved=164 phases={'policy': 13, 'release': 1, 'ascend': 1, 'go_home': 1} funnel={'takeover': 336, 'released': 244, 'setdown': 220, 'cycle': 165, 'reset_mid_script': 333}
[death] env=7 in=go_home taskphase=0 cup_tilt=0deg cup_z=810mm home_err=1.40rad
[e33rec] episode 165/320 saved (len=1396, env=8)
[e33rec] step=217500 saved=165 phases={'policy': 14, 'ascend': 2} funnel={'takeover': 336, 'released': 245, 'setdown': 221, 'cycle': 166, 'reset_mid_script': 334}
[e33rec] step=217800 saved=165 phases={'policy': 14, 'ascend': 2} funnel={'takeover': 336, 'released': 245, 'setdown': 221, 'cycle': 166, 'reset_mid_script': 334}
[e33rec] episode 166/320 saved (len=452, env=3)
[death] env=13 in=ascend taskphase=0 cup_tilt=0deg cup_z=815mm home_err=1.24rad
[e33rec] step=218100 saved=166 phases={'policy': 15, 'ascend': 1} funnel={'takeover': 336, 'released': 245, 'setdown': 222, 'cycle': 167, 'reset_mid_script': 335}
[death] env=15 in=ascend taskphase=0 cup_tilt=0deg cup_z=815mm home_err=1.38rad
[e33rec] step=218400 saved=166 phases={'policy': 16} funnel={'takeover': 336, 'released': 245, 'setdown': 222, 'cycle': 167, 'reset_mid_script': 336}
[e33rec] step=218700 saved=166 phases={'policy': 16} funnel={'takeover': 336, 'released': 245, 'setdown': 222, 'cycle': 167, 'reset_mid_script': 336}
[e33rec] step=219000 saved=166 phases={'policy': 16} funnel={'takeover': 336, 'released': 245, 'setdown': 222, 'cycle': 167, 'reset_mid_script': 336}
[e33rec] step=219300 saved=166 phases={'policy': 14, 'ascend': 2} funnel={'takeover': 338, 'released': 247, 'setdown': 222, 'cycle': 167, 'reset_mid_script': 336}
[e33rec] episode 167/320 saved (len=661, env=11)
[e33rec] step=219600 saved=167 phases={'policy': 14, 'ascend': 1, 'go_home': 1} funnel={'takeover': 338, 'released': 247, 'setdown': 223, 'cycle': 168, 'reset_mid_script': 336}
[e33rec] step=219900 saved=167 phases={'policy': 14, 'ascend': 1, 'go_home': 1} funnel={'takeover': 338, 'released': 247, 'setdown': 223, 'cycle': 168, 'reset_mid_script': 336}
[e33rec] step=220200 saved=167 phases={'policy': 13, 'place_descend': 1, 'ascend': 1, 'go_home': 1} funnel={'takeover': 339, 'released': 247, 'setdown': 224, 'cycle': 168, 'reset_mid_script': 336}
[death] env=7 in=go_home taskphase=0 cup_tilt=0deg cup_z=815mm home_err=1.33rad
[death] env=8 in=ascend taskphase=0 cup_tilt=0deg cup_z=815mm home_err=1.65rad
[e33rec] step=220500 saved=167 phases={'policy': 14, 'ascend': 1, 'go_home': 1} funnel={'takeover': 340, 'released': 249, 'setdown': 224, 'cycle': 168, 'reset_mid_script': 338}
[e33rec] step=220800 saved=167 phases={'policy': 14, 'go_home': 2} funnel={'takeover': 340, 'released': 249, 'setdown': 224, 'cycle': 168, 'reset_mid_script': 338}
[e33rec] step=221100 saved=167 phases={'policy': 14, 'go_home': 2} funnel={'takeover': 340, 'released': 249, 'setdown': 224, 'cycle': 168, 'reset_mid_script': 338}
[death] env=15 in=go_home taskphase=0 cup_tilt=0deg cup_z=815mm home_err=1.33rad
[e33rec] step=221400 saved=167 phases={'policy': 15, 'go_home': 1} funnel={'takeover': 340, 'released': 249, 'setdown': 224, 'cycle': 168, 'reset_mid_script': 339}
[death] env=7 in=go_home taskphase=0 cup_tilt=0deg cup_z=815mm home_err=1.33rad
[e33rec] step=221700 saved=167 phases={'policy': 16} funnel={'takeover': 340, 'released': 249, 'setdown': 224, 'cycle': 168, 'reset_mid_script': 340}
[e33rec] step=222000 saved=167 phases={'policy': 16} funnel={'takeover': 340, 'released': 249, 'setdown': 224, 'cycle': 168, 'reset_mid_script': 340}
[e33rec] step=222300 saved=167 phases={'policy': 14, 'release': 1, 'ascend': 1} funnel={'takeover': 342, 'released': 250, 'setdown': 225, 'cycle': 168, 'reset_mid_script': 340}
[e33rec] step=222600 saved=167 phases={'policy': 14, 'ascend': 1, 'go_home': 1} funnel={'takeover': 342, 'released': 251, 'setdown': 225, 'cycle': 168, 'reset_mid_script': 340}
[e33rec] step=222900 saved=167 phases={'policy': 14, 'ascend': 1, 'go_home': 1} funnel={'takeover': 342, 'released': 251, 'setdown': 225, 'cycle': 168, 'reset_mid_script': 340}
[death] env=7 in=go_home taskphase=0 cup_tilt=0deg cup_z=815mm home_err=1.33rad
[death] env=8 in=ascend taskphase=0 cup_tilt=0deg cup_z=815mm home_err=1.51rad
[e33rec] step=223200 saved=167 phases={'policy': 16} funnel={'takeover': 342, 'released': 251, 'setdown': 225, 'cycle': 168, 'reset_mid_script': 342}
[e33rec] step=223500 saved=167 phases={'policy': 14, 'release': 1, 'ascend': 1} funnel={'takeover': 344, 'released': 252, 'setdown': 226, 'cycle': 168, 'reset_mid_script': 342}
[e33rec] step=223800 saved=167 phases={'policy': 14, 'ascend': 1, 'go_home': 1} funnel={'takeover': 344, 'released': 252, 'setdown': 226, 'cycle': 168, 'reset_mid_script': 342}
[e33rec] step=224100 saved=167 phases={'policy': 13, 'release': 1, 'ascend': 1, 'go_home': 1} funnel={'takeover': 345, 'released': 252, 'setdown': 227, 'cycle': 168, 'reset_mid_script': 342}
[death] env=15 in=ascend taskphase=0 cup_tilt=0deg cup_z=815mm home_err=1.80rad
[e33rec] step=224400 saved=167 phases={'policy': 14, 'ascend': 1, 'go_home': 1} funnel={'takeover': 345, 'released': 253, 'setdown': 227, 'cycle': 168, 'reset_mid_script': 343}
[death] env=7 in=go_home taskphase=0 cup_tilt=0deg cup_z=810mm home_err=2.70rad
[death] env=2 in=ascend taskphase=0 cup_tilt=0deg cup_z=815mm home_err=1.19rad
[e33rec] step=224700 saved=167 phases={'policy': 16} funnel={'takeover': 345, 'released': 253, 'setdown': 227, 'cycle': 168, 'reset_mid_script': 345}
[e33rec] step=225000 saved=167 phases={'policy': 15, 'ascend': 1} funnel={'takeover': 346, 'released': 254, 'setdown': 227, 'cycle': 168, 'reset_mid_script': 345}
[e33rec] step=225300 saved=167 phases={'policy': 15, 'go_home': 1} funnel={'takeover': 346, 'released': 254, 'setdown': 227, 'cycle': 168, 'reset_mid_script': 345}
[e33rec] step=225600 saved=167 phases={'policy': 15, 'go_home': 1} funnel={'takeover': 346, 'released': 254, 'setdown': 227, 'cycle': 168, 'reset_mid_script': 345}
[e33rec] step=225900 saved=167 phases={'policy': 15, 'go_home': 1} funnel={'takeover': 346, 'released': 254, 'setdown': 227, 'cycle': 168, 'reset_mid_script': 345}
[death] env=8 in=go_home taskphase=0 cup_tilt=0deg cup_z=810mm home_err=1.33rad
[e33rec] step=226200 saved=167 phases={'policy': 16} funnel={'takeover': 346, 'released': 254, 'setdown': 227, 'cycle': 168, 'reset_mid_script': 346}
[e33rec] episode 168/320 saved (len=291, env=8)
[e33rec] step=226500 saved=168 phases={'policy': 16} funnel={'takeover': 346, 'released': 254, 'setdown': 228, 'cycle': 169, 'reset_mid_script': 346}
[e33rec] step=226800 saved=168 phases={'policy': 16} funnel={'takeover': 346, 'released': 254, 'setdown': 228, 'cycle': 169, 'reset_mid_script': 346}
[e33rec] step=227100 saved=168 phases={'policy': 16} funnel={'takeover': 346, 'released': 254, 'setdown': 228, 'cycle': 169, 'reset_mid_script': 346}
[e33rec] step=227400 saved=168 phases={'policy': 16} funnel={'takeover': 346, 'released': 254, 'setdown': 228, 'cycle': 169, 'reset_mid_script': 346}
[e33rec] step=227700 saved=168 phases={'policy': 16} funnel={'takeover': 346, 'released': 254, 'setdown': 228, 'cycle': 169, 'reset_mid_script': 346}
[e33rec] episode 169/320 saved (len=319, env=8)
[e33rec] step=228000 saved=169 phases={'policy': 16} funnel={'takeover': 346, 'released': 254, 'setdown': 229, 'cycle': 170, 'reset_mid_script': 346}
[e33rec] step=228300 saved=169 phases={'policy': 16} funnel={'takeover': 346, 'released': 254, 'setdown': 229, 'cycle': 170, 'reset_mid_script': 346}
[e33rec] step=228600 saved=169 phases={'policy': 16} funnel={'takeover': 346, 'released': 254, 'setdown': 229, 'cycle': 170, 'reset_mid_script': 346}
[e33rec] step=228900 saved=169 phases={'policy': 16} funnel={'takeover': 346, 'released': 254, 'setdown': 229, 'cycle': 170, 'reset_mid_script': 346}
[e33rec] step=229200 saved=169 phases={'policy': 15, 'ascend': 1} funnel={'takeover': 347, 'released': 255, 'setdown': 229, 'cycle': 170, 'reset_mid_script': 346}
[e33rec] episode 170/320 saved (len=353, env=8)
[e33rec] step=229500 saved=170 phases={'policy': 15, 'go_home': 1} funnel={'takeover': 347, 'released': 255, 'setdown': 230, 'cycle': 171, 'reset_mid_script': 346}
[e33rec] episode 171/320 saved (len=223, env=2)
[e33rec] step=229800 saved=171 phases={'policy': 15, 'go_home': 1} funnel={'takeover': 347, 'released': 255, 'setdown': 231, 'cycle': 172, 'reset_mid_script': 346}
[e33rec] step=230100 saved=171 phases={'policy': 15, 'go_home': 1} funnel={'takeover': 347, 'released': 255, 'setdown': 231, 'cycle': 172, 'reset_mid_script': 346}
[death] env=14 in=go_home taskphase=0 cup_tilt=0deg cup_z=810mm home_err=1.32rad
[e33rec] step=230400 saved=171 phases={'policy': 16} funnel={'takeover': 347, 'released': 255, 'setdown': 231, 'cycle': 172, 'reset_mid_script': 347}
[e33rec] step=230700 saved=171 phases={'policy': 13, 'ascend': 3} funnel={'takeover': 350, 'released': 257, 'setdown': 231, 'cycle': 172, 'reset_mid_script': 347}
[e33rec] episode 172/320 saved (len=444, env=14)
[e33rec] step=231000 saved=172 phases={'policy': 13, 'ascend': 1, 'go_home': 2} funnel={'takeover': 350, 'released': 257, 'setdown': 232, 'cycle': 173, 'reset_mid_script': 347}
[e33rec] step=231300 saved=172 phases={'policy': 12, 'ascend': 2, 'go_home': 2} funnel={'takeover': 351, 'released': 258, 'setdown': 233, 'cycle': 173, 'reset_mid_script': 347}
[e33rec] step=231600 saved=172 phases={'policy': 12, 'ascend': 2, 'go_home': 2} funnel={'takeover': 351, 'released': 258, 'setdown': 233, 'cycle': 173, 'reset_mid_script': 347}
[death] env=4 in=go_home taskphase=0 cup_tilt=0deg cup_z=815mm home_err=1.34rad
[death] env=7 in=go_home taskphase=0 cup_tilt=0deg cup_z=810mm home_err=2.79rad
[death] env=10 in=ascend taskphase=0 cup_tilt=0deg cup_z=810mm home_err=1.26rad
[death] env=13 in=ascend taskphase=0 cup_tilt=0deg cup_z=815mm home_err=1.80rad
[e33rec] step=231900 saved=172 phases={'policy': 15, 'ascend': 1} funnel={'takeover': 352, 'released': 259, 'setdown': 234, 'cycle': 173, 'reset_mid_script': 351}
[e33rec] step=232200 saved=172 phases={'policy': 13, 'ascend': 1, 'go_home': 2} funnel={'takeover': 354, 'released': 261, 'setdown': 234, 'cycle': 173, 'reset_mid_script': 351}
[death] env=6 in=go_home taskphase=0 cup_tilt=0deg cup_z=815mm home_err=1.34rad
[e33rec] step=232500 saved=172 phases={'policy': 14, 'ascend': 1, 'go_home': 1} funnel={'takeover': 354, 'released': 261, 'setdown': 234, 'cycle': 173, 'reset_mid_script': 352}
[e33rec] step=232800 saved=172 phases={'policy': 13, 'ascend': 1, 'go_home': 2} funnel={'takeover': 355, 'released': 262, 'setdown': 234, 'cycle': 173, 'reset_mid_script': 352}
[e33rec] step=233100 saved=172 phases={'policy': 13, 'ascend': 1, 'go_home': 2} funnel={'takeover': 355, 'released': 262, 'setdown': 234, 'cycle': 173, 'reset_mid_script': 352}
[death] env=10 in=go_home taskphase=0 cup_tilt=0deg cup_z=810mm home_err=1.32rad
[e33rec] episode 173/320 saved (len=952, env=6)
[death] env=11 in=ascend taskphase=0 cup_tilt=0deg cup_z=810mm home_err=1.25rad
[e33rec] step=233400 saved=173 phases={'policy': 15, 'go_home': 1} funnel={'takeover': 355, 'released': 262, 'setdown': 235, 'cycle': 174, 'reset_mid_script': 354}
[death] env=2 in=go_home taskphase=0 cup_tilt=0deg cup_z=810mm home_err=2.79rad
[e33rec] step=233700 saved=173 phases={'policy': 15, 'ascend': 1} funnel={'takeover': 356, 'released': 262, 'setdown': 235, 'cycle': 174, 'reset_mid_script': 355}
[e33rec] episode 174/320 saved (len=215, env=6)
[e33rec] step=234000 saved=174 phases={'policy': 15, 'ascend': 1} funnel={'takeover': 356, 'released': 262, 'setdown': 236, 'cycle': 175, 'reset_mid_script': 355}
[e33rec] step=234300 saved=174 phases={'policy': 15, 'ascend': 1} funnel={'takeover': 356, 'released': 262, 'setdown': 236, 'cycle': 175, 'reset_mid_script': 355}
[e33rec] step=234600 saved=174 phases={'policy': 15, 'ascend': 1} funnel={'takeover': 356, 'released': 262, 'setdown': 236, 'cycle': 175, 'reset_mid_script': 355}
[death] env=10 in=ascend taskphase=0 cup_tilt=0deg cup_z=840mm home_err=1.48rad
[e33rec] step=234900 saved=174 phases={'policy': 15, 'ascend': 1} funnel={'takeover': 357, 'released': 263, 'setdown': 236, 'cycle': 175, 'reset_mid_script': 356}
[e33rec] episode 175/320 saved (len=368, env=4)
[e33rec] step=235200 saved=175 phases={'policy': 14, 'go_home': 2} funnel={'takeover': 358, 'released': 264, 'setdown': 237, 'cycle': 176, 'reset_mid_script': 356}
[e33rec] step=235500 saved=175 phases={'policy': 13, 'ascend': 1, 'go_home': 2} funnel={'takeover': 359, 'released': 264, 'setdown': 237, 'cycle': 176, 'reset_mid_script': 356}
[e33rec] step=235800 saved=175 phases={'policy': 13, 'ascend': 1, 'go_home': 2} funnel={'takeover': 359, 'released': 264, 'setdown': 237, 'cycle': 176, 'reset_mid_script': 356}
[death] env=4 in=ascend taskphase=0 cup_tilt=0deg cup_z=815mm home_err=1.29rad
[death] env=7 in=go_home taskphase=0 cup_tilt=0deg cup_z=810mm home_err=1.32rad
[death] env=14 in=go_home taskphase=0 cup_tilt=0deg cup_z=810mm home_err=1.33rad
[e33rec] step=236100 saved=175 phases={'policy': 16} funnel={'takeover': 359, 'released': 264, 'setdown': 237, 'cycle': 176, 'reset_mid_script': 359}
[e33rec] step=236400 saved=175 phases={'policy': 14, 'release': 2} funnel={'takeover': 361, 'released': 264, 'setdown': 237, 'cycle': 176, 'reset_mid_script': 359}
[e33rec] episode 176/320 saved (len=227, env=13)
[e33rec] step=236700 saved=176 phases={'policy': 13, 'ascend': 3} funnel={'takeover': 362, 'released': 265, 'setdown': 238, 'cycle': 177, 'reset_mid_script': 359}
[e33rec] step=237000 saved=176 phases={'policy': 13, 'ascend': 3} funnel={'takeover': 362, 'released': 265, 'setdown': 238, 'cycle': 177, 'reset_mid_script': 359}
[e33rec] step=237300 saved=176 phases={'policy': 13, 'ascend': 3} funnel={'takeover': 362, 'released': 265, 'setdown': 238, 'cycle': 177, 'reset_mid_script': 359}
[death] env=4 in=ascend taskphase=0 cup_tilt=0deg cup_z=815mm home_err=1.28rad
[death] env=8 in=ascend taskphase=0 cup_tilt=0deg cup_z=810mm home_err=1.14rad
[e33rec] step=237600 saved=176 phases={'policy': 15, 'ascend': 1} funnel={'takeover': 362, 'released': 265, 'setdown': 238, 'cycle': 177, 'reset_mid_script': 361}
[death] env=11 in=ascend taskphase=0 cup_tilt=0deg cup_z=810mm home_err=1.34rad
[e33rec] episode 177/320 saved (len=236, env=3)
[e33rec] step=237900 saved=177 phases={'policy': 15, 'ascend': 1} funnel={'takeover': 363, 'released': 266, 'setdown': 239, 'cycle': 178, 'reset_mid_script': 362}
[e33rec] step=238200 saved=177 phases={'policy': 15, 'ascend': 1} funnel={'takeover': 363, 'released': 266, 'setdown': 239, 'cycle': 178, 'reset_mid_script': 362}
[e33rec] step=238500 saved=177 phases={'policy': 15, 'ascend': 1} funnel={'takeover': 363, 'released': 266, 'setdown': 239, 'cycle': 178, 'reset_mid_script': 362}
[e33rec] step=238800 saved=177 phases={'policy': 15, 'ascend': 1} funnel={'takeover': 363, 'released': 266, 'setdown': 239, 'cycle': 178, 'reset_mid_script': 362}
[death] env=7 in=ascend taskphase=0 cup_tilt=0deg cup_z=810mm home_err=2.74rad
[e33rec] step=239100 saved=177 phases={'policy': 16} funnel={'takeover': 363, 'released': 266, 'setdown': 239, 'cycle': 178, 'reset_mid_script': 363}
[e33rec] episode 178/320 saved (len=234, env=13)
[e33rec] step=239400 saved=178 phases={'policy': 15, 'ascend': 1} funnel={'takeover': 364, 'released': 267, 'setdown': 240, 'cycle': 179, 'reset_mid_script': 363}
[e33rec] episode 179/320 saved (len=686, env=4)
[e33rec] step=239700 saved=179 phases={'policy': 15, 'ascend': 1} funnel={'takeover': 364, 'released': 267, 'setdown': 241, 'cycle': 180, 'reset_mid_script': 363}
[e33rec] step=240000 saved=179 phases={'policy': 15, 'ascend': 1} funnel={'takeover': 364, 'released': 267, 'setdown': 241, 'cycle': 180, 'reset_mid_script': 363}
[e33rec] step=240300 saved=179 phases={'policy': 15, 'go_home': 1} funnel={'takeover': 364, 'released': 267, 'setdown': 241, 'cycle': 180, 'reset_mid_script': 363}
[death] env=7 in=go_home taskphase=0 cup_tilt=0deg cup_z=810mm home_err=1.34rad
[e33rec] step=240600 saved=179 phases={'policy': 16} funnel={'takeover': 364, 'released': 267, 'setdown': 241, 'cycle': 180, 'reset_mid_script': 364}
[e33rec] episode 180/320 saved (len=289, env=3)
[e33rec] step=240900 saved=180 phases={'policy': 15, 'ascend': 1} funnel={'takeover': 365, 'released': 268, 'setdown': 242, 'cycle': 181, 'reset_mid_script': 364}
[e33rec] step=241200 saved=180 phases={'policy': 15, 'go_home': 1} funnel={'takeover': 365, 'released': 268, 'setdown': 242, 'cycle': 181, 'reset_mid_script': 364}
[e33rec] step=241500 saved=180 phases={'policy': 15, 'go_home': 1} funnel={'takeover': 365, 'released': 268, 'setdown': 242, 'cycle': 181, 'reset_mid_script': 364}
[e33rec] step=241800 saved=180 phases={'policy': 15, 'go_home': 1} funnel={'takeover': 365, 'released': 268, 'setdown': 242, 'cycle': 181, 'reset_mid_script': 364}
[death] env=11 in=go_home taskphase=0 cup_tilt=0deg cup_z=815mm home_err=1.35rad
[e33rec] step=242100 saved=180 phases={'policy': 15, 'ascend': 1} funnel={'takeover': 366, 'released': 269, 'setdown': 243, 'cycle': 181, 'reset_mid_script': 365}
[e33rec] episode 181/320 saved (len=471, env=10)
[e33rec] step=242400 saved=181 phases={'policy': 14, 'ascend': 1, 'go_home': 1} funnel={'takeover': 367, 'released': 269, 'setdown': 244, 'cycle': 182, 'reset_mid_script': 365}
[e33rec] step=242700 saved=181 phases={'policy': 14, 'ascend': 1, 'go_home': 1} funnel={'takeover': 367, 'released': 269, 'setdown': 244, 'cycle': 182, 'reset_mid_script': 365}
[e33rec] step=243000 saved=181 phases={'policy': 13, 'ascend': 1, 'go_home': 2} funnel={'takeover': 368, 'released': 270, 'setdown': 244, 'cycle': 182, 'reset_mid_script': 365}
[death] env=7 in=go_home taskphase=0 cup_tilt=0deg cup_z=815mm home_err=1.33rad
[e33rec] step=243300 saved=181 phases={'policy': 14, 'ascend': 1, 'go_home': 1} funnel={'takeover': 368, 'released': 270, 'setdown': 244, 'cycle': 182, 'reset_mid_script': 366}
[death] env=11 in=ascend taskphase=0 cup_tilt=0deg cup_z=815mm home_err=1.27rad
[e33rec] step=243600 saved=181 phases={'policy': 14, 'ascend': 1, 'go_home': 1} funnel={'takeover': 369, 'released': 271, 'setdown': 244, 'cycle': 182, 'reset_mid_script': 367}
[death] env=6 in=go_home taskphase=0 cup_tilt=0deg cup_z=810mm home_err=2.79rad
[e33rec] step=243900 saved=181 phases={'policy': 15, 'go_home': 1} funnel={'takeover': 369, 'released': 271, 'setdown': 244, 'cycle': 182, 'reset_mid_script': 368}
[e33rec] step=244200 saved=181 phases={'policy': 14, 'ascend': 1, 'go_home': 1} funnel={'takeover': 370, 'released': 272, 'setdown': 245, 'cycle': 182, 'reset_mid_script': 368}
[e33rec] step=244500 saved=181 phases={'policy': 14, 'ascend': 1, 'go_home': 1} funnel={'takeover': 370, 'released': 272, 'setdown': 245, 'cycle': 182, 'reset_mid_script': 368}
[death] env=14 in=go_home taskphase=0 cup_tilt=0deg cup_z=810mm home_err=2.79rad
[e33rec] step=244800 saved=181 phases={'policy': 15, 'ascend': 1} funnel={'takeover': 370, 'released': 272, 'setdown': 245, 'cycle': 182, 'reset_mid_script': 369}
[e33rec] step=245100 saved=181 phases={'policy': 15, 'ascend': 1} funnel={'takeover': 370, 'released': 272, 'setdown': 245, 'cycle': 182, 'reset_mid_script': 369}
[death] env=2 in=ascend taskphase=0 cup_tilt=0deg cup_z=815mm home_err=1.44rad
[e33rec] episode 182/320 saved (len=361, env=11)
[e33rec] step=245400 saved=182 phases={'policy': 15, 'yaw_home': 1} funnel={'takeover': 371, 'released': 273, 'setdown': 246, 'cycle': 183, 'reset_mid_script': 370}
[e33rec] step=245700 saved=182 phases={'policy': 15, 'go_home': 1} funnel={'takeover': 371, 'released': 273, 'setdown': 246, 'cycle': 183, 'reset_mid_script': 370}
[death] env=15 in=go_home taskphase=0 cup_tilt=0deg cup_z=815mm home_err=1.32rad
[e33rec] episode 183/320 saved (len=1192, env=4)
[e33rec] step=246000 saved=183 phases={'policy': 16} funnel={'takeover': 371, 'released': 273, 'setdown': 247, 'cycle': 184, 'reset_mid_script': 371}
[e33rec] step=246300 saved=183 phases={'policy': 16} funnel={'takeover': 371, 'released': 273, 'setdown': 248, 'cycle': 185, 'reset_mid_script': 371}
[e33rec] step=246600 saved=183 phases={'policy': 15, 'go_home': 1} funnel={'takeover': 372, 'released': 274, 'setdown': 248, 'cycle': 185, 'reset_mid_script': 371}
[e33rec] episode 184/320 saved (len=546, env=14)
[e33rec] step=246900 saved=184 phases={'policy': 15, 'go_home': 1} funnel={'takeover': 372, 'released': 274, 'setdown': 249, 'cycle': 186, 'reset_mid_script': 371}
[e33rec] episode 185/320 saved (len=794, env=4)
[e33rec] step=247200 saved=185 phases={'policy': 15, 'go_home': 1} funnel={'takeover': 372, 'released': 274, 'setdown': 250, 'cycle': 187, 'reset_mid_script': 371}
[e33rec] step=247500 saved=185 phases={'policy': 14, 'ascend': 1, 'go_home': 1} funnel={'takeover': 373, 'released': 275, 'setdown': 250, 'cycle': 187, 'reset_mid_script': 371}
[death] env=10 in=go_home taskphase=0 cup_tilt=0deg cup_z=815mm home_err=1.33rad
[e33rec] step=247800 saved=185 phases={'policy': 15, 'go_home': 1} funnel={'takeover': 373, 'released': 275, 'setdown': 250, 'cycle': 187, 'reset_mid_script': 372}
[e33rec] episode 186/320 saved (len=226, env=11)
[e33rec] step=248100 saved=186 phases={'policy': 15, 'go_home': 1} funnel={'takeover': 373, 'released': 275, 'setdown': 251, 'cycle': 188, 'reset_mid_script': 372}
[e33rec] step=248400 saved=186 phases={'policy': 15, 'go_home': 1} funnel={'takeover': 373, 'released': 275, 'setdown': 251, 'cycle': 188, 'reset_mid_script': 372}
[death] env=15 in=go_home taskphase=0 cup_tilt=0deg cup_z=810mm home_err=2.78rad
[e33rec] step=248700 saved=186 phases={'policy': 16} funnel={'takeover': 373, 'released': 275, 'setdown': 251, 'cycle': 188, 'reset_mid_script': 373}
[e33rec] step=249000 saved=186 phases={'policy': 16} funnel={'takeover': 373, 'released': 275, 'setdown': 251, 'cycle': 188, 'reset_mid_script': 373}
[e33rec] step=249300 saved=186 phases={'policy': 16} funnel={'takeover': 373, 'released': 275, 'setdown': 252, 'cycle': 189, 'reset_mid_script': 373}
[e33rec] step=249600 saved=186 phases={'policy': 15, 'ascend': 1} funnel={'takeover': 374, 'released': 276, 'setdown': 252, 'cycle': 189, 'reset_mid_script': 373}
[e33rec] step=249900 saved=186 phases={'policy': 15, 'ascend': 1} funnel={'takeover': 374, 'released': 276, 'setdown': 252, 'cycle': 189, 'reset_mid_script': 373}
[e33rec] step=250200 saved=186 phases={'policy': 14, 'ascend': 2} funnel={'takeover': 375, 'released': 277, 'setdown': 253, 'cycle': 189, 'reset_mid_script': 373}
[death] env=7 in=ascend taskphase=0 cup_tilt=0deg cup_z=815mm home_err=1.61rad
[e33rec] step=250500 saved=186 phases={'policy': 15, 'ascend': 1} funnel={'takeover': 375, 'released': 277, 'setdown': 253, 'cycle': 189, 'reset_mid_script': 374}
[death] env=13 in=ascend taskphase=0 cup_tilt=0deg cup_z=810mm home_err=2.52rad
[e33rec] step=250800 saved=186 phases={'policy': 16} funnel={'takeover': 375, 'released': 277, 'setdown': 253, 'cycle': 189, 'reset_mid_script': 375}
[e33rec] episode 187/320 saved (len=237, env=13)
[e33rec] step=251100 saved=187 phases={'policy': 16} funnel={'takeover': 375, 'released': 277, 'setdown': 255, 'cycle': 190, 'reset_mid_script': 375}
[e33rec] episode 188/320 saved (len=584, env=8)
[e33rec] step=251400 saved=188 phases={'policy': 16} funnel={'takeover': 375, 'released': 277, 'setdown': 255, 'cycle': 191, 'reset_mid_script': 375}
[e33rec] step=251700 saved=188 phases={'policy': 16} funnel={'takeover': 375, 'released': 277, 'setdown': 255, 'cycle': 191, 'reset_mid_script': 375}
[e33rec] step=252000 saved=188 phases={'policy': 15, 'ascend': 1} funnel={'takeover': 376, 'released': 278, 'setdown': 255, 'cycle': 191, 'reset_mid_script': 375}
[e33rec] step=252300 saved=188 phases={'policy': 15, 'ascend': 1} funnel={'takeover': 376, 'released': 278, 'setdown': 255, 'cycle': 191, 'reset_mid_script': 375}
[e33rec] episode 189/320 saved (len=258, env=7)
[e33rec] step=252600 saved=189 phases={'policy': 14, 'ascend': 1, 'go_home': 1} funnel={'takeover': 377, 'released': 279, 'setdown': 257, 'cycle': 192, 'reset_mid_script': 375}
[e33rec] step=252900 saved=189 phases={'policy': 14, 'ascend': 1, 'go_home': 1} funnel={'takeover': 377, 'released': 279, 'setdown': 257, 'cycle': 192, 'reset_mid_script': 375}
[death] env=15 in=ascend taskphase=0 cup_tilt=0deg cup_z=810mm home_err=2.75rad
[e33rec] step=253200 saved=189 phases={'policy': 15, 'go_home': 1} funnel={'takeover': 377, 'released': 279, 'setdown': 257, 'cycle': 192, 'reset_mid_script': 376}
[death] env=11 in=go_home taskphase=0 cup_tilt=0deg cup_z=815mm home_err=1.36rad
[e33rec] step=253500 saved=189 phases={'policy': 16} funnel={'takeover': 377, 'released': 279, 'setdown': 257, 'cycle': 192, 'reset_mid_script': 377}
[e33rec] step=253800 saved=189 phases={'policy': 14, 'ascend': 2} funnel={'takeover': 379, 'released': 281, 'setdown': 257, 'cycle': 192, 'reset_mid_script': 377}
[e33rec] step=254100 saved=189 phases={'policy': 14, 'go_home': 2} funnel={'takeover': 379, 'released': 281, 'setdown': 257, 'cycle': 192, 'reset_mid_script': 377}
[e33rec] step=254400 saved=189 phases={'policy': 14, 'go_home': 2} funnel={'takeover': 379, 'released': 281, 'setdown': 257, 'cycle': 192, 'reset_mid_script': 377}
[e33rec] step=254700 saved=189 phases={'policy': 13, 'ascend': 1, 'go_home': 2} funnel={'takeover': 380, 'released': 282, 'setdown': 257, 'cycle': 192, 'reset_mid_script': 377}
[death] env=10 in=go_home taskphase=0 cup_tilt=0deg cup_z=810mm home_err=1.33rad
[death] env=14 in=go_home taskphase=0 cup_tilt=0deg cup_z=810mm home_err=2.79rad
[e33rec] step=255000 saved=189 phases={'policy': 15, 'go_home': 1} funnel={'takeover': 380, 'released': 282, 'setdown': 257, 'cycle': 192, 'reset_mid_script': 379}
[e33rec] step=255300 saved=189 phases={'policy': 13, 'release': 1, 'ascend': 1, 'go_home': 1} funnel={'takeover': 382, 'released': 282, 'setdown': 257, 'cycle': 192, 'reset_mid_script': 379}
[e33rec] step=255600 saved=189 phases={'policy': 10, 'ascend': 4, 'go_home': 2} funnel={'takeover': 385, 'released': 285, 'setdown': 258, 'cycle': 192, 'reset_mid_script': 379}
[death] env=15 in=go_home taskphase=0 cup_tilt=0deg cup_z=810mm home_err=2.79rad
[e33rec] step=255900 saved=189 phases={'policy': 11, 'ascend': 3, 'go_home': 2} funnel={'takeover': 385, 'released': 285, 'setdown': 258, 'cycle': 192, 'reset_mid_script': 380}
[e33rec] step=256200 saved=189 phases={'policy': 11, 'ascend': 2, 'go_home': 3} funnel={'takeover': 385, 'released': 285, 'setdown': 258, 'cycle': 192, 'reset_mid_script': 380}
[death] env=4 in=go_home taskphase=0 cup_tilt=0deg cup_z=810mm home_err=1.34rad
[death] env=10 in=go_home taskphase=0 cup_tilt=0deg cup_z=815mm home_err=1.41rad
[death] env=8 in=ascend taskphase=0 cup_tilt=0deg cup_z=810mm home_err=1.41rad
[death] env=13 in=ascend taskphase=0 cup_tilt=0deg cup_z=815mm home_err=1.33rad
[death] env=11 in=go_home taskphase=0 cup_tilt=0deg cup_z=810mm home_err=1.34rad
[e33rec] step=256500 saved=189 phases={'policy': 15, 'release': 1} funnel={'takeover': 386, 'released': 285, 'setdown': 259, 'cycle': 192, 'reset_mid_script': 385}
[e33rec] step=256800 saved=189 phases={'policy': 13, 'ascend': 3} funnel={'takeover': 388, 'released': 287, 'setdown': 260, 'cycle': 192, 'reset_mid_script': 385}
[e33rec] episode 190/320 saved (len=607, env=8)
[e33rec] step=257100 saved=190 phases={'policy': 12, 'ascend': 2, 'yaw_home': 1, 'go_home': 1} funnel={'takeover': 389, 'released': 288, 'setdown': 261, 'cycle': 193, 'reset_mid_script': 385}
[e33rec] step=257400 saved=190 phases={'policy': 12, 'ascend': 2, 'go_home': 2} funnel={'takeover': 389, 'released': 288, 'setdown': 261, 'cycle': 193, 'reset_mid_script': 385}
[death] env=14 in=ascend taskphase=0 cup_tilt=0deg cup_z=815mm home_err=1.45rad
[e33rec] step=257700 saved=190 phases={'policy': 12, 'ascend': 2, 'go_home': 2} funnel={'takeover': 390, 'released': 289, 'setdown': 262, 'cycle': 193, 'reset_mid_script': 386}
[death] env=3 in=go_home taskphase=0 cup_tilt=0deg cup_z=815mm home_err=1.33rad
[death] env=11 in=ascend taskphase=0 cup_tilt=0deg cup_z=815mm home_err=1.33rad
[death] env=7 in=ascend taskphase=0 cup_tilt=0deg cup_z=815mm home_err=1.46rad
[e33rec] step=258000 saved=190 phases={'policy': 13, 'release': 2, 'go_home': 1} funnel={'takeover': 392, 'released': 289, 'setdown': 263, 'cycle': 193, 'reset_mid_script': 389}
[e33rec] episode 191/320 saved (len=297, env=3)
[death] env=2 in=go_home taskphase=0 cup_tilt=0deg cup_z=810mm home_err=1.33rad
[e33rec] step=258300 saved=191 phases={'policy': 14, 'ascend': 2} funnel={'takeover': 392, 'released': 289, 'setdown': 264, 'cycle': 194, 'reset_mid_script': 390}
[e33rec] step=258600 saved=191 phases={'policy': 14, 'ascend': 2} funnel={'takeover': 392, 'released': 289, 'setdown': 264, 'cycle': 194, 'reset_mid_script': 390}
[e33rec] step=258900 saved=191 phases={'policy': 14, 'ascend': 2} funnel={'takeover': 392, 'released': 289, 'setdown': 264, 'cycle': 194, 'reset_mid_script': 390}
[death] env=14 in=ascend taskphase=0 cup_tilt=0deg cup_z=815mm home_err=1.29rad
[death] env=8 in=ascend taskphase=0 cup_tilt=0deg cup_z=815mm home_err=1.15rad
[e33rec] step=259200 saved=191 phases={'policy': 16} funnel={'takeover': 392, 'released': 289, 'setdown': 264, 'cycle': 194, 'reset_mid_script': 392}
[e33rec] step=259500 saved=191 phases={'policy': 13, 'place_descend': 1, 'ascend': 2} funnel={'takeover': 395, 'released': 291, 'setdown': 264, 'cycle': 194, 'reset_mid_script': 392}
[e33rec] step=259800 saved=191 phases={'policy': 13, 'ascend': 3} funnel={'takeover': 395, 'released': 292, 'setdown': 265, 'cycle': 194, 'reset_mid_script': 392}
[e33rec] episode 192/320 saved (len=689, env=3)
[e33rec] step=260100 saved=192 phases={'policy': 13, 'yaw_home': 2, 'go_home': 1} funnel={'takeover': 395, 'released': 292, 'setdown': 266, 'cycle': 195, 'reset_mid_script': 392}
[e33rec] step=260400 saved=192 phases={'policy': 12, 'ascend': 1, 'go_home': 3} funnel={'takeover': 396, 'released': 293, 'setdown': 266, 'cycle': 195, 'reset_mid_script': 392}
[death] env=14 in=go_home taskphase=0 cup_tilt=0deg cup_z=815mm home_err=1.33rad
[death] env=13 in=go_home taskphase=0 cup_tilt=0deg cup_z=815mm home_err=1.33rad
[death] env=11 in=go_home taskphase=0 cup_tilt=0deg cup_z=815mm home_err=1.32rad
[e33rec] step=260700 saved=192 phases={'policy': 14, 'ascend': 2} funnel={'takeover': 397, 'released': 294, 'setdown': 267, 'cycle': 195, 'reset_mid_script': 395}
[death] env=2 in=ascend taskphase=0 cup_tilt=0deg cup_z=815mm home_err=1.52rad
[e33rec] step=261000 saved=192 phases={'policy': 14, 'release': 1, 'ascend': 1} funnel={'takeover': 398, 'released': 294, 'setdown': 267, 'cycle': 195, 'reset_mid_script': 396}
[e33rec] step=261300 saved=192 phases={'policy': 14, 'ascend': 2} funnel={'takeover': 398, 'released': 294, 'setdown': 267, 'cycle': 195, 'reset_mid_script': 396}
[death] env=15 in=ascend taskphase=0 cup_tilt=0deg cup_z=815mm home_err=1.48rad
[e33rec] episode 193/320 saved (len=885, env=11)
[e33rec] step=261600 saved=193 phases={'policy': 15, 'ascend': 1} funnel={'takeover': 398, 'released': 294, 'setdown': 268, 'cycle': 196, 'reset_mid_script': 397}
[e33rec] step=261900 saved=193 phases={'policy': 15, 'ascend': 1} funnel={'takeover': 398, 'released': 294, 'setdown': 268, 'cycle': 196, 'reset_mid_script': 397}
[death] env=7 in=ascend taskphase=0 cup_tilt=0deg cup_z=815mm home_err=1.51rad
[e33rec] step=262200 saved=193 phases={'policy': 16} funnel={'takeover': 398, 'released': 294, 'setdown': 268, 'cycle': 196, 'reset_mid_script': 398}
[e33rec] step=262500 saved=193 phases={'policy': 15, 'ascend': 1} funnel={'takeover': 399, 'released': 295, 'setdown': 268, 'cycle': 196, 'reset_mid_script': 398}
[e33rec] step=262800 saved=193 phases={'policy': 15, 'ascend': 1} funnel={'takeover': 399, 'released': 295, 'setdown': 268, 'cycle': 196, 'reset_mid_script': 398}
[e33rec] step=263100 saved=193 phases={'policy': 15, 'go_home': 1} funnel={'takeover': 399, 'released': 295, 'setdown': 268, 'cycle': 196, 'reset_mid_script': 398}
[e33rec] step=263400 saved=193 phases={'policy': 15, 'go_home': 1} funnel={'takeover': 399, 'released': 295, 'setdown': 268, 'cycle': 196, 'reset_mid_script': 398}
[death] env=7 in=go_home taskphase=0 cup_tilt=0deg cup_z=810mm home_err=1.32rad
[e33rec] step=263700 saved=193 phases={'policy': 16} funnel={'takeover': 399, 'released': 295, 'setdown': 268, 'cycle': 196, 'reset_mid_script': 399}
[e33rec] episode 194/320 saved (len=276, env=3)
[e33rec] step=264000 saved=194 phases={'policy': 14, 'ascend': 1, 'go_home': 1} funnel={'takeover': 401, 'released': 297, 'setdown': 270, 'cycle': 197, 'reset_mid_script': 399}
[e33rec] step=264300 saved=194 phases={'policy': 14, 'ascend': 1, 'go_home': 1} funnel={'takeover': 401, 'released': 297, 'setdown': 270, 'cycle': 197, 'reset_mid_script': 399}
[e33rec] step=264600 saved=194 phases={'policy': 14, 'go_home': 2} funnel={'takeover': 401, 'released': 297, 'setdown': 270, 'cycle': 197, 'reset_mid_script': 399}
[death] env=4 in=go_home taskphase=0 cup_tilt=0deg cup_z=815mm home_err=1.33rad
[e33rec] step=264900 saved=194 phases={'policy': 14, 'go_home': 2} funnel={'takeover': 402, 'released': 298, 'setdown': 270, 'cycle': 197, 'reset_mid_script': 400}
[death] env=13 in=go_home taskphase=0 cup_tilt=0deg cup_z=810mm home_err=1.33rad
[death] env=11 in=go_home taskphase=0 cup_tilt=0deg cup_z=815mm home_err=1.33rad
[e33rec] step=265200 saved=194 phases={'policy': 16} funnel={'takeover': 402, 'released': 298, 'setdown': 270, 'cycle': 197, 'reset_mid_script': 402}
[e33rec] step=265500 saved=194 phases={'policy': 16} funnel={'takeover': 402, 'released': 298, 'setdown': 270, 'cycle': 197, 'reset_mid_script': 402}
[e33rec] episode 195/320 saved (len=569, env=7)
[e33rec] step=265800 saved=195 phases={'policy': 15, 'yaw_home': 1} funnel={'takeover': 403, 'released': 299, 'setdown': 271, 'cycle': 198, 'reset_mid_script': 402}
[e33rec] step=266100 saved=195 phases={'policy': 15, 'go_home': 1} funnel={'takeover': 403, 'released': 299, 'setdown': 271, 'cycle': 198, 'reset_mid_script': 402}
[e33rec] step=266400 saved=195 phases={'policy': 15, 'go_home': 1} funnel={'takeover': 403, 'released': 299, 'setdown': 271, 'cycle': 198, 'reset_mid_script': 402}
[e33rec] step=266700 saved=195 phases={'policy': 15, 'go_home': 1} funnel={'takeover': 403, 'released': 299, 'setdown': 271, 'cycle': 198, 'reset_mid_script': 402}
[death] env=2 in=go_home taskphase=0 cup_tilt=0deg cup_z=810mm home_err=1.33rad
[e33rec] step=267000 saved=195 phases={'policy': 15, 'ascend': 1} funnel={'takeover': 404, 'released': 300, 'setdown': 271, 'cycle': 198, 'reset_mid_script': 403}
[e33rec] step=267300 saved=195 phases={'policy': 15, 'go_home': 1} funnel={'takeover': 404, 'released': 300, 'setdown': 271, 'cycle': 198, 'reset_mid_script': 403}
[e33rec] step=267600 saved=195 phases={'policy': 15, 'go_home': 1} funnel={'takeover': 404, 'released': 300, 'setdown': 271, 'cycle': 198, 'reset_mid_script': 403}
[e33rec] step=267900 saved=195 phases={'policy': 15, 'go_home': 1} funnel={'takeover': 404, 'released': 300, 'setdown': 271, 'cycle': 198, 'reset_mid_script': 403}
[e33rec] episode 196/320 saved (len=215, env=8)
[death] env=2 in=go_home taskphase=0 cup_tilt=0deg cup_z=810mm home_err=2.79rad
[e33rec] step=268200 saved=196 phases={'policy': 16} funnel={'takeover': 404, 'released': 300, 'setdown': 272, 'cycle': 199, 'reset_mid_script': 404}
[e33rec] episode 197/320 saved (len=359, env=7)
[e33rec] step=268500 saved=197 phases={'policy': 16} funnel={'takeover': 404, 'released': 300, 'setdown': 273, 'cycle': 200, 'reset_mid_script': 404}
[e33rec] step=268800 saved=197 phases={'policy': 16} funnel={'takeover': 404, 'released': 300, 'setdown': 273, 'cycle': 200, 'reset_mid_script': 404}
[e33rec] step=269100 saved=197 phases={'policy': 16} funnel={'takeover': 404, 'released': 300, 'setdown': 273, 'cycle': 200, 'reset_mid_script': 404}
[e33rec] step=269400 saved=197 phases={'policy': 16} funnel={'takeover': 404, 'released': 300, 'setdown': 273, 'cycle': 200, 'reset_mid_script': 404}
[e33rec] episode 198/320 saved (len=395, env=4)
[e33rec] step=269700 saved=198 phases={'policy': 16} funnel={'takeover': 404, 'released': 300, 'setdown': 274, 'cycle': 201, 'reset_mid_script': 404}
[e33rec] episode 199/320 saved (len=643, env=13)
[e33rec] step=270000 saved=199 phases={'policy': 16} funnel={'takeover': 404, 'released': 300, 'setdown': 275, 'cycle': 202, 'reset_mid_script': 404}
[e33rec] step=270300 saved=199 phases={'policy': 16} funnel={'takeover': 404, 'released': 300, 'setdown': 275, 'cycle': 202, 'reset_mid_script': 404}
[e33rec] step=270600 saved=199 phases={'policy': 16} funnel={'takeover': 404, 'released': 300, 'setdown': 275, 'cycle': 202, 'reset_mid_script': 404}
[e33rec] step=270900 saved=199 phases={'policy': 15, 'ascend': 1} funnel={'takeover': 405, 'released': 300, 'setdown': 275, 'cycle': 202, 'reset_mid_script': 404}
[e33rec] step=271200 saved=199 phases={'policy': 14, 'ascend': 2} funnel={'takeover': 406, 'released': 301, 'setdown': 275, 'cycle': 202, 'reset_mid_script': 404}
[e33rec] step=271500 saved=199 phases={'policy': 14, 'ascend': 2} funnel={'takeover': 406, 'released': 301, 'setdown': 275, 'cycle': 202, 'reset_mid_script': 404}
[e33rec] step=271800 saved=199 phases={'policy': 14, 'ascend': 2} funnel={'takeover': 406, 'released': 301, 'setdown': 275, 'cycle': 202, 'reset_mid_script': 404}
[death] env=15 in=ascend taskphase=0 cup_tilt=0deg cup_z=815mm home_err=1.25rad
[e33rec] step=272100 saved=199 phases={'policy': 15, 'ascend': 1} funnel={'takeover': 406, 'released': 301, 'setdown': 275, 'cycle': 202, 'reset_mid_script': 405}
[death] env=8 in=ascend taskphase=0 cup_tilt=0deg cup_z=815mm home_err=1.83rad
[e33rec] step=272400 saved=199 phases={'policy': 15, 'ascend': 1} funnel={'takeover': 407, 'released': 302, 'setdown': 275, 'cycle': 202, 'reset_mid_script': 406}
[e33rec] step=272700 saved=199 phases={'policy': 15, 'go_home': 1} funnel={'takeover': 407, 'released': 302, 'setdown': 275, 'cycle': 202, 'reset_mid_script': 406}
[e33rec] step=273000 saved=199 phases={'policy': 15, 'go_home': 1} funnel={'takeover': 407, 'released': 302, 'setdown': 275, 'cycle': 202, 'reset_mid_script': 406}
[e33rec] episode 200/320 saved (len=1081, env=8)
[e33rec] step=273300 saved=200 phases={'policy': 15, 'go_home': 1} funnel={'takeover': 407, 'released': 302, 'setdown': 276, 'cycle': 203, 'reset_mid_script': 406}
[death] env=14 in=go_home taskphase=0 cup_tilt=0deg cup_z=810mm home_err=2.79rad
[e33rec] step=273600 saved=200 phases={'policy': 16} funnel={'takeover': 407, 'released': 302, 'setdown': 276, 'cycle': 203, 'reset_mid_script': 407}
[e33rec] step=273900 saved=200 phases={'policy': 15, 'place_descend': 1} funnel={'takeover': 408, 'released': 302, 'setdown': 276, 'cycle': 203, 'reset_mid_script': 407}
[e33rec] step=274200 saved=200 phases={'policy': 15, 'ascend': 1} funnel={'takeover': 408, 'released': 302, 'setdown': 276, 'cycle': 203, 'reset_mid_script': 407}
[e33rec] step=274500 saved=200 phases={'policy': 15, 'ascend': 1} funnel={'takeover': 408, 'released': 302, 'setdown': 276, 'cycle': 203, 'reset_mid_script': 407}
[e33rec] step=274800 saved=200 phases={'policy': 15, 'ascend': 1} funnel={'takeover': 408, 'released': 302, 'setdown': 276, 'cycle': 203, 'reset_mid_script': 407}
[death] env=11 in=ascend taskphase=0 cup_tilt=0deg cup_z=815mm home_err=1.31rad
[e33rec] step=275100 saved=200 phases={'policy': 16} funnel={'takeover': 408, 'released': 302, 'setdown': 276, 'cycle': 203, 'reset_mid_script': 408}
[e33rec] step=275400 saved=200 phases={'policy': 14, 'release': 1, 'ascend': 1} funnel={'takeover': 410, 'released': 302, 'setdown': 277, 'cycle': 203, 'reset_mid_script': 408}
[e33rec] episode 201/320 saved (len=553, env=3)
[e33rec] step=275700 saved=201 phases={'policy': 14, 'ascend': 2} funnel={'takeover': 410, 'released': 302, 'setdown': 278, 'cycle': 204, 'reset_mid_script': 408}
[e33rec] step=276000 saved=201 phases={'policy': 14, 'ascend': 2} funnel={'takeover': 410, 'released': 302, 'setdown': 278, 'cycle': 204, 'reset_mid_script': 408}
[e33rec] step=276300 saved=201 phases={'policy': 14, 'ascend': 2} funnel={'takeover': 410, 'released': 302, 'setdown': 278, 'cycle': 204, 'reset_mid_script': 408}
[death] env=14 in=ascend taskphase=0 cup_tilt=0deg cup_z=815mm home_err=1.59rad
[death] env=8 in=ascend taskphase=0 cup_tilt=0deg cup_z=815mm home_err=1.13rad
[e33rec] step=276600 saved=201 phases={'policy': 15, 'release': 1} funnel={'takeover': 411, 'released': 302, 'setdown': 278, 'cycle': 204, 'reset_mid_script': 410}
[e33rec] step=276900 saved=201 phases={'policy': 15, 'ascend': 1} funnel={'takeover': 411, 'released': 302, 'setdown': 278, 'cycle': 204, 'reset_mid_script': 410}
[e33rec] step=277200 saved=201 phases={'policy': 14, 'place_descend': 1, 'ascend': 1} funnel={'takeover': 412, 'released': 302, 'setdown': 278, 'cycle': 204, 'reset_mid_script': 410}
[e33rec] step=277500 saved=201 phases={'policy': 14, 'ascend': 1, 'go_home': 1} funnel={'takeover': 412, 'released': 303, 'setdown': 278, 'cycle': 204, 'reset_mid_script': 410}
[death] env=15 in=ascend taskphase=0 cup_tilt=0deg cup_z=815mm home_err=1.28rad
[e33rec] step=277800 saved=201 phases={'policy': 15, 'go_home': 1} funnel={'takeover': 412, 'released': 303, 'setdown': 278, 'cycle': 204, 'reset_mid_script': 411}
[death] env=7 in=go_home taskphase=0 cup_tilt=0deg cup_z=810mm home_err=1.34rad
[e33rec] step=278100 saved=201 phases={'policy': 16} funnel={'takeover': 412, 'released': 303, 'setdown': 278, 'cycle': 204, 'reset_mid_script': 412}
[e33rec] step=278400 saved=201 phases={'policy': 15, 'ascend': 1} funnel={'takeover': 413, 'released': 303, 'setdown': 278, 'cycle': 204, 'reset_mid_script': 412}
[e33rec] step=278700 saved=201 phases={'policy': 15, 'ascend': 1} funnel={'takeover': 413, 'released': 303, 'setdown': 278, 'cycle': 204, 'reset_mid_script': 412}
[e33rec] step=279000 saved=201 phases={'policy': 15, 'ascend': 1} funnel={'takeover': 413, 'released': 303, 'setdown': 278, 'cycle': 204, 'reset_mid_script': 412}
[e33rec] episode 202/320 saved (len=1137, env=13)
[e33rec] step=279300 saved=202 phases={'policy': 15, 'ascend': 1} funnel={'takeover': 413, 'released': 303, 'setdown': 279, 'cycle': 205, 'reset_mid_script': 412}
[death] env=7 in=ascend taskphase=0 cup_tilt=0deg cup_z=813mm home_err=1.73rad
[e33rec] step=279600 saved=202 phases={'policy': 16} funnel={'takeover': 413, 'released': 303, 'setdown': 279, 'cycle': 205, 'reset_mid_script': 413}
[e33rec] step=279900 saved=202 phases={'policy': 16} funnel={'takeover': 413, 'released': 303, 'setdown': 279, 'cycle': 205, 'reset_mid_script': 413}
[e33rec] step=280200 saved=202 phases={'policy': 16} funnel={'takeover': 413, 'released': 303, 'setdown': 279, 'cycle': 205, 'reset_mid_script': 413}
[e33rec] step=280500 saved=202 phases={'policy': 16} funnel={'takeover': 413, 'released': 303, 'setdown': 279, 'cycle': 205, 'reset_mid_script': 413}
[e33rec] step=280800 saved=202 phases={'policy': 16} funnel={'takeover': 413, 'released': 303, 'setdown': 279, 'cycle': 205, 'reset_mid_script': 413}
[e33rec] episode 203/320 saved (len=226, env=4)
[e33rec] step=281100 saved=203 phases={'policy': 16} funnel={'takeover': 413, 'released': 303, 'setdown': 280, 'cycle': 206, 'reset_mid_script': 413}
[e33rec] step=281400 saved=203 phases={'policy': 16} funnel={'takeover': 413, 'released': 303, 'setdown': 280, 'cycle': 206, 'reset_mid_script': 413}
[e33rec] step=281700 saved=203 phases={'policy': 16} funnel={'takeover': 413, 'released': 303, 'setdown': 280, 'cycle': 206, 'reset_mid_script': 413}
[e33rec] step=282000 saved=203 phases={'policy': 16} funnel={'takeover': 413, 'released': 303, 'setdown': 280, 'cycle': 206, 'reset_mid_script': 413}
[e33rec] step=282300 saved=203 phases={'policy': 16} funnel={'takeover': 413, 'released': 303, 'setdown': 280, 'cycle': 206, 'reset_mid_script': 413}
[e33rec] step=282600 saved=203 phases={'policy': 15, 'ascend': 1} funnel={'takeover': 414, 'released': 304, 'setdown': 280, 'cycle': 206, 'reset_mid_script': 413}
[e33rec] episode 204/320 saved (len=606, env=10)
[e33rec] step=282900 saved=204 phases={'policy': 15, 'go_home': 1} funnel={'takeover': 414, 'released': 304, 'setdown': 281, 'cycle': 207, 'reset_mid_script': 413}
[e33rec] episode 205/320 saved (len=859, env=3)
[e33rec] step=283200 saved=205 phases={'policy': 15, 'go_home': 1} funnel={'takeover': 414, 'released': 304, 'setdown': 282, 'cycle': 208, 'reset_mid_script': 413}
[e33rec] step=283500 saved=205 phases={'policy': 15, 'go_home': 1} funnel={'takeover': 414, 'released': 304, 'setdown': 282, 'cycle': 208, 'reset_mid_script': 413}
[death] env=11 in=go_home taskphase=0 cup_tilt=0deg cup_z=810mm home_err=2.79rad
[e33rec] step=283800 saved=205 phases={'policy': 16} funnel={'takeover': 414, 'released': 304, 'setdown': 282, 'cycle': 208, 'reset_mid_script': 414}
[e33rec] step=284100 saved=205 phases={'policy': 15, 'yaw_home': 1} funnel={'takeover': 415, 'released': 305, 'setdown': 282, 'cycle': 208, 'reset_mid_script': 414}
[e33rec] step=284400 saved=205 phases={'policy': 15, 'go_home': 1} funnel={'takeover': 415, 'released': 305, 'setdown': 282, 'cycle': 208, 'reset_mid_script': 414}
[e33rec] step=284700 saved=205 phases={'policy': 14, 'ascend': 1, 'go_home': 1} funnel={'takeover': 416, 'released': 306, 'setdown': 282, 'cycle': 208, 'reset_mid_script': 414}
[death] env=15 in=go_home taskphase=0 cup_tilt=0deg cup_z=815mm home_err=2.75rad
[e33rec] step=285000 saved=205 phases={'policy': 15, 'go_home': 1} funnel={'takeover': 416, 'released': 306, 'setdown': 282, 'cycle': 208, 'reset_mid_script': 415}
[death] env=8 in=go_home taskphase=0 cup_tilt=0deg cup_z=810mm home_err=2.79rad
[e33rec] step=285300 saved=205 phases={'policy': 16} funnel={'takeover': 416, 'released': 306, 'setdown': 282, 'cycle': 208, 'reset_mid_script': 416}
[e33rec] episode 206/320 saved (len=638, env=15)
[e33rec] step=285600 saved=206 phases={'policy': 16} funnel={'takeover': 416, 'released': 306, 'setdown': 283, 'cycle': 209, 'reset_mid_script': 416}
[e33rec] step=285900 saved=206 phases={'policy': 16} funnel={'takeover': 416, 'released': 306, 'setdown': 283, 'cycle': 209, 'reset_mid_script': 416}
[e33rec] step=286200 saved=206 phases={'policy': 16} funnel={'takeover': 416, 'released': 306, 'setdown': 283, 'cycle': 209, 'reset_mid_script': 416}
[e33rec] step=286500 saved=206 phases={'policy': 16} funnel={'takeover': 416, 'released': 306, 'setdown': 283, 'cycle': 209, 'reset_mid_script': 416}
[e33rec] step=286800 saved=206 phases={'policy': 14, 'place_descend': 1, 'ascend': 1} funnel={'takeover': 418, 'released': 307, 'setdown': 283, 'cycle': 209, 'reset_mid_script': 416}
[e33rec] step=287100 saved=206 phases={'policy': 13, 'ascend': 3} funnel={'takeover': 419, 'released': 309, 'setdown': 283, 'cycle': 209, 'reset_mid_script': 416}
[e33rec] step=287400 saved=206 phases={'policy': 13, 'ascend': 3} funnel={'takeover': 419, 'released': 309, 'setdown': 283, 'cycle': 209, 'reset_mid_script': 416}
[e33rec] step=287700 saved=206 phases={'policy': 13, 'ascend': 3} funnel={'takeover': 419, 'released': 309, 'setdown': 284, 'cycle': 209, 'reset_mid_script': 416}
[e33rec] episode 207/320 saved (len=789, env=2)
[death] env=10 in=ascend taskphase=0 cup_tilt=0deg cup_z=810mm home_err=1.28rad
[e33rec] step=288000 saved=207 phases={'policy': 14, 'ascend': 2} funnel={'takeover': 419, 'released': 309, 'setdown': 284, 'cycle': 210, 'reset_mid_script': 417}
[death] env=3 in=ascend taskphase=0 cup_tilt=0deg cup_z=815mm home_err=1.64rad
[death] env=11 in=ascend taskphase=0 cup_tilt=0deg cup_z=810mm home_err=2.73rad
[e33rec] step=288300 saved=207 phases={'policy': 14, 'ascend': 1, 'yaw_home': 1} funnel={'takeover': 421, 'released': 311, 'setdown': 284, 'cycle': 210, 'reset_mid_script': 419}
[e33rec] step=288600 saved=207 phases={'policy': 13, 'ascend': 2, 'go_home': 1} funnel={'takeover': 422, 'released': 312, 'setdown': 284, 'cycle': 210, 'reset_mid_script': 419}
[e33rec] step=288900 saved=207 phases={'policy': 13, 'ascend': 1, 'go_home': 2} funnel={'takeover': 422, 'released': 312, 'setdown': 284, 'cycle': 210, 'reset_mid_script': 419}
[e33rec] step=289200 saved=207 phases={'policy': 13, 'ascend': 1, 'go_home': 2} funnel={'takeover': 422, 'released': 312, 'setdown': 284, 'cycle': 210, 'reset_mid_script': 419}
[death] env=4 in=go_home taskphase=0 cup_tilt=0deg cup_z=810mm home_err=2.79rad
[death] env=3 in=ascend taskphase=0 cup_tilt=0deg cup_z=810mm home_err=2.46rad
[e33rec] step=289500 saved=207 phases={'policy': 15, 'go_home': 1} funnel={'takeover': 422, 'released': 312, 'setdown': 284, 'cycle': 210, 'reset_mid_script': 421}
[death] env=2 in=go_home taskphase=0 cup_tilt=0deg cup_z=810mm home_err=1.32rad
[e33rec] step=289800 saved=207 phases={'policy': 15, 'ascend': 1} funnel={'takeover': 423, 'released': 312, 'setdown': 284, 'cycle': 210, 'reset_mid_script': 422}
[e33rec] step=290100 saved=207 phases={'policy': 15, 'ascend': 1} funnel={'takeover': 423, 'released': 312, 'setdown': 284, 'cycle': 210, 'reset_mid_script': 422}
[e33rec] step=290400 saved=207 phases={'policy': 14, 'ascend': 2} funnel={'takeover': 424, 'released': 313, 'setdown': 285, 'cycle': 210, 'reset_mid_script': 422}
[e33rec] step=290700 saved=207 phases={'policy': 14, 'ascend': 2} funnel={'takeover': 424, 'released': 313, 'setdown': 285, 'cycle': 210, 'reset_mid_script': 422}
[death] env=8 in=ascend taskphase=0 cup_tilt=0deg cup_z=815mm home_err=1.68rad
[e33rec] episode 208/320 saved (len=308, env=15)
[death] env=7 in=go_home taskphase=0 cup_tilt=0deg cup_z=815mm home_err=1.33rad
[e33rec] step=291000 saved=208 phases={'policy': 16} funnel={'takeover': 424, 'released': 313, 'setdown': 286, 'cycle': 211, 'reset_mid_script': 424}
[e33rec] step=291300 saved=208 phases={'policy': 15, 'release': 1} funnel={'takeover': 425, 'released': 313, 'setdown': 286, 'cycle': 211, 'reset_mid_script': 424}
[e33rec] step=291600 saved=208 phases={'policy': 15, 'ascend': 1} funnel={'takeover': 425, 'released': 313, 'setdown': 286, 'cycle': 211, 'reset_mid_script': 424}
[e33rec] step=291900 saved=208 phases={'policy': 15, 'ascend': 1} funnel={'takeover': 425, 'released': 313, 'setdown': 286, 'cycle': 211, 'reset_mid_script': 424}
[e33rec] step=292200 saved=208 phases={'policy': 15, 'ascend': 1} funnel={'takeover': 425, 'released': 313, 'setdown': 286, 'cycle': 211, 'reset_mid_script': 424}
[death] env=13 in=ascend taskphase=0 cup_tilt=0deg cup_z=815mm home_err=1.21rad
[e33rec] step=292500 saved=208 phases={'policy': 15, 'ascend': 1} funnel={'takeover': 426, 'released': 314, 'setdown': 286, 'cycle': 211, 'reset_mid_script': 425}
[e33rec] step=292800 saved=208 phases={'policy': 15, 'ascend': 1} funnel={'takeover': 426, 'released': 314, 'setdown': 286, 'cycle': 211, 'reset_mid_script': 425}
[e33rec] step=293100 saved=208 phases={'policy': 15, 'ascend': 1} funnel={'takeover': 426, 'released': 314, 'setdown': 286, 'cycle': 211, 'reset_mid_script': 425}
[e33rec] step=293400 saved=208 phases={'policy': 15, 'ascend': 1} funnel={'takeover': 426, 'released': 314, 'setdown': 286, 'cycle': 211, 'reset_mid_script': 425}
[death] env=14 in=go_home taskphase=0 cup_tilt=0deg cup_z=810mm home_err=1.32rad
[e33rec] step=293700 saved=208 phases={'policy': 16} funnel={'takeover': 426, 'released': 314, 'setdown': 286, 'cycle': 211, 'reset_mid_script': 426}
[e33rec] step=294000 saved=208 phases={'policy': 14, 'place_descend': 1, 'ascend': 1} funnel={'takeover': 428, 'released': 315, 'setdown': 286, 'cycle': 211, 'reset_mid_script': 426}
[e33rec] step=294300 saved=208 phases={'policy': 13, 'ascend': 3} funnel={'takeover': 429, 'released': 317, 'setdown': 286, 'cycle': 211, 'reset_mid_script': 426}
[e33rec] step=294600 saved=208 phases={'policy': 13, 'ascend': 3} funnel={'takeover': 429, 'released': 317, 'setdown': 286, 'cycle': 211, 'reset_mid_script': 426}
[e33rec] episode 209/320 saved (len=882, env=7)
[e33rec] step=294900 saved=209 phases={'policy': 13, 'ascend': 3} funnel={'takeover': 429, 'released': 317, 'setdown': 287, 'cycle': 212, 'reset_mid_script': 426}
[death] env=15 in=ascend taskphase=0 cup_tilt=0deg cup_z=815mm home_err=1.34rad
[e33rec] step=295200 saved=209 phases={'policy': 14, 'ascend': 2} funnel={'takeover': 429, 'released': 317, 'setdown': 287, 'cycle': 212, 'reset_mid_script': 427}
[death] env=3 in=ascend taskphase=0 cup_tilt=0deg cup_z=815mm home_err=1.31rad
[death] env=11 in=ascend taskphase=0 cup_tilt=0deg cup_z=810mm home_err=2.13rad
[e33rec] step=295500 saved=209 phases={'policy': 13, 'ascend': 3} funnel={'takeover': 432, 'released': 320, 'setdown': 287, 'cycle': 212, 'reset_mid_script': 429}
[e33rec] episode 210/320 saved (len=268, env=13)
[e33rec] step=295800 saved=210 phases={'policy': 13, 'ascend': 1, 'go_home': 2} funnel={'takeover': 432, 'released': 320, 'setdown': 288, 'cycle': 213, 'reset_mid_script': 429}
[e33rec] episode 211/320 saved (len=282, env=2)
[e33rec] step=296100 saved=211 phases={'policy': 13, 'ascend': 1, 'go_home': 2} funnel={'takeover': 432, 'released': 320, 'setdown': 289, 'cycle': 214, 'reset_mid_script': 429}
[e33rec] step=296400 saved=211 phases={'policy': 13, 'ascend': 1, 'go_home': 2} funnel={'takeover': 432, 'released': 320, 'setdown': 289, 'cycle': 214, 'reset_mid_script': 429}
[death] env=10 in=go_home taskphase=0 cup_tilt=0deg cup_z=810mm home_err=1.33rad
[death] env=8 in=ascend taskphase=0 cup_tilt=0deg cup_z=810mm home_err=1.82rad
[death] env=3 in=go_home taskphase=0 cup_tilt=0deg cup_z=815mm home_err=2.68rad
[e33rec] step=296700 saved=211 phases={'policy': 16} funnel={'takeover': 432, 'released': 320, 'setdown': 289, 'cycle': 214, 'reset_mid_script': 432}
[e33rec] step=297000 saved=211 phases={'policy': 16} funnel={'takeover': 432, 'released': 320, 'setdown': 289, 'cycle': 214, 'reset_mid_script': 432}
[e33rec] episode 212/320 saved (len=478, env=3)
[e33rec] episode 213/320 saved (len=584, env=11)
[e33rec] step=297300 saved=213 phases={'policy': 16} funnel={'takeover': 432, 'released': 320, 'setdown': 291, 'cycle': 216, 'reset_mid_script': 432}
[e33rec] step=297600 saved=213 phases={'policy': 16} funnel={'takeover': 432, 'released': 320, 'setdown': 291, 'cycle': 216, 'reset_mid_script': 432}
[e33rec] step=297900 saved=213 phases={'policy': 16} funnel={'takeover': 432, 'released': 320, 'setdown': 291, 'cycle': 216, 'reset_mid_script': 432}
[death] env=10 in=release taskphase=0 cup_tilt=0deg cup_z=815mm home_err=1.29rad
[e33rec] step=298200 saved=213 phases={'policy': 16} funnel={'takeover': 433, 'released': 320, 'setdown': 291, 'cycle': 216, 'reset_mid_script': 433}
[e33rec] episode 214/320 saved (len=276, env=10)
[e33rec] episode 215/320 saved (len=234, env=13)
[e33rec] step=298500 saved=215 phases={'policy': 16} funnel={'takeover': 433, 'released': 320, 'setdown': 293, 'cycle': 218, 'reset_mid_script': 433}
[e33rec] step=298800 saved=215 phases={'policy': 15, 'ascend': 1} funnel={'takeover': 434, 'released': 321, 'setdown': 293, 'cycle': 218, 'reset_mid_script': 433}
[e33rec] step=299100 saved=215 phases={'policy': 15, 'go_home': 1} funnel={'takeover': 434, 'released': 321, 'setdown': 293, 'cycle': 218, 'reset_mid_script': 433}
[e33rec] step=299400 saved=215 phases={'policy': 15, 'go_home': 1} funnel={'takeover': 434, 'released': 321, 'setdown': 293, 'cycle': 218, 'reset_mid_script': 433}
[e33rec] episode 216/320 saved (len=211, env=4)
[e33rec] step=299700 saved=216 phases={'policy': 14, 'ascend': 1, 'go_home': 1} funnel={'takeover': 435, 'released': 322, 'setdown': 294, 'cycle': 219, 'reset_mid_script': 433}
[death] env=2 in=go_home taskphase=0 cup_tilt=0deg cup_z=810mm home_err=1.32rad
[e33rec] step=300000 saved=216 phases={'policy': 15, 'go_home': 1} funnel={'takeover': 435, 'released': 322, 'setdown': 294, 'cycle': 219, 'reset_mid_script': 434}
[e33rec] step=300300 saved=216 phases={'policy': 15, 'go_home': 1} funnel={'takeover': 435, 'released': 322, 'setdown': 294, 'cycle': 219, 'reset_mid_script': 434}
[e33rec] step=300600 saved=216 phases={'policy': 15, 'go_home': 1} funnel={'takeover': 435, 'released': 322, 'setdown': 294, 'cycle': 219, 'reset_mid_script': 434}
[death] env=15 in=go_home taskphase=0 cup_tilt=0deg cup_z=810mm home_err=1.34rad
[e33rec] step=300900 saved=216 phases={'policy': 16} funnel={'takeover': 435, 'released': 322, 'setdown': 294, 'cycle': 219, 'reset_mid_script': 435}
[e33rec] step=301200 saved=216 phases={'policy': 16} funnel={'takeover': 435, 'released': 322, 'setdown': 295, 'cycle': 219, 'reset_mid_script': 435}
[e33rec] step=301500 saved=216 phases={'policy': 15, 'go_home': 1} funnel={'takeover': 436, 'released': 323, 'setdown': 295, 'cycle': 219, 'reset_mid_script': 435}
[e33rec] step=301800 saved=216 phases={'policy': 15, 'go_home': 1} funnel={'takeover': 436, 'released': 323, 'setdown': 295, 'cycle': 219, 'reset_mid_script': 435}
[e33rec] step=302100 saved=216 phases={'policy': 15, 'go_home': 1} funnel={'takeover': 436, 'released': 323, 'setdown': 295, 'cycle': 219, 'reset_mid_script': 435}
[e33rec] step=302400 saved=216 phases={'policy': 15, 'go_home': 1} funnel={'takeover': 436, 'released': 323, 'setdown': 295, 'cycle': 219, 'reset_mid_script': 435}
[death] env=7 in=go_home taskphase=0 cup_tilt=0deg cup_z=810mm home_err=2.79rad
[e33rec] step=302700 saved=216 phases={'policy': 16} funnel={'takeover': 436, 'released': 323, 'setdown': 295, 'cycle': 219, 'reset_mid_script': 436}
[e33rec] step=303000 saved=216 phases={'policy': 16} funnel={'takeover': 436, 'released': 323, 'setdown': 295, 'cycle': 219, 'reset_mid_script': 436}
[e33rec] step=303300 saved=216 phases={'policy': 16} funnel={'takeover': 436, 'released': 323, 'setdown': 295, 'cycle': 219, 'reset_mid_script': 436}
[e33rec] episode 217/320 saved (len=977, env=3)
[e33rec] step=303600 saved=217 phases={'policy': 15, 'go_home': 1} funnel={'takeover': 437, 'released': 324, 'setdown': 296, 'cycle': 220, 'reset_mid_script': 436}
[death] env=4 in=go_home taskphase=0 cup_tilt=0deg cup_z=815mm home_err=1.33rad
[e33rec] step=303900 saved=217 phases={'policy': 15, 'go_home': 1} funnel={'takeover': 438, 'released': 325, 'setdown': 296, 'cycle': 220, 'reset_mid_script': 437}
[e33rec] episode 218/320 saved (len=265, env=11)
[e33rec] step=304200 saved=218 phases={'policy': 14, 'go_home': 2} funnel={'takeover': 439, 'released': 326, 'setdown': 298, 'cycle': 221, 'reset_mid_script': 437}
[e33rec] step=304500 saved=218 phases={'policy': 13, 'ascend': 1, 'go_home': 2} funnel={'takeover': 440, 'released': 327, 'setdown': 298, 'cycle': 221, 'reset_mid_script': 437}
[e33rec] step=304800 saved=218 phases={'policy': 13, 'ascend': 1, 'go_home': 2} funnel={'takeover': 440, 'released': 327, 'setdown': 298, 'cycle': 221, 'reset_mid_script': 437}
[death] env=2 in=go_home taskphase=0 cup_tilt=0deg cup_z=810mm home_err=2.79rad
[e33rec] step=305100 saved=218 phases={'policy': 14, 'ascend': 1, 'go_home': 1} funnel={'takeover': 440, 'released': 327, 'setdown': 298, 'cycle': 221, 'reset_mid_script': 438}
[death] env=4 in=go_home taskphase=0 cup_tilt=0deg cup_z=810mm home_err=1.32rad
[death] env=11 in=ascend taskphase=0 cup_tilt=0deg cup_z=810mm home_err=1.48rad
[e33rec] step=305400 saved=218 phases={'policy': 16} funnel={'takeover': 440, 'released': 327, 'setdown': 298, 'cycle': 221, 'reset_mid_script': 440}
[e33rec] episode 219/320 saved (len=225, env=3)
[e33rec] step=305700 saved=219 phases={'policy': 16} funnel={'takeover': 440, 'released': 327, 'setdown': 299, 'cycle': 222, 'reset_mid_script': 440}
[e33rec] step=306000 saved=219 phases={'policy': 16} funnel={'takeover': 440, 'released': 327, 'setdown': 299, 'cycle': 222, 'reset_mid_script': 440}
[e33rec] step=306300 saved=219 phases={'policy': 15, 'ascend': 1} funnel={'takeover': 441, 'released': 328, 'setdown': 300, 'cycle': 222, 'reset_mid_script': 440}
[e33rec] step=306600 saved=219 phases={'policy': 15, 'ascend': 1} funnel={'takeover': 441, 'released': 328, 'setdown': 300, 'cycle': 222, 'reset_mid_script': 440}
[death] env=10 in=ascend taskphase=0 cup_tilt=0deg cup_z=815mm home_err=1.10rad
[e33rec] step=306900 saved=219 phases={'policy': 16} funnel={'takeover': 441, 'released': 328, 'setdown': 300, 'cycle': 222, 'reset_mid_script': 441}
[e33rec] episode 220/320 saved (len=237, env=2)
[e33rec] step=307200 saved=220 phases={'policy': 15, 'ascend': 1} funnel={'takeover': 442, 'released': 329, 'setdown': 301, 'cycle': 223, 'reset_mid_script': 441}
[e33rec] step=307500 saved=220 phases={'policy': 15, 'ascend': 1} funnel={'takeover': 442, 'released': 329, 'setdown': 301, 'cycle': 223, 'reset_mid_script': 441}
[e33rec] step=307800 saved=220 phases={'policy': 15, 'ascend': 1} funnel={'takeover': 442, 'released': 329, 'setdown': 301, 'cycle': 223, 'reset_mid_script': 441}
[e33rec] step=308100 saved=220 phases={'policy': 15, 'ascend': 1} funnel={'takeover': 442, 'released': 329, 'setdown': 301, 'cycle': 223, 'reset_mid_script': 441}
[e33rec] episode 221/320 saved (len=242, env=15)
[death] env=13 in=ascend taskphase=0 cup_tilt=0deg cup_z=815mm home_err=1.46rad
[e33rec] step=308400 saved=221 phases={'policy': 16} funnel={'takeover': 442, 'released': 329, 'setdown': 302, 'cycle': 224, 'reset_mid_script': 442}
[e33rec] step=308700 saved=221 phases={'policy': 15, 'ascend': 1} funnel={'takeover': 443, 'released': 330, 'setdown': 302, 'cycle': 224, 'reset_mid_script': 442}
[e33rec] step=309000 saved=221 phases={'policy': 15, 'ascend': 1} funnel={'takeover': 443, 'released': 330, 'setdown': 302, 'cycle': 224, 'reset_mid_script': 442}
[e33rec] step=309300 saved=221 phases={'policy': 14, 'ascend': 1, 'yaw_home': 1} funnel={'takeover': 444, 'released': 331, 'setdown': 302, 'cycle': 224, 'reset_mid_script': 442}
[death] env=8 in=go_home taskphase=0 cup_tilt=0deg cup_z=810mm home_err=1.33rad
[e33rec] step=309600 saved=221 phases={'policy': 15, 'ascend': 1} funnel={'takeover': 444, 'released': 331, 'setdown': 302, 'cycle': 224, 'reset_mid_script': 443}
[death] env=7 in=ascend taskphase=0 cup_tilt=0deg cup_z=810mm home_err=2.55rad
[e33rec] episode 222/320 saved (len=184, env=8)
[e33rec] step=309900 saved=222 phases={'policy': 16} funnel={'takeover': 444, 'released': 331, 'setdown': 303, 'cycle': 225, 'reset_mid_script': 444}
[e33rec] episode 223/320 saved (len=295, env=11)
[e33rec] step=310200 saved=223 phases={'policy': 15, 'ascend': 1} funnel={'takeover': 445, 'released': 332, 'setdown': 304, 'cycle': 226, 'reset_mid_script': 444}
[e33rec] step=310500 saved=223 phases={'policy': 15, 'go_home': 1} funnel={'takeover': 445, 'released': 332, 'setdown': 304, 'cycle': 226, 'reset_mid_script': 444}
[e33rec] step=310800 saved=223 phases={'policy': 15, 'go_home': 1} funnel={'takeover': 445, 'released': 332, 'setdown': 304, 'cycle': 226, 'reset_mid_script': 444}
[e33rec] step=311100 saved=223 phases={'policy': 15, 'go_home': 1} funnel={'takeover': 445, 'released': 332, 'setdown': 304, 'cycle': 226, 'reset_mid_script': 444}
[death] env=7 in=go_home taskphase=0 cup_tilt=0deg cup_z=810mm home_err=1.33rad
[e33rec] step=311400 saved=223 phases={'policy': 15, 'ascend': 1} funnel={'takeover': 446, 'released': 333, 'setdown': 304, 'cycle': 226, 'reset_mid_script': 445}
[e33rec] step=311700 saved=223 phases={'policy': 14, 'ascend': 1, 'go_home': 1} funnel={'takeover': 447, 'released': 334, 'setdown': 304, 'cycle': 226, 'reset_mid_script': 445}
[e33rec] step=312000 saved=223 phases={'policy': 14, 'ascend': 1, 'go_home': 1} funnel={'takeover': 447, 'released': 334, 'setdown': 304, 'cycle': 226, 'reset_mid_script': 445}
[e33rec] episode 224/320 saved (len=1016, env=7)
[e33rec] step=312300 saved=224 phases={'policy': 14, 'ascend': 1, 'go_home': 1} funnel={'takeover': 447, 'released': 334, 'setdown': 305, 'cycle': 227, 'reset_mid_script': 445}
[death] env=4 in=go_home taskphase=0 cup_tilt=0deg cup_z=815mm home_err=1.33rad
[e33rec] step=312600 saved=224 phases={'policy': 15, 'ascend': 1} funnel={'takeover': 447, 'released': 334, 'setdown': 305, 'cycle': 227, 'reset_mid_script': 446}
[death] env=11 in=ascend taskphase=0 cup_tilt=0deg cup_z=810mm home_err=1.57rad
[e33rec] episode 225/320 saved (len=260, env=3)
[e33rec] step=312900 saved=225 phases={'policy': 15, 'ascend': 1} funnel={'takeover': 448, 'released': 335, 'setdown': 306, 'cycle': 228, 'reset_mid_script': 447}
[e33rec] step=313200 saved=225 phases={'policy': 14, 'ascend': 2} funnel={'takeover': 449, 'released': 336, 'setdown': 306, 'cycle': 228, 'reset_mid_script': 447}
[e33rec] step=313500 saved=225 phases={'policy': 14, 'ascend': 1, 'go_home': 1} funnel={'takeover': 449, 'released': 336, 'setdown': 306, 'cycle': 228, 'reset_mid_script': 447}
[e33rec] step=313800 saved=225 phases={'policy': 14, 'ascend': 1, 'go_home': 1} funnel={'takeover': 449, 'released': 336, 'setdown': 306, 'cycle': 228, 'reset_mid_script': 447}
[death] env=8 in=ascend taskphase=0 cup_tilt=0deg cup_z=815mm home_err=1.45rad
[e33rec] step=314100 saved=225 phases={'policy': 15, 'go_home': 1} funnel={'takeover': 449, 'released': 336, 'setdown': 306, 'cycle': 228, 'reset_mid_script': 448}
[death] env=11 in=go_home taskphase=0 cup_tilt=0deg cup_z=810mm home_err=1.39rad
[e33rec] episode 226/320 saved (len=266, env=3)
[e33rec] episode 227/320 saved (len=306, env=4)
[e33rec] episode 228/320 saved (len=278, env=7)
[e33rec] step=314400 saved=228 phases={'policy': 16} funnel={'takeover': 449, 'released': 336, 'setdown': 309, 'cycle': 231, 'reset_mid_script': 449}
[e33rec] step=314700 saved=228 phases={'policy': 16} funnel={'takeover': 449, 'released': 336, 'setdown': 309, 'cycle': 231, 'reset_mid_script': 449}
[e33rec] step=315000 saved=228 phases={'policy': 16} funnel={'takeover': 449, 'released': 336, 'setdown': 309, 'cycle': 231, 'reset_mid_script': 449}
[e33rec] step=315300 saved=228 phases={'policy': 16} funnel={'takeover': 449, 'released': 336, 'setdown': 309, 'cycle': 231, 'reset_mid_script': 449}
[e33rec] step=315600 saved=228 phases={'policy': 16} funnel={'takeover': 449, 'released': 336, 'setdown': 309, 'cycle': 231, 'reset_mid_script': 449}
[e33rec] episode 229/320 saved (len=244, env=4)
[e33rec] step=315900 saved=229 phases={'policy': 16} funnel={'takeover': 449, 'released': 336, 'setdown': 310, 'cycle': 232, 'reset_mid_script': 449}
[e33rec] step=316200 saved=229 phases={'policy': 16} funnel={'takeover': 449, 'released': 336, 'setdown': 310, 'cycle': 232, 'reset_mid_script': 449}
[e33rec] step=316500 saved=229 phases={'policy': 16} funnel={'takeover': 449, 'released': 336, 'setdown': 310, 'cycle': 232, 'reset_mid_script': 449}
[e33rec] step=316800 saved=229 phases={'policy': 16} funnel={'takeover': 449, 'released': 336, 'setdown': 310, 'cycle': 232, 'reset_mid_script': 449}
[e33rec] episode 230/320 saved (len=384, env=10)
[e33rec] step=317100 saved=230 phases={'policy': 16} funnel={'takeover': 450, 'released': 336, 'setdown': 311, 'cycle': 233, 'reset_mid_script': 449}
[e33rec] step=317400 saved=230 phases={'policy': 15, 'ascend': 1} funnel={'takeover': 451, 'released': 336, 'setdown': 312, 'cycle': 233, 'reset_mid_script': 449}
[e33rec] step=317700 saved=230 phases={'policy': 14, 'place_descend': 1, 'ascend': 1} funnel={'takeover': 452, 'released': 336, 'setdown': 313, 'cycle': 233, 'reset_mid_script': 449}
[e33rec] step=318000 saved=230 phases={'policy': 13, 'ascend': 3} funnel={'takeover': 453, 'released': 338, 'setdown': 313, 'cycle': 233, 'reset_mid_script': 449}
[e33rec] step=318300 saved=230 phases={'policy': 13, 'ascend': 2, 'go_home': 1} funnel={'takeover': 453, 'released': 338, 'setdown': 313, 'cycle': 233, 'reset_mid_script': 449}
[death] env=7 in=ascend taskphase=0 cup_tilt=0deg cup_z=815mm home_err=1.11rad
[e33rec] step=318600 saved=230 phases={'policy': 13, 'ascend': 1, 'go_home': 2} funnel={'takeover': 454, 'released': 339, 'setdown': 313, 'cycle': 233, 'reset_mid_script': 450}
[death] env=11 in=go_home taskphase=0 cup_tilt=0deg cup_z=815mm home_err=1.34rad
[death] env=4 in=ascend taskphase=0 cup_tilt=0deg cup_z=810mm home_err=1.58rad
[e33rec] step=318900 saved=230 phases={'policy': 15, 'go_home': 1} funnel={'takeover': 454, 'released': 339, 'setdown': 313, 'cycle': 233, 'reset_mid_script': 452}
[e33rec] step=319200 saved=230 phases={'policy': 15, 'go_home': 1} funnel={'takeover': 454, 'released': 339, 'setdown': 313, 'cycle': 233, 'reset_mid_script': 452}
[e33rec] step=319500 saved=230 phases={'policy': 15, 'go_home': 1} funnel={'takeover': 454, 'released': 339, 'setdown': 313, 'cycle': 233, 'reset_mid_script': 452}
[death] env=10 in=go_home taskphase=0 cup_tilt=0deg cup_z=810mm home_err=1.33rad
[e33rec] episode 231/320 saved (len=842, env=11)
[death] env=13 in=yaw_home taskphase=0 cup_tilt=0deg cup_z=815mm home_err=1.27rad
[e33rec] step=319800 saved=231 phases={'policy': 16} funnel={'takeover': 455, 'released': 340, 'setdown': 315, 'cycle': 234, 'reset_mid_script': 454}
[e33rec] step=320100 saved=231 phases={'policy': 15, 'ascend': 1} funnel={'takeover': 456, 'released': 340, 'setdown': 315, 'cycle': 234, 'reset_mid_script': 454}
[e33rec] step=320400 saved=231 phases={'policy': 15, 'ascend': 1} funnel={'takeover': 456, 'released': 340, 'setdown': 315, 'cycle': 234, 'reset_mid_script': 454}
[e33rec] step=320700 saved=231 phases={'policy': 15, 'ascend': 1} funnel={'takeover': 456, 'released': 340, 'setdown': 315, 'cycle': 234, 'reset_mid_script': 454}
[e33rec] step=321000 saved=231 phases={'policy': 15, 'ascend': 1} funnel={'takeover': 456, 'released': 340, 'setdown': 315, 'cycle': 234, 'reset_mid_script': 454}
[death] env=3 in=ascend taskphase=0 cup_tilt=0deg cup_z=810mm home_err=1.62rad
[e33rec] step=321300 saved=231 phases={'policy': 16} funnel={'takeover': 456, 'released': 340, 'setdown': 315, 'cycle': 234, 'reset_mid_script': 455}
[e33rec] step=321600 saved=231 phases={'policy': 16} funnel={'takeover': 456, 'released': 340, 'setdown': 316, 'cycle': 234, 'reset_mid_script': 455}
[e33rec] episode 232/320 saved (len=438, env=13)
[e33rec] step=321900 saved=232 phases={'policy': 16} funnel={'takeover': 456, 'released': 340, 'setdown': 316, 'cycle': 235, 'reset_mid_script': 455}
[e33rec] episode 233/320 saved (len=240, env=4)
[e33rec] step=322200 saved=233 phases={'policy': 16} funnel={'takeover': 456, 'released': 340, 'setdown': 317, 'cycle': 236, 'reset_mid_script': 455}
[e33rec] step=322500 saved=233 phases={'policy': 16} funnel={'takeover': 456, 'released': 340, 'setdown': 317, 'cycle': 236, 'reset_mid_script': 455}
[e33rec] step=322800 saved=233 phases={'policy': 16} funnel={'takeover': 456, 'released': 340, 'setdown': 317, 'cycle': 236, 'reset_mid_script': 455}
[e33rec] step=323100 saved=233 phases={'policy': 16} funnel={'takeover': 456, 'released': 340, 'setdown': 317, 'cycle': 236, 'reset_mid_script': 455}
[e33rec] step=323400 saved=233 phases={'policy': 16} funnel={'takeover': 456, 'released': 340, 'setdown': 317, 'cycle': 236, 'reset_mid_script': 455}
[e33rec] episode 234/320 saved (len=433, env=4)
[e33rec] step=323700 saved=234 phases={'policy': 16} funnel={'takeover': 456, 'released': 340, 'setdown': 318, 'cycle': 237, 'reset_mid_script': 455}
[e33rec] step=324000 saved=234 phases={'policy': 16} funnel={'takeover': 456, 'released': 340, 'setdown': 318, 'cycle': 237, 'reset_mid_script': 455}
[e33rec] step=324300 saved=234 phases={'policy': 16} funnel={'takeover': 456, 'released': 340, 'setdown': 318, 'cycle': 237, 'reset_mid_script': 455}
[e33rec] step=324600 saved=234 phases={'policy': 15, 'go_home': 1} funnel={'takeover': 457, 'released': 341, 'setdown': 318, 'cycle': 237, 'reset_mid_script': 455}
[e33rec] step=324900 saved=234 phases={'policy': 15, 'go_home': 1} funnel={'takeover': 457, 'released': 341, 'setdown': 318, 'cycle': 237, 'reset_mid_script': 455}
[e33rec] step=325200 saved=234 phases={'policy': 14, 'yaw_home': 1, 'go_home': 1} funnel={'takeover': 458, 'released': 342, 'setdown': 318, 'cycle': 237, 'reset_mid_script': 455}
[death] env=8 in=go_home taskphase=0 cup_tilt=0deg cup_z=810mm home_err=1.35rad
[e33rec] step=325500 saved=234 phases={'policy': 15, 'go_home': 1} funnel={'takeover': 458, 'released': 342, 'setdown': 318, 'cycle': 237, 'reset_mid_script': 456}
[e33rec] episode 235/320 saved (len=255, env=8)
[e33rec] step=325800 saved=235 phases={'policy': 15, 'go_home': 1} funnel={'takeover': 458, 'released': 342, 'setdown': 319, 'cycle': 238, 'reset_mid_script': 456}
[death] env=4 in=go_home taskphase=0 cup_tilt=0deg cup_z=810mm home_err=1.33rad
[e33rec] step=326100 saved=235 phases={'policy': 16} funnel={'takeover': 458, 'released': 342, 'setdown': 319, 'cycle': 238, 'reset_mid_script': 457}
[e33rec] episode 236/320 saved (len=601, env=8)
[e33rec] step=326400 saved=236 phases={'policy': 16} funnel={'takeover': 458, 'released': 342, 'setdown': 320, 'cycle': 239, 'reset_mid_script': 457}
[e33rec] step=326700 saved=236 phases={'policy': 16} funnel={'takeover': 458, 'released': 342, 'setdown': 320, 'cycle': 239, 'reset_mid_script': 457}
[e33rec] step=327000 saved=236 phases={'policy': 16} funnel={'takeover': 458, 'released': 342, 'setdown': 320, 'cycle': 239, 'reset_mid_script': 457}
[e33rec] step=327300 saved=236 phases={'policy': 15, 'ascend': 1} funnel={'takeover': 459, 'released': 343, 'setdown': 320, 'cycle': 239, 'reset_mid_script': 457}
[e33rec] step=327600 saved=236 phases={'policy': 15, 'ascend': 1} funnel={'takeover': 459, 'released': 343, 'setdown': 320, 'cycle': 239, 'reset_mid_script': 457}
[e33rec] step=327900 saved=236 phases={'policy': 15, 'ascend': 1} funnel={'takeover': 459, 'released': 343, 'setdown': 320, 'cycle': 239, 'reset_mid_script': 457}
[e33rec] step=328200 saved=236 phases={'policy': 15, 'ascend': 1} funnel={'takeover': 459, 'released': 343, 'setdown': 320, 'cycle': 239, 'reset_mid_script': 457}
[death] env=7 in=ascend taskphase=0 cup_tilt=0deg cup_z=810mm home_err=1.65rad
[e33rec] step=328500 saved=236 phases={'policy': 16} funnel={'takeover': 459, 'released': 343, 'setdown': 320, 'cycle': 239, 'reset_mid_script': 458}
[e33rec] step=328800 saved=236 phases={'policy': 15, 'release': 1} funnel={'takeover': 460, 'released': 343, 'setdown': 320, 'cycle': 239, 'reset_mid_script': 458}
[e33rec] step=329100 saved=236 phases={'policy': 15, 'go_home': 1} funnel={'takeover': 460, 'released': 343, 'setdown': 320, 'cycle': 239, 'reset_mid_script': 458}
[e33rec] step=329400 saved=236 phases={'policy': 14, 'go_home': 2} funnel={'takeover': 461, 'released': 344, 'setdown': 321, 'cycle': 239, 'reset_mid_script': 458}
[e33rec] step=329700 saved=236 phases={'policy': 14, 'go_home': 2} funnel={'takeover': 461, 'released': 344, 'setdown': 321, 'cycle': 239, 'reset_mid_script': 458}
[death] env=7 in=go_home taskphase=0 cup_tilt=0deg cup_z=818mm home_err=2.79rad
[e33rec] step=330000 saved=236 phases={'policy': 14, 'ascend': 1, 'go_home': 1} funnel={'takeover': 462, 'released': 344, 'setdown': 321, 'cycle': 239, 'reset_mid_script': 459}
[death] env=6 in=go_home taskphase=0 cup_tilt=0deg cup_z=810mm home_err=2.79rad
[e33rec] step=330300 saved=236 phases={'policy': 14, 'ascend': 1, 'go_home': 1} funnel={'takeover': 463, 'released': 345, 'setdown': 321, 'cycle': 239, 'reset_mid_script': 460}
[e33rec] episode 237/320 saved (len=210, env=4)
[e33rec] step=330600 saved=237 phases={'policy': 14, 'ascend': 1, 'go_home': 1} funnel={'takeover': 463, 'released': 345, 'setdown': 322, 'cycle': 240, 'reset_mid_script': 460}
[e33rec] step=330900 saved=237 phases={'policy': 14, 'ascend': 1, 'go_home': 1} funnel={'takeover': 463, 'released': 345, 'setdown': 322, 'cycle': 240, 'reset_mid_script': 460}
[death] env=15 in=ascend taskphase=0 cup_tilt=0deg cup_z=810mm home_err=1.26rad
[e33rec] step=331200 saved=237 phases={'policy': 15, 'go_home': 1} funnel={'takeover': 463, 'released': 345, 'setdown': 322, 'cycle': 240, 'reset_mid_script': 461}
[death] env=2 in=go_home taskphase=0 cup_tilt=0deg cup_z=815mm home_err=1.36rad
[e33rec] episode 238/320 saved (len=273, env=8)
[e33rec] step=331500 saved=238 phases={'policy': 16} funnel={'takeover': 463, 'released': 345, 'setdown': 323, 'cycle': 241, 'reset_mid_script': 462}
[e33rec] step=331800 saved=238 phases={'policy': 16} funnel={'takeover': 463, 'released': 345, 'setdown': 323, 'cycle': 241, 'reset_mid_script': 462}
[e33rec] episode 239/320 saved (len=967, env=15)
[e33rec] step=332100 saved=239 phases={'policy': 15, 'ascend': 1} funnel={'takeover': 464, 'released': 346, 'setdown': 324, 'cycle': 242, 'reset_mid_script': 462}
[e33rec] step=332400 saved=239 phases={'policy': 15, 'go_home': 1} funnel={'takeover': 464, 'released': 346, 'setdown': 324, 'cycle': 242, 'reset_mid_script': 462}
[e33rec] episode 240/320 saved (len=214, env=15)
[e33rec] step=332700 saved=240 phases={'policy': 15, 'go_home': 1} funnel={'takeover': 464, 'released': 346, 'setdown': 325, 'cycle': 243, 'reset_mid_script': 462}
[e33rec] episode 241/320 saved (len=245, env=10)
[e33rec] step=333000 saved=241 phases={'policy': 15, 'go_home': 1} funnel={'takeover': 464, 'released': 346, 'setdown': 326, 'cycle': 244, 'reset_mid_script': 462}
[death] env=11 in=go_home taskphase=0 cup_tilt=0deg cup_z=810mm home_err=1.32rad
[e33rec] step=333300 saved=241 phases={'policy': 16} funnel={'takeover': 464, 'released': 346, 'setdown': 326, 'cycle': 244, 'reset_mid_script': 463}
[e33rec] episode 242/320 saved (len=677, env=2)
[e33rec] step=333600 saved=242 phases={'policy': 16} funnel={'takeover': 464, 'released': 346, 'setdown': 327, 'cycle': 245, 'reset_mid_script': 463}
[e33rec] step=333900 saved=242 phases={'policy': 16} funnel={'takeover': 464, 'released': 346, 'setdown': 327, 'cycle': 245, 'reset_mid_script': 463}
[e33rec] step=334200 saved=242 phases={'policy': 16} funnel={'takeover': 464, 'released': 346, 'setdown': 327, 'cycle': 245, 'reset_mid_script': 463}
[e33rec] step=334500 saved=242 phases={'policy': 16} funnel={'takeover': 464, 'released': 346, 'setdown': 327, 'cycle': 245, 'reset_mid_script': 463}
[e33rec] step=334800 saved=242 phases={'policy': 14, 'ascend': 2} funnel={'takeover': 466, 'released': 348, 'setdown': 328, 'cycle': 245, 'reset_mid_script': 463}
[e33rec] step=335100 saved=242 phases={'policy': 13, 'ascend': 2, 'go_home': 1} funnel={'takeover': 467, 'released': 349, 'setdown': 328, 'cycle': 245, 'reset_mid_script': 463}
[e33rec] step=335400 saved=242 phases={'policy': 13, 'ascend': 1, 'go_home': 2} funnel={'takeover': 467, 'released': 349, 'setdown': 328, 'cycle': 245, 'reset_mid_script': 463}
[death] env=2 in=go_home taskphase=0 cup_tilt=0deg cup_z=815mm home_err=1.33rad
[death] env=13 in=ascend taskphase=0 cup_tilt=0deg cup_z=815mm home_err=1.76rad
[e33rec] step=335700 saved=242 phases={'policy': 14, 'ascend': 1, 'go_home': 1} funnel={'takeover': 468, 'released': 350, 'setdown': 328, 'cycle': 245, 'reset_mid_script': 465}
[e33rec] step=336000 saved=242 phases={'policy': 14, 'ascend': 1, 'go_home': 1} funnel={'takeover': 468, 'released': 350, 'setdown': 328, 'cycle': 245, 'reset_mid_script': 465}
[death] env=4 in=go_home taskphase=0 cup_tilt=0deg cup_z=815mm home_err=1.33rad
[e33rec] step=336300 saved=242 phases={'policy': 14, 'release': 1, 'ascend': 1} funnel={'takeover': 469, 'released': 350, 'setdown': 328, 'cycle': 245, 'reset_mid_script': 466}
[e33rec] step=336600 saved=242 phases={'policy': 14, 'ascend': 2} funnel={'takeover': 469, 'released': 350, 'setdown': 328, 'cycle': 245, 'reset_mid_script': 466}
[death] env=10 in=ascend taskphase=0 cup_tilt=0deg cup_z=810mm home_err=1.88rad
[e33rec] step=336900 saved=242 phases={'policy': 15, 'ascend': 1} funnel={'takeover': 469, 'released': 350, 'setdown': 328, 'cycle': 245, 'reset_mid_script': 467}
[e33rec] step=337200 saved=242 phases={'policy': 15, 'ascend': 1} funnel={'takeover': 469, 'released': 350, 'setdown': 328, 'cycle': 245, 'reset_mid_script': 467}
[death] env=6 in=ascend taskphase=0 cup_tilt=0deg cup_z=810mm home_err=1.33rad
[e33rec] step=337500 saved=242 phases={'policy': 16} funnel={'takeover': 469, 'released': 350, 'setdown': 328, 'cycle': 245, 'reset_mid_script': 468}
[e33rec] step=337800 saved=242 phases={'policy': 15, 'ascend': 1} funnel={'takeover': 470, 'released': 350, 'setdown': 328, 'cycle': 245, 'reset_mid_script': 468}
[e33rec] step=338100 saved=242 phases={'policy': 15, 'ascend': 1} funnel={'takeover': 470, 'released': 350, 'setdown': 328, 'cycle': 245, 'reset_mid_script': 468}
[e33rec] step=338400 saved=242 phases={'policy': 15, 'ascend': 1} funnel={'takeover': 470, 'released': 350, 'setdown': 328, 'cycle': 245, 'reset_mid_script': 468}
[e33rec] episode 243/320 saved (len=390, env=15)
[e33rec] episode 244/320 saved (len=354, env=10)
[e33rec] step=338700 saved=244 phases={'policy': 15, 'ascend': 1} funnel={'takeover': 470, 'released': 350, 'setdown': 330, 'cycle': 247, 'reset_mid_script': 468}
[death] env=6 in=ascend taskphase=0 cup_tilt=0deg cup_z=810mm home_err=1.22rad
[e33rec] step=339000 saved=244 phases={'policy': 16} funnel={'takeover': 470, 'released': 350, 'setdown': 330, 'cycle': 247, 'reset_mid_script': 469}
[e33rec] step=339300 saved=244 phases={'policy': 16} funnel={'takeover': 470, 'released': 350, 'setdown': 330, 'cycle': 247, 'reset_mid_script': 469}
[e33rec] step=339600 saved=244 phases={'policy': 16} funnel={'takeover': 470, 'released': 350, 'setdown': 330, 'cycle': 247, 'reset_mid_script': 469}
[e33rec] step=339900 saved=244 phases={'policy': 16} funnel={'takeover': 470, 'released': 350, 'setdown': 330, 'cycle': 247, 'reset_mid_script': 469}
[e33rec] episode 245/320 saved (len=1086, env=11)
[e33rec] step=340200 saved=245 phases={'policy': 15, 'ascend': 1} funnel={'takeover': 471, 'released': 351, 'setdown': 331, 'cycle': 248, 'reset_mid_script': 469}
[e33rec] episode 246/320 saved (len=746, env=15)
[e33rec] step=340500 saved=246 phases={'policy': 15, 'ascend': 1} funnel={'takeover': 471, 'released': 351, 'setdown': 332, 'cycle': 249, 'reset_mid_script': 469}
[e33rec] step=340800 saved=246 phases={'policy': 15, 'ascend': 1} funnel={'takeover': 471, 'released': 351, 'setdown': 332, 'cycle': 249, 'reset_mid_script': 469}
[e33rec] step=341100 saved=246 phases={'policy': 14, 'ascend': 1, 'go_home': 1} funnel={'takeover': 472, 'released': 352, 'setdown': 332, 'cycle': 249, 'reset_mid_script': 469}
[death] env=10 in=ascend taskphase=0 cup_tilt=0deg cup_z=810mm home_err=1.40rad
[e33rec] step=341400 saved=246 phases={'policy': 15, 'go_home': 1} funnel={'takeover': 472, 'released': 352, 'setdown': 332, 'cycle': 249, 'reset_mid_script': 470}
[e33rec] step=341700 saved=246 phases={'policy': 14, 'ascend': 1, 'go_home': 1} funnel={'takeover': 473, 'released': 353, 'setdown': 332, 'cycle': 249, 'reset_mid_script': 470}
[death] env=11 in=go_home taskphase=0 cup_tilt=0deg cup_z=810mm home_err=1.32rad
[e33rec] step=342000 saved=246 phases={'policy': 15, 'go_home': 1} funnel={'takeover': 473, 'released': 353, 'setdown': 332, 'cycle': 249, 'reset_mid_script': 471}
[e33rec] step=342300 saved=246 phases={'policy': 15, 'go_home': 1} funnel={'takeover': 473, 'released': 353, 'setdown': 332, 'cycle': 249, 'reset_mid_script': 471}
[e33rec] step=342600 saved=246 phases={'policy': 15, 'go_home': 1} funnel={'takeover': 473, 'released': 353, 'setdown': 332, 'cycle': 249, 'reset_mid_script': 471}
[death] env=2 in=go_home taskphase=0 cup_tilt=0deg cup_z=815mm home_err=1.32rad
[e33rec] step=342900 saved=246 phases={'policy': 15, 'ascend': 1} funnel={'takeover': 474, 'released': 354, 'setdown': 332, 'cycle': 249, 'reset_mid_script': 472}
[e33rec] episode 247/320 saved (len=283, env=7)
[e33rec] step=343200 saved=247 phases={'policy': 15, 'ascend': 1} funnel={'takeover': 474, 'released': 354, 'setdown': 333, 'cycle': 250, 'reset_mid_script': 472}
[e33rec] episode 248/320 saved (len=202, env=4)
[e33rec] step=343500 saved=248 phases={'policy': 15, 'ascend': 1} funnel={'takeover': 474, 'released': 354, 'setdown': 334, 'cycle': 251, 'reset_mid_script': 472}
[e33rec] step=343800 saved=248 phases={'policy': 15, 'ascend': 1} funnel={'takeover': 474, 'released': 354, 'setdown': 334, 'cycle': 251, 'reset_mid_script': 472}
[death] env=10 in=ascend taskphase=0 cup_tilt=0deg cup_z=810mm home_err=2.56rad
[e33rec] step=344100 saved=248 phases={'policy': 16} funnel={'takeover': 474, 'released': 354, 'setdown': 334, 'cycle': 251, 'reset_mid_script': 473}
[e33rec] episode 249/320 saved (len=279, env=10)
[e33rec] step=344400 saved=249 phases={'policy': 15, 'place_descend': 1} funnel={'takeover': 475, 'released': 354, 'setdown': 335, 'cycle': 252, 'reset_mid_script': 473}
[e33rec] episode 250/320 saved (len=349, env=8)
[e33rec] step=344700 saved=250 phases={'policy': 15, 'ascend': 1} funnel={'takeover': 475, 'released': 355, 'setdown': 336, 'cycle': 253, 'reset_mid_script': 473}
[death] env=11 in=ascend taskphase=0 cup_tilt=0deg cup_z=815mm home_err=1.52rad
[e33rec] step=345000 saved=250 phases={'policy': 16} funnel={'takeover': 475, 'released': 355, 'setdown': 336, 'cycle': 253, 'reset_mid_script': 474}
[e33rec] step=345300 saved=250 phases={'policy': 15, 'go_home': 1} funnel={'takeover': 476, 'released': 356, 'setdown': 336, 'cycle': 253, 'reset_mid_script': 474}
[e33rec] step=345600 saved=250 phases={'policy': 15, 'go_home': 1} funnel={'takeover': 476, 'released': 356, 'setdown': 336, 'cycle': 253, 'reset_mid_script': 474}
[e33rec] step=345900 saved=250 phases={'policy': 14, 'place_descend': 1, 'go_home': 1} funnel={'takeover': 477, 'released': 356, 'setdown': 336, 'cycle': 253, 'reset_mid_script': 474}
[death] env=4 in=go_home taskphase=0 cup_tilt=0deg cup_z=815mm home_err=1.35rad
[e33rec] step=346200 saved=250 phases={'policy': 14, 'ascend': 1, 'go_home': 1} funnel={'takeover': 478, 'released': 358, 'setdown': 336, 'cycle': 253, 'reset_mid_script': 475}
[e33rec] step=346500 saved=250 phases={'policy': 13, 'ascend': 1, 'go_home': 2} funnel={'takeover': 479, 'released': 359, 'setdown': 336, 'cycle': 253, 'reset_mid_script': 475}
[e33rec] step=346800 saved=250 phases={'policy': 13, 'ascend': 1, 'go_home': 2} funnel={'takeover': 479, 'released': 359, 'setdown': 336, 'cycle': 253, 'reset_mid_script': 475}
[death] env=15 in=ascend taskphase=0 cup_tilt=0deg cup_z=815mm home_err=1.41rad
[e33rec] step=347100 saved=250 phases={'policy': 14, 'go_home': 2} funnel={'takeover': 479, 'released': 359, 'setdown': 336, 'cycle': 253, 'reset_mid_script': 476}
[death] env=7 in=go_home taskphase=0 cup_tilt=0deg cup_z=815mm home_err=2.68rad
[e33rec] step=347400 saved=250 phases={'policy': 13, 'ascend': 2, 'go_home': 1} funnel={'takeover': 481, 'released': 361, 'setdown': 336, 'cycle': 253, 'reset_mid_script': 477}
[death] env=6 in=go_home taskphase=0 cup_tilt=0deg cup_z=810mm home_err=2.79rad
[e33rec] step=347700 saved=250 phases={'policy': 14, 'ascend': 1, 'go_home': 1} funnel={'takeover': 481, 'released': 361, 'setdown': 336, 'cycle': 253, 'reset_mid_script': 478}
[e33rec] step=348000 saved=250 phases={'policy': 12, 'place_descend': 1, 'ascend': 2, 'go_home': 1} funnel={'takeover': 483, 'released': 362, 'setdown': 337, 'cycle': 253, 'reset_mid_script': 478}
[e33rec] step=348300 saved=250 phases={'policy': 12, 'ascend': 3, 'go_home': 1} funnel={'takeover': 483, 'released': 363, 'setdown': 337, 'cycle': 253, 'reset_mid_script': 478}
[death] env=10 in=ascend taskphase=0 cup_tilt=0deg cup_z=810mm home_err=1.44rad
[death] env=3 in=go_home taskphase=0 cup_tilt=0deg cup_z=810mm home_err=1.32rad
[death] env=2 in=go_home taskphase=0 cup_tilt=0deg cup_z=810mm home_err=2.79rad
[e33rec] step=348600 saved=250 phases={'policy': 15, 'go_home': 1} funnel={'takeover': 483, 'released': 363, 'setdown': 337, 'cycle': 253, 'reset_mid_script': 481}
[e33rec] step=348900 saved=250 phases={'policy': 14, 'release': 1, 'go_home': 1} funnel={'takeover': 484, 'released': 363, 'setdown': 337, 'cycle': 253, 'reset_mid_script': 481}
[death] env=4 in=go_home taskphase=0 cup_tilt=0deg cup_z=815mm home_err=1.33rad
[e33rec] step=349200 saved=250 phases={'policy': 15, 'ascend': 1} funnel={'takeover': 484, 'released': 363, 'setdown': 337, 'cycle': 253, 'reset_mid_script': 482}
[e33rec] episode 251/320 saved (len=424, env=11)
[e33rec] step=349500 saved=251 phases={'policy': 15, 'ascend': 1} funnel={'takeover': 484, 'released': 363, 'setdown': 338, 'cycle': 254, 'reset_mid_script': 482}
[e33rec] step=349800 saved=251 phases={'policy': 15, 'ascend': 1} funnel={'takeover': 484, 'released': 363, 'setdown': 338, 'cycle': 254, 'reset_mid_script': 482}
[death] env=7 in=ascend taskphase=0 cup_tilt=0deg cup_z=815mm home_err=1.23rad
[e33rec] step=350100 saved=251 phases={'policy': 16} funnel={'takeover': 484, 'released': 363, 'setdown': 338, 'cycle': 254, 'reset_mid_script': 483}
[e33rec] episode 252/320 saved (len=226, env=3)
[e33rec] step=350400 saved=252 phases={'policy': 15, 'place_descend': 1} funnel={'takeover': 485, 'released': 363, 'setdown': 339, 'cycle': 255, 'reset_mid_script': 483}
[e33rec] step=350700 saved=252 phases={'policy': 15, 'yaw_home': 1} funnel={'takeover': 485, 'released': 363, 'setdown': 339, 'cycle': 255, 'reset_mid_script': 483}
[e33rec] step=351000 saved=252 phases={'policy': 14, 'place_descend': 1, 'go_home': 1} funnel={'takeover': 486, 'released': 363, 'setdown': 339, 'cycle': 255, 'reset_mid_script': 483}
[e33rec] step=351300 saved=252 phases={'policy': 14, 'ascend': 1, 'go_home': 1} funnel={'takeover': 486, 'released': 364, 'setdown': 340, 'cycle': 255, 'reset_mid_script': 483}
[death] env=7 in=go_home taskphase=0 cup_tilt=0deg cup_z=815mm home_err=1.33rad
[e33rec] step=351600 saved=252 phases={'policy': 13, 'ascend': 2, 'yaw_home': 1} funnel={'takeover': 488, 'released': 366, 'setdown': 340, 'cycle': 255, 'reset_mid_script': 484}
[e33rec] step=351900 saved=252 phases={'policy': 13, 'ascend': 2, 'go_home': 1} funnel={'takeover': 488, 'released': 366, 'setdown': 340, 'cycle': 255, 'reset_mid_script': 484}
[death] env=4 in=ascend taskphase=0 cup_tilt=0deg cup_z=815mm home_err=1.80rad
[e33rec] step=352200 saved=252 phases={'policy': 14, 'ascend': 1, 'go_home': 1} funnel={'takeover': 488, 'released': 366, 'setdown': 340, 'cycle': 255, 'reset_mid_script': 485}
[e33rec] step=352500 saved=252 phases={'policy': 14, 'ascend': 1, 'go_home': 1} funnel={'takeover': 488, 'released': 366, 'setdown': 340, 'cycle': 255, 'reset_mid_script': 485}
[death] env=15 in=go_home taskphase=0 cup_tilt=0deg cup_z=810mm home_err=1.33rad
[death] env=10 in=ascend taskphase=0 cup_tilt=0deg cup_z=810mm home_err=2.52rad
[e33rec] step=352800 saved=252 phases={'policy': 16} funnel={'takeover': 488, 'released': 366, 'setdown': 340, 'cycle': 255, 'reset_mid_script': 487}
[e33rec] step=353100 saved=252 phases={'policy': 15, 'ascend': 1} funnel={'takeover': 489, 'released': 367, 'setdown': 340, 'cycle': 255, 'reset_mid_script': 487}
[e33rec] step=353400 saved=252 phases={'policy': 15, 'ascend': 1} funnel={'takeover': 489, 'released': 367, 'setdown': 340, 'cycle': 255, 'reset_mid_script': 487}
[e33rec] step=353700 saved=252 phases={'policy': 14, 'ascend': 2} funnel={'takeover': 490, 'released': 368, 'setdown': 340, 'cycle': 255, 'reset_mid_script': 487}
[e33rec] step=354000 saved=252 phases={'policy': 14, 'ascend': 1, 'go_home': 1} funnel={'takeover': 490, 'released': 368, 'setdown': 340, 'cycle': 255, 'reset_mid_script': 487}
[death] env=3 in=ascend taskphase=0 cup_tilt=0deg cup_z=810mm home_err=2.79rad
[e33rec] step=354300 saved=252 phases={'policy': 14, 'ascend': 1, 'go_home': 1} funnel={'takeover': 491, 'released': 369, 'setdown': 340, 'cycle': 255, 'reset_mid_script': 488}
[death] env=7 in=go_home taskphase=0 cup_tilt=0deg cup_z=810mm home_err=1.34rad
[e33rec] step=354600 saved=252 phases={'policy': 15, 'go_home': 1} funnel={'takeover': 491, 'released': 369, 'setdown': 340, 'cycle': 255, 'reset_mid_script': 489}
[e33rec] episode 253/320 saved (len=486, env=7)
[e33rec] step=354900 saved=253 phases={'policy': 15, 'go_home': 1} funnel={'takeover': 491, 'released': 369, 'setdown': 341, 'cycle': 256, 'reset_mid_script': 489}
[e33rec] episode 254/320 saved (len=290, env=6)
[e33rec] step=355200 saved=254 phases={'policy': 14, 'ascend': 1, 'go_home': 1} funnel={'takeover': 492, 'released': 369, 'setdown': 343, 'cycle': 257, 'reset_mid_script': 489}
[death] env=15 in=go_home taskphase=0 cup_tilt=0deg cup_z=810mm home_err=1.33rad
[e33rec] step=355500 saved=254 phases={'policy': 15, 'ascend': 1} funnel={'takeover': 492, 'released': 369, 'setdown': 343, 'cycle': 257, 'reset_mid_script': 490}
[e33rec] step=355800 saved=254 phases={'policy': 14, 'ascend': 2} funnel={'takeover': 493, 'released': 370, 'setdown': 343, 'cycle': 257, 'reset_mid_script': 490}
[e33rec] step=356100 saved=254 phases={'policy': 14, 'ascend': 1, 'go_home': 1} funnel={'takeover': 493, 'released': 370, 'setdown': 343, 'cycle': 257, 'reset_mid_script': 490}
[death] env=11 in=ascend taskphase=0 cup_tilt=0deg cup_z=815mm home_err=1.25rad
[e33rec] step=356400 saved=254 phases={'policy': 15, 'go_home': 1} funnel={'takeover': 493, 'released': 370, 'setdown': 343, 'cycle': 257, 'reset_mid_script': 491}
[e33rec] step=356700 saved=254 phases={'policy': 15, 'go_home': 1} funnel={'takeover': 493, 'released': 370, 'setdown': 343, 'cycle': 257, 'reset_mid_script': 491}
[death] env=15 in=go_home taskphase=0 cup_tilt=0deg cup_z=810mm home_err=1.33rad
[e33rec] step=357000 saved=254 phases={'policy': 16} funnel={'takeover': 493, 'released': 370, 'setdown': 343, 'cycle': 257, 'reset_mid_script': 492}
[e33rec] step=357300 saved=254 phases={'policy': 15, 'release': 1} funnel={'takeover': 494, 'released': 370, 'setdown': 343, 'cycle': 257, 'reset_mid_script': 492}
[e33rec] step=357600 saved=254 phases={'policy': 15, 'ascend': 1} funnel={'takeover': 494, 'released': 370, 'setdown': 343, 'cycle': 257, 'reset_mid_script': 492}
[e33rec] step=357900 saved=254 phases={'policy': 13, 'release': 2, 'ascend': 1} funnel={'takeover': 496, 'released': 370, 'setdown': 343, 'cycle': 257, 'reset_mid_script': 492}
[e33rec] step=358200 saved=254 phases={'policy': 13, 'ascend': 2, 'go_home': 1} funnel={'takeover': 496, 'released': 371, 'setdown': 343, 'cycle': 257, 'reset_mid_script': 492}
[death] env=15 in=ascend taskphase=0 cup_tilt=0deg cup_z=815mm home_err=1.34rad
[e33rec] step=358500 saved=254 phases={'policy': 14, 'ascend': 1, 'go_home': 1} funnel={'takeover': 496, 'released': 371, 'setdown': 343, 'cycle': 257, 'reset_mid_script': 493}
[e33rec] step=358800 saved=254 phases={'policy': 14, 'ascend': 1, 'go_home': 1} funnel={'takeover': 496, 'released': 371, 'setdown': 343, 'cycle': 257, 'reset_mid_script': 493}
[death] env=6 in=ascend taskphase=0 cup_tilt=0deg cup_z=815mm home_err=1.17rad
[e33rec] step=359100 saved=254 phases={'policy': 14, 'ascend': 1, 'go_home': 1} funnel={'takeover': 497, 'released': 371, 'setdown': 343, 'cycle': 257, 'reset_mid_script': 494}
[death] env=11 in=go_home taskphase=0 cup_tilt=0deg cup_z=810mm home_err=1.33rad
[e33rec] step=359400 saved=254 phases={'policy': 15, 'ascend': 1} funnel={'takeover': 497, 'released': 371, 'setdown': 343, 'cycle': 257, 'reset_mid_script': 495}
[e33rec] episode 255/320 saved (len=423, env=11)
[e33rec] step=359700 saved=255 phases={'policy': 15, 'ascend': 1} funnel={'takeover': 497, 'released': 371, 'setdown': 344, 'cycle': 258, 'reset_mid_script': 495}
[e33rec] step=360000 saved=255 phases={'policy': 14, 'ascend': 2} funnel={'takeover': 498, 'released': 372, 'setdown': 344, 'cycle': 258, 'reset_mid_script': 495}
[death] env=2 in=ascend taskphase=0 cup_tilt=0deg cup_z=815mm home_err=1.31rad
[e33rec] step=360300 saved=255 phases={'policy': 14, 'ascend': 1, 'go_home': 1} funnel={'takeover': 499, 'released': 373, 'setdown': 344, 'cycle': 258, 'reset_mid_script': 496}
[death] env=11 in=ascend taskphase=0 cup_tilt=0deg cup_z=810mm home_err=2.99rad
[e33rec] step=360600 saved=255 phases={'policy': 15, 'go_home': 1} funnel={'takeover': 499, 'released': 373, 'setdown': 344, 'cycle': 258, 'reset_mid_script': 497}
[e33rec] step=360900 saved=255 phases={'policy': 15, 'go_home': 1} funnel={'takeover': 499, 'released': 373, 'setdown': 344, 'cycle': 258, 'reset_mid_script': 497}
[e33rec] step=361200 saved=255 phases={'policy': 15, 'go_home': 1} funnel={'takeover': 499, 'released': 373, 'setdown': 344, 'cycle': 258, 'reset_mid_script': 497}
[death] env=15 in=go_home taskphase=0 cup_tilt=0deg cup_z=810mm home_err=1.33rad
[e33rec] step=361500 saved=255 phases={'policy': 16} funnel={'takeover': 499, 'released': 373, 'setdown': 344, 'cycle': 258, 'reset_mid_script': 498}
[e33rec] step=361800 saved=255 phases={'policy': 16} funnel={'takeover': 499, 'released': 373, 'setdown': 344, 'cycle': 258, 'reset_mid_script': 498}
[e33rec] step=362100 saved=255 phases={'policy': 15, 'yaw_home': 1} funnel={'takeover': 500, 'released': 374, 'setdown': 344, 'cycle': 258, 'reset_mid_script': 498}
[e33rec] step=362400 saved=255 phases={'policy': 15, 'go_home': 1} funnel={'takeover': 500, 'released': 374, 'setdown': 344, 'cycle': 258, 'reset_mid_script': 498}
[e33rec] step=362700 saved=255 phases={'policy': 15, 'go_home': 1} funnel={'takeover': 500, 'released': 374, 'setdown': 344, 'cycle': 258, 'reset_mid_script': 498}
[death] env=2 in=go_home taskphase=0 cup_tilt=0deg cup_z=810mm home_err=1.32rad
[e33rec] step=363000 saved=255 phases={'policy': 16} funnel={'takeover': 500, 'released': 374, 'setdown': 344, 'cycle': 258, 'reset_mid_script': 499}
[e33rec] step=363300 saved=255 phases={'policy': 15, 'ascend': 1} funnel={'takeover': 501, 'released': 374, 'setdown': 345, 'cycle': 258, 'reset_mid_script': 499}
[e33rec] episode 256/320 saved (len=275, env=6)
[e33rec] step=363600 saved=256 phases={'policy': 15, 'ascend': 1} funnel={'takeover': 501, 'released': 374, 'setdown': 346, 'cycle': 259, 'reset_mid_script': 499}
[e33rec] episode 257/320 saved (len=296, env=4)
[e33rec] step=363900 saved=257 phases={'policy': 15, 'ascend': 1} funnel={'takeover': 501, 'released': 374, 'setdown': 347, 'cycle': 260, 'reset_mid_script': 499}
[death] env=15 in=ascend taskphase=0 cup_tilt=0deg cup_z=815mm home_err=1.44rad
[e33rec] step=364200 saved=257 phases={'policy': 16} funnel={'takeover': 501, 'released': 374, 'setdown': 348, 'cycle': 260, 'reset_mid_script': 500}
[e33rec] episode 258/320 saved (len=1266, env=8)
[e33rec] step=364500 saved=258 phases={'policy': 16} funnel={'takeover': 501, 'released': 374, 'setdown': 348, 'cycle': 261, 'reset_mid_script': 500}
[e33rec] step=364800 saved=258 phases={'policy': 15, 'ascend': 1} funnel={'takeover': 502, 'released': 375, 'setdown': 348, 'cycle': 261, 'reset_mid_script': 500}
[e33rec] step=365100 saved=258 phases={'policy': 15, 'ascend': 1} funnel={'takeover': 502, 'released': 375, 'setdown': 348, 'cycle': 261, 'reset_mid_script': 500}
[e33rec] step=365400 saved=258 phases={'policy': 15, 'ascend': 1} funnel={'takeover': 502, 'released': 375, 'setdown': 348, 'cycle': 261, 'reset_mid_script': 500}
[e33rec] step=365700 saved=258 phases={'policy': 15, 'ascend': 1} funnel={'takeover': 502, 'released': 375, 'setdown': 348, 'cycle': 261, 'reset_mid_script': 500}
[death] env=2 in=ascend taskphase=0 cup_tilt=0deg cup_z=815mm home_err=1.72rad
[e33rec] step=366000 saved=258 phases={'policy': 15, 'ascend': 1} funnel={'takeover': 503, 'released': 376, 'setdown': 348, 'cycle': 261, 'reset_mid_script': 501}
[e33rec] step=366300 saved=258 phases={'policy': 15, 'ascend': 1} funnel={'takeover': 503, 'released': 376, 'setdown': 348, 'cycle': 261, 'reset_mid_script': 501}
[e33rec] step=366600 saved=258 phases={'policy': 15, 'ascend': 1} funnel={'takeover': 503, 'released': 376, 'setdown': 349, 'cycle': 261, 'reset_mid_script': 501}
[e33rec] episode 259/320 saved (len=327, env=11)
[e33rec] step=366900 saved=259 phases={'policy': 15, 'ascend': 1} funnel={'takeover': 503, 'released': 376, 'setdown': 349, 'cycle': 262, 'reset_mid_script': 501}
[death] env=15 in=ascend taskphase=0 cup_tilt=0deg cup_z=810mm home_err=1.25rad
[e33rec] episode 260/320 saved (len=1263, env=2)
[e33rec] step=367200 saved=260 phases={'policy': 16} funnel={'takeover': 503, 'released': 376, 'setdown': 350, 'cycle': 263, 'reset_mid_script': 502}
[e33rec] step=367500 saved=260 phases={'policy': 15, 'ascend': 1} funnel={'takeover': 504, 'released': 377, 'setdown': 350, 'cycle': 263, 'reset_mid_script': 502}
[e33rec] step=367800 saved=260 phases={'policy': 13, 'place_descend': 1, 'ascend': 1, 'go_home': 1} funnel={'takeover': 506, 'released': 378, 'setdown': 350, 'cycle': 263, 'reset_mid_script': 502}
[e33rec] step=368100 saved=260 phases={'policy': 13, 'ascend': 1, 'go_home': 2} funnel={'takeover': 506, 'released': 379, 'setdown': 350, 'cycle': 263, 'reset_mid_script': 502}
[e33rec] step=368400 saved=260 phases={'policy': 12, 'yaw_home': 1, 'go_home': 3} funnel={'takeover': 507, 'released': 380, 'setdown': 351, 'cycle': 263, 'reset_mid_script': 502}
[death] env=15 in=go_home taskphase=0 cup_tilt=0deg cup_z=815mm home_err=1.33rad
[death] env=3 in=go_home taskphase=0 cup_tilt=0deg cup_z=815mm home_err=1.33rad
[death] env=2 in=go_home taskphase=0 cup_tilt=0deg cup_z=810mm home_err=1.33rad
[e33rec] step=368700 saved=260 phases={'policy': 14, 'release': 1, 'go_home': 1} funnel={'takeover': 508, 'released': 380, 'setdown': 351, 'cycle': 263, 'reset_mid_script': 505}
[death] env=8 in=go_home taskphase=0 cup_tilt=0deg cup_z=815mm home_err=1.36rad
[e33rec] step=369000 saved=260 phases={'policy': 15, 'ascend': 1} funnel={'takeover': 508, 'released': 380, 'setdown': 351, 'cycle': 263, 'reset_mid_script': 506}
[death] env=4 in=release taskphase=0 cup_tilt=0deg cup_z=810mm home_err=1.33rad
[e33rec] step=369300 saved=260 phases={'policy': 15, 'ascend': 1} funnel={'takeover': 509, 'released': 380, 'setdown': 351, 'cycle': 263, 'reset_mid_script': 507}
[e33rec] episode 261/320 saved (len=488, env=6)
[e33rec] step=369600 saved=261 phases={'policy': 14, 'release': 1, 'ascend': 1} funnel={'takeover': 510, 'released': 380, 'setdown': 352, 'cycle': 264, 'reset_mid_script': 507}
[death] env=15 in=ascend taskphase=0 cup_tilt=0deg cup_z=815mm home_err=1.37rad
[e33rec] step=369900 saved=261 phases={'policy': 15, 'ascend': 1} funnel={'takeover': 510, 'released': 380, 'setdown': 352, 'cycle': 264, 'reset_mid_script': 508}
[e33rec] step=370200 saved=261 phases={'policy': 15, 'ascend': 1} funnel={'takeover': 510, 'released': 380, 'setdown': 352, 'cycle': 264, 'reset_mid_script': 508}
[e33rec] episode 262/320 saved (len=244, env=8)
[e33rec] step=370500 saved=262 phases={'policy': 15, 'ascend': 1} funnel={'takeover': 510, 'released': 380, 'setdown': 353, 'cycle': 265, 'reset_mid_script': 508}
[death] env=4 in=ascend taskphase=0 cup_tilt=0deg cup_z=815mm home_err=1.34rad
[e33rec] step=370800 saved=262 phases={'policy': 16} funnel={'takeover': 510, 'released': 380, 'setdown': 353, 'cycle': 265, 'reset_mid_script': 509}
[e33rec] step=371100 saved=262 phases={'policy': 16} funnel={'takeover': 510, 'released': 380, 'setdown': 353, 'cycle': 265, 'reset_mid_script': 509}
[e33rec] step=371400 saved=262 phases={'policy': 16} funnel={'takeover': 510, 'released': 380, 'setdown': 353, 'cycle': 265, 'reset_mid_script': 509}
[e33rec] step=371700 saved=262 phases={'policy': 16} funnel={'takeover': 510, 'released': 380, 'setdown': 353, 'cycle': 265, 'reset_mid_script': 509}
[e33rec] step=372000 saved=262 phases={'policy': 15, 'go_home': 1} funnel={'takeover': 511, 'released': 381, 'setdown': 353, 'cycle': 265, 'reset_mid_script': 509}
[e33rec] step=372300 saved=262 phases={'policy': 15, 'go_home': 1} funnel={'takeover': 511, 'released': 381, 'setdown': 353, 'cycle': 265, 'reset_mid_script': 509}
[e33rec] episode 263/320 saved (len=915, env=10)
[e33rec] step=372600 saved=263 phases={'policy': 15, 'go_home': 1} funnel={'takeover': 511, 'released': 381, 'setdown': 354, 'cycle': 266, 'reset_mid_script': 509}
[e33rec] step=372900 saved=263 phases={'policy': 15, 'go_home': 1} funnel={'takeover': 511, 'released': 381, 'setdown': 354, 'cycle': 266, 'reset_mid_script': 509}
[death] env=8 in=go_home taskphase=0 cup_tilt=0deg cup_z=810mm home_err=1.31rad
[e33rec] step=373200 saved=263 phases={'policy': 16} funnel={'takeover': 511, 'released': 381, 'setdown': 354, 'cycle': 266, 'reset_mid_script': 510}
[e33rec] step=373500 saved=263 phases={'policy': 15, 'ascend': 1} funnel={'takeover': 512, 'released': 381, 'setdown': 354, 'cycle': 266, 'reset_mid_script': 510}
[e33rec] step=373800 saved=263 phases={'policy': 14, 'ascend': 2} funnel={'takeover': 513, 'released': 382, 'setdown': 354, 'cycle': 266, 'reset_mid_script': 510}
[e33rec] step=374100 saved=263 phases={'policy': 14, 'ascend': 2} funnel={'takeover': 513, 'released': 382, 'setdown': 354, 'cycle': 266, 'reset_mid_script': 510}
[e33rec] step=374400 saved=263 phases={'policy': 14, 'ascend': 1, 'go_home': 1} funnel={'takeover': 513, 'released': 382, 'setdown': 354, 'cycle': 266, 'reset_mid_script': 510}
[death] env=7 in=ascend taskphase=0 cup_tilt=0deg cup_z=810mm home_err=1.25rad
[e33rec] step=374700 saved=263 phases={'policy': 14, 'release': 1, 'go_home': 1} funnel={'takeover': 514, 'released': 382, 'setdown': 354, 'cycle': 266, 'reset_mid_script': 511}
[e33rec] episode 264/320 saved (len=516, env=2)
[death] env=4 in=go_home taskphase=0 cup_tilt=0deg cup_z=815mm home_err=1.33rad
[e33rec] step=375000 saved=264 phases={'policy': 15, 'ascend': 1} funnel={'takeover': 514, 'released': 382, 'setdown': 355, 'cycle': 267, 'reset_mid_script': 512}
[e33rec] step=375300 saved=264 phases={'policy': 14, 'ascend': 2} funnel={'takeover': 515, 'released': 383, 'setdown': 355, 'cycle': 267, 'reset_mid_script': 512}
[e33rec] step=375600 saved=264 phases={'policy': 14, 'ascend': 1, 'go_home': 1} funnel={'takeover': 515, 'released': 383, 'setdown': 355, 'cycle': 267, 'reset_mid_script': 512}
[death] env=10 in=ascend taskphase=0 cup_tilt=0deg cup_z=810mm home_err=1.29rad
[e33rec] step=375900 saved=264 phases={'policy': 15, 'go_home': 1} funnel={'takeover': 515, 'released': 383, 'setdown': 355, 'cycle': 267, 'reset_mid_script': 513}
[e33rec] step=376200 saved=264 phases={'policy': 15, 'go_home': 1} funnel={'takeover': 515, 'released': 383, 'setdown': 355, 'cycle': 267, 'reset_mid_script': 513}
[death] env=11 in=go_home taskphase=0 cup_tilt=0deg cup_z=810mm home_err=1.32rad
[e33rec] step=376500 saved=264 phases={'policy': 16} funnel={'takeover': 515, 'released': 383, 'setdown': 355, 'cycle': 267, 'reset_mid_script': 514}
[e33rec] episode 265/320 saved (len=246, env=6)
[e33rec] step=376800 saved=265 phases={'policy': 16} funnel={'takeover': 515, 'released': 383, 'setdown': 356, 'cycle': 268, 'reset_mid_script': 514}
[e33rec] step=377100 saved=265 phases={'policy': 16} funnel={'takeover': 515, 'released': 383, 'setdown': 356, 'cycle': 268, 'reset_mid_script': 514}
[e33rec] step=377400 saved=265 phases={'policy': 16} funnel={'takeover': 515, 'released': 383, 'setdown': 356, 'cycle': 268, 'reset_mid_script': 514}
[e33rec] episode 266/320 saved (len=297, env=2)
[e33rec] step=377700 saved=266 phases={'policy': 15, 'ascend': 1} funnel={'takeover': 516, 'released': 384, 'setdown': 358, 'cycle': 269, 'reset_mid_script': 514}
[e33rec] step=378000 saved=266 phases={'policy': 15, 'ascend': 1} funnel={'takeover': 516, 'released': 384, 'setdown': 358, 'cycle': 269, 'reset_mid_script': 514}
[e33rec] step=378300 saved=266 phases={'policy': 14, 'ascend': 2} funnel={'takeover': 517, 'released': 385, 'setdown': 359, 'cycle': 269, 'reset_mid_script': 514}
[e33rec] step=378600 saved=266 phases={'policy': 14, 'ascend': 1, 'go_home': 1} funnel={'takeover': 517, 'released': 385, 'setdown': 359, 'cycle': 269, 'reset_mid_script': 514}
[death] env=3 in=ascend taskphase=0 cup_tilt=0deg cup_z=815mm home_err=1.44rad
[e33rec] step=378900 saved=266 phases={'policy': 15, 'go_home': 1} funnel={'takeover': 517, 'released': 385, 'setdown': 359, 'cycle': 269, 'reset_mid_script': 515}
[e33rec] step=379200 saved=266 phases={'policy': 12, 'ascend': 3, 'go_home': 1} funnel={'takeover': 520, 'released': 387, 'setdown': 360, 'cycle': 269, 'reset_mid_script': 515}
[death] env=4 in=go_home taskphase=0 cup_tilt=0deg cup_z=815mm home_err=1.34rad
[e33rec] step=379500 saved=266 phases={'policy': 13, 'ascend': 3} funnel={'takeover': 520, 'released': 387, 'setdown': 360, 'cycle': 269, 'reset_mid_script': 516}
[e33rec] step=379800 saved=266 phases={'policy': 13, 'ascend': 3} funnel={'takeover': 520, 'released': 387, 'setdown': 360, 'cycle': 269, 'reset_mid_script': 516}
[e33rec] step=380100 saved=266 phases={'policy': 13, 'ascend': 3} funnel={'takeover': 520, 'released': 387, 'setdown': 360, 'cycle': 269, 'reset_mid_script': 516}
[death] env=3 in=ascend taskphase=0 cup_tilt=0deg cup_z=815mm home_err=1.35rad
[death] env=2 in=ascend taskphase=0 cup_tilt=0deg cup_z=810mm home_err=1.43rad
[death] env=8 in=ascend taskphase=0 cup_tilt=0deg cup_z=815mm home_err=1.70rad
[e33rec] step=380400 saved=266 phases={'policy': 15, 'ascend': 1} funnel={'takeover': 521, 'released': 388, 'setdown': 360, 'cycle': 269, 'reset_mid_script': 519}
[e33rec] step=380700 saved=266 phases={'policy': 15, 'go_home': 1} funnel={'takeover': 521, 'released': 388, 'setdown': 360, 'cycle': 269, 'reset_mid_script': 519}
[e33rec] step=381000 saved=266 phases={'policy': 15, 'go_home': 1} funnel={'takeover': 521, 'released': 388, 'setdown': 360, 'cycle': 269, 'reset_mid_script': 519}
[e33rec] step=381300 saved=266 phases={'policy': 15, 'go_home': 1} funnel={'takeover': 521, 'released': 388, 'setdown': 360, 'cycle': 269, 'reset_mid_script': 519}
[e33rec] episode 267/320 saved (len=1229, env=2)
[death] env=10 in=go_home taskphase=0 cup_tilt=0deg cup_z=810mm home_err=1.33rad
[e33rec] step=381600 saved=267 phases={'policy': 16} funnel={'takeover': 521, 'released': 388, 'setdown': 361, 'cycle': 270, 'reset_mid_script': 520}
[e33rec] step=381900 saved=267 phases={'policy': 15, 'ascend': 1} funnel={'takeover': 522, 'released': 389, 'setdown': 361, 'cycle': 270, 'reset_mid_script': 520}
[e33rec] step=382200 saved=267 phases={'policy': 14, 'ascend': 1, 'go_home': 1} funnel={'takeover': 523, 'released': 389, 'setdown': 361, 'cycle': 270, 'reset_mid_script': 520}
[e33rec] episode 268/320 saved (len=224, env=4)
[e33rec] episode 269/320 saved (len=440, env=6)
[e33rec] step=382500 saved=269 phases={'policy': 14, 'ascend': 1, 'go_home': 1} funnel={'takeover': 523, 'released': 389, 'setdown': 363, 'cycle': 272, 'reset_mid_script': 520}
[e33rec] step=382800 saved=269 phases={'policy': 13, 'ascend': 2, 'go_home': 1} funnel={'takeover': 524, 'released': 389, 'setdown': 363, 'cycle': 272, 'reset_mid_script': 520}
[death] env=10 in=go_home taskphase=0 cup_tilt=0deg cup_z=810mm home_err=2.79rad
[e33rec] episode 270/320 saved (len=1387, env=3)
[death] env=2 in=ascend taskphase=0 cup_tilt=0deg cup_z=815mm home_err=1.33rad
[e33rec] step=383100 saved=270 phases={'policy': 14, 'ascend': 1, 'go_home': 1} funnel={'takeover': 525, 'released': 390, 'setdown': 364, 'cycle': 273, 'reset_mid_script': 522}
[e33rec] step=383400 saved=270 phases={'policy': 13, 'ascend': 1, 'go_home': 2} funnel={'takeover': 526, 'released': 391, 'setdown': 364, 'cycle': 273, 'reset_mid_script': 522}
[death] env=4 in=go_home taskphase=0 cup_tilt=0deg cup_z=815mm home_err=2.79rad
[e33rec] step=383700 saved=270 phases={'policy': 14, 'ascend': 1, 'go_home': 1} funnel={'takeover': 526, 'released': 391, 'setdown': 364, 'cycle': 273, 'reset_mid_script': 523}
[e33rec] step=384000 saved=270 phases={'policy': 14, 'ascend': 1, 'go_home': 1} funnel={'takeover': 526, 'released': 391, 'setdown': 364, 'cycle': 273, 'reset_mid_script': 523}
[death] env=15 in=go_home taskphase=0 cup_tilt=0deg cup_z=810mm home_err=2.79rad
[e33rec] step=384300 saved=270 phases={'policy': 15, 'ascend': 1} funnel={'takeover': 526, 'released': 391, 'setdown': 364, 'cycle': 273, 'reset_mid_script': 524}
[death] env=8 in=ascend taskphase=0 cup_tilt=0deg cup_z=810mm home_err=2.72rad
[e33rec] step=384600 saved=270 phases={'policy': 15, 'ascend': 1} funnel={'takeover': 527, 'released': 392, 'setdown': 364, 'cycle': 273, 'reset_mid_script': 525}
[e33rec] step=384900 saved=270 phases={'policy': 15, 'ascend': 1} funnel={'takeover': 527, 'released': 392, 'setdown': 364, 'cycle': 273, 'reset_mid_script': 525}
[e33rec] step=385200 saved=270 phases={'policy': 15, 'ascend': 1} funnel={'takeover': 527, 'released': 392, 'setdown': 364, 'cycle': 273, 'reset_mid_script': 525}
[e33rec] episode 271/320 saved (len=930, env=8)
[e33rec] step=385500 saved=271 phases={'policy': 15, 'ascend': 1} funnel={'takeover': 527, 'released': 392, 'setdown': 365, 'cycle': 274, 'reset_mid_script': 525}
[death] env=15 in=ascend taskphase=0 cup_tilt=0deg cup_z=810mm home_err=1.67rad
[e33rec] step=385800 saved=271 phases={'policy': 16} funnel={'takeover': 527, 'released': 392, 'setdown': 365, 'cycle': 274, 'reset_mid_script': 526}
[e33rec] episode 272/320 saved (len=827, env=11)
[e33rec] step=386100 saved=272 phases={'policy': 16} funnel={'takeover': 527, 'released': 392, 'setdown': 366, 'cycle': 275, 'reset_mid_script': 526}
[e33rec] step=386400 saved=272 phases={'policy': 15, 'ascend': 1} funnel={'takeover': 528, 'released': 392, 'setdown': 366, 'cycle': 275, 'reset_mid_script': 526}
[e33rec] step=386700 saved=272 phases={'policy': 15, 'ascend': 1} funnel={'takeover': 528, 'released': 392, 'setdown': 366, 'cycle': 275, 'reset_mid_script': 526}
[e33rec] episode 273/320 saved (len=324, env=4)
[e33rec] step=387000 saved=273 phases={'policy': 15, 'ascend': 1} funnel={'takeover': 528, 'released': 392, 'setdown': 367, 'cycle': 276, 'reset_mid_script': 526}
[e33rec] step=387300 saved=273 phases={'policy': 15, 'ascend': 1} funnel={'takeover': 528, 'released': 392, 'setdown': 367, 'cycle': 276, 'reset_mid_script': 526}
[death] env=2 in=ascend taskphase=0 cup_tilt=0deg cup_z=815mm home_err=1.28rad
[e33rec] step=387600 saved=273 phases={'policy': 16} funnel={'takeover': 528, 'released': 392, 'setdown': 367, 'cycle': 276, 'reset_mid_script': 527}
[e33rec] step=387900 saved=273 phases={'policy': 16} funnel={'takeover': 528, 'released': 392, 'setdown': 367, 'cycle': 276, 'reset_mid_script': 527}
[e33rec] step=388200 saved=273 phases={'policy': 15, 'ascend': 1} funnel={'takeover': 529, 'released': 393, 'setdown': 368, 'cycle': 276, 'reset_mid_script': 527}
[e33rec] step=388500 saved=273 phases={'policy': 15, 'ascend': 1} funnel={'takeover': 529, 'released': 393, 'setdown': 368, 'cycle': 276, 'reset_mid_script': 527}
[e33rec] step=388800 saved=273 phases={'policy': 15, 'ascend': 1} funnel={'takeover': 529, 'released': 393, 'setdown': 368, 'cycle': 276, 'reset_mid_script': 527}
[death] env=7 in=ascend taskphase=0 cup_tilt=0deg cup_z=815mm home_err=1.50rad
[e33rec] step=389100 saved=273 phases={'policy': 16} funnel={'takeover': 529, 'released': 393, 'setdown': 368, 'cycle': 276, 'reset_mid_script': 528}
[e33rec] step=389400 saved=273 phases={'policy': 15, 'go_home': 1} funnel={'takeover': 530, 'released': 394, 'setdown': 369, 'cycle': 276, 'reset_mid_script': 528}
[e33rec] step=389700 saved=273 phases={'policy': 14, 'go_home': 2} funnel={'takeover': 531, 'released': 395, 'setdown': 369, 'cycle': 276, 'reset_mid_script': 528}
[e33rec] step=390000 saved=273 phases={'policy': 14, 'go_home': 2} funnel={'takeover': 531, 'released': 395, 'setdown': 369, 'cycle': 276, 'reset_mid_script': 528}
[e33rec] step=390300 saved=273 phases={'policy': 14, 'go_home': 2} funnel={'takeover': 531, 'released': 395, 'setdown': 369, 'cycle': 276, 'reset_mid_script': 528}
[death] env=8 in=go_home taskphase=0 cup_tilt=0deg cup_z=815mm home_err=1.36rad
[e33rec] step=390600 saved=273 phases={'policy': 14, 'release': 1, 'go_home': 1} funnel={'takeover': 532, 'released': 395, 'setdown': 369, 'cycle': 276, 'reset_mid_script': 529}
[death] env=6 in=go_home taskphase=0 cup_tilt=0deg cup_z=815mm home_err=2.79rad
[e33rec] step=390900 saved=273 phases={'policy': 14, 'ascend': 1, 'go_home': 1} funnel={'takeover': 533, 'released': 395, 'setdown': 369, 'cycle': 276, 'reset_mid_script': 530}
[e33rec] step=391200 saved=273 phases={'policy': 13, 'place_descend': 1, 'ascend': 1, 'go_home': 1} funnel={'takeover': 534, 'released': 395, 'setdown': 369, 'cycle': 276, 'reset_mid_script': 530}
[e33rec] step=391500 saved=273 phases={'policy': 13, 'ascend': 2, 'go_home': 1} funnel={'takeover': 534, 'released': 395, 'setdown': 369, 'cycle': 276, 'reset_mid_script': 530}
[e33rec] episode 274/320 saved (len=243, env=15)
[death] env=8 in=go_home taskphase=0 cup_tilt=0deg cup_z=830mm home_err=2.79rad
[death] env=7 in=ascend taskphase=0 cup_tilt=0deg cup_z=815mm home_err=1.38rad
[e33rec] step=391800 saved=274 phases={'policy': 15, 'yaw_home': 1} funnel={'takeover': 534, 'released': 395, 'setdown': 370, 'cycle': 277, 'reset_mid_script': 532}
[e33rec] episode 275/320 saved (len=315, env=15)
[e33rec] step=392100 saved=275 phases={'policy': 14, 'ascend': 1, 'go_home': 1} funnel={'takeover': 535, 'released': 395, 'setdown': 371, 'cycle': 278, 'reset_mid_script': 532}
[death] env=11 in=go_home taskphase=0 cup_tilt=0deg cup_z=815mm home_err=1.35rad
[e33rec] step=392400 saved=275 phases={'policy': 14, 'release': 1, 'ascend': 1} funnel={'takeover': 536, 'released': 395, 'setdown': 371, 'cycle': 278, 'reset_mid_script': 533}
[death] env=10 in=release taskphase=0 cup_tilt=0deg cup_z=810mm home_err=1.55rad
[e33rec] step=392700 saved=275 phases={'policy': 14, 'ascend': 2} funnel={'takeover': 537, 'released': 395, 'setdown': 371, 'cycle': 278, 'reset_mid_script': 534}
[e33rec] step=393000 saved=275 phases={'policy': 14, 'ascend': 2} funnel={'takeover': 537, 'released': 395, 'setdown': 371, 'cycle': 278, 'reset_mid_script': 534}
[death] env=3 in=go_home taskphase=0 cup_tilt=0deg cup_z=815mm home_err=1.32rad
[e33rec] step=393300 saved=275 phases={'policy': 15, 'ascend': 1} funnel={'takeover': 537, 'released': 395, 'setdown': 371, 'cycle': 278, 'reset_mid_script': 535}
[death] env=6 in=ascend taskphase=0 cup_tilt=0deg cup_z=815mm home_err=1.42rad
[e33rec] step=393600 saved=275 phases={'policy': 16} funnel={'takeover': 537, 'released': 395, 'setdown': 371, 'cycle': 278, 'reset_mid_script': 536}
[e33rec] step=393900 saved=275 phases={'policy': 16} funnel={'takeover': 537, 'released': 395, 'setdown': 371, 'cycle': 278, 'reset_mid_script': 536}
[e33rec] step=394200 saved=275 phases={'policy': 15, 'go_home': 1} funnel={'takeover': 538, 'released': 396, 'setdown': 371, 'cycle': 278, 'reset_mid_script': 536}
[e33rec] step=394500 saved=275 phases={'policy': 15, 'go_home': 1} funnel={'takeover': 538, 'released': 396, 'setdown': 371, 'cycle': 278, 'reset_mid_script': 536}
[e33rec] step=394800 saved=275 phases={'policy': 15, 'go_home': 1} funnel={'takeover': 538, 'released': 396, 'setdown': 371, 'cycle': 278, 'reset_mid_script': 536}
[e33rec] step=395100 saved=275 phases={'policy': 13, 'ascend': 1, 'yaw_home': 1, 'go_home': 1} funnel={'takeover': 540, 'released': 397, 'setdown': 371, 'cycle': 278, 'reset_mid_script': 536}
[death] env=4 in=go_home taskphase=0 cup_tilt=0deg cup_z=810mm home_err=1.33rad
[e33rec] step=395400 saved=275 phases={'policy': 14, 'ascend': 1, 'go_home': 1} funnel={'takeover': 540, 'released': 397, 'setdown': 371, 'cycle': 278, 'reset_mid_script': 537}
[e33rec] episode 276/320 saved (len=442, env=4)
[e33rec] step=395700 saved=276 phases={'policy': 14, 'ascend': 1, 'go_home': 1} funnel={'takeover': 540, 'released': 397, 'setdown': 372, 'cycle': 279, 'reset_mid_script': 537}
[e33rec] step=396000 saved=276 phases={'policy': 14, 'ascend': 1, 'go_home': 1} funnel={'takeover': 540, 'released': 397, 'setdown': 372, 'cycle': 279, 'reset_mid_script': 537}
[death] env=2 in=ascend taskphase=0 cup_tilt=0deg cup_z=856mm home_err=1.47rad
[death] env=8 in=go_home taskphase=0 cup_tilt=0deg cup_z=810mm home_err=2.79rad
[e33rec] step=396300 saved=276 phases={'policy': 15, 'release': 1} funnel={'takeover': 541, 'released': 397, 'setdown': 372, 'cycle': 279, 'reset_mid_script': 539}
[e33rec] step=396600 saved=276 phases={'policy': 15, 'ascend': 1} funnel={'takeover': 541, 'released': 398, 'setdown': 372, 'cycle': 279, 'reset_mid_script': 539}
[death] env=10 in=ascend taskphase=0 cup_tilt=0deg cup_z=815mm home_err=1.88rad
[e33rec] step=396900 saved=276 phases={'policy': 15, 'go_home': 1} funnel={'takeover': 542, 'released': 399, 'setdown': 372, 'cycle': 279, 'reset_mid_script': 540}
[e33rec] step=397200 saved=276 phases={'policy': 15, 'go_home': 1} funnel={'takeover': 542, 'released': 399, 'setdown': 372, 'cycle': 279, 'reset_mid_script': 540}
[e33rec] episode 277/320 saved (len=495, env=10)
[e33rec] step=397500 saved=277 phases={'policy': 15, 'go_home': 1} funnel={'takeover': 542, 'released': 399, 'setdown': 373, 'cycle': 280, 'reset_mid_script': 540}
[e33rec] step=397800 saved=277 phases={'policy': 14, 'release': 1, 'go_home': 1} funnel={'takeover': 543, 'released': 399, 'setdown': 373, 'cycle': 280, 'reset_mid_script': 540}
[death] env=6 in=go_home taskphase=0 cup_tilt=0deg cup_z=810mm home_err=1.38rad
[e33rec] step=398100 saved=277 phases={'policy': 15, 'go_home': 1} funnel={'takeover': 543, 'released': 400, 'setdown': 373, 'cycle': 280, 'reset_mid_script': 541}
[e33rec] step=398400 saved=277 phases={'policy': 14, 'ascend': 1, 'go_home': 1} funnel={'takeover': 544, 'released': 401, 'setdown': 374, 'cycle': 280, 'reset_mid_script': 541}
[e33rec] step=398700 saved=277 phases={'policy': 14, 'go_home': 2} funnel={'takeover': 544, 'released': 401, 'setdown': 374, 'cycle': 280, 'reset_mid_script': 541}
[death] env=7 in=go_home taskphase=0 cup_tilt=0deg cup_z=815mm home_err=2.79rad
[e33rec] step=399000 saved=277 phases={'policy': 15, 'go_home': 1} funnel={'takeover': 544, 'released': 401, 'setdown': 374, 'cycle': 280, 'reset_mid_script': 542}
[e33rec] step=399300 saved=277 phases={'policy': 15, 'go_home': 1} funnel={'takeover': 544, 'released': 401, 'setdown': 374, 'cycle': 280, 'reset_mid_script': 542}
[death] env=11 in=go_home taskphase=0 cup_tilt=0deg cup_z=815mm home_err=1.33rad
[e33rec] step=399600 saved=277 phases={'policy': 16} funnel={'takeover': 544, 'released': 401, 'setdown': 374, 'cycle': 280, 'reset_mid_script': 543}
[e33rec] step=399900 saved=277 phases={'policy': 16} funnel={'takeover': 544, 'released': 401, 'setdown': 374, 'cycle': 280, 'reset_mid_script': 543}
[e33rec] step=400200 saved=277 phases={'policy': 16} funnel={'takeover': 544, 'released': 401, 'setdown': 374, 'cycle': 280, 'reset_mid_script': 543}
[e33rec] step=400500 saved=277 phases={'policy': 16} funnel={'takeover': 544, 'released': 401, 'setdown': 374, 'cycle': 280, 'reset_mid_script': 543}
[e33rec] step=400800 saved=277 phases={'policy': 16} funnel={'takeover': 544, 'released': 401, 'setdown': 374, 'cycle': 280, 'reset_mid_script': 543}
[e33rec] step=401100 saved=277 phases={'policy': 16} funnel={'takeover': 544, 'released': 401, 'setdown': 374, 'cycle': 280, 'reset_mid_script': 543}
[e33rec] step=401400 saved=277 phases={'policy': 16} funnel={'takeover': 544, 'released': 401, 'setdown': 374, 'cycle': 280, 'reset_mid_script': 543}
[e33rec] step=401700 saved=277 phases={'policy': 16} funnel={'takeover': 544, 'released': 401, 'setdown': 374, 'cycle': 280, 'reset_mid_script': 543}
[e33rec] step=402000 saved=277 phases={'policy': 15, 'ascend': 1} funnel={'takeover': 545, 'released': 401, 'setdown': 374, 'cycle': 280, 'reset_mid_script': 543}
[e33rec] step=402300 saved=277 phases={'policy': 15, 'ascend': 1} funnel={'takeover': 545, 'released': 401, 'setdown': 374, 'cycle': 280, 'reset_mid_script': 543}
[e33rec] step=402600 saved=277 phases={'policy': 14, 'ascend': 2} funnel={'takeover': 546, 'released': 402, 'setdown': 374, 'cycle': 280, 'reset_mid_script': 543}
[e33rec] step=402900 saved=277 phases={'policy': 14, 'ascend': 2} funnel={'takeover': 546, 'released': 402, 'setdown': 374, 'cycle': 280, 'reset_mid_script': 543}
[death] env=15 in=ascend taskphase=0 cup_tilt=0deg cup_z=815mm home_err=1.28rad
[e33rec] step=403200 saved=277 phases={'policy': 14, 'release': 1, 'ascend': 1} funnel={'takeover': 547, 'released': 402, 'setdown': 374, 'cycle': 280, 'reset_mid_script': 544}
[e33rec] step=403500 saved=277 phases={'policy': 14, 'ascend': 2} funnel={'takeover': 547, 'released': 403, 'setdown': 374, 'cycle': 280, 'reset_mid_script': 544}
[death] env=4 in=ascend taskphase=0 cup_tilt=0deg cup_z=815mm home_err=1.42rad
[e33rec] step=403800 saved=277 phases={'policy': 14, 'ascend': 2} funnel={'takeover': 548, 'released': 404, 'setdown': 374, 'cycle': 280, 'reset_mid_script': 545}
[e33rec] step=404100 saved=277 phases={'policy': 14, 'ascend': 2} funnel={'takeover': 548, 'released': 404, 'setdown': 374, 'cycle': 280, 'reset_mid_script': 545}
[e33rec] step=404400 saved=277 phases={'policy': 14, 'ascend': 2} funnel={'takeover': 548, 'released': 404, 'setdown': 374, 'cycle': 280, 'reset_mid_script': 545}
[death] env=15 in=ascend taskphase=0 cup_tilt=0deg cup_z=810mm home_err=1.75rad
[e33rec] step=404700 saved=277 phases={'policy': 15, 'ascend': 1} funnel={'takeover': 548, 'released': 404, 'setdown': 374, 'cycle': 280, 'reset_mid_script': 546}
[death] env=8 in=ascend taskphase=0 cup_tilt=0deg cup_z=815mm home_err=1.19rad
[e33rec] step=405000 saved=277 phases={'policy': 15, 'ascend': 1} funnel={'takeover': 549, 'released': 405, 'setdown': 374, 'cycle': 280, 'reset_mid_script': 547}
[e33rec] step=405300 saved=277 phases={'policy': 15, 'ascend': 1} funnel={'takeover': 549, 'released': 405, 'setdown': 374, 'cycle': 280, 'reset_mid_script': 547}
[e33rec] step=405600 saved=277 phases={'policy': 15, 'ascend': 1} funnel={'takeover': 549, 'released': 405, 'setdown': 374, 'cycle': 280, 'reset_mid_script': 547}
[e33rec] step=405900 saved=277 phases={'policy': 15, 'ascend': 1} funnel={'takeover': 549, 'released': 405, 'setdown': 374, 'cycle': 280, 'reset_mid_script': 547}
[death] env=3 in=ascend taskphase=0 cup_tilt=0deg cup_z=810mm home_err=1.80rad
[e33rec] step=406200 saved=277 phases={'policy': 16} funnel={'takeover': 549, 'released': 405, 'setdown': 374, 'cycle': 280, 'reset_mid_script': 548}
[e33rec] step=406500 saved=277 phases={'policy': 15, 'release': 1} funnel={'takeover': 550, 'released': 405, 'setdown': 374, 'cycle': 280, 'reset_mid_script': 548}
[e33rec] step=406800 saved=277 phases={'policy': 15, 'ascend': 1} funnel={'takeover': 550, 'released': 405, 'setdown': 374, 'cycle': 280, 'reset_mid_script': 548}
[e33rec] step=407100 saved=277 phases={'policy': 15, 'ascend': 1} funnel={'takeover': 550, 'released': 405, 'setdown': 374, 'cycle': 280, 'reset_mid_script': 548}
[e33rec] step=407400 saved=277 phases={'policy': 15, 'ascend': 1} funnel={'takeover': 550, 'released': 405, 'setdown': 374, 'cycle': 280, 'reset_mid_script': 548}
[death] env=3 in=ascend taskphase=0 cup_tilt=0deg cup_z=815mm home_err=1.27rad
[e33rec] step=407700 saved=277 phases={'policy': 16} funnel={'takeover': 550, 'released': 405, 'setdown': 374, 'cycle': 280, 'reset_mid_script': 549}
[e33rec] episode 278/320 saved (len=223, env=2)
[e33rec] step=408000 saved=278 phases={'policy': 16} funnel={'takeover': 550, 'released': 405, 'setdown': 375, 'cycle': 281, 'reset_mid_script': 549}
[e33rec] step=408300 saved=278 phases={'policy': 16} funnel={'takeover': 550, 'released': 405, 'setdown': 375, 'cycle': 281, 'reset_mid_script': 549}
[e33rec] step=408600 saved=278 phases={'policy': 16} funnel={'takeover': 550, 'released': 405, 'setdown': 375, 'cycle': 281, 'reset_mid_script': 549}
[e33rec] step=408900 saved=278 phases={'policy': 16} funnel={'takeover': 550, 'released': 405, 'setdown': 375, 'cycle': 281, 'reset_mid_script': 549}
[e33rec] step=409200 saved=278 phases={'policy': 16} funnel={'takeover': 550, 'released': 405, 'setdown': 375, 'cycle': 281, 'reset_mid_script': 549}
[e33rec] step=409500 saved=278 phases={'policy': 15, 'ascend': 1} funnel={'takeover': 551, 'released': 406, 'setdown': 375, 'cycle': 281, 'reset_mid_script': 549}
[e33rec] step=409800 saved=278 phases={'policy': 14, 'place_descend': 1, 'ascend': 1} funnel={'takeover': 552, 'released': 406, 'setdown': 375, 'cycle': 281, 'reset_mid_script': 549}
[e33rec] step=410100 saved=278 phases={'policy': 13, 'release': 1, 'ascend': 2} funnel={'takeover': 553, 'released': 407, 'setdown': 376, 'cycle': 281, 'reset_mid_script': 549}
[death] env=15 in=ascend taskphase=0 cup_tilt=0deg cup_z=810mm home_err=1.43rad
[e33rec] step=410400 saved=278 phases={'policy': 14, 'ascend': 2} funnel={'takeover': 553, 'released': 408, 'setdown': 376, 'cycle': 281, 'reset_mid_script': 550}
[e33rec] step=410700 saved=278 phases={'policy': 14, 'ascend': 1, 'go_home': 1} funnel={'takeover': 553, 'released': 408, 'setdown': 376, 'cycle': 281, 'reset_mid_script': 550}
[death] env=11 in=go_home taskphase=0 cup_tilt=0deg cup_z=810mm home_err=1.33rad
[e33rec] step=411000 saved=278 phases={'policy': 13, 'ascend': 1, 'go_home': 2} funnel={'takeover': 555, 'released': 409, 'setdown': 377, 'cycle': 281, 'reset_mid_script': 551}
[death] env=10 in=go_home taskphase=0 cup_tilt=0deg cup_z=815mm home_err=1.34rad
[e33rec] step=411300 saved=278 phases={'policy': 13, 'ascend': 2, 'go_home': 1} funnel={'takeover': 556, 'released': 410, 'setdown': 377, 'cycle': 281, 'reset_mid_script': 552}
[e33rec] step=411600 saved=278 phases={'policy': 12, 'ascend': 2, 'go_home': 2} funnel={'takeover': 557, 'released': 410, 'setdown': 377, 'cycle': 281, 'reset_mid_script': 552}
[death] env=2 in=go_home taskphase=0 cup_tilt=0deg cup_z=815mm home_err=1.33rad
[e33rec] step=411900 saved=278 phases={'policy': 13, 'ascend': 2, 'go_home': 1} funnel={'takeover': 557, 'released': 410, 'setdown': 377, 'cycle': 281, 'reset_mid_script': 553}
[death] env=3 in=ascend taskphase=0 cup_tilt=0deg cup_z=810mm home_err=1.23rad
[e33rec] step=412200 saved=278 phases={'policy': 14, 'ascend': 1, 'go_home': 1} funnel={'takeover': 557, 'released': 410, 'setdown': 377, 'cycle': 281, 'reset_mid_script': 554}
[death] env=4 in=go_home taskphase=0 cup_tilt=0deg cup_z=810mm home_err=1.32rad
[e33rec] step=412500 saved=278 phases={'policy': 15, 'ascend': 1} funnel={'takeover': 557, 'released': 410, 'setdown': 377, 'cycle': 281, 'reset_mid_script': 555}
[death] env=10 in=ascend taskphase=0 cup_tilt=0deg cup_z=841mm home_err=1.55rad
[e33rec] episode 279/320 saved (len=270, env=4)
[e33rec] step=412800 saved=279 phases={'policy': 16} funnel={'takeover': 557, 'released': 410, 'setdown': 378, 'cycle': 282, 'reset_mid_script': 556}
[e33rec] step=413100 saved=279 phases={'policy': 16} funnel={'takeover': 557, 'released': 410, 'setdown': 378, 'cycle': 282, 'reset_mid_script': 556}
[e33rec] step=413400 saved=279 phases={'policy': 16} funnel={'takeover': 557, 'released': 410, 'setdown': 378, 'cycle': 282, 'reset_mid_script': 556}
[e33rec] episode 280/320 saved (len=1032, env=10)
[e33rec] step=413700 saved=280 phases={'policy': 15, 'ascend': 1} funnel={'takeover': 558, 'released': 411, 'setdown': 379, 'cycle': 283, 'reset_mid_script': 556}
[e33rec] step=414000 saved=280 phases={'policy': 14, 'ascend': 1, 'go_home': 1} funnel={'takeover': 559, 'released': 412, 'setdown': 379, 'cycle': 283, 'reset_mid_script': 556}
[e33rec] step=414300 saved=280 phases={'policy': 13, 'ascend': 2, 'go_home': 1} funnel={'takeover': 560, 'released': 413, 'setdown': 379, 'cycle': 283, 'reset_mid_script': 556}
[e33rec] step=414600 saved=280 phases={'policy': 13, 'ascend': 1, 'go_home': 2} funnel={'takeover': 560, 'released': 413, 'setdown': 379, 'cycle': 283, 'reset_mid_script': 556}
[death] env=8 in=go_home taskphase=0 cup_tilt=0deg cup_z=810mm home_err=2.79rad
[e33rec] step=414900 saved=280 phases={'policy': 14, 'go_home': 2} funnel={'takeover': 560, 'released': 413, 'setdown': 379, 'cycle': 283, 'reset_mid_script': 557}
[death] env=6 in=go_home taskphase=0 cup_tilt=0deg cup_z=815mm home_err=1.33rad
[e33rec] step=415200 saved=280 phases={'policy': 15, 'go_home': 1} funnel={'takeover': 560, 'released': 413, 'setdown': 379, 'cycle': 283, 'reset_mid_script': 558}
[death] env=11 in=go_home taskphase=0 cup_tilt=0deg cup_z=815mm home_err=2.76rad
[e33rec] step=415500 saved=280 phases={'policy': 16} funnel={'takeover': 560, 'released': 413, 'setdown': 379, 'cycle': 283, 'reset_mid_script': 559}
[e33rec] step=415800 saved=280 phases={'policy': 16} funnel={'takeover': 560, 'released': 413, 'setdown': 379, 'cycle': 283, 'reset_mid_script': 559}
[e33rec] episode 281/320 saved (len=1010, env=7)
[e33rec] step=416100 saved=281 phases={'policy': 16} funnel={'takeover': 560, 'released': 413, 'setdown': 380, 'cycle': 284, 'reset_mid_script': 559}
[e33rec] step=416400 saved=281 phases={'policy': 15, 'ascend': 1} funnel={'takeover': 561, 'released': 414, 'setdown': 380, 'cycle': 284, 'reset_mid_script': 559}
[e33rec] step=416700 saved=281 phases={'policy': 13, 'ascend': 1, 'go_home': 2} funnel={'takeover': 563, 'released': 416, 'setdown': 380, 'cycle': 284, 'reset_mid_script': 559}
[e33rec] step=417000 saved=281 phases={'policy': 12, 'ascend': 1, 'go_home': 3} funnel={'takeover': 564, 'released': 417, 'setdown': 380, 'cycle': 284, 'reset_mid_script': 559}
[e33rec] step=417300 saved=281 phases={'policy': 12, 'ascend': 1, 'go_home': 3} funnel={'takeover': 564, 'released': 417, 'setdown': 380, 'cycle': 284, 'reset_mid_script': 559}
[death] env=15 in=go_home taskphase=0 cup_tilt=0deg cup_z=810mm home_err=1.38rad
[e33rec] step=417600 saved=281 phases={'policy': 13, 'ascend': 1, 'go_home': 2} funnel={'takeover': 564, 'released': 417, 'setdown': 380, 'cycle': 284, 'reset_mid_script': 560}
[death] env=2 in=go_home taskphase=0 cup_tilt=0deg cup_z=810mm home_err=1.33rad
[death] env=7 in=go_home taskphase=0 cup_tilt=0deg cup_z=815mm home_err=1.32rad
[e33rec] step=417900 saved=281 phases={'policy': 15, 'ascend': 1} funnel={'takeover': 564, 'released': 417, 'setdown': 380, 'cycle': 284, 'reset_mid_script': 562}
[death] env=4 in=ascend taskphase=0 cup_tilt=0deg cup_z=810mm home_err=1.49rad
[e33rec] step=418200 saved=281 phases={'policy': 15, 'go_home': 1} funnel={'takeover': 565, 'released': 418, 'setdown': 380, 'cycle': 284, 'reset_mid_script': 563}
[e33rec] step=418500 saved=281 phases={'policy': 15, 'go_home': 1} funnel={'takeover': 565, 'released': 418, 'setdown': 380, 'cycle': 284, 'reset_mid_script': 563}
[e33rec] step=418800 saved=281 phases={'policy': 15, 'go_home': 1} funnel={'takeover': 565, 'released': 418, 'setdown': 380, 'cycle': 284, 'reset_mid_script': 563}
[e33rec] step=419100 saved=281 phases={'policy': 15, 'go_home': 1} funnel={'takeover': 565, 'released': 418, 'setdown': 380, 'cycle': 284, 'reset_mid_script': 563}
[death] env=7 in=go_home taskphase=0 cup_tilt=0deg cup_z=810mm home_err=2.79rad
[e33rec] episode 282/320 saved (len=1198, env=4)
[e33rec] step=419400 saved=282 phases={'policy': 16} funnel={'takeover': 565, 'released': 418, 'setdown': 381, 'cycle': 285, 'reset_mid_script': 564}
[e33rec] step=419700 saved=282 phases={'policy': 15, 'ascend': 1} funnel={'takeover': 566, 'released': 418, 'setdown': 381, 'cycle': 285, 'reset_mid_script': 564}
[e33rec] step=420000 saved=282 phases={'policy': 15, 'go_home': 1} funnel={'takeover': 566, 'released': 418, 'setdown': 381, 'cycle': 285, 'reset_mid_script': 564}
[e33rec] step=420300 saved=282 phases={'policy': 15, 'go_home': 1} funnel={'takeover': 566, 'released': 418, 'setdown': 381, 'cycle': 285, 'reset_mid_script': 564}
[death] env=8 in=go_home taskphase=0 cup_tilt=0deg cup_z=810mm home_err=1.38rad
[e33rec] step=420600 saved=282 phases={'policy': 16} funnel={'takeover': 566, 'released': 418, 'setdown': 381, 'cycle': 285, 'reset_mid_script': 565}
[e33rec] episode 283/320 saved (len=406, env=15)
[e33rec] step=420900 saved=283 phases={'policy': 16} funnel={'takeover': 566, 'released': 418, 'setdown': 382, 'cycle': 286, 'reset_mid_script': 565}
[e33rec] step=421200 saved=283 phases={'policy': 16} funnel={'takeover': 566, 'released': 418, 'setdown': 382, 'cycle': 286, 'reset_mid_script': 565}
[e33rec] step=421500 saved=283 phases={'policy': 16} funnel={'takeover': 566, 'released': 418, 'setdown': 382, 'cycle': 286, 'reset_mid_script': 565}
[e33rec] step=421800 saved=283 phases={'policy': 16} funnel={'takeover': 566, 'released': 418, 'setdown': 382, 'cycle': 286, 'reset_mid_script': 565}
[e33rec] step=422100 saved=283 phases={'policy': 15, 'ascend': 1} funnel={'takeover': 567, 'released': 419, 'setdown': 382, 'cycle': 286, 'reset_mid_script': 565}
[e33rec] step=422400 saved=283 phases={'policy': 14, 'ascend': 1, 'go_home': 1} funnel={'takeover': 568, 'released': 420, 'setdown': 382, 'cycle': 286, 'reset_mid_script': 565}
[e33rec] step=422700 saved=283 phases={'policy': 14, 'go_home': 2} funnel={'takeover': 568, 'released': 420, 'setdown': 382, 'cycle': 286, 'reset_mid_script': 565}
[e33rec] step=423000 saved=283 phases={'policy': 14, 'go_home': 2} funnel={'takeover': 568, 'released': 420, 'setdown': 382, 'cycle': 286, 'reset_mid_script': 565}
[death] env=15 in=go_home taskphase=0 cup_tilt=0deg cup_z=810mm home_err=1.32rad
[e33rec] episode 284/320 saved (len=672, env=4)
[e33rec] step=423300 saved=284 phases={'policy': 15, 'go_home': 1} funnel={'takeover': 568, 'released': 420, 'setdown': 383, 'cycle': 287, 'reset_mid_script': 566}
[death] env=3 in=go_home taskphase=0 cup_tilt=0deg cup_z=810mm home_err=1.33rad
[e33rec] step=423600 saved=284 phases={'policy': 16} funnel={'takeover': 568, 'released': 420, 'setdown': 383, 'cycle': 287, 'reset_mid_script': 567}
[e33rec] step=423900 saved=284 phases={'policy': 14, 'release': 1, 'ascend': 1} funnel={'takeover': 570, 'released': 421, 'setdown': 384, 'cycle': 287, 'reset_mid_script': 567}
[e33rec] step=424200 saved=284 phases={'policy': 14, 'ascend': 2} funnel={'takeover': 570, 'released': 421, 'setdown': 384, 'cycle': 287, 'reset_mid_script': 567}
[e33rec] step=424500 saved=284 phases={'policy': 14, 'ascend': 2} funnel={'takeover': 570, 'released': 421, 'setdown': 384, 'cycle': 287, 'reset_mid_script': 567}
[e33rec] step=424800 saved=284 phases={'policy': 14, 'ascend': 2} funnel={'takeover': 570, 'released': 421, 'setdown': 384, 'cycle': 287, 'reset_mid_script': 567}
[death] env=8 in=ascend taskphase=0 cup_tilt=0deg cup_z=815mm home_err=1.32rad
[death] env=3 in=ascend taskphase=0 cup_tilt=0deg cup_z=815mm home_err=1.66rad
[e33rec] step=425100 saved=284 phases={'policy': 16} funnel={'takeover': 570, 'released': 421, 'setdown': 384, 'cycle': 287, 'reset_mid_script': 569}
[e33rec] step=425400 saved=284 phases={'policy': 15, 'ascend': 1} funnel={'takeover': 571, 'released': 422, 'setdown': 384, 'cycle': 287, 'reset_mid_script': 569}
[e33rec] step=425700 saved=284 phases={'policy': 15, 'go_home': 1} funnel={'takeover': 571, 'released': 422, 'setdown': 384, 'cycle': 287, 'reset_mid_script': 569}
[e33rec] step=426000 saved=284 phases={'policy': 13, 'ascend': 2, 'go_home': 1} funnel={'takeover': 573, 'released': 423, 'setdown': 384, 'cycle': 287, 'reset_mid_script': 569}
[death] env=2 in=go_home taskphase=0 cup_tilt=0deg cup_z=815mm home_err=1.33rad
[e33rec] step=426300 saved=284 phases={'policy': 14, 'ascend': 2} funnel={'takeover': 573, 'released': 423, 'setdown': 384, 'cycle': 287, 'reset_mid_script': 570}
[death] env=7 in=ascend taskphase=0 cup_tilt=0deg cup_z=815mm home_err=1.51rad
[e33rec] step=426600 saved=284 phases={'policy': 14, 'release': 1, 'ascend': 1} funnel={'takeover': 574, 'released': 423, 'setdown': 384, 'cycle': 287, 'reset_mid_script': 571}
[e33rec] step=426900 saved=284 phases={'policy': 14, 'ascend': 2} funnel={'takeover': 574, 'released': 424, 'setdown': 384, 'cycle': 287, 'reset_mid_script': 571}
[death] env=10 in=ascend taskphase=0 cup_tilt=0deg cup_z=815mm home_err=1.41rad
[e33rec] step=427200 saved=284 phases={'policy': 15, 'ascend': 1} funnel={'takeover': 574, 'released': 424, 'setdown': 384, 'cycle': 287, 'reset_mid_script': 572}
[e33rec] step=427500 saved=284 phases={'policy': 15, 'ascend': 1} funnel={'takeover': 574, 'released': 424, 'setdown': 384, 'cycle': 287, 'reset_mid_script': 572}
[death] env=7 in=ascend taskphase=0 cup_tilt=0deg cup_z=815mm home_err=1.64rad
[e33rec] step=427800 saved=284 phases={'policy': 16} funnel={'takeover': 574, 'released': 424, 'setdown': 384, 'cycle': 287, 'reset_mid_script': 573}
[e33rec] step=428100 saved=284 phases={'policy': 16} funnel={'takeover': 574, 'released': 424, 'setdown': 384, 'cycle': 287, 'reset_mid_script': 573}
[e33rec] step=428400 saved=284 phases={'policy': 15, 'go_home': 1} funnel={'takeover': 575, 'released': 425, 'setdown': 384, 'cycle': 287, 'reset_mid_script': 573}
[e33rec] step=428700 saved=284 phases={'policy': 15, 'go_home': 1} funnel={'takeover': 575, 'released': 425, 'setdown': 384, 'cycle': 287, 'reset_mid_script': 573}
[e33rec] episode 285/320 saved (len=1102, env=7)
[e33rec] step=429000 saved=285 phases={'policy': 15, 'go_home': 1} funnel={'takeover': 575, 'released': 425, 'setdown': 385, 'cycle': 288, 'reset_mid_script': 573}
[death] env=3 in=go_home taskphase=0 cup_tilt=0deg cup_z=810mm home_err=2.79rad
[e33rec] step=429300 saved=285 phases={'policy': 16} funnel={'takeover': 575, 'released': 425, 'setdown': 385, 'cycle': 288, 'reset_mid_script': 574}
[e33rec] step=429600 saved=285 phases={'policy': 16} funnel={'takeover': 575, 'released': 425, 'setdown': 385, 'cycle': 288, 'reset_mid_script': 574}
[e33rec] step=429900 saved=285 phases={'policy': 16} funnel={'takeover': 575, 'released': 425, 'setdown': 385, 'cycle': 288, 'reset_mid_script': 574}
[e33rec] step=430200 saved=285 phases={'policy': 14, 'ascend': 1, 'go_home': 1} funnel={'takeover': 577, 'released': 426, 'setdown': 386, 'cycle': 288, 'reset_mid_script': 574}
[e33rec] step=430500 saved=285 phases={'policy': 14, 'ascend': 1, 'go_home': 1} funnel={'takeover': 577, 'released': 426, 'setdown': 386, 'cycle': 288, 'reset_mid_script': 574}
[e33rec] step=430800 saved=285 phases={'policy': 14, 'ascend': 1, 'go_home': 1} funnel={'takeover': 577, 'released': 426, 'setdown': 386, 'cycle': 288, 'reset_mid_script': 574}
[death] env=6 in=go_home taskphase=0 cup_tilt=0deg cup_z=815mm home_err=1.33rad
[e33rec] step=431100 saved=285 phases={'policy': 15, 'ascend': 1} funnel={'takeover': 577, 'released': 426, 'setdown': 386, 'cycle': 288, 'reset_mid_script': 575}
[death] env=4 in=ascend taskphase=0 cup_tilt=0deg cup_z=815mm home_err=1.32rad
[e33rec] episode 286/320 saved (len=249, env=4)
[e33rec] step=431400 saved=286 phases={'policy': 16} funnel={'takeover': 577, 'released': 426, 'setdown': 387, 'cycle': 289, 'reset_mid_script': 576}
[e33rec] step=431700 saved=286 phases={'policy': 16} funnel={'takeover': 577, 'released': 426, 'setdown': 387, 'cycle': 289, 'reset_mid_script': 576}
[e33rec] step=432000 saved=286 phases={'policy': 16} funnel={'takeover': 577, 'released': 426, 'setdown': 387, 'cycle': 289, 'reset_mid_script': 576}
[e33rec] step=432300 saved=286 phases={'policy': 16} funnel={'takeover': 577, 'released': 426, 'setdown': 387, 'cycle': 289, 'reset_mid_script': 576}
[e33rec] step=432600 saved=286 phases={'policy': 16} funnel={'takeover': 577, 'released': 426, 'setdown': 387, 'cycle': 289, 'reset_mid_script': 576}
[e33rec] step=432900 saved=286 phases={'policy': 15, 'release': 1} funnel={'takeover': 578, 'released': 426, 'setdown': 387, 'cycle': 289, 'reset_mid_script': 576}
[e33rec] step=433200 saved=286 phases={'policy': 14, 'ascend': 1, 'yaw_home': 1} funnel={'takeover': 579, 'released': 427, 'setdown': 387, 'cycle': 289, 'reset_mid_script': 576}
[e33rec] step=433500 saved=286 phases={'policy': 14, 'ascend': 1, 'go_home': 1} funnel={'takeover': 579, 'released': 427, 'setdown': 387, 'cycle': 289, 'reset_mid_script': 576}
[e33rec] step=433800 saved=286 phases={'policy': 13, 'release': 1, 'ascend': 1, 'go_home': 1} funnel={'takeover': 580, 'released': 427, 'setdown': 387, 'cycle': 289, 'reset_mid_script': 576}
[death] env=4 in=ascend taskphase=0 cup_tilt=0deg cup_z=810mm home_err=1.63rad
[e33rec] step=434100 saved=286 phases={'policy': 14, 'ascend': 1, 'go_home': 1} funnel={'takeover': 580, 'released': 428, 'setdown': 387, 'cycle': 289, 'reset_mid_script': 577}
[death] env=10 in=go_home taskphase=0 cup_tilt=0deg cup_z=810mm home_err=1.32rad
[e33rec] episode 287/320 saved (len=325, env=4)
[e33rec] step=434400 saved=287 phases={'policy': 15, 'ascend': 1} funnel={'takeover': 580, 'released': 428, 'setdown': 388, 'cycle': 290, 'reset_mid_script': 578}
[e33rec] step=434700 saved=287 phases={'policy': 15, 'ascend': 1} funnel={'takeover': 580, 'released': 428, 'setdown': 388, 'cycle': 290, 'reset_mid_script': 578}
[death] env=7 in=ascend taskphase=0 cup_tilt=0deg cup_z=815mm home_err=1.28rad
[e33rec] step=435000 saved=287 phases={'policy': 15, 'ascend': 1} funnel={'takeover': 581, 'released': 429, 'setdown': 389, 'cycle': 290, 'reset_mid_script': 579}
[e33rec] step=435300 saved=287 phases={'policy': 15, 'go_home': 1} funnel={'takeover': 581, 'released': 429, 'setdown': 389, 'cycle': 290, 'reset_mid_script': 579}
[death] env=4 in=go_home taskphase=0 cup_tilt=0deg cup_z=815mm home_err=1.33rad
[e33rec] step=435600 saved=287 phases={'policy': 16} funnel={'takeover': 581, 'released': 429, 'setdown': 389, 'cycle': 290, 'reset_mid_script': 580}
[e33rec] step=435900 saved=287 phases={'policy': 16} funnel={'takeover': 581, 'released': 429, 'setdown': 389, 'cycle': 290, 'reset_mid_script': 580}
[e33rec] step=436200 saved=287 phases={'policy': 15, 'ascend': 1} funnel={'takeover': 582, 'released': 429, 'setdown': 389, 'cycle': 290, 'reset_mid_script': 580}
[e33rec] step=436500 saved=287 phases={'policy': 14, 'ascend': 1, 'go_home': 1} funnel={'takeover': 583, 'released': 430, 'setdown': 390, 'cycle': 290, 'reset_mid_script': 580}
[e33rec] step=436800 saved=287 phases={'policy': 12, 'ascend': 3, 'go_home': 1} funnel={'takeover': 585, 'released': 432, 'setdown': 390, 'cycle': 290, 'reset_mid_script': 580}
[death] env=10 in=go_home taskphase=0 cup_tilt=0deg cup_z=815mm home_err=1.31rad
[e33rec] step=437100 saved=287 phases={'policy': 13, 'ascend': 1, 'go_home': 2} funnel={'takeover': 585, 'released': 432, 'setdown': 390, 'cycle': 290, 'reset_mid_script': 581}
[e33rec] step=437400 saved=287 phases={'policy': 11, 'ascend': 3, 'go_home': 2} funnel={'takeover': 587, 'released': 434, 'setdown': 390, 'cycle': 290, 'reset_mid_script': 581}
[death] env=15 in=go_home taskphase=0 cup_tilt=0deg cup_z=815mm home_err=1.33rad
[e33rec] step=437700 saved=287 phases={'policy': 12, 'ascend': 3, 'go_home': 1} funnel={'takeover': 587, 'released': 434, 'setdown': 390, 'cycle': 290, 'reset_mid_script': 582}
[death] env=8 in=ascend taskphase=0 cup_tilt=0deg cup_z=810mm home_err=1.61rad
[death] env=7 in=go_home taskphase=0 cup_tilt=0deg cup_z=810mm home_err=1.32rad
[e33rec] step=438000 saved=287 phases={'policy': 14, 'ascend': 2} funnel={'takeover': 587, 'released': 434, 'setdown': 390, 'cycle': 290, 'reset_mid_script': 584}
[e33rec] step=438300 saved=287 phases={'policy': 14, 'ascend': 2} funnel={'takeover': 587, 'released': 434, 'setdown': 390, 'cycle': 290, 'reset_mid_script': 584}
[death] env=11 in=ascend taskphase=0 cup_tilt=0deg cup_z=810mm home_err=1.63rad
[death] env=6 in=ascend taskphase=0 cup_tilt=0deg cup_z=810mm home_err=1.78rad
[e33rec] step=438600 saved=287 phases={'policy': 16} funnel={'takeover': 587, 'released': 434, 'setdown': 390, 'cycle': 290, 'reset_mid_script': 586}
[e33rec] step=438900 saved=287 phases={'policy': 16} funnel={'takeover': 587, 'released': 434, 'setdown': 390, 'cycle': 290, 'reset_mid_script': 586}
[e33rec] step=439200 saved=287 phases={'policy': 16} funnel={'takeover': 587, 'released': 434, 'setdown': 390, 'cycle': 290, 'reset_mid_script': 586}
[e33rec] step=439500 saved=287 phases={'policy': 16} funnel={'takeover': 587, 'released': 434, 'setdown': 390, 'cycle': 290, 'reset_mid_script': 586}
[e33rec] step=439800 saved=287 phases={'policy': 16} funnel={'takeover': 587, 'released': 434, 'setdown': 390, 'cycle': 290, 'reset_mid_script': 586}
[e33rec] step=440100 saved=287 phases={'policy': 16} funnel={'takeover': 587, 'released': 434, 'setdown': 390, 'cycle': 290, 'reset_mid_script': 586}
[e33rec] step=440400 saved=287 phases={'policy': 16} funnel={'takeover': 587, 'released': 434, 'setdown': 390, 'cycle': 290, 'reset_mid_script': 586}
[e33rec] step=440700 saved=287 phases={'policy': 16} funnel={'takeover': 587, 'released': 434, 'setdown': 390, 'cycle': 290, 'reset_mid_script': 586}
[e33rec] step=441000 saved=287 phases={'policy': 16} funnel={'takeover': 587, 'released': 434, 'setdown': 390, 'cycle': 290, 'reset_mid_script': 586}
[e33rec] step=441300 saved=287 phases={'policy': 16} funnel={'takeover': 587, 'released': 434, 'setdown': 390, 'cycle': 290, 'reset_mid_script': 586}
[e33rec] step=441600 saved=287 phases={'policy': 16} funnel={'takeover': 587, 'released': 434, 'setdown': 390, 'cycle': 290, 'reset_mid_script': 586}
[e33rec] step=441900 saved=287 phases={'policy': 16} funnel={'takeover': 587, 'released': 434, 'setdown': 390, 'cycle': 290, 'reset_mid_script': 586}
[e33rec] step=442200 saved=287 phases={'policy': 16} funnel={'takeover': 587, 'released': 434, 'setdown': 390, 'cycle': 290, 'reset_mid_script': 586}
[e33rec] step=442500 saved=287 phases={'policy': 15, 'release': 1} funnel={'takeover': 588, 'released': 434, 'setdown': 390, 'cycle': 290, 'reset_mid_script': 586}
[e33rec] step=442800 saved=287 phases={'policy': 15, 'ascend': 1} funnel={'takeover': 588, 'released': 434, 'setdown': 390, 'cycle': 290, 'reset_mid_script': 586}
[e33rec] episode 288/320 saved (len=245, env=10)
[e33rec] step=443100 saved=288 phases={'policy': 15, 'ascend': 1} funnel={'takeover': 588, 'released': 434, 'setdown': 391, 'cycle': 291, 'reset_mid_script': 586}
[e33rec] step=443400 saved=288 phases={'policy': 15, 'ascend': 1} funnel={'takeover': 588, 'released': 434, 'setdown': 391, 'cycle': 291, 'reset_mid_script': 586}
[death] env=8 in=ascend taskphase=0 cup_tilt=0deg cup_z=815mm home_err=1.38rad
[e33rec] step=443700 saved=288 phases={'policy': 15, 'ascend': 1} funnel={'takeover': 589, 'released': 435, 'setdown': 392, 'cycle': 291, 'reset_mid_script': 587}
[e33rec] step=444000 saved=288 phases={'policy': 15, 'ascend': 1} funnel={'takeover': 589, 'released': 435, 'setdown': 392, 'cycle': 291, 'reset_mid_script': 587}
[e33rec] step=444300 saved=288 phases={'policy': 15, 'ascend': 1} funnel={'takeover': 589, 'released': 435, 'setdown': 392, 'cycle': 291, 'reset_mid_script': 587}
[e33rec] step=444600 saved=288 phases={'policy': 15, 'ascend': 1} funnel={'takeover': 589, 'released': 435, 'setdown': 392, 'cycle': 291, 'reset_mid_script': 587}
[death] env=15 in=ascend taskphase=0 cup_tilt=0deg cup_z=815mm home_err=1.68rad
[e33rec] step=444900 saved=288 phases={'policy': 16} funnel={'takeover': 589, 'released': 435, 'setdown': 392, 'cycle': 291, 'reset_mid_script': 588}
[e33rec] step=445200 saved=288 phases={'policy': 16} funnel={'takeover': 589, 'released': 435, 'setdown': 392, 'cycle': 291, 'reset_mid_script': 588}
[e33rec] step=445500 saved=288 phases={'policy': 16} funnel={'takeover': 589, 'released': 435, 'setdown': 392, 'cycle': 291, 'reset_mid_script': 588}
[e33rec] step=445800 saved=288 phases={'policy': 15, 'ascend': 1} funnel={'takeover': 590, 'released': 436, 'setdown': 393, 'cycle': 291, 'reset_mid_script': 588}
[e33rec] episode 289/320 saved (len=783, env=8)
[e33rec] step=446100 saved=289 phases={'policy': 15, 'go_home': 1} funnel={'takeover': 590, 'released': 436, 'setdown': 394, 'cycle': 292, 'reset_mid_script': 588}
[e33rec] step=446400 saved=289 phases={'policy': 15, 'go_home': 1} funnel={'takeover': 590, 'released': 436, 'setdown': 394, 'cycle': 292, 'reset_mid_script': 588}
[e33rec] step=446700 saved=289 phases={'policy': 15, 'go_home': 1} funnel={'takeover': 590, 'released': 436, 'setdown': 394, 'cycle': 292, 'reset_mid_script': 588}
[death] env=11 in=go_home taskphase=0 cup_tilt=0deg cup_z=815mm home_err=1.33rad
[e33rec] step=447000 saved=289 phases={'policy': 15, 'go_home': 1} funnel={'takeover': 591, 'released': 437, 'setdown': 394, 'cycle': 292, 'reset_mid_script': 589}
[e33rec] step=447300 saved=289 phases={'policy': 15, 'go_home': 1} funnel={'takeover': 591, 'released': 437, 'setdown': 394, 'cycle': 292, 'reset_mid_script': 589}
[e33rec] step=447600 saved=289 phases={'policy': 15, 'go_home': 1} funnel={'takeover': 591, 'released': 437, 'setdown': 394, 'cycle': 292, 'reset_mid_script': 589}
[death] env=15 in=go_home taskphase=0 cup_tilt=0deg cup_z=810mm home_err=1.33rad
[e33rec] step=447900 saved=289 phases={'policy': 15, 'release': 1} funnel={'takeover': 592, 'released': 437, 'setdown': 394, 'cycle': 292, 'reset_mid_script': 590}
[e33rec] step=448200 saved=289 phases={'policy': 14, 'release': 1, 'ascend': 1} funnel={'takeover': 593, 'released': 437, 'setdown': 395, 'cycle': 292, 'reset_mid_script': 590}
[e33rec] episode 290/320 saved (len=1187, env=6)
[e33rec] step=448500 saved=290 phases={'policy': 14, 'ascend': 2} funnel={'takeover': 593, 'released': 438, 'setdown': 396, 'cycle': 293, 'reset_mid_script': 590}
[e33rec] step=448800 saved=290 phases={'policy': 14, 'ascend': 2} funnel={'takeover': 593, 'released': 438, 'setdown': 396, 'cycle': 293, 'reset_mid_script': 590}
[death] env=15 in=ascend taskphase=0 cup_tilt=0deg cup_z=815mm home_err=1.38rad
[e33rec] step=449100 saved=290 phases={'policy': 15, 'ascend': 1} funnel={'takeover': 593, 'released': 438, 'setdown': 396, 'cycle': 293, 'reset_mid_script': 591}
[e33rec] step=449400 saved=290 phases={'policy': 15, 'ascend': 1} funnel={'takeover': 593, 'released': 438, 'setdown': 396, 'cycle': 293, 'reset_mid_script': 591}
[death] env=7 in=ascend taskphase=0 cup_tilt=0deg cup_z=815mm home_err=1.31rad
[e33rec] step=449700 saved=290 phases={'policy': 14, 'release': 1, 'ascend': 1} funnel={'takeover': 595, 'released': 439, 'setdown': 396, 'cycle': 293, 'reset_mid_script': 592}
[e33rec] step=450000 saved=290 phases={'policy': 14, 'ascend': 1, 'go_home': 1} funnel={'takeover': 595, 'released': 439, 'setdown': 396, 'cycle': 293, 'reset_mid_script': 592}
[e33rec] episode 291/320 saved (len=673, env=7)
[e33rec] step=450300 saved=291 phases={'policy': 14, 'ascend': 1, 'go_home': 1} funnel={'takeover': 595, 'released': 439, 'setdown': 397, 'cycle': 294, 'reset_mid_script': 592}
[e33rec] step=450600 saved=291 phases={'policy': 14, 'ascend': 1, 'go_home': 1} funnel={'takeover': 595, 'released': 439, 'setdown': 397, 'cycle': 294, 'reset_mid_script': 592}
[death] env=2 in=ascend taskphase=0 cup_tilt=0deg cup_z=815mm home_err=1.24rad
[death] env=8 in=go_home taskphase=0 cup_tilt=0deg cup_z=810mm home_err=2.79rad
[e33rec] step=450900 saved=291 phases={'policy': 15, 'ascend': 1} funnel={'takeover': 596, 'released': 440, 'setdown': 398, 'cycle': 294, 'reset_mid_script': 594}
[e33rec] step=451200 saved=291 phases={'policy': 14, 'ascend': 1, 'yaw_home': 1} funnel={'takeover': 597, 'released': 441, 'setdown': 398, 'cycle': 294, 'reset_mid_script': 594}
[e33rec] step=451500 saved=291 phases={'policy': 13, 'release': 1, 'ascend': 1, 'go_home': 1} funnel={'takeover': 598, 'released': 441, 'setdown': 399, 'cycle': 294, 'reset_mid_script': 594}
[e33rec] episode 292/320 saved (len=360, env=6)
[e33rec] step=451800 saved=292 phases={'policy': 13, 'ascend': 2, 'go_home': 1} funnel={'takeover': 598, 'released': 442, 'setdown': 400, 'cycle': 295, 'reset_mid_script': 594}
[death] env=15 in=ascend taskphase=0 cup_tilt=0deg cup_z=815mm home_err=1.44rad
[e33rec] step=452100 saved=292 phases={'policy': 14, 'ascend': 1, 'go_home': 1} funnel={'takeover': 598, 'released': 442, 'setdown': 400, 'cycle': 295, 'reset_mid_script': 595}
[death] env=2 in=go_home taskphase=0 cup_tilt=0deg cup_z=810mm home_err=1.32rad
[e33rec] step=452400 saved=292 phases={'policy': 14, 'ascend': 2} funnel={'takeover': 599, 'released': 443, 'setdown': 400, 'cycle': 295, 'reset_mid_script': 596}
[e33rec] step=452700 saved=292 phases={'policy': 14, 'ascend': 2} funnel={'takeover': 599, 'released': 443, 'setdown': 400, 'cycle': 295, 'reset_mid_script': 596}
[death] env=11 in=ascend taskphase=0 cup_tilt=0deg cup_z=815mm home_err=1.29rad
[e33rec] step=453000 saved=292 phases={'policy': 15, 'ascend': 1} funnel={'takeover': 599, 'released': 443, 'setdown': 400, 'cycle': 295, 'reset_mid_script': 597}
[e33rec] step=453300 saved=292 phases={'policy': 15, 'go_home': 1} funnel={'takeover': 599, 'released': 443, 'setdown': 400, 'cycle': 295, 'reset_mid_script': 597}
[death] env=15 in=go_home taskphase=0 cup_tilt=0deg cup_z=815mm home_err=1.33rad
[e33rec] step=453600 saved=292 phases={'policy': 16} funnel={'takeover': 599, 'released': 443, 'setdown': 400, 'cycle': 295, 'reset_mid_script': 598}
[e33rec] step=453900 saved=292 phases={'policy': 16} funnel={'takeover': 599, 'released': 443, 'setdown': 400, 'cycle': 295, 'reset_mid_script': 598}
[e33rec] step=454200 saved=292 phases={'policy': 16} funnel={'takeover': 599, 'released': 443, 'setdown': 400, 'cycle': 295, 'reset_mid_script': 598}
[e33rec] step=454500 saved=292 phases={'policy': 15, 'ascend': 1} funnel={'takeover': 600, 'released': 444, 'setdown': 400, 'cycle': 295, 'reset_mid_script': 598}
[e33rec] step=454800 saved=292 phases={'policy': 15, 'ascend': 1} funnel={'takeover': 600, 'released': 444, 'setdown': 400, 'cycle': 295, 'reset_mid_script': 598}
[e33rec] episode 293/320 saved (len=278, env=15)
[e33rec] step=455100 saved=293 phases={'policy': 15, 'ascend': 1} funnel={'takeover': 600, 'released': 444, 'setdown': 401, 'cycle': 296, 'reset_mid_script': 598}
[e33rec] step=455400 saved=293 phases={'policy': 15, 'ascend': 1} funnel={'takeover': 600, 'released': 444, 'setdown': 401, 'cycle': 296, 'reset_mid_script': 598}
[death] env=11 in=ascend taskphase=0 cup_tilt=0deg cup_z=810mm home_err=1.76rad
[e33rec] step=455700 saved=293 phases={'policy': 16} funnel={'takeover': 600, 'released': 444, 'setdown': 401, 'cycle': 296, 'reset_mid_script': 599}
[e33rec] step=456000 saved=293 phases={'policy': 16} funnel={'takeover': 600, 'released': 444, 'setdown': 401, 'cycle': 296, 'reset_mid_script': 599}
[e33rec] step=456300 saved=293 phases={'policy': 16} funnel={'takeover': 600, 'released': 444, 'setdown': 401, 'cycle': 296, 'reset_mid_script': 599}
[e33rec] step=456600 saved=293 phases={'policy': 16} funnel={'takeover': 600, 'released': 444, 'setdown': 401, 'cycle': 296, 'reset_mid_script': 599}
[e33rec] step=456900 saved=293 phases={'policy': 16} funnel={'takeover': 600, 'released': 444, 'setdown': 401, 'cycle': 296, 'reset_mid_script': 599}
[e33rec] step=457200 saved=293 phases={'policy': 16} funnel={'takeover': 600, 'released': 444, 'setdown': 401, 'cycle': 296, 'reset_mid_script': 599}
[e33rec] step=457500 saved=293 phases={'policy': 16} funnel={'takeover': 600, 'released': 444, 'setdown': 401, 'cycle': 296, 'reset_mid_script': 599}
[e33rec] step=457800 saved=293 phases={'policy': 16} funnel={'takeover': 600, 'released': 444, 'setdown': 401, 'cycle': 296, 'reset_mid_script': 599}
[e33rec] step=458100 saved=293 phases={'policy': 16} funnel={'takeover': 600, 'released': 444, 'setdown': 401, 'cycle': 296, 'reset_mid_script': 599}
[e33rec] step=458400 saved=293 phases={'policy': 16} funnel={'takeover': 600, 'released': 444, 'setdown': 401, 'cycle': 296, 'reset_mid_script': 599}
[e33rec] step=458700 saved=293 phases={'policy': 16} funnel={'takeover': 600, 'released': 444, 'setdown': 401, 'cycle': 296, 'reset_mid_script': 599}
[e33rec] episode 294/320 saved (len=372, env=6)
[e33rec] step=459000 saved=294 phases={'policy': 16} funnel={'takeover': 600, 'released': 444, 'setdown': 402, 'cycle': 297, 'reset_mid_script': 599}
[e33rec] episode 295/320 saved (len=1114, env=7)
[e33rec] step=459300 saved=295 phases={'policy': 16} funnel={'takeover': 600, 'released': 444, 'setdown': 403, 'cycle': 298, 'reset_mid_script': 599}
[e33rec] step=459600 saved=295 phases={'policy': 16} funnel={'takeover': 600, 'released': 444, 'setdown': 403, 'cycle': 298, 'reset_mid_script': 599}
[e33rec] step=459900 saved=295 phases={'policy': 15, 'release': 1} funnel={'takeover': 601, 'released': 444, 'setdown': 403, 'cycle': 298, 'reset_mid_script': 599}
[e33rec] step=460200 saved=295 phases={'policy': 14, 'release': 1, 'ascend': 1} funnel={'takeover': 602, 'released': 444, 'setdown': 403, 'cycle': 298, 'reset_mid_script': 599}
[e33rec] step=460500 saved=295 phases={'policy': 14, 'ascend': 1, 'go_home': 1} funnel={'takeover': 602, 'released': 445, 'setdown': 403, 'cycle': 298, 'reset_mid_script': 599}
[e33rec] step=460800 saved=295 phases={'policy': 14, 'ascend': 1, 'go_home': 1} funnel={'takeover': 602, 'released': 445, 'setdown': 403, 'cycle': 298, 'reset_mid_script': 599}
[death] env=7 in=ascend taskphase=0 cup_tilt=0deg cup_z=815mm home_err=1.28rad
[e33rec] step=461100 saved=295 phases={'policy': 15, 'go_home': 1} funnel={'takeover': 602, 'released': 445, 'setdown': 403, 'cycle': 298, 'reset_mid_script': 600}
[death] env=11 in=go_home taskphase=0 cup_tilt=0deg cup_z=810mm home_err=1.43rad
[e33rec] step=461400 saved=295 phases={'policy': 16} funnel={'takeover': 602, 'released': 445, 'setdown': 403, 'cycle': 298, 'reset_mid_script': 601}
[e33rec] step=461700 saved=295 phases={'policy': 16} funnel={'takeover': 602, 'released': 445, 'setdown': 403, 'cycle': 298, 'reset_mid_script': 601}
[e33rec] step=462000 saved=295 phases={'policy': 15, 'ascend': 1} funnel={'takeover': 603, 'released': 446, 'setdown': 403, 'cycle': 298, 'reset_mid_script': 601}
[e33rec] step=462300 saved=295 phases={'policy': 15, 'yaw_home': 1} funnel={'takeover': 603, 'released': 446, 'setdown': 403, 'cycle': 298, 'reset_mid_script': 601}
[e33rec] step=462600 saved=295 phases={'policy': 14, 'ascend': 1, 'go_home': 1} funnel={'takeover': 604, 'released': 447, 'setdown': 403, 'cycle': 298, 'reset_mid_script': 601}
[e33rec] step=462900 saved=295 phases={'policy': 14, 'ascend': 1, 'go_home': 1} funnel={'takeover': 604, 'released': 447, 'setdown': 403, 'cycle': 298, 'reset_mid_script': 601}
[death] env=6 in=go_home taskphase=0 cup_tilt=0deg cup_z=810mm home_err=1.33rad
[e33rec] step=463200 saved=295 phases={'policy': 15, 'ascend': 1} funnel={'takeover': 604, 'released': 447, 'setdown': 403, 'cycle': 298, 'reset_mid_script': 602}
[e33rec] step=463500 saved=295 phases={'policy': 15, 'ascend': 1} funnel={'takeover': 604, 'released': 447, 'setdown': 403, 'cycle': 298, 'reset_mid_script': 602}
[death] env=2 in=ascend taskphase=0 cup_tilt=0deg cup_z=810mm home_err=1.55rad
[e33rec] step=463800 saved=295 phases={'policy': 16} funnel={'takeover': 604, 'released': 447, 'setdown': 403, 'cycle': 298, 'reset_mid_script': 603}
[e33rec] step=464100 saved=295 phases={'policy': 15, 'ascend': 1} funnel={'takeover': 605, 'released': 448, 'setdown': 403, 'cycle': 298, 'reset_mid_script': 603}
[e33rec] step=464400 saved=295 phases={'policy': 15, 'go_home': 1} funnel={'takeover': 605, 'released': 448, 'setdown': 403, 'cycle': 298, 'reset_mid_script': 603}
[e33rec] step=464700 saved=295 phases={'policy': 15, 'go_home': 1} funnel={'takeover': 605, 'released': 448, 'setdown': 403, 'cycle': 298, 'reset_mid_script': 603}
[e33rec] episode 296/320 saved (len=1003, env=7)
[e33rec] step=465000 saved=296 phases={'policy': 15, 'go_home': 1} funnel={'takeover': 605, 'released': 448, 'setdown': 404, 'cycle': 299, 'reset_mid_script': 603}
[death] env=2 in=go_home taskphase=0 cup_tilt=0deg cup_z=810mm home_err=2.79rad
[e33rec] step=465300 saved=296 phases={'policy': 16} funnel={'takeover': 605, 'released': 448, 'setdown': 404, 'cycle': 299, 'reset_mid_script': 604}
[e33rec] step=465600 saved=296 phases={'policy': 16} funnel={'takeover': 605, 'released': 448, 'setdown': 404, 'cycle': 299, 'reset_mid_script': 604}
[e33rec] step=465900 saved=296 phases={'policy': 16} funnel={'takeover': 605, 'released': 448, 'setdown': 404, 'cycle': 299, 'reset_mid_script': 604}
[e33rec] step=466200 saved=296 phases={'policy': 16} funnel={'takeover': 605, 'released': 448, 'setdown': 404, 'cycle': 299, 'reset_mid_script': 604}
[e33rec] step=466500 saved=296 phases={'policy': 16} funnel={'takeover': 605, 'released': 448, 'setdown': 404, 'cycle': 299, 'reset_mid_script': 604}
[e33rec] step=466800 saved=296 phases={'policy': 16} funnel={'takeover': 605, 'released': 448, 'setdown': 404, 'cycle': 299, 'reset_mid_script': 604}
[e33rec] step=467100 saved=296 phases={'policy': 15, 'yaw_home': 1} funnel={'takeover': 606, 'released': 449, 'setdown': 404, 'cycle': 299, 'reset_mid_script': 604}
[e33rec] step=467400 saved=296 phases={'policy': 15, 'go_home': 1} funnel={'takeover': 606, 'released': 449, 'setdown': 404, 'cycle': 299, 'reset_mid_script': 604}
[e33rec] step=467700 saved=296 phases={'policy': 15, 'go_home': 1} funnel={'takeover': 606, 'released': 449, 'setdown': 404, 'cycle': 299, 'reset_mid_script': 604}
[e33rec] step=468000 saved=296 phases={'policy': 15, 'go_home': 1} funnel={'takeover': 606, 'released': 449, 'setdown': 404, 'cycle': 299, 'reset_mid_script': 604}
[death] env=7 in=go_home taskphase=0 cup_tilt=0deg cup_z=810mm home_err=2.79rad
[e33rec] step=468300 saved=296 phases={'policy': 16} funnel={'takeover': 606, 'released': 449, 'setdown': 404, 'cycle': 299, 'reset_mid_script': 605}
[e33rec] step=468600 saved=296 phases={'policy': 16} funnel={'takeover': 606, 'released': 449, 'setdown': 404, 'cycle': 299, 'reset_mid_script': 605}
[e33rec] step=468900 saved=296 phases={'policy': 15, 'release': 1} funnel={'takeover': 607, 'released': 449, 'setdown': 404, 'cycle': 299, 'reset_mid_script': 605}
[e33rec] step=469200 saved=296 phases={'policy': 15, 'ascend': 1} funnel={'takeover': 607, 'released': 449, 'setdown': 404, 'cycle': 299, 'reset_mid_script': 605}
[e33rec] step=469500 saved=296 phases={'policy': 15, 'ascend': 1} funnel={'takeover': 607, 'released': 449, 'setdown': 404, 'cycle': 299, 'reset_mid_script': 605}
[e33rec] step=469800 saved=296 phases={'policy': 15, 'ascend': 1} funnel={'takeover': 607, 'released': 449, 'setdown': 404, 'cycle': 299, 'reset_mid_script': 605}
[death] env=11 in=ascend taskphase=0 cup_tilt=0deg cup_z=810mm home_err=1.17rad
[e33rec] step=470100 saved=296 phases={'policy': 16} funnel={'takeover': 607, 'released': 449, 'setdown': 404, 'cycle': 299, 'reset_mid_script': 606}
[e33rec] step=470400 saved=296 phases={'policy': 15, 'go_home': 1} funnel={'takeover': 608, 'released': 450, 'setdown': 405, 'cycle': 299, 'reset_mid_script': 606}
[e33rec] step=470700 saved=296 phases={'policy': 15, 'go_home': 1} funnel={'takeover': 608, 'released': 450, 'setdown': 406, 'cycle': 299, 'reset_mid_script': 606}
[death] env=8 in=go_home taskphase=0 cup_tilt=0deg cup_z=815mm home_err=1.39rad
[e33rec] step=471000 saved=296 phases={'policy': 16} funnel={'takeover': 608, 'released': 450, 'setdown': 406, 'cycle': 299, 'reset_mid_script': 607}
[e33rec] step=471300 saved=296 phases={'policy': 16} funnel={'takeover': 608, 'released': 450, 'setdown': 406, 'cycle': 299, 'reset_mid_script': 607}
[e33rec] step=471600 saved=296 phases={'policy': 15, 'ascend': 1} funnel={'takeover': 609, 'released': 451, 'setdown': 407, 'cycle': 299, 'reset_mid_script': 607}
[e33rec] step=471900 saved=296 phases={'policy': 15, 'go_home': 1} funnel={'takeover': 609, 'released': 451, 'setdown': 407, 'cycle': 299, 'reset_mid_script': 607}
[e33rec] episode 297/320 saved (len=565, env=11)
[e33rec] step=472200 saved=297 phases={'policy': 15, 'go_home': 1} funnel={'takeover': 609, 'released': 451, 'setdown': 408, 'cycle': 300, 'reset_mid_script': 607}
[death] env=8 in=go_home taskphase=0 cup_tilt=0deg cup_z=815mm home_err=1.34rad
[e33rec] step=472500 saved=297 phases={'policy': 16} funnel={'takeover': 609, 'released': 451, 'setdown': 408, 'cycle': 300, 'reset_mid_script': 608}
[e33rec] episode 298/320 saved (len=472, env=15)
[e33rec] step=472800 saved=298 phases={'policy': 16} funnel={'takeover': 609, 'released': 451, 'setdown': 409, 'cycle': 301, 'reset_mid_script': 608}
[e33rec] step=473100 saved=298 phases={'policy': 16} funnel={'takeover': 609, 'released': 451, 'setdown': 409, 'cycle': 301, 'reset_mid_script': 608}
[e33rec] step=473400 saved=298 phases={'policy': 16} funnel={'takeover': 609, 'released': 451, 'setdown': 409, 'cycle': 301, 'reset_mid_script': 608}
[e33rec] episode 299/320 saved (len=418, env=6)
[e33rec] step=473700 saved=299 phases={'policy': 16} funnel={'takeover': 609, 'released': 451, 'setdown': 410, 'cycle': 302, 'reset_mid_script': 608}
[e33rec] step=474000 saved=299 phases={'policy': 14, 'ascend': 2} funnel={'takeover': 611, 'released': 453, 'setdown': 410, 'cycle': 302, 'reset_mid_script': 608}
[e33rec] step=474300 saved=299 phases={'policy': 13, 'ascend': 3} funnel={'takeover': 612, 'released': 453, 'setdown': 410, 'cycle': 302, 'reset_mid_script': 608}
[e33rec] step=474600 saved=299 phases={'policy': 13, 'ascend': 3} funnel={'takeover': 612, 'released': 453, 'setdown': 410, 'cycle': 302, 'reset_mid_script': 608}
[e33rec] step=474900 saved=299 phases={'policy': 13, 'ascend': 3} funnel={'takeover': 612, 'released': 453, 'setdown': 410, 'cycle': 302, 'reset_mid_script': 608}
[death] env=4 in=ascend taskphase=0 cup_tilt=0deg cup_z=810mm home_err=1.93rad
[death] env=15 in=ascend taskphase=0 cup_tilt=0deg cup_z=810mm home_err=1.98rad
[e33rec] step=475200 saved=299 phases={'policy': 15, 'ascend': 1} funnel={'takeover': 612, 'released': 453, 'setdown': 410, 'cycle': 302, 'reset_mid_script': 610}
[death] env=8 in=ascend taskphase=0 cup_tilt=0deg cup_z=810mm home_err=1.63rad
[e33rec] step=475500 saved=299 phases={'policy': 15, 'ascend': 1} funnel={'takeover': 613, 'released': 454, 'setdown': 410, 'cycle': 302, 'reset_mid_script': 611}
[e33rec] step=475800 saved=299 phases={'policy': 15, 'go_home': 1} funnel={'takeover': 613, 'released': 454, 'setdown': 410, 'cycle': 302, 'reset_mid_script': 611}
[e33rec] step=476100 saved=299 phases={'policy': 15, 'go_home': 1} funnel={'takeover': 613, 'released': 454, 'setdown': 410, 'cycle': 302, 'reset_mid_script': 611}
[death] env=4 in=go_home taskphase=0 cup_tilt=0deg cup_z=810mm home_err=1.33rad
[e33rec] step=476400 saved=299 phases={'policy': 16} funnel={'takeover': 613, 'released': 454, 'setdown': 410, 'cycle': 302, 'reset_mid_script': 612}
[e33rec] step=476700 saved=299 phases={'policy': 15, 'release': 1} funnel={'takeover': 614, 'released': 454, 'setdown': 410, 'cycle': 302, 'reset_mid_script': 612}
[e33rec] step=477000 saved=299 phases={'policy': 13, 'place_descend': 1, 'release': 1, 'go_home': 1} funnel={'takeover': 616, 'released': 454, 'setdown': 411, 'cycle': 302, 'reset_mid_script': 612}
[e33rec] step=477300 saved=299 phases={'policy': 13, 'ascend': 2, 'go_home': 1} funnel={'takeover': 616, 'released': 455, 'setdown': 411, 'cycle': 302, 'reset_mid_script': 612}
[e33rec] step=477600 saved=299 phases={'policy': 13, 'ascend': 2, 'go_home': 1} funnel={'takeover': 616, 'released': 455, 'setdown': 411, 'cycle': 302, 'reset_mid_script': 612}
[death] env=4 in=go_home taskphase=0 cup_tilt=0deg cup_z=810mm home_err=2.79rad
[e33rec] step=477900 saved=299 phases={'policy': 13, 'ascend': 3} funnel={'takeover': 617, 'released': 455, 'setdown': 411, 'cycle': 302, 'reset_mid_script': 613}
[death] env=8 in=ascend taskphase=0 cup_tilt=0deg cup_z=810mm home_err=2.79rad
[e33rec] step=478200 saved=299 phases={'policy': 14, 'ascend': 2} funnel={'takeover': 617, 'released': 455, 'setdown': 411, 'cycle': 302, 'reset_mid_script': 614}
[death] env=7 in=ascend taskphase=0 cup_tilt=0deg cup_z=810mm home_err=2.18rad
[e33rec] step=478500 saved=299 phases={'policy': 14, 'ascend': 2} funnel={'takeover': 618, 'released': 456, 'setdown': 411, 'cycle': 302, 'reset_mid_script': 615}
[death] env=6 in=ascend taskphase=0 cup_tilt=0deg cup_z=815mm home_err=1.30rad
[e33rec] step=478800 saved=299 phases={'policy': 15, 'go_home': 1} funnel={'takeover': 618, 'released': 456, 'setdown': 411, 'cycle': 302, 'reset_mid_script': 616}
[e33rec] step=479100 saved=299 phases={'policy': 15, 'go_home': 1} funnel={'takeover': 618, 'released': 456, 'setdown': 411, 'cycle': 302, 'reset_mid_script': 616}
[e33rec] step=479400 saved=299 phases={'policy': 15, 'go_home': 1} funnel={'takeover': 618, 'released': 456, 'setdown': 411, 'cycle': 302, 'reset_mid_script': 616}
[death] env=8 in=go_home taskphase=0 cup_tilt=0deg cup_z=810mm home_err=1.32rad
[e33rec] step=479700 saved=299 phases={'policy': 16} funnel={'takeover': 618, 'released': 456, 'setdown': 411, 'cycle': 302, 'reset_mid_script': 617}
[e33rec] step=480000 saved=299 phases={'policy': 16} funnel={'takeover': 618, 'released': 456, 'setdown': 411, 'cycle': 302, 'reset_mid_script': 617}
[e33rec] episode 300/320 saved (len=1158, env=10)
[e33rec] step=480300 saved=300 phases={'policy': 16} funnel={'takeover': 618, 'released': 456, 'setdown': 412, 'cycle': 303, 'reset_mid_script': 617}
[e33rec] episode 301/320 saved (len=256, env=11)
[e33rec] step=480600 saved=301 phases={'policy': 15, 'yaw_home': 1} funnel={'takeover': 619, 'released': 457, 'setdown': 413, 'cycle': 304, 'reset_mid_script': 617}
[e33rec] step=480900 saved=301 phases={'policy': 15, 'go_home': 1} funnel={'takeover': 619, 'released': 457, 'setdown': 413, 'cycle': 304, 'reset_mid_script': 617}
[e33rec] step=481200 saved=301 phases={'policy': 15, 'go_home': 1} funnel={'takeover': 619, 'released': 457, 'setdown': 413, 'cycle': 304, 'reset_mid_script': 617}
[e33rec] step=481500 saved=301 phases={'policy': 13, 'yaw_home': 2, 'go_home': 1} funnel={'takeover': 621, 'released': 459, 'setdown': 413, 'cycle': 304, 'reset_mid_script': 617}
[death] env=6 in=go_home taskphase=0 cup_tilt=0deg cup_z=810mm home_err=1.36rad
[e33rec] step=481800 saved=301 phases={'policy': 13, 'ascend': 1, 'go_home': 2} funnel={'takeover': 622, 'released': 460, 'setdown': 414, 'cycle': 304, 'reset_mid_script': 618}
[e33rec] step=482100 saved=301 phases={'policy': 12, 'ascend': 2, 'go_home': 2} funnel={'takeover': 623, 'released': 460, 'setdown': 414, 'cycle': 304, 'reset_mid_script': 618}
[e33rec] step=482400 saved=301 phases={'policy': 11, 'ascend': 3, 'go_home': 2} funnel={'takeover': 624, 'released': 461, 'setdown': 414, 'cycle': 304, 'reset_mid_script': 618}
[death] env=2 in=go_home taskphase=0 cup_tilt=0deg cup_z=810mm home_err=1.33rad
[death] env=7 in=go_home taskphase=0 cup_tilt=0deg cup_z=810mm home_err=1.33rad
[e33rec] step=482700 saved=301 phases={'policy': 12, 'ascend': 4} funnel={'takeover': 625, 'released': 461, 'setdown': 414, 'cycle': 304, 'reset_mid_script': 620}
[death] env=11 in=ascend taskphase=0 cup_tilt=0deg cup_z=815mm home_err=1.51rad
[e33rec] step=483000 saved=301 phases={'policy': 13, 'ascend': 3} funnel={'takeover': 625, 'released': 461, 'setdown': 414, 'cycle': 304, 'reset_mid_script': 621}
[death] env=6 in=ascend taskphase=0 cup_tilt=0deg cup_z=845mm home_err=1.48rad
[e33rec] step=483300 saved=301 phases={'policy': 14, 'ascend': 2} funnel={'takeover': 625, 'released': 461, 'setdown': 414, 'cycle': 304, 'reset_mid_script': 622}
[death] env=4 in=ascend taskphase=0 cup_tilt=0deg cup_z=810mm home_err=1.66rad
[e33rec] step=483600 saved=301 phases={'policy': 14, 'ascend': 1, 'go_home': 1} funnel={'takeover': 626, 'released': 462, 'setdown': 414, 'cycle': 304, 'reset_mid_script': 623}
[death] env=15 in=ascend taskphase=0 cup_tilt=0deg cup_z=810mm home_err=1.26rad
[e33rec] step=483900 saved=301 phases={'policy': 14, 'ascend': 1, 'go_home': 1} funnel={'takeover': 627, 'released': 463, 'setdown': 415, 'cycle': 304, 'reset_mid_script': 624}
[e33rec] step=484200 saved=301 phases={'policy': 14, 'ascend': 1, 'go_home': 1} funnel={'takeover': 627, 'released': 463, 'setdown': 415, 'cycle': 304, 'reset_mid_script': 624}
[e33rec] episode 302/320 saved (len=1185, env=10)
[e33rec] step=484500 saved=302 phases={'policy': 14, 'ascend': 1, 'go_home': 1} funnel={'takeover': 627, 'released': 463, 'setdown': 416, 'cycle': 305, 'reset_mid_script': 624}
[death] env=6 in=go_home taskphase=0 cup_tilt=0deg cup_z=810mm home_err=2.79rad
[e33rec] step=484800 saved=302 phases={'policy': 14, 'ascend': 2} funnel={'takeover': 628, 'released': 464, 'setdown': 417, 'cycle': 305, 'reset_mid_script': 625}
[death] env=15 in=ascend taskphase=0 cup_tilt=0deg cup_z=815mm home_err=1.26rad
[e33rec] step=485100 saved=302 phases={'policy': 14, 'ascend': 1, 'go_home': 1} funnel={'takeover': 629, 'released': 465, 'setdown': 417, 'cycle': 305, 'reset_mid_script': 626}
[e33rec] step=485400 saved=302 phases={'policy': 13, 'ascend': 2, 'go_home': 1} funnel={'takeover': 630, 'released': 465, 'setdown': 417, 'cycle': 305, 'reset_mid_script': 626}
[e33rec] step=485700 saved=302 phases={'policy': 11, 'ascend': 4, 'go_home': 1} funnel={'takeover': 632, 'released': 467, 'setdown': 417, 'cycle': 305, 'reset_mid_script': 626}
[death] env=11 in=go_home taskphase=0 cup_tilt=0deg cup_z=815mm home_err=1.33rad
[death] env=6 in=ascend taskphase=0 cup_tilt=0deg cup_z=810mm home_err=1.41rad
[e33rec] step=486000 saved=302 phases={'policy': 13, 'ascend': 2, 'go_home': 1} funnel={'takeover': 632, 'released': 467, 'setdown': 417, 'cycle': 305, 'reset_mid_script': 628}
[e33rec] step=486300 saved=302 phases={'policy': 13, 'ascend': 2, 'go_home': 1} funnel={'takeover': 632, 'released': 467, 'setdown': 417, 'cycle': 305, 'reset_mid_script': 628}
[death] env=4 in=ascend taskphase=0 cup_tilt=0deg cup_z=815mm home_err=1.73rad
[e33rec] step=486600 saved=302 phases={'policy': 13, 'ascend': 1, 'go_home': 2} funnel={'takeover': 633, 'released': 468, 'setdown': 417, 'cycle': 305, 'reset_mid_script': 629}
[death] env=2 in=ascend taskphase=0 cup_tilt=0deg cup_z=815mm home_err=1.33rad
[death] env=8 in=go_home taskphase=0 cup_tilt=0deg cup_z=810mm home_err=1.32rad
[e33rec] step=486900 saved=302 phases={'policy': 15, 'go_home': 1} funnel={'takeover': 633, 'released': 468, 'setdown': 417, 'cycle': 305, 'reset_mid_script': 631}
[e33rec] step=487200 saved=302 phases={'policy': 14, 'ascend': 1, 'go_home': 1} funnel={'takeover': 634, 'released': 469, 'setdown': 418, 'cycle': 305, 'reset_mid_script': 631}
[death] env=10 in=go_home taskphase=0 cup_tilt=0deg cup_z=810mm home_err=1.48rad
[e33rec] step=487500 saved=302 phases={'policy': 15, 'go_home': 1} funnel={'takeover': 634, 'released': 469, 'setdown': 418, 'cycle': 305, 'reset_mid_script': 632}
[e33rec] step=487800 saved=302 phases={'policy': 15, 'go_home': 1} funnel={'takeover': 634, 'released': 469, 'setdown': 418, 'cycle': 305, 'reset_mid_script': 632}
[e33rec] step=488100 saved=302 phases={'policy': 14, 'ascend': 1, 'go_home': 1} funnel={'takeover': 635, 'released': 470, 'setdown': 418, 'cycle': 305, 'reset_mid_script': 632}
[death] env=8 in=ascend taskphase=0 cup_tilt=0deg cup_z=815mm home_err=1.45rad
[death] env=7 in=go_home taskphase=0 cup_tilt=0deg cup_z=815mm home_err=1.32rad
[e33rec] step=488400 saved=302 phases={'policy': 16} funnel={'takeover': 635, 'released': 470, 'setdown': 418, 'cycle': 305, 'reset_mid_script': 634}
[e33rec] step=488700 saved=302 phases={'policy': 14, 'ascend': 1, 'go_home': 1} funnel={'takeover': 637, 'released': 471, 'setdown': 419, 'cycle': 305, 'reset_mid_script': 634}
[e33rec] step=489000 saved=302 phases={'policy': 14, 'ascend': 1, 'go_home': 1} funnel={'takeover': 637, 'released': 471, 'setdown': 419, 'cycle': 305, 'reset_mid_script': 634}
[e33rec] step=489300 saved=302 phases={'policy': 13, 'release': 1, 'ascend': 1, 'go_home': 1} funnel={'takeover': 638, 'released': 471, 'setdown': 419, 'cycle': 305, 'reset_mid_script': 634}
[e33rec] step=489600 saved=302 phases={'policy': 13, 'ascend': 2, 'go_home': 1} funnel={'takeover': 638, 'released': 471, 'setdown': 419, 'cycle': 305, 'reset_mid_script': 634}
[death] env=2 in=ascend taskphase=0 cup_tilt=0deg cup_z=815mm home_err=1.50rad
[death] env=8 in=go_home taskphase=0 cup_tilt=0deg cup_z=810mm home_err=1.33rad
[e33rec] step=489900 saved=302 phases={'policy': 15, 'ascend': 1} funnel={'takeover': 638, 'released': 471, 'setdown': 419, 'cycle': 305, 'reset_mid_script': 636}
[e33rec] step=490200 saved=302 phases={'policy': 15, 'ascend': 1} funnel={'takeover': 638, 'released': 471, 'setdown': 419, 'cycle': 305, 'reset_mid_script': 636}
[death] env=6 in=ascend taskphase=0 cup_tilt=0deg cup_z=815mm home_err=1.43rad
[e33rec] step=490500 saved=302 phases={'policy': 16} funnel={'takeover': 638, 'released': 471, 'setdown': 419, 'cycle': 305, 'reset_mid_script': 637}
[e33rec] step=490800 saved=302 phases={'policy': 16} funnel={'takeover': 638, 'released': 471, 'setdown': 419, 'cycle': 305, 'reset_mid_script': 637}
[e33rec] step=491100 saved=302 phases={'policy': 16} funnel={'takeover': 638, 'released': 471, 'setdown': 419, 'cycle': 305, 'reset_mid_script': 637}
[e33rec] step=491400 saved=302 phases={'policy': 16} funnel={'takeover': 638, 'released': 471, 'setdown': 419, 'cycle': 305, 'reset_mid_script': 637}
[e33rec] step=491700 saved=302 phases={'policy': 16} funnel={'takeover': 638, 'released': 471, 'setdown': 419, 'cycle': 305, 'reset_mid_script': 637}
[e33rec] step=492000 saved=302 phases={'policy': 16} funnel={'takeover': 638, 'released': 471, 'setdown': 419, 'cycle': 305, 'reset_mid_script': 637}
[e33rec] step=492300 saved=302 phases={'policy': 16} funnel={'takeover': 638, 'released': 471, 'setdown': 419, 'cycle': 305, 'reset_mid_script': 637}
[e33rec] step=492600 saved=302 phases={'policy': 16} funnel={'takeover': 638, 'released': 471, 'setdown': 419, 'cycle': 305, 'reset_mid_script': 637}
[e33rec] step=492900 saved=302 phases={'policy': 16} funnel={'takeover': 638, 'released': 471, 'setdown': 419, 'cycle': 305, 'reset_mid_script': 637}
[e33rec] episode 303/320 saved (len=532, env=7)
[e33rec] step=493200 saved=303 phases={'policy': 16} funnel={'takeover': 638, 'released': 471, 'setdown': 420, 'cycle': 306, 'reset_mid_script': 637}
[e33rec] step=493500 saved=303 phases={'policy': 16} funnel={'takeover': 638, 'released': 471, 'setdown': 420, 'cycle': 306, 'reset_mid_script': 637}
[e33rec] step=493800 saved=303 phases={'policy': 16} funnel={'takeover': 638, 'released': 471, 'setdown': 420, 'cycle': 306, 'reset_mid_script': 637}
[e33rec] step=494100 saved=303 phases={'policy': 16} funnel={'takeover': 638, 'released': 471, 'setdown': 420, 'cycle': 306, 'reset_mid_script': 637}
[e33rec] episode 304/320 saved (len=221, env=2)
[e33rec] step=494400 saved=304 phases={'policy': 15, 'release': 1} funnel={'takeover': 639, 'released': 471, 'setdown': 421, 'cycle': 307, 'reset_mid_script': 637}
[e33rec] step=494700 saved=304 phases={'policy': 15, 'go_home': 1} funnel={'takeover': 639, 'released': 471, 'setdown': 421, 'cycle': 307, 'reset_mid_script': 637}
[e33rec] step=495000 saved=304 phases={'policy': 15, 'go_home': 1} funnel={'takeover': 639, 'released': 471, 'setdown': 421, 'cycle': 307, 'reset_mid_script': 637}
[e33rec] step=495300 saved=304 phases={'policy': 15, 'go_home': 1} funnel={'takeover': 639, 'released': 471, 'setdown': 421, 'cycle': 307, 'reset_mid_script': 637}
[death] env=8 in=go_home taskphase=0 cup_tilt=0deg cup_z=818mm home_err=2.79rad
[e33rec] step=495600 saved=304 phases={'policy': 16} funnel={'takeover': 639, 'released': 471, 'setdown': 421, 'cycle': 307, 'reset_mid_script': 638}
[e33rec] step=495900 saved=304 phases={'policy': 16} funnel={'takeover': 639, 'released': 471, 'setdown': 421, 'cycle': 307, 'reset_mid_script': 638}
[e33rec] step=496200 saved=304 phases={'policy': 15, 'release': 1} funnel={'takeover': 640, 'released': 471, 'setdown': 421, 'cycle': 307, 'reset_mid_script': 638}
[e33rec] step=496500 saved=304 phases={'policy': 15, 'ascend': 1} funnel={'takeover': 640, 'released': 471, 'setdown': 421, 'cycle': 307, 'reset_mid_script': 638}
[e33rec] step=496800 saved=304 phases={'policy': 15, 'ascend': 1} funnel={'takeover': 640, 'released': 471, 'setdown': 421, 'cycle': 307, 'reset_mid_script': 638}
[e33rec] step=497100 saved=304 phases={'policy': 15, 'ascend': 1} funnel={'takeover': 640, 'released': 471, 'setdown': 421, 'cycle': 307, 'reset_mid_script': 638}
[death] env=11 in=ascend taskphase=0 cup_tilt=0deg cup_z=815mm home_err=1.22rad
[e33rec] step=497400 saved=304 phases={'policy': 16} funnel={'takeover': 640, 'released': 471, 'setdown': 421, 'cycle': 307, 'reset_mid_script': 639}
[e33rec] episode 305/320 saved (len=737, env=2)
[e33rec] step=497700 saved=305 phases={'policy': 16} funnel={'takeover': 640, 'released': 471, 'setdown': 422, 'cycle': 308, 'reset_mid_script': 639}
[e33rec] episode 306/320 saved (len=283, env=10)
[e33rec] step=498000 saved=306 phases={'policy': 16} funnel={'takeover': 640, 'released': 471, 'setdown': 423, 'cycle': 309, 'reset_mid_script': 639}
[e33rec] step=498300 saved=306 phases={'policy': 15, 'ascend': 1} funnel={'takeover': 641, 'released': 472, 'setdown': 423, 'cycle': 309, 'reset_mid_script': 639}
[e33rec] step=498600 saved=306 phases={'policy': 15, 'ascend': 1} funnel={'takeover': 641, 'released': 472, 'setdown': 423, 'cycle': 309, 'reset_mid_script': 639}
[e33rec] episode 307/320 saved (len=487, env=2)
[e33rec] step=498900 saved=307 phases={'policy': 15, 'ascend': 1} funnel={'takeover': 641, 'released': 472, 'setdown': 424, 'cycle': 310, 'reset_mid_script': 639}
[e33rec] step=499200 saved=307 phases={'policy': 15, 'yaw_home': 1} funnel={'takeover': 641, 'released': 472, 'setdown': 424, 'cycle': 310, 'reset_mid_script': 639}
[death] env=4 in=go_home taskphase=0 cup_tilt=0deg cup_z=815mm home_err=1.32rad
[e33rec] step=499500 saved=307 phases={'policy': 16} funnel={'takeover': 641, 'released': 472, 'setdown': 424, 'cycle': 310, 'reset_mid_script': 640}
[e33rec] step=499800 saved=307 phases={'policy': 16} funnel={'takeover': 641, 'released': 472, 'setdown': 424, 'cycle': 310, 'reset_mid_script': 640}
[e33rec] step=500100 saved=307 phases={'policy': 15, 'ascend': 1} funnel={'takeover': 642, 'released': 472, 'setdown': 425, 'cycle': 310, 'reset_mid_script': 640}
[e33rec] step=500400 saved=307 phases={'policy': 15, 'ascend': 1} funnel={'takeover': 642, 'released': 472, 'setdown': 425, 'cycle': 310, 'reset_mid_script': 640}
[e33rec] step=500700 saved=307 phases={'policy': 14, 'ascend': 2} funnel={'takeover': 643, 'released': 473, 'setdown': 425, 'cycle': 310, 'reset_mid_script': 640}
[death] env=15 in=ascend taskphase=0 cup_tilt=0deg cup_z=815mm home_err=1.38rad
[e33rec] step=501000 saved=307 phases={'policy': 15, 'ascend': 1} funnel={'takeover': 643, 'released': 473, 'setdown': 425, 'cycle': 310, 'reset_mid_script': 641}
[e33rec] step=501300 saved=307 phases={'policy': 15, 'ascend': 1} funnel={'takeover': 643, 'released': 473, 'setdown': 425, 'cycle': 310, 'reset_mid_script': 641}
[e33rec] step=501600 saved=307 phases={'policy': 14, 'ascend': 1, 'go_home': 1} funnel={'takeover': 644, 'released': 474, 'setdown': 425, 'cycle': 310, 'reset_mid_script': 641}
[death] env=11 in=ascend taskphase=0 cup_tilt=0deg cup_z=815mm home_err=1.26rad
[e33rec] step=501900 saved=307 phases={'policy': 14, 'ascend': 1, 'go_home': 1} funnel={'takeover': 645, 'released': 475, 'setdown': 425, 'cycle': 310, 'reset_mid_script': 642}
[e33rec] step=502200 saved=307 phases={'policy': 14, 'ascend': 1, 'go_home': 1} funnel={'takeover': 645, 'released': 475, 'setdown': 425, 'cycle': 310, 'reset_mid_script': 642}
[e33rec] step=502500 saved=307 phases={'policy': 13, 'release': 1, 'ascend': 1, 'go_home': 1} funnel={'takeover': 646, 'released': 475, 'setdown': 426, 'cycle': 310, 'reset_mid_script': 642}
[death] env=2 in=go_home taskphase=0 cup_tilt=0deg cup_z=815mm home_err=1.33rad
[e33rec] step=502800 saved=307 phases={'policy': 14, 'ascend': 1, 'go_home': 1} funnel={'takeover': 646, 'released': 476, 'setdown': 426, 'cycle': 310, 'reset_mid_script': 643}
[e33rec] step=503100 saved=307 phases={'policy': 14, 'ascend': 1, 'go_home': 1} funnel={'takeover': 646, 'released': 476, 'setdown': 426, 'cycle': 310, 'reset_mid_script': 643}
[death] env=11 in=ascend taskphase=0 cup_tilt=0deg cup_z=810mm home_err=2.25rad
[death] env=10 in=go_home taskphase=0 cup_tilt=0deg cup_z=815mm home_err=1.33rad
[e33rec] step=503400 saved=307 phases={'policy': 16} funnel={'takeover': 646, 'released': 476, 'setdown': 426, 'cycle': 310, 'reset_mid_script': 645}
[e33rec] step=503700 saved=307 phases={'policy': 16} funnel={'takeover': 646, 'released': 476, 'setdown': 426, 'cycle': 310, 'reset_mid_script': 645}
[e33rec] step=504000 saved=307 phases={'policy': 16} funnel={'takeover': 646, 'released': 476, 'setdown': 426, 'cycle': 310, 'reset_mid_script': 645}
[e33rec] step=504300 saved=307 phases={'policy': 16} funnel={'takeover': 646, 'released': 476, 'setdown': 426, 'cycle': 310, 'reset_mid_script': 645}
[e33rec] step=504600 saved=307 phases={'policy': 16} funnel={'takeover': 646, 'released': 476, 'setdown': 426, 'cycle': 310, 'reset_mid_script': 645}
[e33rec] step=504900 saved=307 phases={'policy': 14, 'ascend': 2} funnel={'takeover': 648, 'released': 478, 'setdown': 426, 'cycle': 310, 'reset_mid_script': 645}
[e33rec] episode 308/320 saved (len=431, env=8)
[e33rec] step=505200 saved=308 phases={'policy': 12, 'ascend': 2, 'go_home': 2} funnel={'takeover': 650, 'released': 479, 'setdown': 427, 'cycle': 311, 'reset_mid_script': 645}
[e33rec] step=505500 saved=308 phases={'policy': 11, 'ascend': 2, 'go_home': 3} funnel={'takeover': 651, 'released': 480, 'setdown': 427, 'cycle': 311, 'reset_mid_script': 645}
[death] env=7 in=go_home taskphase=0 cup_tilt=0deg cup_z=815mm home_err=1.33rad
[e33rec] step=505800 saved=308 phases={'policy': 12, 'ascend': 1, 'go_home': 3} funnel={'takeover': 651, 'released': 480, 'setdown': 427, 'cycle': 311, 'reset_mid_script': 646}
[death] env=11 in=go_home taskphase=0 cup_tilt=0deg cup_z=810mm home_err=1.34rad
[e33rec] step=506100 saved=308 phases={'policy': 13, 'ascend': 1, 'go_home': 2} funnel={'takeover': 651, 'released': 480, 'setdown': 427, 'cycle': 311, 'reset_mid_script': 647}
[death] env=6 in=go_home taskphase=0 cup_tilt=0deg cup_z=810mm home_err=2.79rad
[death] env=10 in=ascend taskphase=0 cup_tilt=0deg cup_z=810mm home_err=1.40rad
[e33rec] episode 309/320 saved (len=272, env=11)
[e33rec] episode 310/320 saved (len=798, env=7)
[e33rec] step=506400 saved=310 phases={'policy': 14, 'ascend': 1, 'go_home': 1} funnel={'takeover': 652, 'released': 481, 'setdown': 429, 'cycle': 313, 'reset_mid_script': 649}
[death] env=4 in=go_home taskphase=0 cup_tilt=0deg cup_z=810mm home_err=1.32rad
[e33rec] step=506700 saved=310 phases={'policy': 15, 'go_home': 1} funnel={'takeover': 652, 'released': 481, 'setdown': 429, 'cycle': 313, 'reset_mid_script': 650}
[e33rec] step=507000 saved=310 phases={'policy': 15, 'go_home': 1} funnel={'takeover': 652, 'released': 481, 'setdown': 429, 'cycle': 313, 'reset_mid_script': 650}
[e33rec] step=507300 saved=310 phases={'policy': 15, 'go_home': 1} funnel={'takeover': 652, 'released': 481, 'setdown': 429, 'cycle': 313, 'reset_mid_script': 650}
[death] env=8 in=go_home taskphase=0 cup_tilt=0deg cup_z=810mm home_err=1.33rad
[e33rec] step=507600 saved=310 phases={'policy': 16} funnel={'takeover': 652, 'released': 481, 'setdown': 429, 'cycle': 313, 'reset_mid_script': 651}
[e33rec] step=507900 saved=310 phases={'policy': 16} funnel={'takeover': 652, 'released': 481, 'setdown': 429, 'cycle': 313, 'reset_mid_script': 651}
[e33rec] step=508200 saved=310 phases={'policy': 16} funnel={'takeover': 652, 'released': 481, 'setdown': 429, 'cycle': 313, 'reset_mid_script': 651}
[e33rec] step=508500 saved=310 phases={'policy': 16} funnel={'takeover': 652, 'released': 481, 'setdown': 429, 'cycle': 313, 'reset_mid_script': 651}
[e33rec] episode 311/320 saved (len=1110, env=11)
[e33rec] step=508800 saved=311 phases={'policy': 16} funnel={'takeover': 652, 'released': 481, 'setdown': 430, 'cycle': 314, 'reset_mid_script': 651}
[e33rec] step=509100 saved=311 phases={'policy': 15, 'place_descend': 1} funnel={'takeover': 653, 'released': 481, 'setdown': 430, 'cycle': 314, 'reset_mid_script': 651}
[e33rec] step=509400 saved=311 phases={'policy': 14, 'ascend': 1, 'go_home': 1} funnel={'takeover': 654, 'released': 483, 'setdown': 430, 'cycle': 314, 'reset_mid_script': 651}
[e33rec] step=509700 saved=311 phases={'policy': 14, 'go_home': 2} funnel={'takeover': 654, 'released': 483, 'setdown': 430, 'cycle': 314, 'reset_mid_script': 651}
[e33rec] step=510000 saved=311 phases={'policy': 13, 'ascend': 1, 'go_home': 2} funnel={'takeover': 655, 'released': 484, 'setdown': 430, 'cycle': 314, 'reset_mid_script': 651}
[e33rec] step=510300 saved=311 phases={'policy': 13, 'ascend': 1, 'go_home': 2} funnel={'takeover': 655, 'released': 484, 'setdown': 430, 'cycle': 314, 'reset_mid_script': 651}
[death] env=11 in=go_home taskphase=0 cup_tilt=0deg cup_z=815mm home_err=2.79rad
[death] env=8 in=go_home taskphase=0 cup_tilt=0deg cup_z=810mm home_err=1.31rad
[e33rec] step=510600 saved=311 phases={'policy': 15, 'ascend': 1} funnel={'takeover': 655, 'released': 484, 'setdown': 430, 'cycle': 314, 'reset_mid_script': 653}
[e33rec] step=510900 saved=311 phases={'policy': 15, 'ascend': 1} funnel={'takeover': 655, 'released': 484, 'setdown': 430, 'cycle': 314, 'reset_mid_script': 653}
[death] env=4 in=ascend taskphase=0 cup_tilt=0deg cup_z=810mm home_err=1.89rad
[e33rec] step=511200 saved=311 phases={'policy': 16} funnel={'takeover': 655, 'released': 484, 'setdown': 430, 'cycle': 314, 'reset_mid_script': 654}
[e33rec] episode 312/320 saved (len=255, env=15)
[e33rec] step=511500 saved=312 phases={'policy': 16} funnel={'takeover': 655, 'released': 484, 'setdown': 431, 'cycle': 315, 'reset_mid_script': 654}
[e33rec] step=511800 saved=312 phases={'policy': 16} funnel={'takeover': 655, 'released': 484, 'setdown': 431, 'cycle': 315, 'reset_mid_script': 654}
[e33rec] step=512100 saved=312 phases={'policy': 15, 'release': 1} funnel={'takeover': 656, 'released': 484, 'setdown': 431, 'cycle': 315, 'reset_mid_script': 654}
[e33rec] step=512400 saved=312 phases={'policy': 15, 'ascend': 1} funnel={'takeover': 656, 'released': 484, 'setdown': 431, 'cycle': 315, 'reset_mid_script': 654}
[e33rec] episode 313/320 saved (len=688, env=10)
[e33rec] step=512700 saved=313 phases={'policy': 15, 'ascend': 1} funnel={'takeover': 656, 'released': 484, 'setdown': 432, 'cycle': 316, 'reset_mid_script': 654}
[e33rec] step=513000 saved=313 phases={'policy': 15, 'ascend': 1} funnel={'takeover': 656, 'released': 484, 'setdown': 432, 'cycle': 316, 'reset_mid_script': 654}
[e33rec] episode 314/320 saved (len=257, env=3)
[e33rec] episode 315/320 saved (len=543, env=10)
[death] env=8 in=ascend taskphase=0 cup_tilt=0deg cup_z=810mm home_err=1.30rad
[e33rec] step=513300 saved=315 phases={'policy': 16} funnel={'takeover': 656, 'released': 484, 'setdown': 434, 'cycle': 318, 'reset_mid_script': 655}
[e33rec] step=513600 saved=315 phases={'policy': 15, 'release': 1} funnel={'takeover': 657, 'released': 484, 'setdown': 434, 'cycle': 318, 'reset_mid_script': 655}
[e33rec] episode 316/320 saved (len=258, env=10)
[e33rec] step=513900 saved=316 phases={'policy': 15, 'ascend': 1} funnel={'takeover': 657, 'released': 484, 'setdown': 435, 'cycle': 319, 'reset_mid_script': 655}
[e33rec] step=514200 saved=316 phases={'policy': 14, 'ascend': 2} funnel={'takeover': 658, 'released': 485, 'setdown': 435, 'cycle': 319, 'reset_mid_script': 655}
[e33rec] episode 317/320 saved (len=1199, env=2)
[e33rec] step=514500 saved=317 phases={'policy': 13, 'release': 1, 'ascend': 2} funnel={'takeover': 659, 'released': 485, 'setdown': 437, 'cycle': 320, 'reset_mid_script': 655}
[death] env=8 in=ascend taskphase=0 cup_tilt=0deg cup_z=810mm home_err=1.20rad
[e33rec] step=514800 saved=317 phases={'policy': 14, 'ascend': 2} funnel={'takeover': 659, 'released': 486, 'setdown': 437, 'cycle': 320, 'reset_mid_script': 656}
[e33rec] step=515100 saved=317 phases={'policy': 14, 'ascend': 2} funnel={'takeover': 659, 'released': 486, 'setdown': 437, 'cycle': 320, 'reset_mid_script': 656}
[death] env=4 in=ascend taskphase=0 cup_tilt=0deg cup_z=815mm home_err=1.36rad
[e33rec] step=515400 saved=317 phases={'policy': 15, 'ascend': 1} funnel={'takeover': 659, 'released': 486, 'setdown': 437, 'cycle': 320, 'reset_mid_script': 657}
[death] env=3 in=ascend taskphase=0 cup_tilt=0deg cup_z=815mm home_err=1.64rad
[e33rec] step=515700 saved=317 phases={'policy': 14, 'ascend': 1, 'go_home': 1} funnel={'takeover': 661, 'released': 488, 'setdown': 438, 'cycle': 320, 'reset_mid_script': 658}
[e33rec] step=516000 saved=317 phases={'policy': 14, 'ascend': 1, 'go_home': 1} funnel={'takeover': 661, 'released': 488, 'setdown': 438, 'cycle': 320, 'reset_mid_script': 658}
[e33rec] step=516300 saved=317 phases={'policy': 14, 'ascend': 1, 'go_home': 1} funnel={'takeover': 661, 'released': 488, 'setdown': 438, 'cycle': 320, 'reset_mid_script': 658}
[e33rec] step=516600 saved=317 phases={'policy': 13, 'ascend': 2, 'go_home': 1} funnel={'takeover': 662, 'released': 489, 'setdown': 438, 'cycle': 320, 'reset_mid_script': 658}
[death] env=4 in=go_home taskphase=0 cup_tilt=0deg cup_z=810mm home_err=1.33rad
[death] env=15 in=ascend taskphase=0 cup_tilt=0deg cup_z=815mm home_err=1.46rad
[e33rec] step=516900 saved=317 phases={'policy': 15, 'go_home': 1} funnel={'takeover': 662, 'released': 489, 'setdown': 438, 'cycle': 320, 'reset_mid_script': 660}
[e33rec] step=517200 saved=317 phases={'policy': 13, 'ascend': 1, 'go_home': 2} funnel={'takeover': 664, 'released': 491, 'setdown': 439, 'cycle': 320, 'reset_mid_script': 660}
[e33rec] step=517500 saved=317 phases={'policy': 12, 'ascend': 2, 'go_home': 2} funnel={'takeover': 665, 'released': 491, 'setdown': 439, 'cycle': 320, 'reset_mid_script': 660}
[death] env=6 in=go_home taskphase=0 cup_tilt=0deg cup_z=815mm home_err=1.33rad
[death] env=10 in=go_home taskphase=0 cup_tilt=0deg cup_z=815mm home_err=1.33rad
[e33rec] step=517800 saved=317 phases={'policy': 14, 'ascend': 1, 'go_home': 1} funnel={'takeover': 665, 'released': 491, 'setdown': 439, 'cycle': 320, 'reset_mid_script': 662}
[e33rec] step=518100 saved=317 phases={'policy': 13, 'ascend': 2, 'go_home': 1} funnel={'takeover': 666, 'released': 491, 'setdown': 439, 'cycle': 320, 'reset_mid_script': 662}
[death] env=4 in=go_home taskphase=0 cup_tilt=0deg cup_z=815mm home_err=1.37rad
[e33rec] step=518400 saved=317 phases={'policy': 13, 'release': 1, 'ascend': 2} funnel={'takeover': 667, 'released': 491, 'setdown': 440, 'cycle': 320, 'reset_mid_script': 663}
[death] env=3 in=ascend taskphase=0 cup_tilt=0deg cup_z=815mm home_err=1.24rad
[e33rec] step=518700 saved=317 phases={'policy': 14, 'ascend': 2} funnel={'takeover': 667, 'released': 491, 'setdown': 440, 'cycle': 320, 'reset_mid_script': 664}
[e33rec] step=519000 saved=317 phases={'policy': 14, 'ascend': 2} funnel={'takeover': 667, 'released': 491, 'setdown': 440, 'cycle': 320, 'reset_mid_script': 664}
[death] env=6 in=ascend taskphase=0 cup_tilt=0deg cup_z=815mm home_err=1.35rad
[e33rec] step=519300 saved=317 phases={'policy': 14, 'ascend': 2} funnel={'takeover': 668, 'released': 492, 'setdown': 440, 'cycle': 320, 'reset_mid_script': 665}
[e33rec] episode 318/320 saved (len=343, env=6)
[e33rec] step=519600 saved=318 phases={'policy': 14, 'ascend': 2} funnel={'takeover': 668, 'released': 492, 'setdown': 441, 'cycle': 321, 'reset_mid_script': 665}
[death] env=15 in=ascend taskphase=0 cup_tilt=0deg cup_z=815mm home_err=1.26rad
[e33rec] step=519900 saved=318 phases={'policy': 14, 'ascend': 2} funnel={'takeover': 669, 'released': 493, 'setdown': 441, 'cycle': 321, 'reset_mid_script': 666}
[e33rec] episode 319/320 saved (len=994, env=8)
[e33rec] step=520200 saved=319 phases={'policy': 14, 'ascend': 1, 'go_home': 1} funnel={'takeover': 669, 'released': 493, 'setdown': 442, 'cycle': 322, 'reset_mid_script': 666}
[death] env=7 in=ascend taskphase=0 cup_tilt=0deg cup_z=810mm home_err=1.26rad
[e33rec] step=520500 saved=319 phases={'policy': 15, 'go_home': 1} funnel={'takeover': 669, 'released': 493, 'setdown': 442, 'cycle': 322, 'reset_mid_script': 667}
[e33rec] step=520800 saved=319 phases={'policy': 15, 'go_home': 1} funnel={'takeover': 669, 'released': 493, 'setdown': 442, 'cycle': 322, 'reset_mid_script': 667}
[death] env=4 in=go_home taskphase=0 cup_tilt=0deg cup_z=810mm home_err=2.77rad
[e33rec] step=521100 saved=319 phases={'policy': 16} funnel={'takeover': 669, 'released': 493, 'setdown': 442, 'cycle': 322, 'reset_mid_script': 668}
[e33rec] step=521400 saved=319 phases={'policy': 16} funnel={'takeover': 669, 'released': 493, 'setdown': 442, 'cycle': 322, 'reset_mid_script': 668}
[e33rec] episode 320/320 saved (len=1168, env=7)
[e33rec] target reached
[e33rec] DONE saved=320 funnel={'takeover': 669, 'released': 493, 'setdown': 443, 'cycle': 323, 'reset_mid_script': 668}
